fotmob_id,nom,club,poste,age,pays,numero,ovr_carte,minutes_saison,_note
485634,Roberto Gagliardini,Hellas Verona,Milieu defensif,32,ITA,63,78,2044,
185644,Mathew Ryan,Levante,Gardien,34,AUS,13,75,3240,"nom seul, non confirme"
369295,Ronald Koeman,Telstar,Gardien,30,NED,1,75,2869,
1574492,Tiago Gabriel,Lecce,Defenseur central,21,POR,44,75,3389,plusieurs candidats
564847,Viktor Tsigankov,Girona,Ailier,28,UKR,15,75,2614,
637589,Lincoln,Alverca,Ailier,27,BRA,18,73,2352,
1362439,Bernardo Fontes,Tondela,Gardien,,,,72,2970,
1044299,Hyun-Gyu Oh,Beşiktaş,Buteur,25,KOR,9,72,1643,
875133,Pote,Sporting CP,Ailier,27,POR,8,72,2399,
1514682,Kouadou Assoumou,Samsunspor,Ailier,23,CIV,47,71,665,"nom seul, non confirme"
1248662,Adriel Ramos,AVS Futebol SAD,Gardien,25,BRA,1,70,1440,plusieurs candidats
1199383,Ange-Yoan Bonny,Inter,Buteur,22,CIV,14,70,1017,"nom seul, non confirme"
477023,Rafa Silva,Benfica,Milieu offensif,32,POR,27,70,1829,"nom seul, non confirme"
1665354,Benjamin Pauwels,FC Volendam,Ailier,,,,69,437,
1052861,Darko Nejasmic,NEC Nijmegen,Milieu defensif,27,CRO,6,69,2245,
286119,Jamie Vardy,Cremonese,Buteur,39,ENG,10,69,1965,
1013277,Toti Gomes,Wolverhampton Wanderers,Defenseur central,27,POR,24,69,1567,"nom seul, non confirme"
1303501,Ali Yousef Musrati,Nantes,Defenseur central,,,,68,798,"nom seul, non confirme"
277761,Chancel Mbemba,Lille,Defenseur central,31,COD,18,68,1470,"nom seul, non confirme"
1611573,Jalen Blesa,Rio Ave,Buteur,25,ESP,11,68,1128,
1320169,Kaique Pereira,Nacional,Gardien,23,BRA,1,68,2520,"nom seul, non confirme"
1174640,Pedro Maranhão,Tondela,Ailier,,,,68,2306,
157723,Christian Eriksen,Wolfsburg,Milieu defensif,34,DEN,24,67,2385,"nom seul, non confirme"
72541,César Azpilicueta,Sevilla,Defenseur central,36,ESP,3,67,1218,
119839,Danijel Aleksic,Konyaspor,Ailier,34,SRB,9,67,128,"nom seul, non confirme"
1525445,Miro,Tondela,Buteur,22,ANG,9,67,210,plusieurs candidats
841672,Nicolás González,Atletico Madrid,Ailier,28,ARG,23,67,1548,"nom seul, non confirme"
318809,Sam Larsson,Fatih Karagümrük,Buteur,33,SWE,23,67,1489,"nom seul, non confirme"
212695,Tomané,AVS Futebol SAD,Buteur,33,POR,7,67,1991,
1037491,Arseniy Batahov,Trabzonspor,Defenseur central,24,UKR,44,66,2025,
528050,Bilal Ould-Chikh,FC Volendam,Ailier,28,NED,77,66,857,"nom seul, non confirme"
1051047,Franco Tongya,Gençlerbirliği,Ailier,24,ITA,70,66,2250,
1355574,Giovane Nascimento,Hellas Verona,Buteur,,,,66,1763,"nom seul, non confirme"
282680,Julián,Antalyaspor,Gardien,,,,66,1800,plusieurs candidats
1320170,Kaiky Naves,Alverca,Defenseur central,,,,66,2745,
1235086,Kristoffer Lund Hansen,1. FC Köln,Lateral,24,USA,32,66,2213,plusieurs candidats
863848,Ricardo Velho,Gençlerbirliği,Gardien,27,POR,24,66,2070,
1195295,Tamble Monteiro,Rio Ave,Buteur,,,,66,566,"nom seul, non confirme"
1249993,Abbosbek Fayzullayev,Başakşehir,Ailier,22,UZB,11,65,995,
819972,Cherif Ndiaye,Samsunspor,Buteur,30,SEN,19,65,1533,"nom seul, non confirme"
1106898,Gabriel Veron,Nacional,Ailier,23,BRA,27,65,760,plusieurs candidats
1736561,Gustavo Mancha,Rio Ave,Defenseur central,21,BRA,39,65,1260,
359193,Lucas Vázquez,Bayer Leverkusen,Lateral,34,ESP,21,65,840,"nom seul, non confirme"
1240708,Moussa Kyabou,Gençlerbirliği,Milieu offensif,27,MLI,81,65,57,
1793475,Noah Saviolo,Vitoria de Guimaraes,Ailier,22,BEL,48,65,1772,
1173546,Roni,AVS Futebol SAD,Milieu defensif,27,BRA,70,65,1396,
80562,Thiago Silva,FC Porto,Defenseur central,41,BRA,3,65,1029,plusieurs candidats
1383534,Weslley Pinto,AZ Alkmaar,Ailier,22,BRA,7,65,1809,plusieurs candidats
274787,Yvon Mvogo,Lorient,Gardien,31,SUI,38,65,2790,
1118199,Zaid Abner Romero,Getafe,Defenseur central,26,ARG,24,65,1350,"nom seul, non confirme"
1242261,Adrian Leon Barisic,Braga,Defenseur central,24,BIH,37,64,722,"nom seul, non confirme"
1425769,Alejandro Rego,Athletic Club,Milieu defensif,22,ESP,30,64,1603,"nom seul, non confirme"
1971712,Eren Yagmur,Konyaspor,Buteur,,,,64,66,
939625,Filip Krastev,Göztepe,Milieu offensif,24,BUL,10,64,329,
1690655,Jocelin Ta Bi,Sunderland,Ailier,21,CIV,37,64,39,
51545,José Salomon Rondon,Real Oviedo,Buteur,36,VEN,23,64,986,"nom seul, non confirme"
1354086,Keiber Lamadrid,West Ham United,Ailier,22,VEN,21,64,72,
1299645,Klismahn,Santa Clara,Milieu relayeur,26,BRA,77,64,1095,
1191093,Lorenzo Bernasconi,Atalanta,Lateral,22,ITA,47,64,2504,
1284376,Marezi,Alverca,Buteur,22,SRB,9,64,1166,
1586939,Shavy Babicka,Fatih Karagümrük,Ailier,25,GAB,80,64,710,
1451116,Soufiane Hetli,Telstar,Buteur,24,NED,7,64,1271,
1315546,Tomoya Ando,St. Pauli,Defenseur central,27,JPN,15,64,1325,
1340413,Tristan Gooijer,PEC Zwolle,Lateral,21,NED,6,64,1238,
1290453,Tyrone Owusu,Telstar,Milieu defensif,27,NED,8,64,1476,"nom seul, non confirme"
1975804,Yaya Dieme,Strasbourg,Buteur,,,,64,147,
1678727,Ayoni Santos,Sparta Rotterdam,Milieu offensif,20,CPV,7,63,1398,plusieurs candidats
961305,Benjamin Mbunga Kimpioka,Tondela,Buteur,,,,63,450,
1693611,Diogo Bezerra,Rio Ave,Ailier,23,BRA,7,63,1202,
967759,Drissa Camara,Gaziantep FK,Milieu relayeur,,,,63,1641,plusieurs candidats
451209,Eliazer Dasa,NEC Nijmegen,Defenseur central,33,ISR,14,63,1799,
1431291,Gorka Carrera,Real Sociedad,Buteur,21,ESP,42,63,64,"nom seul, non confirme"
575229,Héctor Hernández,Gil Vicente,Buteur,30,ESP,23,63,265,"nom seul, non confirme"
1436575,Matheus Pivô,AVS Futebol SAD,Lateral,28,BRA,97,63,1149,
1439121,Tyrese Noslin,Telstar,Lateral,23,CUW,11,63,1983,"nom seul, non confirme"
505942,Aaron Appindangoye,Kocaelispor,Defenseur central,33,GAB,5,62,225,
1695966,Alassane Diatta,Villarreal,Ailier,21,SEN,38,62,65,"nom seul, non confirme"
643231,Andre Green,AVS Futebol SAD,Ailier,27,ENG,25,62,181,"nom seul, non confirme"
1700562,Angel Arcos,Celta Vigo,Ailier,,,,62,57,
812637,Cícero,Tondela,Milieu defensif,29,BRA,97,62,1088,
1226783,Hugo González,Celta Vigo,Buteur,23,ESP,30,62,65,"nom seul, non confirme"
645107,Ianis Hagi,Alanyaspor,Ailier,27,ROU,14,62,1185,
298327,Igor Lichnovsky,Fatih Karagümrük,Defenseur central,32,CHI,3,62,1170,
1816688,Javi Sarasa,Girona,Milieu offensif,,,,62,65,
1683704,Khaly,Casa Pia AC,Defenseur central,22,ANG,3,62,939,
1130711,Lucas Figueiredo,Alverca,Ailier,,,,62,1808,plusieurs candidats
46241,M'Baye Niang,Gençlerbirliği,Buteur,31,SEN,29,62,1590,"nom seul, non confirme"
520594,Ogulcan Caglayan,Kocaelispor,Ailier,29,TUR,17,62,45,
882631,Paulinho Bóia,Nacional,Ailier,27,BRA,11,62,2735,
1309799,Roberto Arroyo,Osasuna,Buteur,,,,62,68,plusieurs candidats
959404,Silas Katompa Mvumpa,Mainz 05,Buteur,,,,62,296,"nom seul, non confirme"
943386,Wendel,Santa Clara,Buteur,25,BRA,29,62,747,
1211804,Adedire Awokoya Mebude,Rizespor,Ailier,,,,61,641,"nom seul, non confirme"
1477850,Alejandro Mestanza,Getafe,Ailier,,,,61,57,
880237,Denis Makarov,Kayserispor,Ailier,28,RUS,18,61,450,
1276315,Dermane Karim,Lorient,Ailier,22,TOG,29,61,1263,"nom seul, non confirme"
1836137,Doumbia Koné,Nantes,Buteur,,,,61,57,plusieurs candidats
708435,Gaëtan Perrin,Lille,Ailier,29,FRA,28,61,405,"nom seul, non confirme"
1690093,Jan Virgili,Mallorca,Ailier,19,ESP,17,61,1518,
514847,Jérome Onguéné,Eyüpspor,Defenseur central,28,CMR,68,61,747,
1875615,Kareem Tunde,Levante,Ailier,20,ESP,26,61,1103,
175311,Kiko,Getafe,Lateral,35,ESP,17,61,1916,
263928,Luccas Claro,Eyüpspor,Defenseur central,34,BRA,4,61,1292,
756255,Léo Santos,Nacional,Defenseur central,27,BRA,34,61,2584,plusieurs candidats
1706503,Neville Ogidi Nwankwo,Telstar,Defenseur central,23,NED,14,61,2132,"nom seul, non confirme"
459658,Ruslan Malinovsky,Genoa,Milieu relayeur,33,UKR,17,61,2105,
1370090,Sem van Duijn,Telstar,Ailier,22,NED,37,61,941,
722605,Tito,Getafe,Defenseur central,,,,61,45,
1072864,Tolu Arokodare,Wolverhampton Wanderers,Buteur,25,NGA,14,61,1314,"nom seul, non confirme"
466482,Allan Saint-Maximin,Lens,Ailier,29,FRA,9,60,293,"nom seul, non confirme"
95955,André Ayew,NAC Breda,Buteur,36,GHA,24,60,657,"nom seul, non confirme"
1217911,Damián Cáceres,Getafe,Milieu defensif,,,,60,143,plusieurs candidats
1305565,Dawda Camara,Girona,Buteur,23,MTN,17,60,45,plusieurs candidats
388514,Gonçalo Paciência,Santa Clara,Buteur,31,POR,39,60,380,
917209,Guilherme Romão,Santa Clara,Lateral,,,,60,832,"nom seul, non confirme"
1446616,Harry Howell,Brighton & Hove Albion,Ailier,17,ENG,53,60,223,
279879,Jean-Daniel Akpa Akpro,Hellas Verona,Milieu relayeur,33,CIV,11,60,1304,plusieurs candidats
1526704,Jesse Derry,Chelsea,Ailier,18,ENG,55,60,44,"nom seul, non confirme"
1160747,Joelson Fernandes,Gil Vicente,Ailier,23,POR,11,60,698,plusieurs candidats
239626,Kamil Cörekci,Kasımpaşa,Lateral,34,TUR,22,60,767,
1845173,Luca Reggiani,Borussia Dortmund,Defenseur central,18,ITA,49,60,557,
1613999,Maranhão,Moreirense,Buteur,,,,60,430,
1242634,Marvin Gilbert,Gil Vicente,Defenseur central,,,,60,2342,"nom seul, non confirme"
813055,Mousa Tamari,Rennes,Ailier,28,JOR,11,60,2245,"nom seul, non confirme"
1562023,Nick Verschuren,FC Volendam,Defenseur central,,,,60,2675,
1474503,Trevan Sanusi,Lorient,Buteur,18,ENG,14,60,61,"nom seul, non confirme"
1639361,Yassin Tallal,Getafe,Lateral,,,,60,152,
1366618,Zoumana Diallo,Nice,Buteur,,,,60,172,"nom seul, non confirme"
895954,Álvaro Fidalgo,Real Betis,Milieu relayeur,29,MEX,15,60,666,
1304343,Allan Godói,Göztepe,Defenseur central,33,BRA,3,59,1779,
1697247,Amadou Cissé,Strasbourg,Lateral,,,,59,90,plusieurs candidats
1636592,Andre Harriman-Annous,Arsenal,Buteur,,,,59,77,
1965642,Ata Yanik,Konyaspor,Defenseur central,,,,59,90,
816001,Carvalho,Braga,Defenseur central,,,,59,1378,plusieurs candidats
1640991,Daan Bisschops,Fortuna Sittard,Defenseur central,,,,59,89,
149150,Denis Odoi,NAC Breda,Defenseur central,37,GHA,3,59,1440,"nom seul, non confirme"
1830648,Dimitri Lucea,Paris Saint-Germain,Lateral,,,,59,45,
800520,Fodé Ballo,Metz,Lateral,29,SEN,97,59,872,"nom seul, non confirme"
1793482,Francisco Dias,Vitoria de Guimaraes,Lateral,,,,59,180,plusieurs candidats
1597253,Ikker Julian,Alverca,Defenseur central,,,,59,90,plusieurs candidats
1722708,Joao Gastao,Estrela da Amadora,Buteur,,,,59,174,
1705592,Jon Garcia,Osasuna,Milieu relayeur,,,,59,45,"nom seul, non confirme"
613714,Jordan Pefok,Tondela,Buteur,30,USA,29,59,1106,
389845,Joshua Brenet,Kayserispor,Lateral,32,CUW,30,59,754,
1477865,Juan Diego Castillo,Vitoria de Guimaraes,Gardien,,,,59,1350,plusieurs candidats
1717397,Karamba Gassama,Gaziantep FK,Ailier,21,GAM,17,59,392,plusieurs candidats
1869761,Kenny Quetant,Le Havre,Buteur,,,,59,381,
1240979,Loide Augusto,Rizespor,Ailier,26,ANG,50,59,1010,"nom seul, non confirme"
1981027,Luis Orejuela,Mallorca,Lateral,,,,59,90,"nom seul, non confirme"
1031759,Léo Realpe,Famalicao,Defenseur central,25,ECU,3,59,1586,
1260007,Michel,Moreirense,Defenseur central,,,,59,256,"nom seul, non confirme"
1401205,Michel Diaz,Brest,Defenseur central,22,CIV,4,59,1606,"nom seul, non confirme"
1225435,Nikolaos Athanasiou,Rio Ave,Lateral,24,GRE,3,59,1265,
1366049,Noé Lebreton,NEC Nijmegen,Ailier,22,FRA,20,59,1273,
1230671,Pedro Bondo,Famalicao,Lateral,21,ANG,28,59,1082,"nom seul, non confirme"
1718174,Uchenna Ogundu,Alanyaspor,Buteur,20,NGA,39,59,874,
1574200,Wassim Bouziane,AZ Alkmaar,Ailier,19,NED,43,59,66,"nom seul, non confirme"
1622637,Yarlen,Tondela,Ailier,19,BRA,67,59,276,
1640985,Yassir Zabiri,Famalicao,Buteur,21,MAR,77,59,575,
639450,Yeray Álvarez,Athletic Club,Defenseur central,31,ESP,5,59,469,plusieurs candidats
1095445,Arnaud Kalimuendo-Muinga,Eintracht Frankfurt,Buteur,24,FRA,25,58,1596,"nom seul, non confirme"
394360,Casper Højer Nielsen,Rizespor,Lateral,,,,58,2625,"nom seul, non confirme"
1207581,David Datro Fofana,Fatih Karagümrük,Buteur,23,CIV,15,58,1046,plusieurs candidats
643654,Fousseni Diabaté,Kasımpaşa,Milieu offensif,30,MLI,34,58,1795,"nom seul, non confirme"
449277,Giorgi Kvilitaia,Metz,Buteur,32,GEO,11,58,371,
1733357,Guilherme Luiz,Göztepe,Buteur,,,,58,117,"nom seul, non confirme"
1609327,Ibrahima Ba,Famalicao,Defenseur central,20,SEN,55,58,1620,
1431511,Issiaka Kamate,Inter,Lateral,,,,58,80,
1366937,Jovan Milosevic,Werder Bremen,Buteur,20,SRB,19,58,329,
1188578,João Silva,Tondela,Defenseur central,27,POR,44,58,968,plusieurs candidats
1566981,Martin Pedroarena,Osasuna,Milieu relayeur,,,,58,128,
1359911,Miguel Román,Celta Vigo,Milieu relayeur,23,ESP,16,58,1747,"nom seul, non confirme"
1203521,Paulo Moreira,Estrela da Amadora,Milieu defensif,26,POR,19,58,2234,plusieurs candidats
1097796,Samuel Ballet,Antalyaspor,Ailier,25,SUI,11,58,1465,
317267,Serdar Dursun,Kocaelispor,Buteur,34,TUR,19,58,1330,"nom seul, non confirme"
1712399,Victor Valdepenas,Real Madrid,Lateral,,,,58,78,
1797902,Adem Arous,Kasımpaşa,Defenseur central,21,TUN,4,57,1661,
1469852,Agustín Moreira,Gil Vicente,Ailier,24,URU,27,57,695,"nom seul, non confirme"
1420843,Andrey,Santa Clara,Milieu relayeur,24,BRA,78,57,64,"nom seul, non confirme"
1301081,Arda Kurtulan,Göztepe,Lateral,,,,57,2217,
1833157,Bachir Gueye,Antalyaspor,Buteur,23,SEN,24,57,45,"nom seul, non confirme"
1798782,Bara Ndiaye,Bayern München,Milieu relayeur,,,,57,122,plusieurs candidats
278341,Bouna Sarr,Metz,Lateral,34,SEN,70,57,840,plusieurs candidats
1404134,Carlos Eduardo,Gil Vicente,Buteur,23,BRA,29,57,167,plusieurs candidats
1560045,Egoitz Munoz,Deportivo Alaves,Lateral,,,,57,90,plusieurs candidats
935380,Enrico Del Prato,Parma,Defenseur central,26,ITA,15,57,3158,
1435030,Francisco Petrasso,Rio Ave,Defenseur central,,,,57,1420,"nom seul, non confirme"
1559636,George King,Crystal Palace,Defenseur central,18,ENG,60,57,76,plusieurs candidats
1800495,Georges Gomis,Le Havre,Defenseur central,,,,57,45,plusieurs candidats
1759734,Henrique Silva,Santa Clara,Defenseur central,,,,57,1017,plusieurs candidats
1966243,Idrissa Sabaly,Strasbourg,Milieu relayeur,,,,57,57,"nom seul, non confirme"
173899,Jakub Brabec,Rio Ave,Defenseur central,33,CZE,32,57,2070,
1732412,Javi Morcillo,Atletico Madrid,Milieu relayeur,,,,57,63,"nom seul, non confirme"
959696,Joseph Scally,Borussia Mönchengladbach,Lateral,23,USA,29,57,2740,"nom seul, non confirme"
1700817,Joél Drakes-Thomas,Crystal Palace,Ailier,,,,57,135,"nom seul, non confirme"
1050814,Kelian Wa Saka,Casa Pia AC,Ailier,24,FRA,7,57,335,"nom seul, non confirme"
1341127,Korede Osundina,Casa Pia AC,Ailier,22,USA,13,57,407,
1798241,Luisinho,Braga,Milieu relayeur,,,,57,170,
1804213,Lushendry Martes,Sparta Rotterdam,Lateral,18,NED,12,57,895,
1677468,Marius Tresor Doh,Fatih Karagümrük,Milieu relayeur,,,,57,914,"nom seul, non confirme"
1648656,Martin Krug,Levante,Defenseur central,,,,57,90,
1739906,Mathys de Carvalho,Lyon,Milieu relayeur,21,FRA,39,57,789,plusieurs candidats
1882218,Nico Salvador,Elche,Lateral,,,,57,64,"nom seul, non confirme"
1649293,Paco Cortes,Levante,Ailier,18,ESP,27,57,475,"nom seul, non confirme"
1553404,Rayane Belaid,Atletico Madrid,Ailier,,,,57,134,
433819,Renzo Saravia,Valencia,Lateral,32,ARG,20,57,274,"nom seul, non confirme"
1313184,Rhys Bozinovski,Heracles,Milieu relayeur,,,,57,369,
1793704,Rémi Himbert,Lyon,Buteur,,,,57,172,
1463449,Tony Strata,Vitoria de Guimaraes,Lateral,21,ROU,66,57,1229,
1056461,Ville Koski,Deportivo Alaves,Defenseur central,24,FIN,16,57,270,
662076,Youssef Bennasser,Kayserispor,Milieu defensif,29,MAR,15,57,1415,
1732791,Andrés Antañón,Celta Vigo,Ailier,,,,56,45,
1015200,Arjen van der Heide,Tondela,Ailier,24,NED,26,56,117,
1347411,Bedirhan Özyurt,Eyüpspor,Defenseur central,23,TUR,5,56,898,
1621143,Benjamin Arthur,Brentford,Defenseur central,20,ENG,43,56,161,plusieurs candidats
1842657,Brad-Hamilton Mantsounga,Nice,Defenseur central,,,,56,405,plusieurs candidats
1729841,Brian Madjo,Metz,Buteur,,,,56,139,
987142,Christopher Wooh,Rennes,Defenseur central,23,CMR,4,56,11,
1763613,Daniel Banjaqui,Benfica,Lateral,,,,56,153,
1485180,Daniel Mikolajewski,Parma,Buteur,,,,56,45,
1830689,David Boly,Paris Saint-Germain,Lateral,,,,56,29,"nom seul, non confirme"
1393510,Gustavo Silva,Vitoria de Guimaraes,Ailier,26,BRA,11,56,1247,"nom seul, non confirme"
1800401,Kacper Potulski,Mainz 05,Defenseur central,18,POL,48,56,1220,
1609512,Kasper Boogaard,AZ Alkmaar,Milieu relayeur,20,NED,20,56,812,
1508427,Manuel Ángel,Real Madrid,Ailier,,,,56,59,plusieurs candidats
1902196,Paul Mendy,Cagliari,Buteur,19,SEN,31,56,217,"nom seul, non confirme"
1185467,Rhaldney,Göztepe,Milieu defensif,27,BRA,26,56,1849,
1692895,Ryan Rodin,Auxerre,Buteur,20,FRA,31,56,63,"nom seul, non confirme"
489013,Rúben Semedo,AVS Futebol SAD,Defenseur central,31,POR,35,56,782,"nom seul, non confirme"
1636513,Souza,Tottenham Hotspur,Ailier,,,,56,99,plusieurs candidats
1922172,Steeve Kango,Lyon,Lateral,,,,56,220,
1729826,Stephan Zagadou,Le Havre,Defenseur central,17,FRA,29,56,467,"nom seul, non confirme"
1695867,Álvaro Cortés,Barcelona,Defenseur central,,,,56,90,plusieurs candidats
1107963,Ahmet Sivri,Fatih Karagümrük,Ailier,26,TUR,17,55,214,
1563022,Angel Perez,Deportivo Alaves,Lateral,23,ESP,7,55,1293,"nom seul, non confirme"
1839135,Believe Munongo,Metz,Milieu defensif,16,FRA,33,55,312,
1676086,Davinchi,Getafe,Lateral,18,ESP,26,55,513,
1897206,Eddy Doué,Estrela da Amadora,Milieu relayeur,20,CIV,39,55,626,"nom seul, non confirme"
1088156,Lucão,Gil Vicente,Gardien,25,BRA,30,55,720,
1697334,Luken Beitia,Real Sociedad,Defenseur central,21,ESP,38,55,135,
1282445,Maga,Vitoria de Guimaraes,Lateral,23,POR,2,55,1473,
307235,Marko Pjaca,FC Twente,Ailier,31,CRO,7,55,449,
1699317,Mauro Echegoyen,Osasuna,Milieu relayeur,,,,55,66,
1536269,Pablo Ruan,Nacional,Ailier,23,BRA,99,55,518,plusieurs candidats
1709029,Ruud Nijstad,FC Twente,Defenseur central,,,,55,1510,
1376137,Stefan Lekovic,Estrela da Amadora,Defenseur central,22,SRB,4,55,784,
1709721,Thiago Balieiro,Vitoria de Guimaraes,Defenseur central,,,,55,1170,
1736465,Utku Eris,Konyaspor,Defenseur central,,,,55,147,
1524672,Vasco Moreira,Alverca,Milieu relayeur,,,,55,252,plusieurs candidats
466589,Yohan Boli,Antalyaspor,Buteur,32,CIV,77,55,719,"nom seul, non confirme"
1888413,Youssoupha Niang,1. FC Köln,Ailier,20,GER,38,55,120,"nom seul, non confirme"
1403694,Ángel Alarcon,FC Utrecht,Ailier,22,ESP,77,55,1033,plusieurs candidats
1883407,Ahmed Traore,Fatih Karagümrük,Ailier,19,CIV,88,54,229,"nom seul, non confirme"
1553663,Aitor Manas,Deportivo Alaves,Buteur,,,,54,222,
924300,Alemão,Rayo Vallecano,Buteur,28,BRA,9,54,1281,
1680383,Antonio Salguero,Girona,Defenseur central,,,,54,120,"nom seul, non confirme"
1697516,Arda Yavuz,Eyüpspor,Lateral,,,,54,65,"nom seul, non confirme"
1680173,Ayoube Amaimouni-Echghouyab,Eintracht Frankfurt,Ailier,21,MAR,29,54,406,"nom seul, non confirme"
1721085,Baris Kalayci,Fatih Karagümrük,Ailier,20,TUR,72,54,1139,
1525452,Brenner,Santa Clara,Ailier,24,BRA,11,54,874,
1531100,Dani Martinez,Atletico Madrid,Defenseur central,,,,54,90,plusieurs candidats
1690903,Dean Benamar,Crystal Palace,Lateral,,,,54,63,
1558302,Deniz Dönmezer,Kayserispor,Gardien,17,TUR,27,54,180,
612747,Frédéric Guilbert,Nantes,Lateral,31,FRA,24,54,595,
1300869,Ibrahim Kaya,Alanyaspor,Ailier,25,TUR,27,54,785,"nom seul, non confirme"
1460490,Jeh,Göztepe,Buteur,26,BRA,19,54,270,
1667713,Jerolldino Bergraaf,Excelsior,Buteur,19,NED,33,54,721,
1603224,João Afonso,Santa Clara,Gardien,,,,54,180,"nom seul, non confirme"
1439550,Kieran Morrison,Liverpool,Ailier,19,NIR,68,54,67,plusieurs candidats
1525010,Kiko,Moreirense,Lateral,24,POR,27,54,1688,
1431818,Lilian Rao-Lisoa,Angers,Lateral,25,FRA,27,54,1864,
1635773,Max Dowman,Arsenal,Ailier,,,,54,300,
1403397,Moudjatovic,Tondela,Ailier,23,CIV,70,54,454,
1609509,Rio Robbemond,AZ Alkmaar,Milieu defensif,21,NED,56,54,70,
1395975,Rodri,Moreirense,Milieu defensif,,,,54,1324,"nom seul, non confirme"
1680328,Ryan McAidoo,Manchester City,Ailier,17,ENG,56,54,90,
1292845,Sam Mather,Kayserispor,Ailier,21,ENG,11,54,45,
1761151,Samuele Inácio,Borussia Dortmund,Ailier,,,,54,323,plusieurs candidats
1712223,Branimir Mlacic,Udinese,Defenseur central,19,CRO,22,53,99,
1573172,Cenny Neumann,1. FC Köln,Lateral,,,,53,70,"nom seul, non confirme"
1463282,Divine Mukasa,Manchester City,Buteur,18,ENG,29,53,363,
1039551,Gustavo Assuncao,AVS Futebol SAD,Milieu relayeur,25,BRA,6,53,612,
1374503,Hugo Félix,Tondela,Milieu offensif,22,POR,79,53,994,plusieurs candidats
1807857,Hugo Lopez,Villarreal,Buteur,,,,53,112,"nom seul, non confirme"
1367926,Javier Boñar,Atletico Madrid,Lateral,,,,53,269,
1817861,Javier Olaizola,Mallorca,Defenseur central,,,,53,90,
1724551,Job Ochieng,Real Sociedad,Ailier,23,KEN,47,53,68,
1797925,Landerson,Moreirense,Ailier,,,,53,932,
1362632,Leandro Antonetti,Estrela da Amadora,Buteur,23,PUR,7,53,196,
1333449,Mahamadou Susoho,Kocaelispor,Milieu relayeur,21,ESP,20,53,389,
1437856,Mateja Stjepanovic,Moreirense,Milieu defensif,22,SRB,8,53,2259,
1797446,Nathan Mbala,Metz,Ailier,18,COD,34,53,259,"nom seul, non confirme"
1431809,Paulo Vitor,AVS Futebol SAD,Defenseur central,24,BRA,3,53,1461,plusieurs candidats
1525416,Rafael Nel,Sporting CP,Buteur,21,POR,90,53,147,
1741323,Renato Nhaga,Casa Pia AC,Milieu relayeur,19,GNB,74,53,1092,
1794209,Riccardo Braschi,Fiorentina,Buteur,,,,53,61,
1204394,Tamás Nikitscher,Rio Ave,Milieu defensif,26,HUN,44,53,1229,
1858596,Tommaso Macchioni,Sassuolo,Defenseur central,,,,53,90,
1072255,Welinton,Santa Clara,Ailier,26,BRA,49,53,455,
1883406,Ali Diabaté,Samsunspor,Defenseur central,,,,52,207,"nom seul, non confirme"
1089750,Antef Tsoungui,Estoril,Defenseur central,23,ENG,5,52,1202,
1052464,Bruno Lourenco,AVS Futebol SAD,Milieu offensif,27,POR,17,52,82,"nom seul, non confirme"
566408,Carlos Ponck,AVS Futebol SAD,Defenseur central,,,,52,765,
1413780,David Jimenez,Real Madrid,Lateral,,,,52,243,plusieurs candidats
1815901,Devrim Sahin,Beşiktaş,Ailier,19,TUR,52,52,117,plusieurs candidats
1701117,Diogo Sousa,Vitoria de Guimaraes,Milieu relayeur,20,POR,23,52,871,"nom seul, non confirme"
639201,Görkem Saglam,Kayserispor,Milieu defensif,28,GER,61,52,145,
1766153,Ismail Buga,Konyaspor,Milieu offensif,,,,52,89,
1661691,Juanse,Tondela,Milieu relayeur,20,ECU,32,52,1804,
776580,Luquinhas,Santa Clara,Ailier,29,BRA,28,52,112,
1438316,Mathieu Acapandié,Nantes,Lateral,,,,52,169,
1575945,Oso,Sevilla,Lateral,,,,52,1449,
1904467,Ousmane Diabate,Gençlerbirliği,Milieu relayeur,,,,52,180,"nom seul, non confirme"
34029,Raul Albiol,Pisa,Defenseur central,40,ESP,39,52,435,
980264,Rodrigo Conceição,Tondela,Lateral,,,,52,1347,plusieurs candidats
1444010,Ryan Santos,Estrela da Amadora,Lateral,,,,52,60,plusieurs candidats
1384983,Samet Karakoc,Antalyaspor,Ailier,23,AZE,2,52,355,
1793870,Alejandro Panach,Valencia,Defenseur central,,,,51,88,
1068297,Atanas Chernev,Estrela da Amadora,Defenseur central,23,BUL,79,51,900,
1690129,Boran Baskan,Trabzonspor,Lateral,20,TUR,80,51,90,
1821709,Carlos Ballestero,Deportivo Alaves,Lateral,,,,51,61,
1668290,Charles-André Raux Yao,Eyüpspor,Milieu offensif,24,FRA,15,51,358,"nom seul, non confirme"
1446701,Cédric Nuozzi,Alverca,Ailier,20,BEL,11,51,566,
1230286,Daouda Guindo,Brest,Lateral,23,MLI,27,51,1577,"nom seul, non confirme"
1335315,Deveron Fonville,NEC Nijmegen,Defenseur central,23,CUW,24,51,1160,
1269943,Enver Kulasin,Gaziantep FK,Ailier,22,BIH,27,51,56,
1185629,Fabio Moreno Fell,Mainz 05,Buteur,25,GER,36,51,77,plusieurs candidats
1829390,Fynn Schenten,1. FC Köln,Ailier,,,,51,62,
654091,Grady Diangana,Elche,Milieu relayeur,28,COD,19,51,811,
1630298,Guilherme Montoia,Estrela da Amadora,Lateral,22,POR,21,51,285,
1380468,Jan Faberski,PEC Zwolle,Ailier,19,POL,19,51,256,
1514516,Jin-Ho Jo,Konyaspor,Milieu defensif,,,,51,948,"nom seul, non confirme"
703044,Landry Dimata,Samsunspor,Ailier,28,BEL,10,51,102,
1396368,Lucas Laso,Getafe,Defenseur central,,,,51,255,"nom seul, non confirme"
1800947,Lucas Leaudais,Lorient,Lateral,,,,51,69,
1229761,Mateusz Legowski,Eyüpspor,Milieu relayeur,23,POL,20,51,1408,
1291881,Milan Zonneveld,Telstar,Buteur,22,NED,19,51,585,
1127306,Nile John,Moreirense,Milieu offensif,23,ENG,23,51,442,plusieurs candidats
1442442,Pedro Silva Rosas,Casa Pia AC,Lateral,,,,51,607,"nom seul, non confirme"
1699549,Quentin Ndjantou,Paris Saint-Germain,Milieu relayeur,,,,51,325,
1558469,Ricardo Rocha,Vitoria de Guimaraes,Milieu relayeur,,,,51,80,plusieurs candidats
947896,Simon Janssen,Excelsior,Lateral,25,NED,15,51,386,plusieurs candidats
1814656,Tahsin Bulbul,Samsunspor,Ailier,,,,51,65,
1393698,Talha Ülvan,Eyüpspor,Lateral,25,TUR,17,51,950,
1665438,Toni Fernández,Barcelona,Buteur,,,,51,45,plusieurs candidats
1190493,Alioune Ndoye,Vitoria de Guimaraes,Buteur,24,SEN,90,50,536,"nom seul, non confirme"
1352610,Anil Cinar,Fatih Karagümrük,Defenseur central,22,TUR,94,50,988,
776940,Christian Kouamé,Fiorentina,Lateral,28,CIV,99,50,55,"nom seul, non confirme"
1382346,Daouda Weidmann,FC Twente,Milieu relayeur,23,FRA,42,50,322,
1698687,Dilhan Demir,Gençlerbirliği,Ailier,22,GER,21,50,60,plusieurs candidats
1763598,Djibril Coulibaly,Nice,Milieu relayeur,17,FRA,39,50,112,plusieurs candidats
1696775,Everton,Nice,Milieu defensif,,,,50,226,
1605894,Giannino Vianello,Sparta Rotterdam,Lateral,18,NED,5,50,242,
1729318,Hasan Ilçin,Antalyaspor,Milieu relayeur,17,TUR,20,50,165,
1817320,Iker Monreal,Athletic Club,Defenseur central,,,,50,180,
1795392,Jeremy Mbambi,Pisa,Defenseur central,,,,50,90,
1858597,Jorge Montes,Getafe,Ailier,,,,50,90,plusieurs candidats
1559834,Joselu Perez,Getafe,Buteur,,,,50,120,"nom seul, non confirme"
1427018,Joseph Boende,Kocaelispor,Milieu relayeur,,,,50,899,
1447414,Julián Martínez,Alverca,Defenseur central,22,HON,3,50,540,plusieurs candidats
1807642,Kevyn Monteiro,Moreirense,Defenseur central,,,,50,270,"nom seul, non confirme"
1340594,Mikel Goti,Real Sociedad,Ailier,23,ESP,22,50,237,
1807561,Muhammed Kadioglu,Fatih Karagümrük,Defenseur central,19,SYR,32,50,495,"nom seul, non confirme"
1614800,Musah Mohammed,Göztepe,Milieu relayeur,24,GHA,6,50,89,plusieurs candidats
589567,Taskin Ilter,Eyüpspor,Milieu defensif,31,AZE,28,50,992,
449999,Taylan Antalyali,Rizespor,Milieu defensif,31,TUR,14,50,1147,
1525157,Tiago Manso,Tondela,Lateral,26,POR,48,50,1241,
1400979,Travis Hernes,FC Groningen,Ailier,20,NOR,7,50,199,
109222,Vicente Guaita,Parma,Gardien,39,ESP,13,50,90,
1791693,Álvaro Martínez,Moreirense,Lateral,24,ESP,17,50,717,plusieurs candidats
1841906,Carlos Macia,Villarreal,Milieu relayeur,,,,49,56,
1832893,Harouna Djibirin,Angers,Ailier,,,,49,61,
1807301,Joseph Liteta,Cagliari,Milieu defensif,20,ZAM,27,49,266,
1450999,Juan Arizala,Udinese,Lateral,20,COL,20,49,60,
1244376,Kaden Rodney,Crystal Palace,Milieu defensif,21,ENG,42,49,135,plusieurs candidats
1896949,Kail Boudache,Nice,Ailier,19,FRA,32,49,261,
1662963,Marco de las Sias,Rayo Vallecano,Lateral,,,,49,90,
186811,Mathieu Gorgelin,Lens,Gardien,35,FRA,16,49,90,
866686,Matthew O'Riley,Marseille,Milieu relayeur,25,DEN,33,49,1134,"nom seul, non confirme"
1523496,Nikoloz Ugrekhelidze,Fatih Karagümrük,Defenseur central,22,GEO,27,49,178,
1690793,Papa Ba,Girona,Lateral,21,SEN,44,49,194,"nom seul, non confirme"
1843927,Pharrell Hensel,Wolfsburg,Ailier,,,,49,62,
1513227,Rion Ichihara,AZ Alkmaar,Defenseur central,20,JPN,18,49,176,
1319968,Rubén Iranzo,Valencia,Defenseur central,,,,49,292,"nom seul, non confirme"
1254743,Ryan Guilherme,Rio Ave,Milieu relayeur,23,BRA,8,49,236,"nom seul, non confirme"
1562034,Steven Baseya,Alverca,Defenseur central,,,,49,346,
664444,Takehiro Tomiyasu,Ajax,Lateral,27,JPN,32,49,142,
1800226,Tarik Kalpakli,Fatih Karagümrük,Ailier,,,,49,116,
1692856,Tobias van den Elshout,Feyenoord,Ailier,,,,49,293,
1783963,Umar Abubakar,Famalicao,Buteur,20,NGA,9,49,214,"nom seul, non confirme"
1245744,Xabi Huarte,Tondela,Milieu relayeur,25,ESP,14,49,45,"nom seul, non confirme"
1403692,Youssef Enriquez,Deportivo Alaves,Lateral,20,MAR,3,49,1347,plusieurs candidats
1676885,Daniel Denoon,Pisa,Defenseur central,21,SUI,44,48,123,
1791597,Deivison,Nacional,Lateral,19,BRA,88,48,22,
1816726,Enzo Koffi,Le Havre,Lateral,,,,48,218,plusieurs candidats
1458183,Eus Waayers,Go Ahead Eagles,Lateral,20,NED,20,48,22,
361751,Fabio Cardoso,Sevilla,Defenseur central,32,POR,15,48,388,plusieurs candidats
1531392,Gerald Alders,Telstar,Lateral,21,NED,3,48,490,
1252057,Giovanni van Zwam,Go Ahead Eagles,Defenseur central,22,NED,25,48,653,
1233755,Jadel Katongo,Kayserispor,Lateral,21,ENG,2,48,573,
1231075,James McConnell,Ajax,Milieu relayeur,21,ENG,53,48,124,"nom seul, non confirme"
1759640,Jan Bürger,Wolfsburg,Lateral,,,,48,119,"nom seul, non confirme"
1843149,José Neto,Benfica,Lateral,,,,48,90,plusieurs candidats
1611220,Julián Vignolo,Toulouse,Ailier,,,,48,172,
1717566,Kayra Cihan,Kayserispor,Defenseur central,18,TUR,38,48,45,plusieurs candidats
1584085,Luís Balbo,Fiorentina,Lateral,,,,48,141,
1787525,Marli Salmon,Arsenal,Defenseur central,,,,48,62,
1553104,Matija Mitrovic,Vitoria de Guimaraes,Milieu relayeur,21,SRB,6,48,419,"nom seul, non confirme"
950599,Nicolás Fonseca,Real Oviedo,Milieu relayeur,27,URU,23,48,853,plusieurs candidats
1237903,Ousmane Ba,Metz,Gardien,23,SEN,40,48,180,"nom seul, non confirme"
210120,Rachid Ghezzal,Lyon,Buteur,33,ALG,18,48,109,
1669427,Stijn Middendorp,Excelsior,Milieu relayeur,21,NED,25,48,70,
1636736,Tiago Parente,Estoril,Lateral,21,POR,55,48,176,"nom seul, non confirme"
1793874,Wael Mohya,Borussia Mönchengladbach,Ailier,17,GER,36,48,382,
1815149,Xavi Espart,Barcelona,Lateral,18,ESP,42,48,90,
1287747,Zé Carlos II,Gil Vicente,Milieu relayeur,,,,48,739,plusieurs candidats
1561078,Antonis Papakanellos,Rio Ave,Ailier,20,GRE,19,47,135,
1525145,David Grilo,Estrela da Amadora,Gardien,29,POR,22,47,90,"nom seul, non confirme"
1600732,David Otorbi,Valencia,Lateral,,,,47,61,
562263,Dylan Mertens,Telstar,Milieu defensif,30,NED,16,47,257,
557675,Emre Tasdemir,Kasımpaşa,Lateral,30,TUR,33,47,20,
1807277,Jorge Cestero,Real Madrid,Milieu defensif,,,,47,86,
1643772,Joël van den Berg,PSV Eindhoven,Milieu relayeur,,,,47,90,plusieurs candidats
1435445,Lorran,Pisa,Ailier,19,BRA,99,47,45,
1675505,Manu Fernández,Celta Vigo,Defenseur central,25,ESP,12,47,943,"nom seul, non confirme"
1477586,Marcos Peña,Famalicao,Milieu defensif,21,ESP,8,47,197,plusieurs candidats
1688980,Marius Louër,Angers,Defenseur central,19,FRA,20,47,521,
1800611,Nacho Perez,Levante,Lateral,,,,47,145,plusieurs candidats
1524512,Peixinho,Estoril,Ailier,21,POR,70,47,45,
1461827,Robinho,Estrela da Amadora,Milieu relayeur,23,BRA,8,47,609,
1666977,Veljko Milosavljevic,AFC Bournemouth,Defenseur central,18,SRB,44,47,360,
1637892,Victor Ntino-Emo Gidado,Gaziantep FK,Milieu relayeur,21,NGA,8,47,431,
1414040,Yigit Efe Demir,Fenerbahçe,Defenseur central,21,TUR,14,47,616,plusieurs candidats
1705704,Afonso Assis,Moreirense,Milieu relayeur,19,POR,25,46,685,"nom seul, non confirme"
1580704,Christantus Uche,Getafe,Buteur,22,NGA,12,46,527,"nom seul, non confirme"
1682313,Dro Fernández,Paris Saint-Germain,Milieu relayeur,18,ESP,27,46,648,plusieurs candidats
1805105,Fallou Cham,Hellas Verona,Lateral,,,,46,368,"nom seul, non confirme"
1669929,Iliesse Salhi,Mallorca,Lateral,,,,46,90,
1276327,Jayden Candelaria,NAC Breda,Lateral,22,CUW,21,46,32,
1759728,José Tavares,Santa Clara,Milieu relayeur,,,,46,551,plusieurs candidats
1019100,Kevin Chamorro,Rio Ave,Gardien,25,CRC,22,46,270,
1793784,Maxima Goffi,Lille,Defenseur central,,,,46,180,
1793199,Montrell Culbreath,Bayer Leverkusen,Lateral,,,,46,687,
1700516,Nicolas Trabucchi,Parma,Defenseur central,,,,46,55,
1797872,Samuel Becerra,Rayo Vallecano,Ailier,,,,46,59,"nom seul, non confirme"
1683630,Yefrei Rodriguez,Tondela,Buteur,,,,46,90,plusieurs candidats
213809,Allan Nyom,Getafe,Lateral,38,CMR,12,45,632,
1607333,George Hemmings,Aston Villa,Milieu relayeur,19,ENG,53,45,45,"nom seul, non confirme"
1789791,Jofre Torrents,Barcelona,Lateral,19,ESP,26,45,63,
749834,John Victor,Nottingham Forest,Gardien,30,BRA,13,45,798,plusieurs candidats
1284496,Josafat Mendes,Samsunspor,Lateral,,,,45,1158,"nom seul, non confirme"
1685327,Kevin Prieto,Casa Pia AC,Lateral,22,URU,19,45,240,"nom seul, non confirme"
1707510,Lorenzo Venturino,Roma,Ailier,19,ITA,20,45,45,
1560751,Matteo Cocchi,Inter,Lateral,,,,45,74,
108381,Milan Djuric,Cremonese,Buteur,36,BIH,9,45,208,
1504681,Onuralp Çevikkan,Trabzonspor,Gardien,,,,45,90,
1644302,Pedro Felipe,Sassuolo,Defenseur central,22,BRA,66,45,90,plusieurs candidats
1699556,Raphaël Le Guen,Brest,Defenseur central,,,,45,360,
1422586,Rio Cardines,Crystal Palace,Lateral,,,,45,90,
1491069,Salih Malkoçoglu,Trabzonspor,Defenseur central,21,TUR,74,45,249,
1665419,Adil Lechkar,Telstar,Lateral,24,NED,15,44,59,
1481098,Francesco Coppola,Pisa,Defenseur central,21,ITA,26,44,450,"nom seul, non confirme"
1797815,Jadiel Pereira da Gama,PEC Zwolle,Milieu relayeur,16,NED,26,44,58,"nom seul, non confirme"
1553374,Jan Plug,Feyenoord,Defenseur central,20,NED,43,44,158,
1335046,Matej Sín,AZ Alkmaar,Milieu relayeur,21,CZE,33,44,423,"nom seul, non confirme"
1529203,Mohamadou Kanté,West Ham United,Milieu relayeur,20,FRA,55,44,181,"nom seul, non confirme"
1791729,Seny Koumbassa,Toulouse,Defenseur central,18,FRA,35,44,706,
1684579,Soriba Diaoune,Lille,Milieu offensif,18,GUI,35,44,66,
258269,Victor Nilsson Lindelöf,Aston Villa,Defenseur central,31,SWE,3,44,1748,"nom seul, non confirme"
1791727,Alexis Vossah,Toulouse,Milieu relayeur,18,FRA,45,43,974,
1707494,Davy Gui,Alverca,Milieu relayeur,19,CIV,6,43,163,"nom seul, non confirme"
1553510,Mathys Silistrie,Rennes,Gardien,20,FRA,50,43,270,
1526199,Mats Egbring,SC Heerenveen,Lateral,19,NED,15,43,90,
1624950,Ezra Mayers,West Ham United,Defenseur central,19,ENG,63,42,210,
1643963,Lass Kourouma,Girona,Milieu relayeur,22,GUI,29,42,210,
1696050,Massimo Pessina,Bologna,Gardien,18,ITA,25,42,270,"nom seul, non confirme"
1699551,Noah Fernandez,PSV Eindhoven,Milieu relayeur,18,BEL,31,42,280,plusieurs candidats
1820601,Selton Sánchez,Athletic Club,Milieu offensif,,,,42,179,plusieurs candidats
1666020,Yanis da Rocha,Braga,Lateral,22,POR,41,42,135,"nom seul, non confirme"
1676901,Eddy Kouadio,Fiorentina,Lateral,,,,41,83,plusieurs candidats
1125477,Bruno Langa,Estrela da Amadora,Lateral,28,MOZ,24,40,895,
1668219,Riyad Idrissi,Cagliari,Lateral,20,ITA,3,40,514,
1796908,Thiago Pitarch,Real Madrid,Milieu relayeur,18,ESP,45,40,770,
1841253,Aaron Garcia,CD Yuncos,Milieu relayeur,,,,,64,plusieurs candidats
662962,Aaron Hayden,Carlisle United,Defenseur central,28,ENG,6,,90,"nom seul, non confirme"
724577,Aaron Leganase,Marcquois,Defenseur central,,,,,90,
407744,Aaron Pierre,Eastleigh,Defenseur central,32,GRN,16,,88,"nom seul, non confirme"
598261,Aaron Simpson,Gainsborough,Lateral,,,,,120,plusieurs candidats
715887,Aarón Requena,Inter de Valdemoro,Lateral,,,,,90,"nom seul, non confirme"
149542,Abaga Calvin Mangan,Garde Saint-Ivy Pontivy,Defenseur central,,,,,90,plusieurs candidats
724541,Abdalali Ezzaitouni,Freyming,Lateral,,,,,90,
724575,Abdelkadir Bensalah,Marcquois,Lateral,,,,,90,
627250,Abdelkrim Khechmar,Istres,Defenseur central,,,,,180,
724540,Abdellah Etarabti,Freyming,Ailier,,,,,82,
1792483,Abdelnor Soualhia,Le Puy,Defenseur central,,,,,90,
1717041,Abderrezzek Saidi,Sochaux,Lateral,,,,,90,"nom seul, non confirme"
724333,Abdessalam Zerkoune,Canet Roussillon,Lateral,,,,,90,
1372803,Abdoulaye Keita,Ponferradina,Milieu relayeur,,,,,96,plusieurs candidats
1232037,Abdoulaye Sylla,Sigma Olomouc,Defenseur central,25,GUI,2,,720,"nom seul, non confirme"
1802590,Abdoulie Ndow,Frosinone,Milieu relayeur,20,GAM,24,,66,
1541228,Abdul Abdulmalik,Boreham Wood,Ailier,22,ENG,10,,165,
665096,Abdul-Malik Yago,Eintracht Norderstedt,Defenseur central,,,,,120,plusieurs candidats
508528,Abdulla Genaev,SV Hemelingen,Milieu offensif,,,,,90,
1668241,Abel Rodrigues,Chantilly US,Lateral,,,,,79,plusieurs candidats
1526607,Ablaye Mbaye Baye,Avranches,Defenseur central,,,,,162,"nom seul, non confirme"
1302828,Abraham Kanu,Forest Green Rovers,Defenseur central,20,ENG,32,,59,"nom seul, non confirme"
716064,Abraham Parejo,Atletico Palma del Rio,Lateral,,,,,90,plusieurs candidats
1133419,Abubakar Ghali,Sigma Olomouc,Ailier,,,,,495,
1338977,Achille Robin,Les Sables VF,Defenseur central,,,,,90,plusieurs candidats
1520675,Adam Arvelo,Las Palmas,Ailier,,,,,69,
1089753,Adam Desbois,Slough Town,Gardien,24,ENG,1,,120,
477850,Adam Dihad,Istres,Defenseur central,,,,,180,
531276,Adama Diop,Bordeaux,Milieu defensif,,,,,90,plusieurs candidats
724648,Adama Gueye,Istres,Buteur,,,,,65,plusieurs candidats
725253,Adama Mbengue,Dieppe,Lateral,,,,,68,"nom seul, non confirme"
1520257,Adama Niakaté,Istres,Milieu relayeur,,,,,89,"nom seul, non confirme"
1107956,Adamu Alhassan,KF Shkendija,Milieu defensif,,,,,242,plusieurs candidats
235828,Adel Belaroussi,Hauts Lyonnais,Buteur,,,,,176,
643349,Adelino Afangbom,Raon L Etape,Defenseur central,,,,,90,
1372086,Adilet Sadybekov,Kairat Almaty,Milieu relayeur,23,KAZ,6,,90,
1095708,Adon Gomis,Chantilly US,Defenseur central,,,,,50,plusieurs candidats
715969,Adri Gómez,CD Yuncos,Ailier,,,,,90,"nom seul, non confirme"
1208114,Adri Peral,CA Antoniano,Milieu relayeur,,,,,105,
493109,Adrian Granizo,Pontevedra,Lateral,,,,,76,
1159556,Adrian Kapralik,Holstein Kiel,Buteur,23,SVK,20,,227,
213796,Adrian Lois,Torrent CF,Milieu defensif,,,,,82,"nom seul, non confirme"
1485532,Adrian Svanbäck,Häcken,Ailier,21,FIN,20,,371,
724665,Adrien Delrieu,Merignac,Gardien,,,,,90,
715997,Adrián Aguirre,Cieza,Defenseur central,,,,,180,plusieurs candidats
716372,Adrián Marfil,UD Maracena,Milieu defensif,,,,,66,
640516,Adrián Pereira,Negreira,Milieu offensif,,,,,72,"nom seul, non confirme"
1323852,Adrián Pérez,Torrent CF,Milieu relayeur,,,,,45,plusieurs candidats
1410937,Adrián Pérez,Ourense,Defenseur central,,,,,239,plusieurs candidats
637586,Ager Argoitia,CD Getxo,Gardien,,,,,45,
1120749,Aguibou Camara,Ludogorets Razgrad,Milieu offensif,24,GUI,20,,59,plusieurs candidats
1870459,Agus Moreno,Guadalajara,Lateral,,,,,62,plusieurs candidats
1433002,Ahmed Bouzar,Croix,Ailier,,,,,90,
1681988,Ahmed Sidibe,Venezia,Defenseur central,23,FRA,48,,45,"nom seul, non confirme"
1460575,Aidan Elliott-Wheeler,Gateshead FC,Lateral,,,,,90,plusieurs candidats
1297974,Aidan Francis-Clarke,Braintree Town,Defenseur central,,,,,61,plusieurs candidats
632496,Aimar Olarra,SD Logrones,Ailier,,,,,90,
563780,Aimen Laraba,Garde Saint-Ivy Pontivy,Ailier,,,,,66,
1832944,Aitor Abad,UD Samano,Lateral,,,,,90,"nom seul, non confirme"
541045,Aitor Aranzabe,Ourense,Ailier,,,,,234,
640683,Aitor Bunuel,Burgos CF,Lateral,27,ESP,15,,255,
1320034,Aitor Gelardo,Racing de Ferrol,Milieu relayeur,,,,,69,
716256,Aitor Navarro,Valle de Egues,Gardien,,,,,45,plusieurs candidats
1557445,Aitor Uzkudun,FC Andorra,Ailier,24,ESP,22,,180,
896072,Akinwale Joseph Odimayo,Newport County,Defenseur central,,,,,90,plusieurs candidats
1414862,Akseli Puukko,KuPS,Lateral,,,,,99,
724510,Alain Reppert,ASC Biesheim,Buteur,,,,,90,
892375,Alain Ribeiro,Pontevedra,Defenseur central,,,,,90,plusieurs candidats
1614857,Alasana Yirajang,Slovan Bratislava,Ailier,21,GAM,14,,64,
1322850,Albert Caparros,AD Ceuta FC,Defenseur central,27,ESP,4,,90,
1063224,Albert Dabiqaj,Drita,Milieu defensif,,,,,720,
1592632,Albertito,Sant Andreu,Milieu defensif,,,,,120,
639193,Alberto Benito,,Lateral,,,,,59,"nom seul, non confirme"
464582,Alberto Freire,Negreira,Milieu defensif,,,,,90,"nom seul, non confirme"
883182,Alberto Gonzalez,Numancia,Lateral,,,,,70,"nom seul, non confirme"
592805,Alberto González,CD Estepona,Lateral,,,,,90,"nom seul, non confirme"
716266,Alberto Ramos,CD Roda,Lateral,,,,,90,plusieurs candidats
1159522,Alberto Sanchez,Ourense,Gardien,,,,,330,"nom seul, non confirme"
638369,Albertín,Atletico Astorga,Milieu relayeur,,,,,105,
671601,Aldo One,Atletic Lleida,Lateral,,,,,65,"nom seul, non confirme"
1842921,Ale Gomes,Real Zaragoza,Lateral,,,,,120,"nom seul, non confirme"
716309,Ale Limón,CD Azuaga,Defenseur central,,,,,90,
1227847,Aleix Roig,CF Talavera de la Reina,Lateral,,,,,59,
714238,Aleixo Cabral,Atletico Astorga,Milieu relayeur,,,,,74,plusieurs candidats
1393916,Alejandro Alfaro,Torreense,Milieu offensif,,,,,89,"nom seul, non confirme"
1185331,Alejandro Benitez,Ciudad Lucena,Lateral,,,,,57,plusieurs candidats
1404411,Alejandro Canizo,Guadalajara,Buteur,,,,,90,
715327,Alejandro Coll,CD Sant Jordi,Gardien,,,,,83,"nom seul, non confirme"
717177,Alejandro Contreras,CD Estepona,Lateral,,,,,60,plusieurs candidats
1364360,Alejandro Fidalgo,Cartagena,Defenseur central,,,,,120,
639372,Alejandro Gonzalez,Pontevedra,Ailier,,,,,90,plusieurs candidats
717106,Alejandro Muñoz,Ebro,Milieu defensif,,,,,90,"nom seul, non confirme"
1241311,Alejandro Perez,Atletico Baleares,Defenseur central,,,,,180,plusieurs candidats
716006,Alejandro Sánchez,Cieza,Gardien,,,,,180,plusieurs candidats
1631609,Aleksandar Kandic,FC Gütersloh,Ailier,,,,,45,
198499,Aleksandar Katai,FK Crvena Zvezda,Buteur,35,SRB,10,,136,
16653,Aleksandr Martynovich,Kairat Almaty,Defenseur central,38,BLR,14,,450,
1780058,Aleksandr Mrynskiy,Kairat Almaty,Ailier,21,KAZ,24,,711,
1269250,Aleksandr Shirobokov,Kairat Almaty,Defenseur central,23,KAZ,25,,360,
1404413,Aleksandër Trumçi,KF Shkendija,Lateral,,,,,630,
1657782,Aleksey Ploshchadnyi,FC Noah,Gardien,21,RUS,92,,180,
474377,Alen Grgic,FC Noah,Ailier,31,CRO,77,,118,"nom seul, non confirme"
74572,Alessando Ligi,Audace Cerignola,Defenseur central,,,,,90,
461966,Alessandro Capello,LR Vicenza,Buteur,,,,,55,
1847867,Alex Diego,Sporting Gijon,Lateral,,,,,90,plusieurs candidats
609506,Alex Gilliead,Carlisle United,Milieu defensif,29,ENG,20,,76,
724877,Alex Hospital,Hauts Lyonnais,Lateral,,,,,154,
955348,Alex Hunt,York City,Milieu relayeur,25,IRL,8,,90,"nom seul, non confirme"
662331,Alex Newby,York City,Lateral,29,ENG,30,,82,"nom seul, non confirme"
684785,Alex Salto,Orihuela,Defenseur central,,,,,90,
262753,Alex Schalk,Real Murcia,Ailier,,,,,45,
1669653,Alex Serradell,Eldense,Defenseur central,,,,,180,
873487,Alex Zalaya,Racing de Ferrol,Defenseur central,,,,,90,
1340821,Alexander Kopf,FV Illertissen,Defenseur central,,,,,90,
659760,Alexander Siebeck,Lokomotive Leipzig,Milieu defensif,,,,,96,
501117,Alexandre Lefebvre,Dieppe,Gardien,,,,,90,
1029762,Alexandre Tégar,Les Herbiers,Lateral,,,,,90,
724515,Alexandre Valbon,ASC Biesheim,Milieu relayeur,,,,,62,
575732,Alexandre Vincent,Les Herbiers,Ailier,,,,,78,plusieurs candidats
724596,Alexis Dos Santos,St Maur Lusitanos,Milieu relayeur,,,,,83,plusieurs candidats
607435,Alexis Mouakit,Raon L Etape,Defenseur central,,,,,90,
968919,Alfie Bates,Tamworth,Milieu relayeur,24,ENG,6,,90,plusieurs candidats
1276864,Alfonso Barco,Rijeka,Milieu defensif,24,PER,55,,340,"nom seul, non confirme"
956584,Alfonso Candelas,CD Estepona,Defenseur central,,,,,90,
213649,Alfredo Ortuno,Cartagena,Buteur,,,,,69,"nom seul, non confirme"
476513,Allan Bidard,US Chauvigny,Defenseur central,,,,,90,
1174490,Almir Ajzeraj,Drita,Ailier,,,,,419,
962076,Alpha Dionkou,Omonia Nicosia,Lateral,24,SEN,2,,222,
1691108,Alvaro Calado,Navalcarnero,Gardien,,,,,120,
1641033,Alvaro Lopez,CF Talavera de la Reina,Defenseur central,,,,,180,plusieurs candidats
1331311,Amadou Coundoul,Sporting Gijon,Buteur,23,SEN,18,,73,
1292335,Amadou Salif Mbengue,Queens Park Rangers,Lateral,24,SEN,27,,100,"nom seul, non confirme"
1311801,Amadou Samoura,Concarneau,Lateral,22,FRA,7,,90,
245279,Amaury Dos Santos,Marcquois,Milieu defensif,,,,,90,plusieurs candidats
527683,Amer Gojak,Rijeka,Ailier,29,BIH,14,,287,
603869,Amin Abaradan,Ourense,Buteur,,,,,295,
862617,Amine Khammas,Omonia Nicosia,Lateral,26,MAR,24,,180,
724597,Amine Meftah,St Maur Lusitanos,Ailier,,,,,45,
1875913,Amir Etien,Lyon La Duchere,Lateral,,,,,89,
1663499,Amìn-Elias Gröller,Rapid Wien,Lateral,20,AUT,47,,144,plusieurs candidats
465268,Anas Lamrabette,Avranches,Buteur,,,,,171,
801780,Anastasios Chatzigiovanis,Omonia Nicosia,Ailier,28,GRE,10,,135,
632491,Ander Astrain,Valle de Egues,Milieu relayeur,,,,,90,
1816771,Ander Castillo,UD Samano,Buteur,,,,,80,plusieurs candidats
632058,Ander Fernández,SD Logrones,Defenseur central,,,,,90,"nom seul, non confirme"
636317,Ander González,Portugalete,Defenseur central,,,,,90,plusieurs candidats
822387,Ander Gorostidi,Racing de Ferrol,Milieu defensif,,,,,90,
1838683,Ander Lambea,UD Samano,Milieu defensif,,,,,80,
1202526,Ander Martin,Cartagena,Milieu offensif,25,ESP,16,,59,"nom seul, non confirme"
716795,Ander Pradera,CD Getxo,Buteur,,,,,90,
716797,Ander Santos,CD Getxo,Milieu relayeur,,,,,80,plusieurs candidats
1287789,Ander Zoilo,Tenerife,Lateral,,,,,85,
764500,Anderson Lucoqui,Energie Cottbus,Lateral,28,ANG,24,,72,
338136,Andraz Sporar,Slovan Bratislava,Buteur,31,SVN,99,,384,
1425695,Andrea Bozzolan,Reggiana,Lateral,21,ITA,3,,90,
1572463,Andrea Franzoni,Virtus Entella,Milieu relayeur,28,ITA,24,,83,
518522,Andrea Tiritiello,Virtus Entella,Defenseur central,30,ITA,6,,90,
1525692,Andreas Christou,Omonia Nicosia,Ailier,,,,,63,
704547,Andreas Naumann,Lokomotive Leipzig,Gardien,,,,,120,
1760251,Andrej Bacanin,Basel,Milieu relayeur,18,SRB,14,,243,
1424360,Andrej Djuric,Malmö FF,Defenseur central,22,SRB,5,,180,
1318701,Andrews Tetteh,Panathinaikos,Buteur,,,,,367,
175835,Andri Rafn Yeoman,Breidablik,Lateral,33,ISL,30,,147,"nom seul, non confirme"
1395223,André Simoes,Torreense,Milieu defensif,22,POR,26,,147,"nom seul, non confirme"
639212,Andrés López,Real Murcia,Defenseur central,,,,,86,"nom seul, non confirme"
441179,Andrés Prieto,Ponferradina,Gardien,,,,,120,plusieurs candidats
714629,Andy Alarcón,,Defenseur central,,,,,90,plusieurs candidats
963857,Andy Escudero,AD Ceuta FC,Milieu relayeur,26,ESP,20,,65,plusieurs candidats
704526,Andy Trübenbach,ZFC Meuselwitz,Buteur,,,,,90,
1258242,Anel Husic,Rijeka,Defenseur central,,,,,529,
1512796,Anes Meljichi,KF Shkendija,Defenseur central,,,,,180,
1413301,Angelos Neofytou,Omonia Nicosia,Buteur,20,CYP,85,,234,
1835280,Anisius Lewis,Maldon & Tiptree,Buteur,,,,,59,"nom seul, non confirme"
517276,Ante Coric,Hamrun Spartans,Milieu defensif,,,,,360,
1516401,Ante Juric,Rijeka,Buteur,23,CRO,77,,148,"nom seul, non confirme"
464334,Ante Majstorovic,Rijeka,Defenseur central,32,CRO,45,,630,
1178132,Ante Orec,Rijeka,Lateral,24,CRO,22,,842,
724488,Anthonin Cathrine,Bayeux,Lateral,,,,,108,
999100,Anthony Adel,Montreuil FC,Milieu defensif,,,,,176,plusieurs candidats
530276,Anthony Beuve,Avranches,Gardien,37,FRA,1,,180,
724505,Anthony Decherf,ASC Biesheim,Milieu defensif,,,,,83,
501370,Anthony Janeszko,Bethune,Buteur,,,,,84,
708877,Anthony Landazuri,Tenerife,Defenseur central,,,,,90,
724354,Antoine Kerriou,Les Herbiers,Defenseur central,,,,,90,
724621,Antoine Le Callonnec,Garde Saint-Ivy Pontivy,Lateral,,,,,90,
562903,Anton Ari Einarsson,Breidablik,Gardien,31,ISL,1,,540,
1012818,Anton Escobar,Racing de Ferrol,Buteur,,,,,90,plusieurs candidats
1095446,Anton Lúdvíksson,Breidablik,Milieu relayeur,22,ISL,13,,214,
312458,Anton Nedyalkov,Ludogorets Razgrad,Lateral,32,BUL,3,,783,
1874282,Antonin Moisdon,Vendee Fontenay Foot,Defenseur central,,,,,90,
715346,Antonio,CD Sant Jordi,Defenseur central,,,,,90,plusieurs candidats
861973,Antonio Ivancic,Zrinjski Mostar,Milieu defensif,30,CRO,20,,311,
843786,Antonio Montoro,Pontevedra,Defenseur central,,,,,90,"nom seul, non confirme"
571778,Antonio Moreno,Real Murcia,Milieu defensif,,,,,90,plusieurs candidats
715951,Antonio Moreno,CD Yuncos,Defenseur central,,,,,90,plusieurs candidats
716318,Antonio Márquez,CD Azuaga,Ailier,,,,,90,plusieurs candidats
716389,Antonio Salvatierra,UD Maracena,Defenseur central,,,,,90,plusieurs candidats
234520,Antonio Vera,CD Azuaga,Ailier,,,,,90,plusieurs candidats
1455593,Antonio Verinac,Lübeck,Buteur,,,,,90,
980236,Antonis Aidonis,Sonnenhof Großaspach,Defenseur central,,,,,90,
805256,Antonín Rusek,Sigma Olomouc,Milieu offensif,26,CZE,14,,319,
499103,Antxón Jaso,Real Murcia,Defenseur central,,,,,55,
242888,Anzo Lesage,Croix,Lateral,,,,,90,
1125710,Arb Manaj,Drita,Buteur,,,,,388,
762440,Arbin Zejnullai,KF Shkendija,Milieu offensif,,,,,443,
704203,Arbnor Nuraj,Sonnenhof Großaspach,Defenseur central,,,,,90,
1702104,Archie Harris,Eastleigh,Lateral,,,,,90,plusieurs candidats
231821,Aridane Hernández,Almeria,Buteur,36,EQG,15,,180,plusieurs candidats
715598,Aritz Acarregui,UD Samano,Defenseur central,,,,,90,
712727,Armand Vallés,Sant Andreu,Buteur,,,,,59,"nom seul, non confirme"
1312274,Armandas Kucys,NK Celje,Buteur,23,LTU,47,,242,
822388,Armando Corbalan,Torrent CF,Milieu relayeur,,,,,90,
640602,Armando Ortiz,La Union CF,Milieu relayeur,,,,,59,plusieurs candidats
1323995,Arnau Gaixas,Eldense,Defenseur central,,,,,176,
724887,Arnaud Braillon,St Cyr Collonges au Mont d'Or,Milieu relayeur,,,,,86,
1070783,Arnór Jónsson,Breidablik,Milieu defensif,23,ISL,6,,332,plusieurs candidats
474133,Aron Bjarnason,Breidablik,Ailier,30,ISL,11,,145,"nom seul, non confirme"
1281972,Artemijus Tutyskinas,NK Celje,Lateral,22,LTU,6,,629,
245811,Arthur Bonaldo,Sabadell,Defenseur central,,,,,90,
1286002,Arthur Ekalle,RSV Eintracht 1949,Defenseur central,,,,,90,
1526207,Arthur Lallias,Orléans,Milieu offensif,,,,,158,
1073482,Arthur Lyska,Sandhausen,Gardien,,,,,90,
1668213,Arthur Mazuy,Bourg en Bresse Peronnas,Gardien,,,,,90,
1400535,Arttu Lötjönen,KuPS,Defenseur central,,,,,180,
1065982,Artur Dolznikov,Sigma Olomouc,Ailier,25,LTU,77,,108,
1524346,As Ibrahima Diakite,Bahlinger SC,Buteur,,,,,66,plusieurs candidats
973249,Ashley Jackson,Gainsborough,Lateral,,,,,87,plusieurs candidats
1123532,Ashley Moke Njedi,Hauts Lyonnais,Ailier,,,,,126,
767038,Ashley Nadesan,Sutton United,Buteur,31,ENG,10,,66,
1644323,Asier Grande,La Union CF,Lateral,,,,,45,"nom seul, non confirme"
1527119,Asier Ortiz de Guinea,Atletic Lleida,Milieu offensif,,,,,90,plusieurs candidats
1327413,Assane Dione,Farense,Ailier,,,,,90,
1011439,Assane Toure,Raon L Etape,Buteur,,,,,90,plusieurs candidats
1688282,Axel Bejarano,Atletico Baleares,Buteur,,,,,68,
1869693,Axel Espinola,Navalcarnero,Defenseur central,,,,,120,plusieurs candidats
724508,Axel Gentner,ASC Biesheim,Gardien,,,,,90,
681764,Axel Vindex,Merignac,Lateral,,,,,90,
703590,Ayman Ed-Daoudi,FV Engers,Ailier,,,,,62,
635128,Aymane Nassiri,Istres,Ailier,,,,,180,"nom seul, non confirme"
1114137,Aymen Boutoutaou,Sochaux,Milieu offensif,,,,,156,
900297,Ayodele Adetula,Lokomotive Leipzig,Ailier,,,,,120,
1577418,Ayoub El Battioui,Atletico Astorga,Buteur,,,,,65,
724708,Ayoub El Fadani,Bethune,Milieu relayeur,,,,,90,
716017,Ayoub Goudani,Cieza,Ailier,,,,,90,
622512,Ayoub Tazouti,Merignac,Milieu offensif,,,,,59,
1826539,Azael Garcia,Racing de Ferrol,Ailier,,,,,69,plusieurs candidats
724536,Aziz Benachour,Freyming,Ailier,,,,,83,
772078,Baboucarr Gaye,KF Shkendija,Gardien,,,,,720,
724813,Bakary Niakate,Montreuil FC,Defenseur central,,,,,31,"nom seul, non confirme"
724519,Banfa Fofana,ASC Biesheim,Defenseur central,,,,,83,plusieurs candidats
823485,Baptiste Etcheverria,Concarneau,Lateral,28,FRA,5,,82,
1221334,Baptiste Gabard,Hauts Lyonnais,Milieu defensif,,,,,65,
724391,Baptiste Thiefin,Feignies Aulnoye,Milieu relayeur,,,,,90,
602468,Barto,Constancia,Ailier,,,,,96,
909604,Bastien Rempp,Les Herbiers,Gardien,,,,,90,
607318,Batissaninque Mendes,Dieppe,Defenseur central,,,,,90,plusieurs candidats
1410089,Beck-Ray Enoru,Tamworth,Ailier,,,,,89,
1203517,Ben Elliot,Reading,Milieu defensif,22,CMR,4,,66,"nom seul, non confirme"
704528,Ben Kebler,ZFC Meuselwitz,Defenseur central,,,,,90,
1286185,Ben Klefisch,Sportfreunde Lotte,Milieu relayeur,,,,,78,"nom seul, non confirme"
1139809,Ben Lederman,Maccabi Tel Aviv,Milieu defensif,25,POL,23,,276,
240538,Ben Mee,Sheffield United,Defenseur central,36,ENG,15,,90,
717166,Ben Milnes,Tamworth,Milieu offensif,34,ENG,8,,74,
662314,Ben Stevenson,Cheltenham Town,Milieu defensif,28,ENG,26,,90,
1609225,Ben Tompkins,Chelmsford,Defenseur central,,,,,90,
1207580,Ben Williams,Gateshead FC,Defenseur central,21,ENG,31,,74,plusieurs candidats
1666495,Ben Zidane,Drita,Milieu relayeur,,,,,137,plusieurs candidats
465834,Benedikt Landwehr,Sonnenhof Großaspach,Lateral,,,,,77,
492474,Benjaloud Youssouf,Sochaux,Lateral,31,COM,2,,75,"nom seul, non confirme"
914723,Benjamin Brélivet,Les Herbiers,Milieu relayeur,,,,,53,
919881,Benjamin Gomel,Sochaux,Ailier,27,FRA,7,,67,
641514,Benjamin Kingue,Canet Roussillon,Ailier,,,,,90,"nom seul, non confirme"
703969,Benjamin Reitz,Pirmasens,Gardien,,,,,120,"nom seul, non confirme"
461639,Benjamin Renaux,Bayeux,Buteur,,,,,179,
724710,Benoît Debuire,Bethune,Defenseur central,,,,,90,
703470,Berkay Isik,SV Hemelingen,Milieu relayeur,,,,,66,"nom seul, non confirme"
726948,Bernard Tekpetey,Ludogorets Razgrad,Ailier,28,GHA,37,,153,
581716,Bernardo Lopes,Lincoln Red Imps FC,Defenseur central,,,,,539,plusieurs candidats
1059658,Bernat Guiu,Virtus Entella,Buteur,24,ESP,11,,61,"nom seul, non confirme"
175845,Besart Ibraimi,KF Shkendija,Buteur,,,,,354,
1264641,Besnik Krasniqi,Drita,Lateral,,,,,720,plusieurs candidats
716263,Beñat Aldasoro,Valle de Egues,Defenseur central,,,,,90,"nom seul, non confirme"
724845,Billali Cissé,Bassin d'Arcachon,Ailier,,,,,75,plusieurs candidats
1804713,Bjarne Pfundheller,Lübeck,Milieu relayeur,,,,,90,
658796,Björn Rother,FC Gütersloh,Milieu defensif,,,,,90,
1114583,Blerim Krasniqi,Drita,Buteur,,,,,179,"nom seul, non confirme"
1284489,Blerton Sheji,Drita,Ailier,,,,,517,
1560019,Bob Nii Armah,KuPS,Lateral,22,GHA,24,,369,
916028,Bobby Johnson,Gainsborough,Milieu relayeur,,,,,113,plusieurs candidats
1669645,Bogdan Popov,Empoli,Buteur,18,UKR,77,,144,plusieurs candidats
704017,Boris Garros,Atletic Lleida,Ailier,,,,,64,
1323233,Borja Calvo,Eldense,Lateral,,,,,150,plusieurs candidats
639693,Borja Diaz,Guadalajara,Lateral,,,,,62,plusieurs candidats
716419,Borja Fernández,Puerto de Vega,Ailier,,,,,90,plusieurs candidats
716276,Borja Gómez,CD Roda,Milieu relayeur,,,,,90,plusieurs candidats
1782346,Borna Filipovic,Zrinjski Mostar,Milieu relayeur,,,,,123,plusieurs candidats
1786667,Boston Benjamin Billups,Eldense,Lateral,,,,,90,plusieurs candidats
1339830,Boubacar Dabo,Lincoln Red Imps FC,Buteur,,,,,433,"nom seul, non confirme"
913306,Boubacar Fofana,Sochaux,Ailier,27,FRA,12,,90,plusieurs candidats
724871,Brahim Batta,US Chauvigny,Ailier,,,,,73,
715236,Brais López,Negreira,Defenseur central,,,,,90,plusieurs candidats
1560409,Brando Moruzzi,Empoli,Lateral,,,,,162,
1446731,Brandon Powell,Blackburn Rovers,Milieu offensif,20,ENG,44,,69,plusieurs candidats
551970,Brendan Lebas,Les Herbiers,Ailier,,,,,90,
1079217,Breno,AD Fafe,Lateral,26,POR,15,,89,
658539,Bruno Felipe,Pafos FC,Lateral,,,,,564,plusieurs candidats
861642,Bruno Goda,Dinamo Zagreb,Lateral,27,CRO,3,,651,
1526176,Bruno Iribarne,Almeria,Gardien,,,,,90,
224466,Bruno Rodríguez,CD Roda,Defenseur central,,,,,45,plusieurs candidats
716279,Bryan Albert,CD Roda,Defenseur central,,,,,90,"nom seul, non confirme"
437492,Bryan Bernard,Feignies Aulnoye,Gardien,,,,,90,plusieurs candidats
716534,Busy,Inter de Valdemoro,Gardien,,,,,90,
1201534,Caden Kelly,South Shields,Ailier,,,,,61,plusieurs candidats
1118482,Cain Sykes,South Shields,Lateral,,,,,90,"nom seul, non confirme"
1208040,Caio,Ludogorets Razgrad,Ailier,,,,,839,"nom seul, non confirme"
867637,Calderon,Cartagena,Ailier,,,,,59,plusieurs candidats
1207954,Callum Doyle,Wrexham,Defenseur central,22,ENG,2,,454,plusieurs candidats
363328,Callum Howe,York City,Defenseur central,31,ENG,5,,90,
45690,Callum Reynolds,Boreham Wood,Defenseur central,,,,,163,plusieurs candidats
693138,Cameron Borthwick-Jackson,,Defenseur central,,,,,90,plusieurs candidats
1310115,Cameron Bragg,Southampton,Milieu relayeur,21,ENG,48,,332,
866667,Cameron Coxe,Boreham Wood,Lateral,27,WAL,2,,61,
688029,Cameron James,Maldon & Tiptree,Lateral,,,,,90,plusieurs candidats
715332,Cameron Ramirez,CD Sant Jordi,Lateral,,,,,90,plusieurs candidats
1576597,Camilo Durán,Qarabag FK,Buteur,24,COL,17,,755,"nom seul, non confirme"
1604084,Camilo Leiton,Utebo,Milieu relayeur,,,,,62,
487331,Can Karatas,BFC Dynamo,Ailier,,,,,82,"nom seul, non confirme"
1700855,Capi,Albacete,Milieu relayeur,19,ESP,26,,256,
1646517,Cardoso Varela,Dinamo Zagreb,Ailier,17,POR,23,,45,"nom seul, non confirme"
775537,Carel Eiting,Omonia Nicosia,Milieu defensif,28,NED,6,,219,
769346,Carlos Blanco,Sant Andreu,Defenseur central,,,,,120,plusieurs candidats
884390,Carlos Cordero,CD Extremadura,Defenseur central,,,,,90,plusieurs candidats
1536470,Carlos Daniel,AD Fafe,Ailier,24,BRA,77,,269,plusieurs candidats
477499,Carlos Gutierrez,Numancia,Defenseur central,,,,,90,plusieurs candidats
1842869,Carlos Navarro,Las Palmas,Defenseur central,,,,,79,plusieurs candidats
889544,Carlos Neva,Albacete,Defenseur central,29,ESP,21,,277,
1687111,Carlos Pascual,Real Avila,Defenseur central,,,,,118,"nom seul, non confirme"
1350553,Carlos Perez,Real Avila,Buteur,,,,,71,plusieurs candidats
715898,Carlos Peño,Inter de Valdemoro,Lateral,,,,,90,
715935,Carlos Santamera,CD Yuncos,Lateral,,,,,75,
1320048,Carmine Cretella,Audace Cerignola,Milieu relayeur,,,,,90,
1683723,Cathal McCarthy,Hull City,Defenseur central,19,IRL,58,,80,"nom seul, non confirme"
1108859,Cebrails Makreckis,Ferencvaros,Lateral,25,LVA,25,,937,"nom seul, non confirme"
933799,Cedwyn Scott,South Shields,Milieu offensif,,,,,90,plusieurs candidats
1254244,Cera,Guadalajara,Lateral,,,,,83,
715321,Cerdà,CD Sant Jordi,Buteur,,,,,90,"nom seul, non confirme"
1333230,Ces Cotos,Utebo,Milieu relayeur,,,,,90,
1585840,Cesar Alvarez,Tenerife,Lateral,,,,,90,plusieurs candidats
1839182,Chabo,CD Quintanar del Rey,Ailier,,,,,86,
112113,Charles Boateng,Avranches,Milieu defensif,36,GHA,8,,162,plusieurs candidats
724846,Charles Thione,Bassin d'Arcachon,Lateral,,,,,90,
1206267,Charlie O'Connell,Boreham Wood,Milieu relayeur,23,ENG,6,,180,
1004997,Chay Cooper,Braintree Town,Ailier,23,ENG,11,,90,plusieurs candidats
1515497,Cheick Doumbia,Le Puy,Lateral,21,FRA,12,,71,plusieurs candidats
1810284,Cheikh Koite,Bourg en Bresse Peronnas,Lateral,,,,,86,
1419854,Cheki,Toledo,Ailier,,,,,82,
1595984,Chinonso Chibueze,Stoke City,Ailier,,,,,90,
194523,Chris Bush,Boreham Wood,Defenseur central,,,,,180,"nom seul, non confirme"
678238,Chris Haigh,Chelmsford,Gardien,28,ENG,1,,90,
1300667,Christian Gomez,Toledo,Gardien,,,,,90,"nom seul, non confirme"
452721,Christian Meinert,FV Engers,Defenseur central,,,,,90,
704204,Christian Mistl,Sonnenhof Großaspach,Milieu defensif,,,,,70,
814898,Christian Rutjens,Lincoln Red Imps FC,Lateral,,,,,331,
555785,Christoph Maier,Lokomotive Leipzig,Buteur,,,,,65,plusieurs candidats
704529,Christoph Pauling,ZFC Meuselwitz,Buteur,,,,,61,
426603,Christophe Diedhiou,St Maur Lusitanos,Defenseur central,,,,,90,"nom seul, non confirme"
1204356,Christopher Conn-Clarke,Carlisle United,Milieu offensif,24,NIR,38,,64,"nom seul, non confirme"
724377,Christopher Graffin,FC Perigny,Milieu defensif,,,,,90,
866181,Chuca,Cartagena,Milieu defensif,,,,,69,
1669622,Chupe,Malaga,Buteur,21,ESP,9,,67,
717206,Chus Ruiz,La Union CF,Milieu defensif,,,,,90,plusieurs candidats
71602,Claudio Beauvue,AS Gosier,Ailier,,,,,90,
643283,Claudio Morra,LR Vicenza,Buteur,,,,,78,
949265,Clinton Antwi,KuPS,Lateral,26,GHA,25,,420,"nom seul, non confirme"
1437538,Clément Rodrigues,Le Puy,Ailier,25,FRA,9,,160,plusieurs candidats
724378,Clément Servant,FC Perigny,Defenseur central,,,,,90,
1078287,Clément Vidal,Grenoble,Defenseur central,25,FRA,5,,90,"nom seul, non confirme"
1663615,Colby Donovan,Celtic,Lateral,,,,,441,plusieurs candidats
1720299,Cole McGhee,Sheffield Wednesday,Defenseur central,,,,,270,"nom seul, non confirme"
704467,Colin Ulrich,Lübeck,Ailier,,,,,90,plusieurs candidats
1847184,Conor Haughey,Fleetwood Town,Defenseur central,,,,,90,
999087,Corentin Cal,Croix,Defenseur central,,,,,90,
724376,Corentin Courthés,FC Perigny,Defenseur central,,,,,81,
1421041,Corentin Michel,Chantilly US,Gardien,,,,,180,"nom seul, non confirme"
362661,Costinha,Torreense,Milieu offensif,33,POR,10,,167,"nom seul, non confirme"
610491,Courtney Senior,Maldon & Tiptree,Ailier,,,,,90,plusieurs candidats
847148,Cristhian Britos,Cieza,Milieu relayeur,,,,,180,"nom seul, non confirme"
716714,Cristian Rodríguez,CD Extremadura,Gardien,,,,,90,"nom seul, non confirme"
1082956,Cristo Romero,Real Murcia,Lateral,,,,,180,"nom seul, non confirme"
763228,Curtis Edwards,Gateshead FC,Milieu offensif,31,ENG,22,,61,"nom seul, non confirme"
888966,César Blackman,Slovan Bratislava,Lateral,27,PAN,28,,520,
1059437,César Moreno,Ourense,Milieu relayeur,,,,,59,plusieurs candidats
1077913,D'Mani Bughail-Mellor,,Buteur,,,,,299,
1335071,Damia Ramos,Constancia,Lateral,,,,,120,plusieurs candidats
1526685,Damian Schobert,SV Atlas Delmenhorst,Gardien,,,,,90,
917833,Damien Graves,Canet Roussillon,Gardien,,,,,90,"nom seul, non confirme"
1296656,Damir Kasabulat,Kairat Almaty,Milieu relayeur,,,,,399,
129294,Damir Muminovic,Breidablik,Defenseur central,35,ISL,44,,450,
389118,Damjan Vuklisevic,NK Celje,Defenseur central,30,SVN,3,,333,
797126,Damon Bansais,Avranches,Lateral,32,FRA,2,,135,
656559,Dan Leon Glazer,Kairat Almaty,Milieu defensif,29,ISR,18,,361,plusieurs candidats
447783,Dan Ojog,Torrent CF,Defenseur central,,,,,90,
1766338,Dani Bernabeu,Albacete,Lateral,,,,,201,"nom seul, non confirme"
1173650,Dani Bolt,Qarabag FK,Lateral,26,BRA,18,,90,
715963,Dani Caño,CD Yuncos,Milieu defensif,,,,,90,
1843147,Dani Jodar,CD Quintanar del Rey,Lateral,,,,,120,
716461,Dani Navarro,Los Garres,Gardien,,,,,90,plusieurs candidats
1313343,Dani Queipo,Sporting Gijon,Ailier,23,ESP,11,,66,"nom seul, non confirme"
1870462,Dani Vicente,Guadalajara,Gardien,,,,,90,plusieurs candidats
1427857,Daniel Adu-Adjei,Rijeka,Buteur,20,ENG,18,,527,plusieurs candidats
1122490,Daniel Albiar,Lorca Deportiva,Milieu defensif,,,,,90,
1813628,Daniel Albuera,Cordoba,Lateral,,,,,90,
150905,Daniel Aquino,UCAM Murcia,Buteur,,,,,80,plusieurs candidats
1072201,Daniel Ceinos,Atletico Astorga,Lateral,,,,,120,
968920,Daniel Dodds,South Shields,Milieu defensif,,,,,61,
644489,Daniel Glao,ASC Biesheim,Buteur,,,,,90,
1229071,Daniel Hausmann,FV Illertissen,Ailier,,,,,77,
703941,Daniel Hefele,SV Atlas Delmenhorst,Milieu relayeur,,,,,62,
1668571,Daniel Martin,SD Huesca,Gardien,20,ESP,30,,300,"nom seul, non confirme"
602249,Daniel Parra,,Gardien,,,,,90,"nom seul, non confirme"
500065,Daniel Perejón,Cartagena,Lateral,,,,,120,
1566266,Daniel Sancho,CD Estepona,Buteur,,,,,60,"nom seul, non confirme"
821663,Daniel Santafe,SD Logrones,Milieu defensif,,,,,61,
1451177,Daniel Tonoli,Modena,Defenseur central,22,ITA,77,,90,
951024,Daniel Vasulín,Sigma Olomouc,Buteur,27,CZE,15,,422,
1789403,Daniel Vost,Huddersfield Town,Milieu relayeur,,,,,179,
1270718,Danijel Sturm,NK Celje,Ailier,27,SVN,7,,891,"nom seul, non confirme"
1014972,Danny Elliott,,Buteur,,,,,120,plusieurs candidats
214426,Danny Ings,Sheffield United,Buteur,33,ENG,9,,56,
359348,Danny Newton,Brackley Town,Buteur,34,ENG,28,,90,
253633,Danny Whitehead,,Ailier,,,,,103,
1246713,Dany Jean,Torreense,Ailier,23,HAI,7,,224,"nom seul, non confirme"
630472,Danylo Ignatenko,Slovan Bratislava,Milieu defensif,28,UKR,77,,360,"nom seul, non confirme"
715862,Daouda Koné,Atletic Lleida,Defenseur central,,,,,90,"nom seul, non confirme"
1619293,Darko Hrka,NK Celje,Milieu defensif,26,SVN,4,,451,
674421,Darío Hidalgo,Cieza,Buteur,,,,,60,plusieurs candidats
1124992,Dassiémou Mai,Blois,Ailier,,,,,45,"nom seul, non confirme"
1684584,Dastan Satpaev,Kairat Almaty,Buteur,17,KAZ,9,,440,
1668543,David Abrangao,Greuther Fürth,Lateral,21,GER,40,,75,
89236,David Agudo,Ciudad Lucena,Buteur,,,,,58,
877681,David Ajiboye,Carlisle United,Ailier,27,ENG,7,,69,
716321,David Alcaraz,CD Azuaga,Lateral,,,,,83,"nom seul, non confirme"
882932,David Andujar,Ponferradina,Defenseur central,,,,,120,
1187507,David Astals,Sabadell,Lateral,,,,,90,
1086365,David Ballarin,CD Estepona,Lateral,,,,,90,
1118473,David Bosilj,Real Murcia,Buteur,23,SVN,23,,90,
191785,David Bruno,Torreense,Lateral,34,POR,22,,390,plusieurs candidats
1632786,David Carballo,Racing de Ferrol,Milieu relayeur,,,,,45,"nom seul, non confirme"
1326003,David Cuenca,CF Talavera de la Reina,Lateral,,,,,111,"nom seul, non confirme"
703593,David Eberhardt,FV Engers,Defenseur central,,,,,90,
304119,David Ferguson,Gateshead FC,Lateral,31,ENG,3,,90,"nom seul, non confirme"
500259,David García,UD Maracena,Gardien,,,,,90,plusieurs candidats
528873,David Goldar,Pafos FC,Defenseur central,31,ESP,5,,393,
952072,David Grözinger,Lokomotive Leipzig,Lateral,,,,,105,
1526839,David Guerrero,Cieza,Defenseur central,,,,,180,plusieurs candidats
1005783,David Longe-King,Chelmsford,Defenseur central,,,,,90,plusieurs candidats
52133,David Luiz,Pafos FC,Defenseur central,38,BRA,4,,543,plusieurs candidats
494616,David Luna,Toledo,Lateral,,,,,90,"nom seul, non confirme"
716378,David Maldonado,UD Maracena,Defenseur central,,,,,54,plusieurs candidats
1427154,David Marin,Utebo,Milieu defensif,,,,,62,plusieurs candidats
602244,David Marza,CD Roda,Milieu defensif,,,,,72,
1553410,David Munoz,Ourense,Buteur,,,,,192,plusieurs candidats
717213,David Márquez,La Union CF,Lateral,,,,,90,"nom seul, non confirme"
1578114,David Ogbonna,Sutton United,Ailier,,,,,90,
1809263,David Pfeil,ZFC Meuselwitz,Lateral,,,,,90,
640184,David Picón,Sant Just,Defenseur central,,,,,90,
562182,David Pinto Robador,CD Extremadura,Gardien,,,,,90,"nom seul, non confirme"
1187311,David Robson,Gainsborough,Gardien,,,,,120,plusieurs candidats
1088094,David Sanchez,SD Logrones,Ailier,,,,,78,"nom seul, non confirme"
643449,David Sualehe,FC Noah,Lateral,28,POR,33,,720,
1255847,David Tkác,Sigma Olomouc,Milieu offensif,23,CZE,24,,45,
1029359,David Vicente,Real Murcia,Lateral,,,,,90,plusieurs candidats
1874298,David Vinet,Vendee Fontenay Foot,Lateral,,,,,69,
1129200,David Winke,FC Gütersloh,Defenseur central,,,,,90,
638378,David Álvarez,Atletico Astorga,Milieu defensif,,,,,85,plusieurs candidats
716428,David Álvarez,Puerto de Vega,Buteur,,,,,59,plusieurs candidats
1802628,Davide Giannini,Pescara,Defenseur central,,,,,90,
841952,Davíd Ingvarsson,Breidablik,Ailier,26,ISL,18,,405,
644797,Daysam Ben Nasr,Blois,Milieu defensif,,,,,90,
628433,Dean Hannawald,SV Hemelingen,Lateral,,,,,90,
646626,Dejan Petrovic,Rijeka,Milieu defensif,28,SVN,8,,353,plusieurs candidats
665526,Denis Milic,Sportfreunde Lotte,Defenseur central,,,,,90,"nom seul, non confirme"
1617283,Denis Milic,FV Illertissen,Milieu offensif,,,,,128,"nom seul, non confirme"
1605814,Denis Pfaffenrot,Sandhausen,Ailier,20,GER,19,,63,
724673,Denis Zerouni,Merignac,Buteur,,,,,87,
848651,Dennis Krob,Pirmasens,Milieu offensif,,,,,77,
798069,Deroy Duarte,Ludogorets Razgrad,Milieu defensif,26,CPV,23,,781,plusieurs candidats
562801,Derrick Luckassen,Pafos FC,Defenseur central,30,GHA,23,,720,
1106952,Diego Fuoli,Sabadell,Gardien,,,,,90,
716373,Diego Guerrero,Navalcarnero,Ailier,,,,,72,plusieurs candidats
714234,Diego Llamazares,Atletico Astorga,Gardien,,,,,120,
1810489,Diego Lorenzo,Real Avila,Buteur,,,,,61,plusieurs candidats
1231098,Diego Moreno,Ponferradina,Lateral,,,,,86,plusieurs candidats
1324375,Diego Pineiro,Real Murcia,Gardien,,,,,180,"nom seul, non confirme"
501455,Diego Suarez,Utebo,Ailier,,,,,90,plusieurs candidats
1458013,Dieu-Merci Michel,Uniao de Leiria,Buteur,21,CAN,86,,77,"nom seul, non confirme"
622851,Dillon Morse,South Shields,Defenseur central,,,,,90,
1876903,Dimael Clichy,Bassin d'Arcachon,Ailier,,,,,21,
724566,Dimitri Edouard,AS Gosier,Gardien,,,,,90,"nom seul, non confirme"
1727377,Dimitrios Chatsidis,PAOK Thessaloniki,Ailier,19,GRE,52,,74,
703942,Dinand Gijsen,SV Atlas Delmenhorst,Milieu relayeur,,,,,83,
640279,Dinis Almeida,Ludogorets Razgrad,Defenseur central,,,,,808,plusieurs candidats
776663,Diogo Castro,AD Fafe,Lateral,29,POR,85,,270,"nom seul, non confirme"
1032270,Djessine Seba,Concarneau,Defenseur central,31,FRA,6,,65,
1842698,Djibril Gueye,Leganes,Defenseur central,,,,,180,plusieurs candidats
645638,Djibril Tahraoui,St Cyr Collonges au Mont d'Or,Lateral,,,,,90,
620122,Djordje Ivanovic,AEK Larnaca,Ailier,30,SRB,9,,505,plusieurs candidats
762496,Domantas Simkus,Hamrun Spartans,Ailier,,,,,67,
1691862,Domingo Pujante,Cieza,Buteur,,,,,174,
1254208,Dominic Ballard,Leyton Orient,Buteur,,,,,179,"nom seul, non confirme"
952007,Dominic Bernard,Weston Super Mare,Milieu defensif,,,,,71,"nom seul, non confirme"
1224723,Dominic Odusanya,Chelmsford,Milieu relayeur,,,,,90,
703482,Dominik Kruska,RSV Eintracht 1949,Lateral,,,,,90,
862024,Dominik Takác,Slovan Bratislava,Gardien,26,SVK,71,,450,
1701794,Dominik Thaqi,Rijeka,Milieu relayeur,19,CRO,25,,133,
1079809,Doni Arifi,KuPS,Milieu defensif,,,,,483,
1418093,Donnell McNeilly,Wycombe Wanderers,Buteur,19,ENG,24,,70,
580694,Dor Peretz,Maccabi Tel Aviv,Milieu offensif,30,ISR,42,,471,"nom seul, non confirme"
1254547,Dorian Chiotti,Blois,Gardien,,,,,90,
1174488,Drilon Islami,KF Shkendija,Milieu relayeur,25,KVX,5,,90,
513511,Driss Trichard,Bordeaux,Lateral,,,,,90,
1420209,Duarte Furtado,Farense,Lateral,,,,,90,"nom seul, non confirme"
75445,Duje Cop,Rijeka,Buteur,36,CRO,9,,45,
1383973,Duje Dujmovic,Zrinjski Mostar,Defenseur central,22,CRO,55,,720,
450722,Dylan Burke,SV Atlas Delmenhorst,Defenseur central,,,,,90,plusieurs candidats
1365252,Dylan Lobban,Aberdeen,Lateral,,,,,340,
1107403,Dylan Tavares,Sochaux,Lateral,29,CPV,3,,90,plusieurs candidats
816415,Dylan Williams,Maldon & Tiptree,Milieu relayeur,,,,,71,"nom seul, non confirme"
743716,Eboué Kouassi,Uniao de Leiria,Milieu defensif,28,CIV,8,,55,plusieurs candidats
189202,Ederson Bruno Domingos Eder,Hamrun Spartans,Milieu defensif,,,,,203,"nom seul, non confirme"
1457394,Edgar Alcaniz,Cartagena,Milieu relayeur,,,,,90,
1418028,Edgar Pujol,Racing de Ferrol,Defenseur central,,,,,90,
1402626,Edmilson Filho,Kairat Almaty,Buteur,,,,,366,"nom seul, non confirme"
886150,Edmond-Paris Maghoma,Norwich City,Milieu offensif,24,ENG,25,,125,"nom seul, non confirme"
1440966,Edoardo Saporiti,Empoli,Ailier,24,ITA,70,,80,
940447,Edoardo Vergani,Frosinone,Buteur,24,ITA,90,,90,
1344648,Edon Pruti,Sutton United,Defenseur central,23,ENG,14,,120,
277336,Edson Seidou,Le Puy,Defenseur central,,,,,174,
1335035,Edu Gallardo,CF Talavera de la Reina,Ailier,,,,,152,"nom seul, non confirme"
498199,Edu Luna,Cieza,Defenseur central,,,,,180,"nom seul, non confirme"
1729591,Eduard Heckmann,FV Illertissen,Lateral,,,,,197,
213514,Eduardo Sousa,Pontevedra,Gardien,,,,,90,plusieurs candidats
1005369,Edvin Kurtulus,Ludogorets Razgrad,Defenseur central,25,SWE,15,,98,"nom seul, non confirme"
1541926,Edward Cedeno,Las Palmas,Milieu relayeur,22,PAN,18,,90,"nom seul, non confirme"
1721551,Efe Ugiagbe,Cadiz,Ailier,21,NGA,7,,45,
581546,Egor Sorokin,Kairat Almaty,Defenseur central,30,RUS,80,,720,
307696,Egzon Bejtulai,Drita,Defenseur central,,,,,720,
880534,Ekain Zenitagoia,Real Murcia,Ailier,,,,,66,
1216952,Ekhiotz Orobiogoikoetxea,La Union CF,Ailier,,,,,59,
724812,El Anrif Mhadjiri,Montreuil FC,Milieu relayeur,,,,,155,
1559823,Elad Madmon,Maccabi Tel Aviv,Buteur,21,ISR,19,,226,
1277309,Elias Fugas,Los Garres,Defenseur central,,,,,74,
1482273,Elie,Reims,Defenseur central,,,,,360,"nom seul, non confirme"
1779437,Elijah Odede,Troyes,Ailier,19,NGA,18,,71,
724379,Eliott Baudry,FC Perigny,Gardien,,,,,90,
470715,Elliot Justham,Maldon & Tiptree,Gardien,,,,,90,
711327,Elliot Osborne,,Milieu defensif,29,ENG,24,,85,
760400,Elliott Moore,Oxford United,Defenseur central,28,ENG,5,,90,plusieurs candidats
1595606,Elson Mendes Da Silva,Sochaux,Lateral,,,,,177,plusieurs candidats
1668300,Elydjah Mendy,Nancy,Defenseur central,,,,,90,plusieurs candidats
724848,Emeric Poingt,Bassin d'Arcachon,Buteur,,,,,57,
464955,Emerson Marcelina,Hamrun Spartans,Defenseur central,,,,,435,
789645,Emil Riis Jakobsen,Bristol City,Buteur,,,,,83,plusieurs candidats
480062,Emlyn Lewis,Weston Super Mare,Defenseur central,,,,,90,plusieurs candidats
633546,Emmanuel Valey,Lyon La Duchere,Lateral,,,,,86,
1792480,Emric Goumot,Le Puy,Lateral,22,FRA,7,,82,
857606,Endrit Krasniqi,KF Shkendija,Milieu offensif,,,,,201,plusieurs candidats
500590,Eneko Aguilar,Ponferradina,Milieu defensif,,,,,102,"nom seul, non confirme"
1323038,Eneko Delgado,CD Estepona,Milieu relayeur,,,,,45,plusieurs candidats
716274,Eneko Oroz,Valle de Egues,Lateral,,,,,90,"nom seul, non confirme"
1313344,Enol Coto,Ourense,Lateral,,,,,120,
1231073,Enol Rodriguez,SD Huesca,Ailier,24,ESP,18,,81,plusieurs candidats
282461,Enric Saborit,AEK Larnaca,Defenseur central,33,ESP,4,,432,
717513,Enrique Fabra,CD Quintanar del Rey,Milieu defensif,,,,,62,"nom seul, non confirme"
645576,Enzo Beuvain,Dieppe,Milieu defensif,,,,,85,
717516,Enzo Emanuele,CD Quintanar del Rey,Defenseur central,,,,,120,plusieurs candidats
1616868,Enzo Tacafred,Nancy,Lateral,,,,,180,
716459,Enzo Varela,Los Garres,Lateral,,,,,90,plusieurs candidats
724652,Enzo Vita,Lyon La Duchere,Gardien,,,,,90,"nom seul, non confirme"
514802,Eoghan O'Connell,Wrexham,Defenseur central,30,IRL,15,,90,
1482715,Eric Bille,Ludogorets Razgrad,Buteur,,,,,324,
1066268,Eric Boakye,FC Noah,Lateral,26,GHA,6,,501,"nom seul, non confirme"
1580423,Eric Iglesias,CD Quintanar del Rey,Buteur,,,,,98,"nom seul, non confirme"
1459656,Erick Marcus,Ludogorets Razgrad,Ailier,21,BRA,77,,409,plusieurs candidats
715581,Erik Beattie,Sant Just,Lateral,,,,,78,
1688887,Erik Lanfer,FC Gütersloh,Lateral,,,,,90,
766606,Erik Prekop,Slavia Prague,Buteur,28,SVK,31,,55,
988184,Erkin Tapalov,Kairat Almaty,Lateral,32,KAZ,20,,471,
426700,Ernest Seka,Chantilly US,Defenseur central,,,,,180,
1799262,Ernie Weaver,Sheffield Wednesday,Defenseur central,,,,,180,
724606,Erwan Regulus,St Maur Lusitanos,Gardien,,,,,90,
561532,Esteban López,Cieza,Buteur,,,,,76,plusieurs candidats
633556,Esteban Marre,Istres,Lateral,,,,,180,
1668263,Esteban Mouton,Orléans,Lateral,22,FRA,2,,180,"nom seul, non confirme"
1197124,Ethan Ennis,Fleetwood Town,Ailier,21,ENG,16,,90,"nom seul, non confirme"
724718,Ethan Rateau,Raon L Etape,Defenseur central,,,,,68,
1526227,Eugene Frimpong,Ponferradina,Milieu relayeur,,,,,73,plusieurs candidats
1309979,Evangelos Andreou,Omonia Nicosia,Ailier,23,CYP,20,,391,"nom seul, non confirme"
988176,Evens Joseph,Chantilly US,Buteur,,,,,168,plusieurs candidats
535942,Ewandro,Omonia Nicosia,Milieu relayeur,,,,,385,
560389,Fabian Eisele,Sonnenhof Großaspach,Buteur,,,,,70,"nom seul, non confirme"
1081753,Fabian Grau,Eintracht Norderstedt,Defenseur central,,,,,120,"nom seul, non confirme"
641182,Fabian Istefo,Lübeck,Ailier,,,,,66,
1079841,Fabian Raithel,ZFC Meuselwitz,Milieu relayeur,,,,,90,
1254245,Fabian Ruth,Sportfreunde Lotte,Defenseur central,,,,,90,
1639424,Fabian Urzain,Deportivo La Coruna,Ailier,,,,,132,
124127,Fabiano,Omonia Nicosia,Gardien,37,CYP,40,,270,"nom seul, non confirme"
1381854,Fabio Di Michele,Eintracht Braunschweig,Lateral,,,,,95,"nom seul, non confirme"
1586275,Fabio Rispoli,Catanzaro,Milieu offensif,18,ITA,32,,90,
1607520,Fabrice Tamba,KF Shkendija,Ailier,,,,,512,
807779,Fabrizio Danese,Numancia,Defenseur central,,,,,90,
1323299,Facundo Ackermann,UCAM Murcia,Gardien,,,,,90,"nom seul, non confirme"
354483,Fadil Sido,Freyming,Milieu defensif,,,,,82,
950494,Fahd El Khoumisti,Orléans,Buteur,32,FRA,9,,172,
1165543,Fahd Ndzengue,KF Shkendija,Buteur,,,,,77,
1238115,Faissal Mannai,Bordeaux,Ailier,,,,,63,
716367,Falin,UD Maracena,Ailier,,,,,90,
883110,Farid Abderrahmane,Lokomotive Leipzig,Milieu relayeur,,,,,120,
908515,Fatlum Elezi,Hallescher FC,Milieu relayeur,,,,,90,
898117,Faton Maloku,Drita,Gardien,,,,,630,
1792490,Fei-Hong Faham,Orléans,Gardien,,,,,180,"nom seul, non confirme"
617051,Felix Drinkuth,Eintracht Norderstedt,Buteur,,,,,69,
1406422,Felix Rehder,ZFC Meuselwitz,Defenseur central,,,,,73,
1448029,Felix Schmiederer,Blau-Weiss Lohne,Buteur,,,,,69,
1677221,Fellipe Jack,Spezia,Defenseur central,19,BRA,6,,90,"nom seul, non confirme"
1251290,Fenton John,Gateshead FC,Milieu defensif,21,ENG,20,,90,plusieurs candidats
704116,Ferdinand Scholl,Bahlinger SC,Milieu defensif,,,,,66,"nom seul, non confirme"
1563625,Fermin Garcia,Burgos CF,Ailier,,,,,221,"nom seul, non confirme"
1455425,Fermin Ruiz,Numancia,Lateral,,,,,70,plusieurs candidats
1382717,Fiachra Pagel,Forest Green Rovers,Gardien,21,IRL,12,,90,
178538,Filip Djuricic,Panathinaikos,Milieu defensif,34,SRB,31,,339,
287337,Filip Helander,Häcken,Defenseur central,32,SWE,22,,540,
949496,Filip Kaloc,Ludogorets Razgrad,Milieu relayeur,25,CZE,26,,261,
1357693,Filip Slavícek,Sigma Olomouc,Lateral,23,CZE,16,,512,
1574191,Filipe Bordon,Sudtirol,Defenseur central,20,BRA,3,,88,
1069966,Filipe Cardoso,AD Fafe,Milieu defensif,31,POR,35,,270,plusieurs candidats
1695976,Filippo Grosso,Frosinone,Milieu offensif,19,ITA,18,,66,
1072472,Flavius Daniliuc,Basel,Defenseur central,24,AUT,24,,630,
545807,Florent Berisha,SV Hemelingen,Defenseur central,,,,,90,plusieurs candidats
319824,Florent Mollet,Lausanne,Milieu relayeur,34,FRA,91,,67,
1221333,Florent Sanchez,Orléans,Milieu relayeur,22,FRA,7,,141,plusieurs candidats
724408,Florent Vasseur,Feignies Aulnoye,Defenseur central,,,,,90,
664872,Florian Dexet,St Maur Lusitanos,Lateral,,,,,89,
538312,Florian Hansch,ZFC Meuselwitz,Lateral,,,,,73,
724504,Florian Lemasson,Bayeux,Milieu defensif,,,,,150,
280923,Florian Taulemesse,Cieza,Ailier,,,,,21,
1393472,Floris Smand,Eldense,Defenseur central,,,,,90,
1657473,Florjan Jevsenak,NK Celje,Milieu relayeur,20,SVN,7,,45,
1874305,Fode Diawara,Vendee Fontenay Foot,Buteur,,,,,90,"nom seul, non confirme"
1210292,Fotis Kitsos,Omonia Nicosia,Lateral,22,GRE,3,,360,
609648,Foudil Bakhtia,St Cyr Collonges au Mont d'Or,Defenseur central,,,,,86,
47409,Foued Kadir,Istres,Milieu defensif,,,,,179,
1595910,Fran Abrol,Lorca Deportiva,Gardien,,,,,90,
651720,Fran Cano,Atletico Palma del Rio,Ailier,,,,,61,
1204277,Fran Carmona,Ourense,Defenseur central,,,,,330,"nom seul, non confirme"
420622,Fran Cruz,Atletico Palma del Rio,Defenseur central,,,,,90,"nom seul, non confirme"
1185151,Fran Delgado,Farense,Lateral,24,ESP,2,,63,plusieurs candidats
716455,Fran Martínez,Los Garres,Lateral,,,,,45,"nom seul, non confirme"
466127,Fran Rivera,Orihuela,Milieu defensif,,,,,90,plusieurs candidats
716070,Fran Rodríguez,Atletico Palma del Rio,Milieu relayeur,,,,,55,plusieurs candidats
1681809,Fran Sabina,Tenerife,Buteur,,,,,76,
623693,Franc Mateu,Utebo,Lateral,,,,,76,plusieurs candidats
222082,Francesco Benassai,LR Vicenza,Defenseur central,,,,,90,
815733,Francesco Mezzoni,Virtus Entella,Lateral,,,,,90,
889104,Francis Uzoho,Omonia Nicosia,Gardien,27,NGA,23,,450,
716610,Francisco López,Lorca Deportiva,Ailier,,,,,90,"nom seul, non confirme"
1424799,Francisco Tafalla,Lorca Deportiva,Milieu relayeur,,,,,45,
644274,Franck Vaast,Feignies Aulnoye,Buteur,,,,,60,
549687,Franjo Serdarusic,FV Engers,Gardien,,,,,90,
1320637,Frankie Terry,Braintree Town,Lateral,21,ENG,24,,90,"nom seul, non confirme"
1297924,Franklin Uchenna,FK Crvena Zvezda,Defenseur central,26,NGA,30,,522,"nom seul, non confirme"
860756,Franko Kovacevic,NK Celje,Ailier,26,CRO,19,,557,plusieurs candidats
228542,Franko Uzelac,Sportfreunde Lotte,Defenseur central,,,,,90,
927417,Fraser Preston,Gainsborough,Ailier,,,,,45,"nom seul, non confirme"
118390,Freddie Sears,Maldon & Tiptree,Buteur,,,,,90,
1216004,Frederic Baum,Homburg,Milieu relayeur,,,,,90,"nom seul, non confirme"
1663144,Frederik Schumann,Homburg,Lateral,,,,,90,
1183600,Froilan Lea,Ciudad Lucena,Gardien,,,,,90,
516388,Fromsa Lillo,Lorca Deportiva,Defenseur central,,,,,45,"nom seul, non confirme"
1385267,Furkan Demir,Rapid Wien,Lateral,21,AUT,61,,350,plusieurs candidats
748432,Fynn Arkenberg,FC Gütersloh,Lateral,,,,,89,
819066,Gabi Kanichowsky,Ferencvaros,Milieu relayeur,28,ISR,36,,833,"nom seul, non confirme"
1691649,Gabri Lopez,Lorca Deportiva,Buteur,,,,,57,plusieurs candidats
1715710,Gabriel Lozano,Tenerife,Gardien,,,,,90,plusieurs candidats
703595,Gabriel Müller,FV Engers,Lateral,,,,,90,plusieurs candidats
724892,Gabriel Ndiaye,St Cyr Collonges au Mont d'Or,Milieu defensif,,,,,90,plusieurs candidats
1557046,Gabriel Ramis,Atletico Baleares,Lateral,,,,,65,"nom seul, non confirme"
1312561,Gael Akogo Esono,Granada,Lateral,,,,,77,
1324022,Garang Kuol,Sparta Prague,Ailier,21,AUS,36,,45,"nom seul, non confirme"
352881,Gareth Dean,Brackley Town,Defenseur central,,,,,210,plusieurs candidats
1136758,Gauthier Ott,Guingamp,Ailier,23,FRA,10,,72,"nom seul, non confirme"
550856,Gauthier Thumerel,Bethune,Lateral,,,,,90,
493350,Gaylord Kitenge Zadick,Blois,Lateral,,,,,90,"nom seul, non confirme"
1333891,Genar Fornes,Sabadell,Defenseur central,,,,,72,
907895,Genaro Rodríguez,Uniao de Leiria,Defenseur central,27,ESP,6,,87,plusieurs candidats
120090,Geoffrey Lembet,Nancy,Gardien,37,CTA,1,,180,
1800413,George Brown,Sheffield Wednesday,Buteur,,,,,136,plusieurs candidats
1229542,George Langston,Braintree Town,Defenseur central,22,ENG,4,,90,
1613657,Georgios Katris,Panathinaikos,Defenseur central,20,GRE,3,,372,
1586387,Geovanny,Farense,Milieu defensif,,,,,90,
1696045,Gerard Urbina,Real Avila,Lateral,,,,,120,
1324132,Gerardo Bonet,Atletico Baleares,Milieu defensif,,,,,180,
716037,Germán Castillo,Atletico Palma del Rio,Gardien,,,,,90,plusieurs candidats
1340955,Germán Novoa,Ponferradina,Defenseur central,,,,,120,"nom seul, non confirme"
1603723,Giacomo Corona,Palermo,Buteur,21,ITA,31,,90,
1518564,Giacomo Stabile,Juve Stabia,Lateral,20,ITA,19,,79,
714645,Giannis Masouras,Omonia Nicosia,Lateral,29,GRE,21,,420,"nom seul, non confirme"
1065640,Giorgi Guliashvili,Racing Santander,Buteur,24,GEO,7,,60,
784178,Giorgi Zaria,Kairat Almaty,Ailier,28,GEO,10,,45,
1094772,Giorgos Naoum,AEK Larnaca,Ailier,24,CYP,29,,230,
729094,Giovani Zarfino,CD Extremadura,Buteur,,,,,154,
564376,Giovanni Hospital,Feignies Aulnoye,Lateral,,,,,90,
656586,Giuseppe Coccia,Audace Cerignola,Milieu relayeur,,,,,67,
789064,Giuseppe Cuomo,LR Vicenza,Defenseur central,,,,,90,
1244856,Glenn Mbimba,ASC Biesheim,Defenseur central,,,,,90,
807323,Godswill Ekpolo,AEK Larnaca,Defenseur central,30,NGA,22,,537,
714446,Godwin Sabastian,Sant Just,Defenseur central,,,,,90,
637487,Gonzalo Alfaro,Portugalete,Lateral,,,,,90,"nom seul, non confirme"
617248,Gonzalo Di Renzo,CF Talavera de la Reina,Buteur,,,,,180,"nom seul, non confirme"
1324085,Gonzalo Miranda,Orihuela,Milieu relayeur,,,,,90,"nom seul, non confirme"
715262,Gonzalo Suárez,Negreira,Buteur,,,,,90,plusieurs candidats
1209430,Gonzalo Sáiz,Toledo,Milieu relayeur,,,,,90,"nom seul, non confirme"
716435,Gonzalo Trovato,Puerto de Vega,Ailier,,,,,72,
361700,Gonçalo Silva,FC Noah,Defenseur central,34,POR,37,,156,"nom seul, non confirme"
1283242,Gor Manvelyan,FC Noah,Ailier,23,ARM,10,,45,
1186514,Goran Babic,Braintree Town,Milieu offensif,22,SRB,16,,52,
654234,Goran Karacic,Zrinjski Mostar,Gardien,29,BIH,18,,540,"nom seul, non confirme"
1185197,Goran Naric,FV Engers,Buteur,,,,,55,
646646,Gorka Crespo,Portugalete,Lateral,,,,,82,plusieurs candidats
518652,Gorka Masach,UD Samano,Gardien,,,,,90,
1860849,Gorka Tapiador,Portugalete,Lateral,,,,,75,
932907,Goune Niangadou,Bethune,Milieu defensif,,,,,90,
833690,Graeme Torrilla,Lincoln Red Imps FC,Milieu relayeur,,,,,208,
724506,Grégoire Delain,Bayeux,Defenseur central,,,,,179,
202366,Gudmundur Thórarinsson,FC Noah,Milieu defensif,33,ISL,4,,228,
564925,Guerric Bernou,Bassin d'Arcachon,Gardien,,,,,90,
1668273,Guilherme Liberato,Torreense,Milieu defensif,24,BRA,65,,171,"nom seul, non confirme"
1599672,Guilherme Siqueira,Sheffield Wednesday,Lateral,,,,,81,
594885,Guillaume Jannez,Concarneau,Defenseur central,36,FRA,4,,90,
639474,Guillaume Khous,Orléans,Milieu relayeur,33,FRA,10,,180,
1254161,Guille Bernabeu,La Union CF,Milieu relayeur,,,,,90,"nom seul, non confirme"
711077,Guillem Castell,Atletico Baleares,Defenseur central,,,,,180,
1578417,Guillermo Macho,Eldense,Milieu relayeur,,,,,180,
157630,Guram Kashia,Slovan Bratislava,Defenseur central,38,GEO,4,,497,
361307,Gus Ledes,AEK Larnaca,Milieu defensif,33,POR,7,,750,
436079,Gustav Engvall,KuPS,Buteur,29,SWE,9,,180,
1077388,Gustavo Sangaré,FC Noah,Milieu relayeur,29,BFA,17,,481,"nom seul, non confirme"
574644,Guti,Utebo,Defenseur central,,,,,90,
1204569,Habib Sylla,Uniao de Leiria,Lateral,26,CIV,52,,55,plusieurs candidats
419133,Hakeeb Adelakun,Doncaster Rovers,Ailier,29,ENG,47,,76,
221822,Hamet Coulibaly,Les Sables VF,Lateral,,,,,77,plusieurs candidats
724893,Hamza Baali,St Cyr Collonges au Mont d'Or,Milieu relayeur,,,,,90,
1607524,Hamza Bellari,Eldense,Ailier,,,,,90,
1418642,Harrison Beeden,Gainsborough,Defenseur central,,,,,120,
1842565,Harrison Bettoni,Wigan Athletic,Ailier,,,,,78,
1393408,Harrison Male,York City,Gardien,,,,,90,
1689694,Harry Barbrook,Chelmsford,Lateral,,,,,90,
795510,Harry Lewis,Carlisle United,Gardien,28,ENG,21,,90,plusieurs candidats
1360349,Harry Whitwell,Forest Green Rovers,Milieu offensif,20,ENG,34,,163,
1111415,Harvey Bunker,Forest Green Rovers,Milieu defensif,,,,,90,
1219968,Harvey Macadam,Carlisle United,Milieu relayeur,24,ENG,37,,69,
829534,Harvey Saunders,Eastleigh,Lateral,28,ENG,15,,88,
351156,Hasan Pepic,Bahlinger SC,Milieu offensif,,,,,90,
632487,Hasier Iriarte,Valle de Egues,Defenseur central,,,,,90,
1274458,Hatim Far,Dieppe,Buteur,23,FRA,9,,76,"nom seul, non confirme"
1161248,Hayden Muller,Sutton United,Defenseur central,23,ENG,42,,77,plusieurs candidats
195672,Haydn Hollis,Tamworth,Defenseur central,33,ENG,26,,90,
1838692,Hector Mejia,Torrent CF,Lateral,,,,,90,"nom seul, non confirme"
1233132,Heitor,Maccabi Tel Aviv,Defenseur central,25,BRA,4,,423,
1524518,Helio Varela,Maccabi Tel Aviv,Ailier,23,CPV,29,,265,"nom seul, non confirme"
458812,Hendrik Bonmann,Ludogorets Razgrad,Gardien,32,GER,39,,630,
873972,Hendrik Wurr,ZFC Meuselwitz,Ailier,,,,,61,
485565,Henry Bonello,Hamrun Spartans,Gardien,,,,,540,
1123605,Hermann Esmel,Le Puy,Milieu relayeur,26,FRA,10,,82,
608215,Hilal Bouguerra,Hauts Lyonnais,Ailier,,,,,176,
1407241,Hindolo Mustapha,West Bromwich Albion,Buteur,19,SLE,25,,45,plusieurs candidats
479745,Hiram Boateng,York City,Milieu defensif,29,ENG,21,,90,plusieurs candidats
1323466,Holger Bux,Bahlinger SC,Milieu relayeur,,,,,90,
1693192,Honoré Bayanginisa,Sochaux,Milieu relayeur,,,,,45,
173745,Hovhannes Hambardzumyan,FC Noah,Lateral,35,ARM,19,,115,
466876,Hrvoje Barisic,Zrinjski Mostar,Defenseur central,35,BIH,4,,259,plusieurs candidats
208583,Hrvoje Milicevic,AEK Larnaca,Defenseur central,32,BIH,15,,750,
1868401,Hugo Barbier,Nancy,Milieu relayeur,,,,,90,
724851,Hugo Carvalho,Bassin d'Arcachon,Milieu defensif,,,,,89,plusieurs candidats
675559,Hugo Fuentes,Ciudad Lucena,Buteur,,,,,78,plusieurs candidats
724625,Hugo Guimard,Garde Saint-Ivy Pontivy,Buteur,,,,,66,
564799,Hugo Kingue-Ekedy,US Chauvigny,Buteur,,,,,65,"nom seul, non confirme"
724712,Hugo Mahieu,Bethune,Defenseur central,,,,,90,
1612693,Hugo Matos,Numancia,Lateral,,,,,82,plusieurs candidats
1682166,Hugo Pinilla,Real Zaragoza,Milieu offensif,,,,,75,
661061,Hugo Robert,Croix,Defenseur central,,,,,45,plusieurs candidats
1617967,Hugo Sanz,Ourense,Lateral,,,,,330,"nom seul, non confirme"
1764021,Hugo Sochurek,Sparta Prague,Milieu relayeur,,,,,90,
633097,Hugo Thizy,Hauts Lyonnais,Ailier,,,,,165,
1427157,Héctor Espiérrez,Ebro,Defenseur central,,,,,90,
1202079,Héctor Galiano,Lorca Deportiva,Lateral,,,,,90,"nom seul, non confirme"
640265,Héctor Oliva,La Union CF,Gardien,,,,,90,plusieurs candidats
716297,Héctor Royo,CD Roda,Lateral,,,,,90,
697189,Hélder,FC Noah,Ailier,,,,,694,"nom seul, non confirme"
261659,Höskuldur Gunnlaugsson,Breidablik,Milieu relayeur,31,ISL,7,,519,
722761,Iago Fernández,Pontevedra,Ailier,,,,,53,plusieurs candidats
192323,Ibrahim Ayew,Lincoln Red Imps FC,Lateral,,,,,33,"nom seul, non confirme"
1083011,Ibrahim Cissé,KuPS,Defenseur central,26,CIV,15,,527,"nom seul, non confirme"
1190943,Ibrahim Doumbia,Real Avila,Defenseur central,,,,,120,"nom seul, non confirme"
724626,Ibrahim Et Touguani,Garde Saint-Ivy Pontivy,Ailier,,,,,90,
703939,Ibrahim Temin,SV Atlas Delmenhorst,Lateral,,,,,90,
1250261,Ibrahima Mboup,Canet Roussillon,Buteur,,,,,78,"nom seul, non confirme"
636330,Ibón González,Portugalete,Gardien,,,,,90,plusieurs candidats
899188,Idan Nachmias,Ludogorets Razgrad,Defenseur central,28,ISR,55,,90,
1116740,Ido Shahar,Maccabi Tel Aviv,Milieu defensif,24,ISR,36,,180,
918344,Idris Kadded,Montreuil FC,Buteur,,,,,176,
1771013,Idris Mohamed,Le Puy,Defenseur central,,,,,90,plusieurs candidats
1067022,Igor Savic,Zrinjski Mostar,Milieu relayeur,25,BIH,21,,577,"nom seul, non confirme"
716717,Iker Ansotegui,CD Getxo,Lateral,,,,,90,
1714718,Iker Perera,Navalcarnero,Ailier,,,,,57,
1669617,Iker Punzano,Ourense,Buteur,,,,,27,
716756,Iker Torralvo,CD Getxo,Buteur,,,,,59,
1553127,Iker Varela,CD Mirandes,Lateral,22,ESP,7,,158,"nom seul, non confirme"
1067575,Ilija Masic,Zrinjski Mostar,Defenseur central,26,BIH,5,,360,
1211264,Ilir Mustafa,Drita,Milieu relayeur,,,,,78,plusieurs candidats
724816,Ilyes Dos Santos Semedo,Montreuil FC,Ailier,,,,,180,plusieurs candidats
1205432,Imanol Barace,CD Extremadura,Ailier,,,,,90,
1395731,Imanol Baz,Cartagena,Defenseur central,,,,,120,
678720,Imanol Beloki,Valle de Egues,Milieu relayeur,,,,,90,
1577968,Imran Fetai,KF Shkendija,Defenseur central,,,,,707,
724873,Imrel Soyhati,US Chauvigny,Lateral,,,,,85,
1341061,Inigo Lopez,Utebo,Buteur,,,,,9,plusieurs candidats
707124,Inigo Zubiri,SD Logrones,Defenseur central,,,,,90,
574060,Ioannis Kousoulos,Omonia Nicosia,Milieu defensif,29,CYP,31,,259,
1067263,Irakli Azarovi,Shakhtar Donetsk,Lateral,24,GEO,16,,343,
867311,Isaac Buckley-Ricketts,,Buteur,,,,,158,"nom seul, non confirme"
1680590,Isaac Cossier,Le Mans,Defenseur central,19,FRA,12,,180,
1745514,Isaac England,Shrewsbury Town,Milieu relayeur,,,,,62,
489627,Isaac Hayden,Queens Park Rangers,Milieu defensif,30,JAM,15,,120,"nom seul, non confirme"
1288287,Isaac Heath,Accrington Stanley,Lateral,21,ENG,30,,120,
715886,Isaac Pérez,Inter de Valdemoro,Buteur,,,,,53,plusieurs candidats
1081031,Isaac Sinclair,Accrington Stanley,Ailier,,,,,81,"nom seul, non confirme"
1256503,Isaiah Navarro,CF Talavera de la Reina,Milieu relayeur,,,,,90,plusieurs candidats
1697412,Isaque,Shakhtar Donetsk,Ailier,19,BRA,14,,445,
633082,Isidore Tissot,Hauts Lyonnais,Gardien,,,,,180,
1693392,Ismael Barea,CD Mirandes,Milieu relayeur,20,ESP,18,,90,
724601,Ismail Karamoko,Chantilly US,Ailier,,,,,150,"nom seul, non confirme"
1221336,Ismaïl Bouleghcha,Le Puy,Lateral,23,MAR,2,,180,
1622055,Ismaïl Seydi,Torreense,Ailier,24,FRA,31,,85,
1233589,Issouf Sissokho,Maccabi Tel Aviv,Milieu defensif,23,MLI,28,,433,
1358125,Itai Ben Hamo,Maccabi Tel Aviv,Defenseur central,23,ISR,41,,258,
1298551,Itamar Noy,Maccabi Tel Aviv,Milieu relayeur,24,ISR,30,,261,
1067725,Iuri Tabatadze,Cadiz,Ailier,26,GEO,12,,120,
638119,Ivan Agudo,CD Roda,Buteur,,,,,90,
1284501,Ivan Calusic,NK Celje,Milieu relayeur,26,CRO,27,,255,"nom seul, non confirme"
1833324,Ivan Martinez,Burgos CF,Defenseur central,,,,,210,plusieurs candidats
541551,Ivan Sunjic,Pafos FC,Milieu defensif,29,BIH,26,,630,
1232216,Ivan Varfolomeev,Lincoln City,Milieu relayeur,21,UKR,24,,155,
1069650,Ivan Yordanov,Ludogorets Razgrad,Ailier,25,BUL,82,,90,
715314,Ivi Martínez,Torrent CF,Defenseur central,,,,,90,plusieurs candidats
1357412,Ivica Vidovic,NK Celje,Ailier,24,CRO,16,,178,"nom seul, non confirme"
174918,Iván Buigues,Orihuela,Gardien,,,,,90,
593423,Iván Cuéllar,Valle de Egues,Buteur,,,,,78,"nom seul, non confirme"
680826,Iván Fernández,SD Logrones,Gardien,,,,,90,plusieurs candidats
957284,Iván Martinez,Cartagena,Gardien,,,,,120,"nom seul, non confirme"
717127,Iván Pérez,Ebro,Lateral,,,,,90,plusieurs candidats
1396098,Iván Serrano,Atletico Baleares,Lateral,,,,,65,plusieurs candidats
1482742,Iwan Morgan,Shrewsbury Town,Buteur,19,WAL,19,,75,"nom seul, non confirme"
1791883,Izhak Hammoudi,Le Mans,Milieu relayeur,,,,,106,
540300,Iñaki Recio,Portugalete,Defenseur central,,,,,90,"nom seul, non confirme"
891963,Jaakko Oksanen,KuPS,Milieu relayeur,25,FIN,13,,540,
895729,Jack Cawley,Maldon & Tiptree,Defenseur central,,,,,90,
1325817,Jack Ellis,Carlisle United,Defenseur central,22,ENG,18,,90,"nom seul, non confirme"
1798678,Jack Howland,Millwall,Ailier,,,,,90,
184461,Jack Hunt,Wigan Athletic,Defenseur central,35,ENG,32,,30,"nom seul, non confirme"
280868,Jack Price,Brackley Town,Milieu relayeur,32,ENG,4,,155,"nom seul, non confirme"
956181,Jack Sims,Sutton United,Gardien,26,ENG,1,,120,"nom seul, non confirme"
1612628,Jack Taylor,Sutton United,Lateral,,,,,120,"nom seul, non confirme"
1413863,Jack Thompson,Braintree Town,Gardien,18,ENG,13,,90,plusieurs candidats
1646394,Jacob Borgnis,Slough Town,Milieu relayeur,21,NZL,22,,120,
1631623,Jacob Pinnington,Braintree Town,Lateral,,,,,90,
1642181,Jaden Mears,Stoke City,Lateral,19,ENG,57,,90,
1075865,Jahn Herrmann,Sandhausen,Buteur,,,,,86,plusieurs candidats
567599,Jaime Durán,CD Azuaga,Gardien,,,,,90,plusieurs candidats
1688905,Jaime Escobar,Lorca Deportiva,Defenseur central,,,,,90,plusieurs candidats
1870470,Jaime Gonzalez,CF Talavera de la Reina,Gardien,,,,,180,plusieurs candidats
1705479,Jaime Perez,Navalcarnero,Buteur,,,,,57,plusieurs candidats
721625,Jaime Pinto,Farense,Ailier,,,,,73,plusieurs candidats
1566985,Jaime Reques,Ebro,Milieu relayeur,,,,,89,
1005802,Jaime Suárez,AEK Larnaca,Milieu relayeur,28,ESP,6,,90,plusieurs candidats
1139169,Jajá,Pafos FC,Ailier,24,BRA,11,,278,
201741,Jake Taylor,Sutton United,Milieu defensif,34,WAL,25,,105,plusieurs candidats
798649,Jake Vokins,Eastleigh,Lateral,25,ENG,3,,62,
1000835,Jakob Tånnander,Farense,Gardien,25,SWE,30,,90,
1717583,Jakov Pranjic,Zrinjski Mostar,Ailier,24,CRO,22,,206,
1617960,Jakub Buerkle,Blau-Weiss Lohne,Milieu relayeur,,,,,78,
1534732,James Edmondson,,Ailier,20,ENG,28,,300,"nom seul, non confirme"
1115074,James Vennings,Braintree Town,Milieu defensif,25,ENG,6,,90,
715580,Jan González,Sant Just,Buteur,,,,,72,plusieurs candidats
465935,Jan Halász,ZFC Meuselwitz,Ailier,,,,,61,
401289,Jan Kliment,Sigma Olomouc,Buteur,32,CZE,9,,290,
1664964,Jan Koutny,Sigma Olomouc,Gardien,21,CZE,91,,900,
887748,Jan Král,Sigma Olomouc,Defenseur central,26,CZE,21,,450,"nom seul, non confirme"
704193,Jan Liehr,FC Gütersloh,Ailier,,,,,79,
659080,Jan Löhmannsröben,Hallescher FC,Defenseur central,,,,,90,
181416,Jan Navrátil,Sigma Olomouc,Ailier,35,CZE,30,,166,
1130201,Jan Shcherbakovski,BFC Dynamo,Ailier,,,,,64,
1799263,Jarvis Thornton,Sheffield Wednesday,Milieu relayeur,,,,,266,
180218,Jasbir Singh,Tamworth,Gardien,,,,,90,plusieurs candidats
1612701,Jason Adigun,Chelmsford,Ailier,,,,,89,
724685,Jason Akono,Merignac,Defenseur central,,,,,90,
563235,Jason Pope,Weston Super Mare,Lateral,,,,,90,"nom seul, non confirme"
1577848,Jasper Sheik,South Shields,Gardien,,,,,90,
1554143,Jastin Garcia,FC Andorra,Ailier,,,,,45,plusieurs candidats
1323893,Jaume Pol,Atletico Baleares,Defenseur central,,,,,180,plusieurs candidats
1209443,Jaume Tovar,Atletico Baleares,Buteur,,,,,162,"nom seul, non confirme"
1527358,Javelle Clarke,Gainsborough,Ailier,,,,,65,"nom seul, non confirme"
1324135,Javi Bueno,Navalcarnero,Milieu relayeur,,,,,120,plusieurs candidats
1557037,Javi Castedo,CD Estepona,Lateral,,,,,66,
1159570,Javi Duarte,CD Estepona,Milieu defensif,,,,,66,plusieurs candidats
712729,Javi Gómez,Sant Andreu,Defenseur central,,,,,120,plusieurs candidats
1323617,Javi Solsona,Orihuela,Buteur,,,,,64,
716413,Javi Suárez,Puerto de Vega,Defenseur central,,,,,90,plusieurs candidats
716437,Javi Torres,Puerto de Vega,Gardien,,,,,90,"nom seul, non confirme"
886809,Javi Vázquez,Torreense,Lateral,25,ESP,23,,374,plusieurs candidats
737876,Javier Ablanque,Guadalajara,Defenseur central,,,,,90,
716746,Javier Berenguer,CD Getxo,Defenseur central,,,,,90,"nom seul, non confirme"
715325,Javier Font,CD Sant Jordi,Defenseur central,,,,,90,
881786,Javier Hernández,Panathinaikos,Defenseur central,27,ESP,26,,90,"nom seul, non confirme"
675083,Javier Ramirez,UCAM Murcia,Defenseur central,,,,,90,plusieurs candidats
632508,Javier Terés,Valle de Egues,Milieu defensif,,,,,90,
1344246,Jay Enem,FK Crvena Zvezda,Buteur,22,NED,42,,109,
1042752,Jay Gorter,Pafos FC,Gardien,25,NED,1,,180,
873238,Jayden Harris,Sutton United,Milieu offensif,26,ENG,23,,100,"nom seul, non confirme"
762381,Jaylan Hankins,Lincoln Red Imps FC,Gardien,,,,,450,
1631397,Jean Grillot,Bordeaux,Defenseur central,,,,,90,
1271582,Jean-Claude Michalet,Bassin d'Arcachon,Defenseur central,,,,,90,"nom seul, non confirme"
564541,Jeff King,Boreham Wood,Lateral,29,ENG,15,,90,plusieurs candidats
1641004,Jeremy Jorge,Tenerife,Ailier,,,,,57,plusieurs candidats
1677188,Jeremy Monga,Leicester City,Ailier,16,ENG,28,,87,
972606,Jerin Ramos,Ourense,Milieu defensif,,,,,280,plusieurs candidats
289392,Jerry Voutilainen,KuPS,Milieu relayeur,30,FIN,7,,55,
466430,Jessy Pi,Avranches,Milieu relayeur,32,FRA,10,,180,
1294747,Jesurun Uchegbulam,Chelmsford,Ailier,,,,,89,
1160997,Jesus Ruiz,Burgos CF,Gardien,28,ESP,1,,300,"nom seul, non confirme"
196928,Jesús Cruz,Navalcarnero,Milieu defensif,,,,,98,plusieurs candidats
716377,Jesús Sabaca,UD Maracena,Milieu relayeur,,,,,90,
639819,Jesús Toscano,Lincoln Red Imps FC,Lateral,,,,,76,"nom seul, non confirme"
564873,Jianinn Berenice,Feignies Aulnoye,Lateral,,,,,90,
1603717,Jid Okeke,Stockport County,Defenseur central,,,,,140,"nom seul, non confirme"
1302716,Jili Buyabu,Forest Green Rovers,Ailier,,,,,90,
348442,Jimmy Giraudon,Orléans,Defenseur central,33,FRA,8,,180,
923526,Jirí Sláma,Sigma Olomouc,Lateral,27,CZE,13,,532,
954940,Jirí Spácil,Sigma Olomouc,Defenseur central,27,CZE,8,,174,"nom seul, non confirme"
477612,Joan Campins,Atletic Lleida,Defenseur central,,,,,86,
716077,Joan Gayà,Constancia,Lateral,,,,,120,"nom seul, non confirme"
809806,Joan Monterde,Orihuela,Lateral,,,,,90,
1253895,Joao Resende,Pontevedra,Ailier,,,,,90,
724572,Joaquín Rodríguez,AS Gosier,Ailier,,,,,84,plusieurs candidats
686499,Joe,Lincoln Red Imps FC,Ailier,,,,,180,plusieurs candidats
1311639,Joe Bauress,Accrington Stanley,Milieu relayeur,,,,,90,
1799261,Joe Emery,Sheffield Wednesday,Defenseur central,,,,,180,"nom seul, non confirme"
1116458,Joe Grey,York City,Lateral,22,ENG,12,,39,
1520402,Joe Newton,Boreham Wood,Lateral,24,ENG,12,,159,
626601,Joel Amadi,Lübeck,Lateral,,,,,78,
614167,Joel Andersson,Ludogorets Razgrad,Lateral,29,SWE,2,,180,plusieurs candidats
715587,Joel Gil,Sant Just,Lateral,,,,,63,plusieurs candidats
715240,Joel Lagares,Negreira,Milieu relayeur,,,,,90,
1186262,Joel Priego,Sabadell,Buteur,,,,,61,
640119,Joel Ruiz,CD Estepona,Gardien,,,,,90,"nom seul, non confirme"
685728,Joey Millimono,Vendee Fontenay Foot,Ailier,,,,,73,
1083275,Jofre Cherta,Atletico Baleares,Milieu relayeur,,,,,152,
417546,Johann Obiang,Orléans,Lateral,32,GAB,4,,64,"nom seul, non confirme"
643731,Johannes Kreidl,KuPS,Gardien,29,AUT,1,,720,
1664687,Johannes Sabah,Blau-Weiss Lohne,Defenseur central,,,,,83,"nom seul, non confirme"
45644,John Akinde,Braintree Town,Buteur,36,ENG,14,,90,
489439,John Goddard,Slough Town,Milieu offensif,,,,,70,
1400984,John McGovern,Shamrock Rovers,Buteur,23,ENG,88,,196,
1751157,John Rene Liebelt,BFC Dynamo,Ailier,,,,,113,plusieurs candidats
715600,Jon López,UD Samano,Defenseur central,,,,,90,plusieurs candidats
1226793,Jonas Arcalean,Lokomotive Leipzig,Ailier,,,,,65,
829541,Jonas Behounek,Eintracht Norderstedt,Milieu relayeur,,,,,120,
1071184,Jonas Kehl,Sportfreunde Lotte,Lateral,,,,,90,"nom seul, non confirme"
1194941,Jonatan Lopes,Atletico Astorga,Defenseur central,,,,,120,plusieurs candidats
724569,Jonathan Gamby,AS Gosier,Buteur,,,,,84,
262543,Jonathan Maxted,Brackley Town,Gardien,,,,,210,
659991,Jonathan Mexique,Sochaux,Milieu defensif,30,MTQ,11,,180,
710807,Jonathan Montiel,Qarabag FK,Milieu offensif,27,ESP,9,,316,"nom seul, non confirme"
1187252,Jonathan Tomkinson,Cheltenham Town,Lateral,23,USA,27,,90,
612154,Jonathon Margetts,Gainsborough,Buteur,,,,,105,
662322,Jony,Numancia,Buteur,,,,,90,
673976,Jonás Ibañez,UD Samano,Lateral,,,,,90,plusieurs candidats
352943,Jordan Adéoti,Avranches,Milieu relayeur,36,BEN,17,,90,
177827,Jordan Coignard,Freyming,Defenseur central,,,,,90,
280486,Jordan Cousins,Eastleigh,Milieu defensif,31,ENG,24,,6,
633537,Jordan Halaïmia,Hauts Lyonnais,Defenseur central,,,,,180,
724898,Jordan Hebert,St Cyr Collonges au Mont d'Or,Lateral,,,,,90,
961325,Jordan Helliwell,Gainsborough,Milieu offensif,,,,,105,
1437038,Jordan Morel,Orléans,Milieu defensif,22,FRA,6,,172,"nom seul, non confirme"
837048,Jordan Tell,Concarneau,Buteur,28,GLP,9,,66,"nom seul, non confirme"
955569,Jordan van der Gaag,Uniao de Leiria,Ailier,27,NED,10,,90,
562084,Jordi Méndez,Sant Andreu,Lateral,,,,,90,plusieurs candidats
195953,Jordi Ortega,Atletic Lleida,Milieu defensif,,,,,90,"nom seul, non confirme"
253155,Jorge Casado,Guadalajara,Defenseur central,,,,,90,"nom seul, non confirme"
1290287,Jorge Chanza,Utebo,Gardien,,,,,90,
716458,Jorge Martínez,Los Garres,Defenseur central,,,,,90,plusieurs candidats
966012,Jorge Mier,Real Murcia,Lateral,,,,,90,"nom seul, non confirme"
640227,Jorge Miramón,AEK Larnaca,Ailier,36,ESP,21,,473,"nom seul, non confirme"
716301,Jorge Rives,CD Roda,Gardien,,,,,81,
1347716,Jorge Sellés,Atletico Astorga,Lateral,,,,,120,
718921,Jorge Sánchez,Real Murcia,Defenseur central,,,,,90,plusieurs candidats
727586,Jorge Sánchez,PAOK Thessaloniki,Ailier,28,MEX,35,,90,"nom seul, non confirme"
1209942,Jorginho,Kairat Almaty,Milieu offensif,28,POR,7,,545,
906924,Jorgo Pëllumbi,Drita,Defenseur central,25,ALB,32,,720,
1244790,Joris Cottin,Hauts Lyonnais,Milieu relayeur,,,,,90,
304631,Jose Angel Jurado,Deportivo La Coruna,Milieu defensif,33,ESP,20,,167,"nom seul, non confirme"
1200950,Jose Guerra,SD Logrones,Ailier,,,,,90,"nom seul, non confirme"
477486,Jose Manuel Cruz,Ciudad Lucena,Defenseur central,,,,,90,"nom seul, non confirme"
1842925,Jose Pedrosa,Utebo,Ailier,,,,,62,plusieurs candidats
638536,Joselillo,Ciudad Lucena,Ailier,,,,,64,
1036245,Josep Calavera,Tenerife,Milieu defensif,26,ESP,5,,90,
564229,Joseph Gyebohao,ASC Biesheim,Defenseur central,,,,,90,
553785,Joseph Mbong,Hamrun Spartans,Ailier,,,,,324,
1599679,Josh Home,Gateshead FC,Milieu relayeur,20,ENG,17,,74,
711171,Josh Kay,,Milieu defensif,28,ENG,27,,80,"nom seul, non confirme"
1477502,Josh Laqeretabua,Charlton Athletic,Defenseur central,19,FIJ,38,,90,
865570,Josh Lundstram,Eastleigh,Milieu relayeur,26,ENG,17,,90,"nom seul, non confirme"
244530,Josh Ruffels,Shrewsbury Town,Milieu defensif,32,ENG,25,,235,
1324315,Josh Stones,York City,Ailier,21,ENG,9,,72,"nom seul, non confirme"
571367,Josip Tomic,SV Atlas Delmenhorst,Milieu defensif,,,,,73,
1297852,Joslyn Luyeye-Lutumba,KuPS,Ailier,23,FIN,21,,83,
1434261,Josselin Gromat,Le Puy,Ailier,28,FRA,14,,60,
905466,José Alonso Lara,Orihuela,Lateral,,,,,75,plusieurs candidats
715341,José Custodio,CD Sant Jordi,Defenseur central,,,,,54,"nom seul, non confirme"
715229,José Dacuña,Negreira,Gardien,,,,,83,
716452,José Fernández,Los Garres,Buteur,,,,,67,"nom seul, non confirme"
543315,José Leon,Tenerife,Defenseur central,,,,,90,plusieurs candidats
1326031,José Luis Friaza,Toledo,Buteur,,,,,67,plusieurs candidats
195744,José Ruiz,UCAM Murcia,Lateral,,,,,90,plusieurs candidats
717070,José Ruiz,CA Antoniano,Buteur,,,,,74,plusieurs candidats
464735,José Ángel Farfán,Atletico Palma del Rio,Milieu defensif,,,,,90,"nom seul, non confirme"
766616,Jovan Cadjenovic,Hamrun Spartans,Milieu relayeur,,,,,75,
1420936,João Batista,AD Fafe,Defenseur central,27,POR,26,,270,plusieurs candidats
666950,João Correia,Pafos FC,Lateral,29,CPV,77,,170,plusieurs candidats
1520866,João Gonçalo,AD Fafe,Gardien,25,POR,71,,145,"nom seul, non confirme"
566477,João Vigário,AD Fafe,Lateral,30,POR,13,,173,
533149,Joël Mawungu,Marcquois,Ailier,,,,,75,
1028601,Juan Bravo,UCAM Murcia,Milieu relayeur,,,,,72,"nom seul, non confirme"
715269,Juan Diego,Negreira,Lateral,,,,,90,"nom seul, non confirme"
1637558,Juan Duran,CA Antoniano,Lateral,,,,,120,plusieurs candidats
561433,Juan Muñoz,Uniao de Leiria,Milieu offensif,30,ESP,9,,90,plusieurs candidats
715256,Juan de Selia,Negreira,Ailier,,,,,83,
1341358,Juanan Aguilera,CD Estepona,Defenseur central,,,,,90,"nom seul, non confirme"
716380,Juanjo,UD Maracena,Lateral,,,,,90,
1292813,Juanjo,Tenerife,Milieu relayeur,,,,,90,
1825696,Juanjo,Granada,Defenseur central,,,,,163,
746787,Juanjo Nieto,NK Celje,Lateral,31,ESP,2,,855,"nom seul, non confirme"
116440,Juanma,Lorca Deportiva,Ailier,,,,,90,
143841,Juanmi Callejon,CD Extremadura,Buteur,,,,,45,
1537759,Juanmi Duran,Atletico Baleares,Buteur,,,,,64,plusieurs candidats
924163,Juanmi Heredero,Navalcarnero,Lateral,,,,,45,
1782762,Juanpa Palomares,CD Mirandes,Gardien,25,ESP,13,,210,
900643,Julen Hualde,SD Logrones,Lateral,,,,,90,
600191,Jules Mendy,Sochaux,Defenseur central,,,,,90,plusieurs candidats
1610098,Jules Meyer,Bourg en Bresse Peronnas,Milieu relayeur,25,FRA,10,,75,"nom seul, non confirme"
1073999,Julian Albrecht,Lübeck,Milieu defensif,,,,,90,
1870465,Julian Rivas,Atletico Baleares,Gardien,,,,,180,"nom seul, non confirme"
1435522,Julien Damelang,Hallescher FC,Ailier,,,,,78,
724509,Julien Marazzi,Bayeux,Milieu relayeur,,,,,132,
830232,Julien Masson,Sochaux,Milieu defensif,,,,,90,
1519487,Julien Vetro,Sochaux,Ailier,21,FRA,19,,45,
1227854,Julio Martinez,Guadalajara,Defenseur central,,,,,90,plusieurs candidats
929788,Julius Langfeld,FC Gütersloh,Ailier,,,,,90,
1697817,Junior Eccleston,Sutton United,Lateral,,,,,111,"nom seul, non confirme"
724899,Junior Mombouly,St Cyr Collonges au Mont d'Or,Buteur,,,,,69,
1787141,Junior Nkeng,AFC Wimbledon,Lateral,,,,,71,
1480622,Junior Zé,Basel,Ailier,19,SUI,39,,58,
652962,Justas Lasickas,Rijeka,Lateral,28,LTU,23,,445,
1279560,Justus Henke,FC Gütersloh,Defenseur central,,,,,89,
1151311,Jáchym Síp,Sigma Olomouc,Ailier,23,CZE,6,,286,
244558,Jérome Roussillon,Amiens,Lateral,33,GLP,4,,61,
1418120,Jérémie Gnali,AEK Larnaca,Lateral,23,CGO,93,,450,
689083,Jérémy Billy,Les Herbiers,Buteur,,,,,90,plusieurs candidats
684937,Jérémy Gelin,Nancy,Milieu defensif,28,FRA,10,,168,
1534734,Kai Jennings,Sutton United,Milieu relayeur,,,,,120,"nom seul, non confirme"
1397342,Kain Adom,Gateshead FC,Ailier,,,,,150,
785825,Kaiser,Sabadell,Defenseur central,,,,,88,"nom seul, non confirme"
724817,Kalvin Guede,Montreuil FC,Defenseur central,,,,,180,
724818,Kamal Toussi,Montreuil FC,Milieu relayeur,,,,,164,
690176,Kamer Krasniqi,Sportfreunde Lotte,Milieu defensif,,,,,72,plusieurs candidats
200046,Kamer Qaka,KF Shkendija,Milieu defensif,,,,,176,
728478,Kamil Józwiak,Jagiellonia Bialystok,Ailier,27,POL,72,,104,
724351,Kamil Ouraghi,Croix,Lateral,,,,,90,
690117,Kapitbafan Djoco,Sochaux,Buteur,,,,,75,
664563,Karem Sahan,SV Hemelingen,Defenseur central,,,,,67,
1478250,Karim El Abed,Bahlinger SC,Defenseur central,,,,,90,"nom seul, non confirme"
1724321,Karlo Abramovic,Zrinjski Mostar,Ailier,25,CRO,77,,240,
718209,Kauhan Ribero,Los Garres,Defenseur central,,,,,45,
1805495,Keenan Gough,Charlton Athletic,Defenseur central,,,,,90,
724381,Kemal Kahramanca,FC Perigny,Milieu relayeur,,,,,68,
1191958,Kemehlo Nguena,Drita,Milieu offensif,25,FRA,93,,59,
658454,Ken Gipson,Sandhausen,Lateral,,,,,43,
520670,Ken Sema,Pafos FC,Lateral,32,SWE,12,,155,
315814,Kenan Bajric,Slovan Bratislava,Defenseur central,30,SVN,12,,528,
606695,Kennedy Digie,Tamworth,Defenseur central,28,ENG,5,,90,
1793217,Kennet Eichhorn,Hertha BSC,Milieu relayeur,16,GER,23,,161,
798632,Kenton Richardson,Gateshead FC,Defenseur central,26,ENG,5,,89,"nom seul, non confirme"
553764,Kerim Memija,Zrinjski Mostar,Lateral,30,BIH,50,,330,
1249296,Kervin Andrade,Maccabi Tel Aviv,Milieu offensif,20,VEN,10,,338,plusieurs candidats
703972,Kevin Büchler,Pirmasens,Lateral,,,,,94,
1323024,Kevin Soeiro,Ebro,Buteur,,,,,74,
264221,Kevin Wimmer,Slovan Bratislava,Defenseur central,33,AUT,6,,360,"nom seul, non confirme"
715901,Kevin Zambrano,Inter de Valdemoro,Ailier,,,,,90,"nom seul, non confirme"
1123966,Kian Pennant,Gateshead FC,Buteur,21,ENG,27,,90,
1180805,Kian Ronan,Chelmsford,Lateral,,,,,90,plusieurs candidats
628796,Kike Bartual,CD Quintanar del Rey,Gardien,,,,,120,
946037,Kike Gomez,Lincoln Red Imps FC,Ailier,,,,,288,plusieurs candidats
724629,Kilian Liri,Garde Saint-Ivy Pontivy,Milieu relayeur,,,,,90,
564790,Killyan Barritault,US Chauvigny,Milieu defensif,,,,,90,
1106594,Kiril Fesyun,Shakhtar Donetsk,Gardien,23,UKR,23,,360,
154406,Kity,Inter de Valdemoro,Milieu defensif,,,,,90,
858135,Klisman Cake,KF Shkendija,Defenseur central,,,,,540,
950861,Koki Saito,Queens Park Rangers,Ailier,24,JPN,14,,18,
716702,Koldo Azpiazu,CD Getxo,Defenseur central,,,,,53,
430876,Kolja Herrmann,Bahlinger SC,Lateral,,,,,66,plusieurs candidats
874019,Kostas Pileas,Pafos FC,Lateral,27,CYP,2,,324,
855297,Kristal Abazaj,Drita,Buteur,,,,,90,
1124392,Kristijan Belic,Maccabi Tel Aviv,Milieu relayeur,24,SRB,17,,180,
129916,Kristinn Jónsson,Breidablik,Lateral,35,ISL,19,,341,plusieurs candidats
91935,Kristinn Steindórsson,Breidablik,Milieu relayeur,35,ISL,10,,90,
669005,Kristófer Kristinsson,Breidablik,Buteur,26,ISL,23,,64,
1080177,Kwabe Schulz,Sandhausen,Defenseur central,,,,,90,"nom seul, non confirme"
765908,Kwadwo Duah,Ludogorets Razgrad,Buteur,29,SUI,9,,166,"nom seul, non confirme"
1793833,Kwaku Donkor,Tamworth,Lateral,,,,,83,"nom seul, non confirme"
1300495,Kyle Hurst,Gateshead FC,Ailier,23,ENG,21,,61,
724586,Kyllian Mammou,Marcquois,Ailier,,,,,82,
534669,Kyriakos Savvidis,Slovan Bratislava,Milieu defensif,30,GRE,88,,237,
589422,Ká Semedo,AD Fafe,Ailier,31,CPV,10,,59,plusieurs candidats
443287,Kévin Le Corvaisier,Garde Saint-Ivy Pontivy,Gardien,,,,,90,
1669649,Kévin Pedro,Saint-Etienne,Defenseur central,,,,,90,plusieurs candidats
865040,Kévin Zohi,Torreense,Buteur,29,MLI,9,,301,
607709,Lakhdar Belal,Blois,Lateral,,,,,85,"nom seul, non confirme"
1291545,Lamine Diop,SV Atlas Delmenhorst,Milieu offensif,,,,,73,plusieurs candidats
644603,Lamine Fall,Bassin d'Arcachon,Defenseur central,,,,,90,"nom seul, non confirme"
644725,Landry N'Kulu,Istres,Defenseur central,,,,,169,
1800408,Larry-Nana Oellers,BFC Dynamo,Defenseur central,,,,,80,"nom seul, non confirme"
664567,Lars Huxsohl,Eintracht Norderstedt,Gardien,,,,,120,
724876,Lassana Cisse,US Chauvigny,Defenseur central,,,,,90,plusieurs candidats
1390072,Lassana Diabaté,Bordeaux,Gardien,,,,,90,plusieurs candidats
1578006,Laurent Mendy,Forest Green Rovers,Defenseur central,,,,,90,plusieurs candidats
1410618,Laurin Tost,Bahlinger SC,Defenseur central,,,,,90,
634148,Laurin von Piechowski,Lokomotive Leipzig,Defenseur central,,,,,120,
946411,Laurit Behluli,Drita,Gardien,,,,,90,
1094493,Lauti,FC Andorra,Buteur,,,,,51,
1792248,Layousse Samb,Laval,Lateral,,,,,180,
724530,Leandro Alves,ASC Biesheim,Lateral,,,,,90,plusieurs candidats
939405,Leandro Teixeira,AD Fafe,Defenseur central,27,POR,4,,270,plusieurs candidats
724589,Lenny Lassilaa,Marcquois,Ailier,,,,,90,
589282,Leo Bera,Eintracht Norderstedt,Lateral,,,,,69,
1073788,Leo Mikic,Zrinjski Mostar,Lateral,28,CRO,9,,291,"nom seul, non confirme"
862714,Leon Demaj,Sportfreunde Lotte,Buteur,,,,,78,
165698,Leon Hellwig,RSV Eintracht 1949,Milieu defensif,,,,,68,
1341015,Leon Wiafe,Sandhausen,Milieu relayeur,,,,,90,
1025039,Leonard Bredol,Blau-Weiss Lohne,Defenseur central,,,,,90,
1415623,Leonardo Colombo,Monza,Milieu relayeur,20,ITA,21,,56,plusieurs candidats
586976,Leonardo Cristescu,SV Hemelingen,Ailier,,,,,90,
1663299,Leonardo Graziani,Pescara,Milieu relayeur,,,,,83,
591004,Levin Mattmüller,BFC Dynamo,Milieu defensif,,,,,120,
789620,Lewis Butroid,Gainsborough,Milieu defensif,,,,,120,
1003216,Lewis Fensome,,Lateral,,,,,281,
955438,Lewis McCann,Fleetwood Town,Buteur,24,SCO,14,,42,plusieurs candidats
1086937,Lewis Richardson,Boreham Wood,Ailier,22,ENG,20,,61,"nom seul, non confirme"
1101037,Lewis Simper,Sutton United,Ailier,24,ENG,8,,120,
589324,Liam Brenn,RSV Eintracht 1949,Gardien,,,,,90,
1800910,Linus Urban,SV Atlas Delmenhorst,Lateral,,,,,90,
1130820,Liridon Balaj,Drita,Buteur,,,,,207,
114125,Liridon Latifi,KF Shkendija,Ailier,,,,,487,
636320,Llamazares,Portugalete,Milieu defensif,,,,,90,
821249,Lloyd Humphries,Eastleigh,Defenseur central,28,WAL,4,,90,
1295862,Lluis Recasens,,Defenseur central,,,,,84,
724340,Loan Chaubet,Canet Roussillon,Ailier,,,,,60,
1876883,Logan Assignon,US Chauvigny,Lateral,,,,,1,"nom seul, non confirme"
464563,Lolo Garrido,CA Antoniano,Milieu defensif,,,,,120,plusieurs candidats
640263,Lolo Gonzalez,CD Estepona,Defenseur central,,,,,90,plusieurs candidats
1190381,Lorenzo Caferri,LR Vicenza,Lateral,,,,,66,
1415203,Loris Maier,Sonnenhof Großaspach,Ailier,,,,,88,plusieurs candidats
724588,Loucas Gabert,Marcquois,Defenseur central,,,,,90,
1591220,Louis Booker,Orihuela,Defenseur central,,,,,90,
1122623,Louis Britton,Weston Super Mare,Buteur,,,,,90,
670107,Louis Dunne,Maldon & Tiptree,Milieu defensif,,,,,77,"nom seul, non confirme"
1403325,Louis Kolbe,Sandhausen,Lateral,,,,,90,"nom seul, non confirme"
1692116,Louis Page,Leicester City,Milieu offensif,,,,,157,
659056,Louis Samson,RSV Eintracht 1949,Defenseur central,,,,,90,"nom seul, non confirme"
764777,Loïc Goujon,Concarneau,Milieu defensif,29,FRA,10,,90,
658141,Luca Corvino,Raon L Etape,Milieu relayeur,,,,,90,
1357429,Luca Eichhorn,Pirmasens,Ailier,,,,,87,
1102060,Luca Horn,Sportfreunde Lotte,Ailier,,,,,64,plusieurs candidats
704456,Luca Kerkemeyer,Sportfreunde Lotte,Lateral,,,,,90,
703494,Luca Krüsemann,RSV Eintracht 1949,Milieu relayeur,,,,,83,
1311884,Luca Köbele,Bahlinger SC,Ailier,,,,,45,
1694887,Luca Meirelles,Shakhtar Donetsk,Buteur,19,BRA,49,,247,
1080586,Luca Menke,Lübeck,Defenseur central,,,,,90,
624591,Luca Parodi,Virtus Entella,Defenseur central,,,,,90,
1386678,Luca Petzold,Bahlinger SC,Gardien,,,,,90,
1422348,Luca Russo,Audace Cerignola,Lateral,,,,,90,plusieurs candidats
1698675,Luca Weinhandl,Sturm Graz,Milieu relayeur,17,AUT,39,,152,
1342738,Luca de Meester,Sandhausen,Ailier,,,,,64,
536440,Luca-Milan Zander,Blau-Weiss Lohne,Defenseur central,,,,,90,"nom seul, non confirme"
75416,Lucas Akins,Mansfield Town,Lateral,37,GRN,7,,270,
724690,Lucas Albert,Merignac,Buteur,,,,,87,plusieurs candidats
715585,Lucas Andreu,Sant Just,Defenseur central,,,,,90,
874319,Lucas Buadés,Le Mans,Lateral,28,FRA,7,,219,
1798240,Lucas DAgrella,Farense,Defenseur central,,,,,90,
954930,Lucas Dumai,Bassin d'Arcachon,Milieu relayeur,,,,,74,
724512,Lucas Lefevre,Bayeux,Defenseur central,,,,,149,
921208,Lucas Paes,Torreense,Gardien,28,BRA,1,,210,"nom seul, non confirme"
724854,Lucas de Ataide,Bassin d'Arcachon,Milieu offensif,,,,,74,"nom seul, non confirme"
1211792,Luderic Etonde,Bordeaux,Buteur,,,,,68,
960579,Ludovico D'Orazio,Audace Cerignola,Lateral,,,,,84,
825823,Luigi Cuppone,Audace Cerignola,Buteur,,,,,90,
1698655,Luis Frieling,FC Gütersloh,Ailier,,,,,79,
1817074,Luis Gomez,UD Samano,Defenseur central,,,,,90,"nom seul, non confirme"
1687057,Luis Lacey,,Lateral,,,,,247,"nom seul, non confirme"
1423621,Luis Molina,Toledo,Ailier,,,,,90,plusieurs candidats
1826457,Luis Morcillo,CD Extremadura,Milieu relayeur,,,,,149,"nom seul, non confirme"
1675287,Luis Pfaumann,FV Illertissen,Lateral,,,,,45,
716326,Luis Prieto,CD Azuaga,Buteur,,,,,65,plusieurs candidats
1526177,Luis Quintero,Torreense,Ailier,,,,,146,plusieurs candidats
500436,Luisito,Los Garres,Lateral,,,,,90,
940626,Luka Dimitrijevic,Pirmasens,Ailier,,,,,63,
1244275,Luka Gagnidze,Granada,Lateral,22,GEO,23,,246,
638150,Luka Menalo,Rijeka,Ailier,29,BIH,17,,130,
724490,Lukas Bonnet,Blois,Milieu relayeur,,,,,45,
951779,Lukas Krüger,Eintracht Norderstedt,Buteur,,,,,90,"nom seul, non confirme"
703599,Lukas Müller,FV Engers,Milieu relayeur,,,,,78,plusieurs candidats
952154,Lukas Sedlak,ZFC Meuselwitz,Gardien,,,,,90,
228579,Lukas Wilton,Lokomotive Leipzig,Defenseur central,,,,,120,
1208886,Lukasz Bejger,NK Celje,Defenseur central,24,POL,44,,889,
571502,Luke Armstrong,Carlisle United,Buteur,29,ENG,29,,90,"nom seul, non confirme"
622409,Luke Coulson,Weston Super Mare,Ailier,,,,,90,"nom seul, non confirme"
1197670,Luke Duffy,,Ailier,,,,,258,plusieurs candidats
973967,Luke Fairlamb,Tamworth,Lateral,,,,,90,
1119983,Luke Spokes,Weston Super Mare,Milieu relayeur,,,,,89,
1254295,Luke Woolston,South Shields,Milieu relayeur,20,ENG,27,,81,
470550,Luís Mata,Kairat Almaty,Lateral,28,POR,3,,600,"nom seul, non confirme"
156937,Lyle Taylor,Chelmsford,Buteur,35,MSR,33,,79,plusieurs candidats
724903,Lyvann Obissa,St Cyr Collonges au Mont d'Or,Buteur,,,,,61,
724728,Léandre Rodrigues,Raon L Etape,Gardien,,,,,90,plusieurs candidats
1560058,Léo Azevedo,Torreense,Milieu relayeur,,,,,390,plusieurs candidats
949266,Mads Frøkjær-Jensen,Preston North End,Ailier,26,DEN,10,,64,plusieurs candidats
1520373,Mael Zogba,Le Puy,Defenseur central,25,FRA,5,,180,
724850,Mafall Sarr,Les Sables VF,Milieu relayeur,,,,,81,plusieurs candidats
866414,Maga,Uniao de Leiria,Lateral,26,POR,68,,77,
1709058,Mahamadou Balde,Tenerife,Ailier,,,,,57,plusieurs candidats
724681,Mahamadou Konté,Istres,Milieu relayeur,,,,,90,
724612,Mahamadou Sissoko,Chantilly US,Lateral,,,,,90,"nom seul, non confirme"
451943,Maikel Mesa,Tenerife,Buteur,,,,,76,
1541819,Maikel Villajos,CD Extremadura,Buteur,,,,,64,
962022,Malachi Fagan-Walcott,York City,Defenseur central,23,ENG,4,,90,
1210668,Malek Fakhro,Hallescher FC,Buteur,,,,,78,
1712888,Malick Diop,Dunkerque,Ailier,,,,,62,plusieurs candidats
1011111,Malick Lopy,Les Herbiers,Defenseur central,,,,,90,"nom seul, non confirme"
724630,Malo Jegat,Garde Saint-Ivy Pontivy,Milieu defensif,,,,,90,
724387,Malone Devaux,FC Perigny,Buteur,,,,,68,
1375633,Malte Frejd Pålsson,Malmö FF,Defenseur central,,,,,81,
1520220,Malte Wengerowski,Blau-Weiss Lohne,Lateral,,,,,90,
1419846,Malwin Zok,FV Illertissen,Gardien,,,,,90,
1854184,Mamadou Sar,Real Avila,Ailier,,,,,61,
724825,Mamoudou Sow,Montreuil FC,Defenseur central,,,,,180,plusieurs candidats
282673,Mandi,Lincoln Red Imps FC,Milieu defensif,,,,,442,"nom seul, non confirme"
708873,Manny Duku,Tamworth,Buteur,32,NED,9,,74,
1580717,Manolo Ortiz,Ciudad Lucena,Lateral,,,,,90,plusieurs candidats
863169,Manu,Racing Santander,Defenseur central,,,,,390,"nom seul, non confirme"
625426,Manu Ramirez,Guadalajara,Lateral,,,,,62,plusieurs candidats
1842890,Manu Rodriguez,Sporting Gijon,Milieu relayeur,,,,,178,plusieurs candidats
743191,Manuel Farrando,CF Talavera de la Reina,Defenseur central,,,,,90,
746810,Manuel Grünnagel,Pirmasens,Lateral,,,,,120,
1285927,Manuel Kober,Homburg,Defenseur central,,,,,90,
722749,Manuel Lara,Real Murcia,Milieu defensif,,,,,69,plusieurs candidats
464359,Manuel Molina,Ciudad Lucena,Ailier,,,,,86,plusieurs candidats
1219562,Manuel Pozo,Torreense,Ailier,24,ESP,11,,178,plusieurs candidats
586818,Manuel Simons,FV Engers,Ailier,,,,,78,plusieurs candidats
675090,Manuel Viana,Torrent CF,Ailier,,,,,45,
634383,Marc Dolz,Torrent CF,Gardien,,,,,90,"nom seul, non confirme"
1639357,Marc Domenech,FC Andorra,Milieu relayeur,23,ESP,18,,70,"nom seul, non confirme"
703977,Marc Ehrhart,Pirmasens,Buteur,,,,,77,
1592638,Marc Prat,Ebro,Milieu relayeur,,,,,89,
716088,Marc Ramón,Constancia,Milieu relayeur,,,,,73,plusieurs candidats
1607534,Marc Sirera,Orihuela,Defenseur central,,,,,87,
453908,Marcel Pfaar,SV Hemelingen,Gardien,,,,,90,
1675961,Marcelo Timoran,Cordoba,Lateral,,,,,86,
675499,Marco,CD Extremadura,Milieu defensif,,,,,168,plusieurs candidats
1164493,Marco Camus,Ourense,Ailier,,,,,120,
868449,Marco Carraro,LR Vicenza,Milieu defensif,,,,,90,"nom seul, non confirme"
1676530,Marco Dalla Vecchia,Virtus Entella,Milieu relayeur,20,ITA,27,,61,"nom seul, non confirme"
1357474,Marco Gölz,FV Illertissen,Lateral,,,,,167,"nom seul, non confirme"
658430,Marco Hingerl,FV Illertissen,Milieu defensif,,,,,166,
705013,Marcos De La Riva,Cultural Leonesa,Milieu relayeur,,,,,62,
1562645,Marcos Denia,Pontevedra,Buteur,,,,,53,
1529719,Marcos Moreno,CF Talavera de la Reina,Buteur,,,,,69,"nom seul, non confirme"
1281462,Marcos Otero,CA Antoniano,Lateral,,,,,120,plusieurs candidats
639242,Marcos Pérez,UCAM Murcia,Lateral,,,,,90,plusieurs candidats
1536567,Marcos Sanchez,Numancia,Lateral,,,,,70,plusieurs candidats
309258,Marcus Rohdén,AEK Larnaca,Milieu offensif,34,SWE,8,,356,
466623,Marin Jakolis,FC Noah,Ailier,29,CRO,47,,228,
953061,Marin Ljubic,Zrinjski Mostar,Gardien,28,CRO,40,,180,
1416751,Marino Illesca,CD Mirandes,Lateral,24,ESP,19,,210,
937444,Mario Cuze,Zrinjski Mostar,Ailier,26,CRO,25,,378,
574685,Mario Gomez,La Union CF,Defenseur central,,,,,90,"nom seul, non confirme"
1800640,Mario Jimenez,Granada,Milieu relayeur,,,,,66,"nom seul, non confirme"
715965,Mario Jimeno,CD Yuncos,Lateral,,,,,90,
716390,Mario Jiménez,Navalcarnero,Buteur,,,,,81,"nom seul, non confirme"
280262,Mario Kvesic,NK Celje,Milieu defensif,34,BIH,8,,722,
659086,Marius Funk,Energie Cottbus,Gardien,29,GER,33,,90,
951774,Marius Hauptmann,Hallescher FC,Lateral,,,,,90,"nom seul, non confirme"
532739,Mark Kitching,York City,Defenseur central,30,ENG,3,,90,"nom seul, non confirme"
715605,Markel Gilete,UD Samano,Milieu relayeur,,,,,71,
638123,Markel Pradera,CD Getxo,Ailier,,,,,90,
643627,Markel Ruiz,Real Avila,Milieu defensif,,,,,83,"nom seul, non confirme"
110148,Marko Arnautovic,FK Crvena Zvezda,Buteur,36,AUT,89,,565,
1286024,Marko Dedovic,Blau-Weiss Lohne,Gardien,,,,,90,
1382377,Marko Perovic,Almeria,Ailier,,,,,126,
724734,Marko Radisavljevic,Raon L Etape,Lateral,,,,,63,
1508344,Marko Soldo,Dinamo Zagreb,Milieu relayeur,,,,,150,
605658,Marko Tolic,Slovan Bratislava,Milieu offensif,29,CRO,10,,146,
1510989,Marko Vranjkovic,Zrinjski Mostar,Lateral,27,CRO,19,,450,
230910,Markus Mendler,Homburg,Ailier,,,,,90,
1125969,Marley Marshall,Braintree Town,Milieu relayeur,,,,,68,plusieurs candidats
1080436,Marlo Siech,SV Atlas Delmenhorst,Defenseur central,,,,,90,
540113,Marlon Santos,Shakhtar Donetsk,Defenseur central,30,BRA,4,,180,"nom seul, non confirme"
660896,Mart Ristl,Homburg,Milieu relayeur,,,,,90,
1813128,Martin Cocorocchio,Audace Cerignola,Defenseur central,,,,,90,
275328,Martin Kobylanski,Blau-Weiss Lohne,Milieu defensif,,,,,69,
639767,Martin Merquelanz,FC Andorra,Ailier,30,ESP,3,,78,
1344678,Martin Ndzie,Rapid Wien,Milieu relayeur,22,CMR,14,,66,
1290932,Martin Sherif,Port Vale,Buteur,19,NED,21,,128,
954969,Martin Trnovsky,Slovan Bratislava,Gardien,25,SVK,31,,90,
857661,Martin Zlomislic,Rijeka,Gardien,27,BIH,13,,900,
715248,Martín Pereira,Negreira,Ailier,,,,,83,plusieurs candidats
289883,Marvin Baudry,Orléans,Defenseur central,35,CGO,3,,165,
306651,Marvin Johnson,Port Vale,Ailier,35,ENG,28,,133,"nom seul, non confirme"
630607,Marvin Thiel,Lübeck,Lateral,,,,,90,
1259696,Matej Hadas,Sigma Olomouc,Lateral,22,CZE,22,,677,
1485809,Matej Mikulenka,Sigma Olomouc,Milieu offensif,22,CZE,25,,153,
342982,Matej Poplatnik,NK Celje,Buteur,33,SVN,99,,66,
1363909,Matej Sakota,Zrinjski Mostar,Ailier,21,BIH,14,,144,
700060,Mateo Garcia,Constancia,Defenseur central,,,,,120,"nom seul, non confirme"
1847231,Mateo Lite,Ebro,Gardien,,,,,90,
857667,Mateo Maric,Omonia Nicosia,Milieu relayeur,27,BIH,14,,398,plusieurs candidats
1457935,Mateo Mejia,Burgos CF,Buteur,22,COL,7,,121,"nom seul, non confirme"
716061,Mateo Montenegro,Atletico Palma del Rio,Lateral,,,,,55,"nom seul, non confirme"
523033,Mateu Ferrer,Constancia,Buteur,,,,,15,
908847,Mateusz Zukowski,Magdeburg,Buteur,24,POL,22,,59,
675367,Matheus,Puerto de Vega,Lateral,,,,,90,plusieurs candidats
673606,Matheus Aiás,FC Noah,Ailier,29,BRA,9,,219,
724389,Mathieu Paille,FC Perigny,Lateral,,,,,90,
156716,Mathieu Peybernes,Sochaux,Defenseur central,35,FRA,4,,90,
563134,Mathieu Villette,Bordeaux,Buteur,,,,,89,
724841,Mathis Bochereau,Les Sables VF,Buteur,,,,,90,
846001,Mathis Picouleau,Concarneau,Milieu relayeur,25,FRA,8,,81,
1256209,Mathéo Bodmer,Bourg en Bresse Peronnas,Milieu relayeur,,,,,90,
1417831,Matias Árbol,CA Antoniano,Gardien,,,,,120,
996242,Matis Carvalho,Le Puy,Gardien,26,FRA,1,,180,plusieurs candidats
662935,Matt Lowe,Brackley Town,Buteur,,,,,210,plusieurs candidats
1102043,Matt Rush,Boreham Wood,Buteur,24,ENG,32,,176,
1835274,Matt Yates,Maldon & Tiptree,Lateral,,,,,90,plusieurs candidats
1592168,Matteo Dagasso,Pescara,Milieu defensif,21,ITA,8,,90,
415091,Matteo Grandi,Venezia,Gardien,33,ITA,23,,90,
1785459,Matteo Onofri,Spezia,Lateral,21,ITA,26,,80,
1832290,Matteo Petrignani,SC Bastia,Milieu relayeur,,,,,90,
415425,Matteo Pisseri,Frosinone,Gardien,33,ITA,75,,90,
1862293,Mattheo Guendez,Nancy,Ailier,,,,,67,
571362,Matthias Steinborn,RSV Eintracht 1949,Buteur,,,,,83,
724842,Matthieu Grosso,Les Sables VF,Lateral,,,,,81,
724658,Matthéo Haon,Lyon La Duchere,Lateral,,,,,90,
610757,Mattia Vitale,LR Vicenza,Milieu relayeur,,,,,66,
703602,Mattis Thewalt,FV Engers,Milieu defensif,,,,,90,
1437308,Matyás Vojta,Sparta Prague,Buteur,22,CZE,29,,143,
1068733,Matús Maly,Sigma Olomouc,Defenseur central,24,SVK,33,,360,
1618037,Max Dearnley,,Gardien,,,,,300,
1800387,Max Dickov,Mansfield Town,Ailier,23,ENG,17,,61,
1659450,Max Grueger,Schalke 04,Milieu relayeur,20,GER,37,,80,
895757,Max Harris,Weston Super Mare,Gardien,,,,,90,plusieurs candidats
1024936,Max Kulke,Hallescher FC,Milieu relayeur,,,,,90,
515236,Max Schmitten,FV Engers,Lateral,,,,,90,
1136453,Max Woltman,,Ailier,22,ENG,30,,69,
1048988,Max Zeller,FV Illertissen,Defenseur central,,,,,210,"nom seul, non confirme"
682258,Maxence Menuet,Les Sables VF,Milieu relayeur,,,,,59,
1874302,Maxime Bisleau,Vendee Fontenay Foot,Milieu relayeur,,,,,69,
865362,Maxime Leverbe,LR Vicenza,Defenseur central,,,,,90,
724699,Maxime Sebal,Merignac,Milieu relayeur,,,,,87,
1347601,Maxime Wackers,Feignies Aulnoye,Defenseur central,,,,,90,
1255803,Maximilian Neuberger,FV Illertissen,Defenseur central,,,,,210,
391108,Maximilian Reule,Sonnenhof Großaspach,Gardien,,,,,90,
724656,Maé Clavel,Lyon La Duchere,Lateral,,,,,90,
605464,Mehdi Belbachir,Vendee Fontenay Foot,Milieu defensif,,,,,90,
724906,Mehdi Chakri,St Cyr Collonges au Mont d'Or,Gardien,,,,,90,
724547,Mehdi Ghazzale,Freyming,Lateral,,,,,90,
303135,Mehdi Jeannin,Sochaux,Gardien,34,ALG,1,,180,
724822,Mehdi Khaouad,Montreuil FC,Lateral,,,,,176,
561096,Meizy Issifou,Chantilly US,Milieu relayeur,,,,,180,
589725,Melvin Zimmer,Eintracht Norderstedt,Milieu relayeur,,,,,45,
715615,Melvyn Doremus,St Maur Lusitanos,Lateral,,,,,90,
965761,Merlin Hadzi,Hamrun Spartans,Ailier,,,,,64,
1800249,Mert Tasdelen,Sonnenhof Großaspach,Ailier,,,,,82,
650209,Merveil Ndockyt,Rijeka,Milieu relayeur,27,CGO,20,,434,
622213,Merveille Biankadi,Energie Cottbus,Buteur,30,GER,37,,45,
1523321,Merwan Ifnaou,Troyes,Ailier,27,FRA,10,,98,
305503,Mevlan Murati,KF Shkendija,Lateral,,,,,90,
515238,Michael Gelt,Homburg,Gardien,,,,,90,
1562961,Michael Kleinschrodt,Sonnenhof Großaspach,Buteur,,,,,88,
703981,Michael Müller,Pirmasens,Defenseur central,,,,,120,plusieurs candidats
607636,Michael Nottingham,Brackley Town,Defenseur central,36,SKN,12,,165,
1130797,Michael Olakigbe,Swindon Town,Ailier,,,,,90,
279819,Michael Smith,Weston Super Mare,Lateral,,,,,90,"nom seul, non confirme"
1188961,Michael Witte,FV Illertissen,Gardien,,,,,120,
1069822,Michal Beran,Sigma Olomouc,Milieu relayeur,25,CZE,47,,791,
607720,Michaël Nsilu Kuyenga,Blois,Buteur,,,,,90,
422729,Michele Cavion,LR Vicenza,Milieu relayeur,,,,,55,
833526,Michele Emmausso,Audace Cerignola,Buteur,,,,,67,
465965,Mickaël Alphonse,AS Gosier,Lateral,,,,,89,"nom seul, non confirme"
358146,Miguel Banuz,Cultural Leonesa,Gardien,32,ESP,1,,300,
716094,Miguel Buades,Constancia,Defenseur central,,,,,120,
1492166,Miguel Goncalves,Homburg,Milieu defensif,,,,,83,plusieurs candidats
784239,Miguel Leal,Racing de Ferrol,Lateral,,,,,90,plusieurs candidats
1356441,Miguel Menino,Farense,Milieu offensif,22,POR,8,,69,
1421224,Miguel Pires,Uniao de Leiria,Milieu relayeur,23,POR,21,,90,"nom seul, non confirme"
1105291,Miguel Prado,Ourense,Lateral,,,,,210,"nom seul, non confirme"
929381,Miguel San Román,Leganes,Gardien,28,ESP,13,,180,plusieurs candidats
715892,Miguel Ángel,Inter de Valdemoro,Defenseur central,,,,,54,plusieurs candidats
674458,Miguel Ángel Abad,Numancia,Gardien,,,,,90,"nom seul, non confirme"
1301971,Miguelete,Sabadell,Milieu offensif,,,,,72,
1329254,Miguelito,Atletico Baleares,Milieu relayeur,,,,,88,
703642,Miguelon,Torrent CF,Lateral,,,,,90,
570012,Mikail Polat,Lübeck,Milieu relayeur,,,,,86,
228682,Mike Andreas,Pirmasens,Milieu defensif,,,,,120,plusieurs candidats
716722,Mikel Gutiérrez,CD Getxo,Lateral,,,,,90,plusieurs candidats
1295918,Milos Cocic,FV Illertissen,Ailier,,,,,210,
1121748,Milos Pantovic,Panathinaikos,Buteur,23,SRB,72,,229,
515333,Milos Veljkovic,FK Crvena Zvezda,Defenseur central,30,SRB,13,,630,
1252806,Milot Avdyli,NK Celje,Lateral,23,KVX,11,,231,
1158225,Milson,FK Crvena Zvezda,Ailier,26,ANG,7,,83,
715945,Mini,CD Yuncos,Ailier,,,,,54,
1030987,Minos Gouras,Homburg,Ailier,,,,,72,
1710055,Miquel Ustrell,,Buteur,,,,,71,
425990,Mirko Ivanic,FK Crvena Zvezda,Ailier,32,MNE,4,,526,
184595,Mislav Orsic,Pafos FC,Ailier,33,CRO,17,,588,
1093756,Mladen Devetak,Rijeka,Lateral,27,SRB,34,,704,
1695868,Mohamed Ali Diadie,Torreense,Defenseur central,21,MTN,93,,390,
848174,Mohamed Aly Camara,Maccabi Tel Aviv,Defenseur central,28,GUI,5,,355,plusieurs candidats
1323282,Mohamed Boussaid,Hauts Lyonnais,Ailier,,,,,90,
607447,Mohamed Cherief,Raon L Etape,Milieu relayeur,,,,,85,
724545,Mohamed Diarra,Freyming,Defenseur central,,,,,90,plusieurs candidats
716328,Mohamed Konaté,CD Azuaga,Milieu defensif,,,,,83,"nom seul, non confirme"
1592421,Mohamed Sylla,Bourg en Bresse Peronnas,Defenseur central,,,,,76,"nom seul, non confirme"
917284,Mohammad Abu Fani,Ferencvaros,Milieu defensif,27,ISR,15,,291,"nom seul, non confirme"
202819,Mohammed Traoré,SD Logrones,Buteur,,,,,61,plusieurs candidats
847613,Monday Etim,Universitatea Craiova,Buteur,27,USA,12,,218,"nom seul, non confirme"
589946,Moritz Polte,BFC Dynamo,Defenseur central,,,,,120,
704458,Moritz Wenzel,Eintracht Norderstedt,Defenseur central,,,,,120,
1816777,Moro Sidibe,Atletic Lleida,Lateral,,,,,90,"nom seul, non confirme"
1397985,Mouad El Fanis,Hamrun Spartans,Ailier,,,,,77,
616866,Mouhamadou Gning,Numancia,Milieu defensif,,,,,90,
724844,Mouhamadou Samb,Les Sables VF,Buteur,,,,,90,
724550,Mourad Ouadah,Freyming,Buteur,,,,,90,
261597,Muamer Tankovic,Omonia Nicosia,Buteur,31,SWE,22,,174,
814891,Mula,Ponferradina,Ailier,,,,,63,
656667,Mykola Matviyenko,Shakhtar Donetsk,Defenseur central,30,UKR,22,,720,
1280681,Mykola Mykhaylenko,Dynamo Kyiv,Milieu defensif,24,UKR,91,,436,
724735,Médrick Rauzduel,Raon L Etape,Lateral,,,,,90,
1295898,N'Dri Koffi,Hamrun Spartans,Buteur,,,,,464,plusieurs candidats
724805,Nabil Amrane,Dieppe,Ailier,,,,,85,
671958,Nacho,Cartagena,Ailier,,,,,120,
715572,Nacho,Sant Just,Lateral,,,,,24,
716032,Nacho,Atletico Palma del Rio,Ailier,,,,,90,
1254705,Nacho Quintana,Eldense,Buteur,,,,,90,plusieurs candidats
1636071,Nacho Vila,Orihuela,Lateral,,,,,75,"nom seul, non confirme"
715973,Nader Ghabbour,Toledo,Defenseur central,,,,,68,
1086573,Nahuel Arroyo,CF Talavera de la Reina,Ailier,,,,,90,plusieurs candidats
951976,Nair Tiknizyan,FK Crvena Zvezda,Lateral,26,ARM,23,,854,
1324036,Naissim Ayadi,US Chauvigny,Milieu offensif,,,,,85,
1572465,Namrud Embaye,FV Illertissen,Milieu relayeur,,,,,100,
1659878,Nana Boakye,Brann,Defenseur central,20,GHA,4,,360,"nom seul, non confirme"
118119,Nanclares,Toledo,Milieu defensif,,,,,67,
184598,Nano,Lincoln Red Imps FC,Lateral,,,,,450,
860748,Nardin Mulahusejnovic,FC Noah,Buteur,28,BIH,32,,570,
1874163,Nassim Sabihi,Avranches,Buteur,,,,,180,
1448524,Nathan Dlamini,Blackburn Rovers,Buteur,,,,,69,
1874286,Nathan Fromaget,Vendee Fontenay Foot,Lateral,,,,,79,
1662417,Nathan Tronchet,Blois,Defenseur central,,,,,90,
914833,Nathan Vitré,Bourg en Bresse Peronnas,Defenseur central,27,FRA,6,,90,
1017739,Nathanaël Saintini,FC Noah,Defenseur central,25,GLP,39,,717,
1445405,Nathaniel Opoku,Newport County,Buteur,24,GHA,24,,71,"nom seul, non confirme"
517796,Nauzet García,Lincoln Red Imps FC,Gardien,,,,,90,plusieurs candidats
1469659,Naïm Dhib,Lyon La Duchere,Milieu relayeur,,,,,90,
724659,Naïm Ighbane,Lyon La Duchere,Defenseur central,,,,,90,
1690270,Neco Rubayo,Toledo,Milieu relayeur,,,,,67,
811069,Neil Kengni Kuemo,Forest Green Rovers,Lateral,,,,,45,
182641,Nemanja Bilbija,Zrinjski Mostar,Buteur,35,BIH,99,,367,"nom seul, non confirme"
679101,Neophytos Michael,Pafos FC,Gardien,32,CYP,93,,540,plusieurs candidats
280443,Nermin Zolotic,FC Noah,Defenseur central,32,BIH,44,,180,
1637776,Nestor Lucas,Numancia,Milieu relayeur,,,,,90,plusieurs candidats
932736,Neven Djurasek,Zrinjski Mostar,Milieu defensif,27,CRO,30,,512,
426465,Nianankoro Doumbia,Chantilly US,Milieu defensif,,,,,150,plusieurs candidats
1369640,Nicholas Pozo,Lincoln Red Imps FC,Milieu relayeur,,,,,170,"nom seul, non confirme"
1185583,Nick Gutmann,Eintracht Norderstedt,Lateral,,,,,119,
498522,Nick Townsend,Eastleigh,Gardien,31,ATG,1,,90,"nom seul, non confirme"
724583,Nickson Tibeau,AS Gosier,Lateral,,,,,90,
938408,Niclas Stierlin,Hallescher FC,Milieu defensif,,,,,86,
715899,Nico Aguirre,Inter de Valdemoro,Milieu offensif,,,,,71,"nom seul, non confirme"
97635,Nico Baleani,Constancia,Milieu defensif,,,,,73,
715959,Nico Carrillo,CD Yuncos,Gardien,,,,,90,plusieurs candidats
522300,Nico Conesa,Pontevedra,Milieu defensif,,,,,53,"nom seul, non confirme"
1671068,Nico Poplawski,SV Atlas Delmenhorst,Ailier,,,,,83,
1563327,Nico Thoben,Blau-Weiss Lohne,Milieu relayeur,,,,,64,
570014,Nicolas Fenski,SV Hemelingen,Ailier,,,,,66,
521999,Nicolas Ortegel,BFC Dynamo,Gardien,,,,,120,
1562973,Nicolo Calabrese,Carrarese,Defenseur central,20,ITA,37,,79,
1383478,Niilo Kujasalo,KuPS,Milieu relayeur,,,,,180,
1103823,Nikita Iosifov,NK Celje,Buteur,24,RUS,20,,855,
602547,Niklas Landgraf,Hallescher FC,Lateral,,,,,86,
767796,Niklas Tarnat,Sandhausen,Milieu defensif,,,,,87,
1270116,Niko Jankovic,Rijeka,Milieu relayeur,24,CRO,4,,29,"nom seul, non confirme"
1222719,Nikola Stankovic,FK Crvena Zvezda,Ailier,22,SRB,24,,79,plusieurs candidats
1379333,Nikolai Micallef,Hamrun Spartans,Lateral,,,,,76,
988798,Nikolas Panayiotou,Omonia Nicosia,Defenseur central,25,CYP,30,,90,
629921,Nikolay Obolskiy,Cordoba,Buteur,28,RUS,9,,81,
1372367,Nil Jimenez,Cartagena,Lateral,,,,,80,plusieurs candidats
1813632,Nil Sauret,Atletic Lleida,Milieu relayeur,,,,,54,
243496,Nils Röseler,Homburg,Defenseur central,,,,,90,
1449716,Nino Marcelli,Slovan Bratislava,Ailier,20,SVK,18,,513,
1888624,Nkashama Muteba,Montreuil FC,Ailier,,,,,56,
562057,Noaam Merabti,Marcquois,Buteur,,,,,90,
1844131,Noah Donkor,Troyes,Lateral,,,,,154,"nom seul, non confirme"
1664686,Noah Pesch,Magdeburg,Ailier,20,CRO,10,,58,
1874246,Noah Renou,Vendee Fontenay Foot,Gardien,,,,,90,
724498,Noam Blé,Blois,Ailier,,,,,90,"nom seul, non confirme"
1477915,Noam Harush,Maccabi Tel Aviv,Lateral,20,ISR,21,,270,
227867,Noel Carbonell,Sant Andreu,Milieu relayeur,,,,,70,
724725,Nolan Wieczorek,Bethune,Ailier,,,,,76,
857707,Novica Erakovic,Omonia Nicosia,Milieu offensif,26,MNE,44,,333,
1201761,Noé Sommer,Blois,Milieu offensif,,,,,71,"nom seul, non confirme"
1477918,Ofek Melika,Maccabi Tel Aviv,Gardien,21,ISR,22,,90,
766814,Ofri Arad,Kairat Almaty,Milieu defensif,27,ISR,15,,294,
1214341,Ognjen Bjelicic,Hamrun Spartans,Defenseur central,,,,,539,
280873,Ognjen Cancarevic,FC Noah,Gardien,36,ARM,22,,90,
638140,Oier Canales,CD Getxo,Milieu defensif,,,,,90,"nom seul, non confirme"
636336,Oier del Cura,Portugalete,Defenseur central,,,,,90,
510843,Oleksandr Karavaev,Dynamo Kyiv,Lateral,33,UKR,20,,180,
1359828,Oliver Bainbridge,South Shields,Lateral,,,,,90,
215120,Oliver Banks,York City,Ailier,,,,,82,plusieurs candidats
1467048,Oliver Bostock,West Bromwich Albion,Ailier,18,WAL,37,,73,
1691370,Oliver Kovacic,Homburg,Buteur,,,,,72,"nom seul, non confirme"
854293,Olivier Verdon,Ludogorets Razgrad,Defenseur central,30,BEN,24,,675,
1340848,Olle Samuelsson,Häcken,Defenseur central,21,SWE,23,,260,
1805494,Ollie Hobden,Charlton Athletic,Lateral,,,,,64,
711374,Ollie Pearce,York City,Buteur,,,,,90,plusieurs candidats
1681729,Olzhas Baybek,Kairat Almaty,Milieu relayeur,20,KAZ,17,,82,
246374,Omar Balde,Les Sables VF,Defenseur central,,,,,90,plusieurs candidats
466281,Omar Hassidou,Raon L Etape,Milieu defensif,,,,,90,
1664734,Omar Janneh,Lausanne,Buteur,,,,,145,"nom seul, non confirme"
1575703,Omar Ouhdadi,Ourense,Ailier,,,,,89,
212470,Oriol Romeu,Southampton,Milieu defensif,34,ESP,28,,63,
1893956,Oscar Aissat,Amiens,Milieu offensif,,,,,53,
1162633,Oscar De Frutos,Numancia,Defenseur central,,,,,82,"nom seul, non confirme"
715956,Oscar Fernández,CD Yuncos,Buteur,,,,,54,plusieurs candidats
724517,Oscar Lecanu,Bayeux,Gardien,,,,,180,
703925,Oscar Moreso,Audace Cerignola,Milieu defensif,,,,,78,
717517,Oscar Olmedilla,CD Quintanar del Rey,Buteur,,,,,89,
1155249,Osher Davida,Maccabi Tel Aviv,Ailier,24,ISR,77,,277,
1347994,Otto Ruoppi,KuPS,Ailier,20,FIN,34,,720,
93153,Oualid Zemmouri,St Cyr Collonges au Mont d'Or,Defenseur central,,,,,90,
724826,Oumar Diallo,Montreuil FC,Lateral,,,,,67,plusieurs candidats
443278,Oumar N'Diaye,Chantilly US,Lateral,,,,,155,plusieurs candidats
46689,Oumar Sissoko,Montreuil FC,Gardien,,,,,180,plusieurs candidats
724395,Oumarou Aboubakar,FC Perigny,Defenseur central,,,,,90,
1693334,Pablo Aguinaga,SD Logrones,Ailier,,,,,78,
1727364,Pablo Arriaza,Malaga,Milieu relayeur,,,,,90,
724342,Pablo Bonneil,Canet Roussillon,Lateral,,,,,90,
637964,Pablo Fernández,Uniao de Leiria,Ailier,29,ESP,19,,90,"nom seul, non confirme"
1559972,Pablo Rojo,Guadalajara,Milieu defensif,,,,,90,"nom seul, non confirme"
675526,Pablo Santiago,Sant Andreu,Lateral,,,,,70,plusieurs candidats
716449,Pablo Serna,Los Garres,Milieu defensif,,,,,45,plusieurs candidats
1435324,Pablo Valencia,Eldense,Gardien,,,,,180,plusieurs candidats
715231,Paco,Negreira,Defenseur central,,,,,71,
1819237,Paki,Ebro,Ailier,,,,,57,
1477702,Panagiotis Andreou,Omonia Nicosia,Milieu relayeur,19,CYP,74,,349,"nom seul, non confirme"
1690821,Papa Daniel,NK Celje,Milieu defensif,24,NGA,13,,163,plusieurs candidats
724737,Papa Fall,Raon L Etape,Buteur,,,,,84,"nom seul, non confirme"
930628,Pape Ibnou Ba,Orléans,Buteur,33,MTN,14,,90,"nom seul, non confirme"
724533,Pape Yatma Diop,ASC Biesheim,Milieu relayeur,,,,,68,"nom seul, non confirme"
716451,Paquitas,Los Garres,Lateral,,,,,58,
716336,Parada,CD Azuaga,Ailier,,,,,64,plusieurs candidats
1072505,Pascal Schmedemann,Hallescher FC,Defenseur central,,,,,90,
141119,Pascal Testroet,Sandhausen,Buteur,,,,,90,
1395985,Patrick Kelly,Barnsley,Milieu offensif,21,NIR,22,,90,"nom seul, non confirme"
1709839,Patrick Zabi,Reims,Lateral,,,,,151,
469940,Patrik Twardzik,FC Gütersloh,Buteur,,,,,90,
1422346,Pau Darbra,Sant Andreu,Milieu relayeur,,,,,70,
1576562,Pau Ferrer,Ponferradina,Buteur,,,,,73,
1840724,Pau Garcia,Constancia,Milieu relayeur,,,,,120,plusieurs candidats
716098,Pau Seguí,Constancia,Gardien,,,,,120,
675624,Pau Tejón,CD Roda,Buteur,,,,,73,
89739,Pau Torres,Atletic Lleida,Gardien,,,,,90,"nom seul, non confirme"
470875,Paul Aubel,Bayeux,Milieu offensif,,,,,180,
724807,Paul Bentayou,Dieppe,Defenseur central,,,,,90,
1081049,Paul Blackett,South Shields,Buteur,,,,,45,"nom seul, non confirme"
476611,Paul Clément,Merignac,Defenseur central,,,,,73,plusieurs candidats
1121967,Paul Dawson,,Ailier,,,,,180,plusieurs candidats
1863032,Paul Eymard,Saint-Etienne,Milieu relayeur,,,,,77,
724328,Paul Terrien,Avranches,Defenseur central,,,,,179,
899628,Paulius Golubickas,KuPS,Ailier,26,LTU,35,,45,
535898,Paulo Ricardo,KuPS,Defenseur central,31,BRA,4,,90,plusieurs candidats
1054736,Pavlo Isenko,Universitatea Craiova,Gardien,22,UKR,77,,540,
643244,Pedro Belar,Portugalete,Lateral,,,,,67,
1301631,Pedro Benito,Real Murcia,Buteur,,,,,90,"nom seul, non confirme"
724585,Pedro Capo,AS Gosier,Defenseur central,,,,,180,
1720520,Pedro Cedillo,Almeria,Defenseur central,18,ESP,32,,180,
716040,Pedro Chacón,Atletico Palma del Rio,Buteur,,,,,61,"nom seul, non confirme"
513707,Pedro Lopez,AD Ceuta FC,Gardien,30,ESP,1,,90,"nom seul, non confirme"
75192,Pedro Léon,Real Murcia,Buteur,,,,,111,plusieurs candidats
1109550,Pedro Naressi,Ludogorets Razgrad,Milieu relayeur,28,BRA,30,,660,
716416,Pedro Riesgo,Puerto de Vega,Milieu relayeur,,,,,79,
391408,Pere Pons,AEK Larnaca,Milieu relayeur,33,ESP,17,,611,"nom seul, non confirme"
520903,Petar Mamic,Zrinjski Mostar,Lateral,29,CRO,12,,626,
1282540,Petar Stanic,Ludogorets Razgrad,Milieu relayeur,24,SRB,14,,858,"nom seul, non confirme"
951951,Peter Pokorny,Slovan Bratislava,Milieu relayeur,24,SVK,3,,148,
678161,Peter Vindahl Jensen,Sparta Prague,Gardien,,,,,540,"nom seul, non confirme"
882780,Petros Ioannou,AEK Larnaca,Lateral,27,CYP,2,,120,"nom seul, non confirme"
104229,Petteri Pennanen,KuPS,Ailier,35,FIN,8,,551,
620563,Philipp Förster,Karlsruher SC,Buteur,30,GER,11,,77,"nom seul, non confirme"
1562702,Phillip Diestel,Lübeck,Gardien,,,,,90,
543301,Pibe,Cultural Leonesa,Ailier,,,,,62,
1122479,Picas,AD Fafe,Ailier,25,ANG,11,,82,
466443,Pierre Bourdin,Avranches,Defenseur central,,,,,90,
303930,Pierre Dominik Becken,Lübeck,Defenseur central,,,,,90,plusieurs candidats
497761,Pierre Lavenant,Les Herbiers,Milieu defensif,,,,,86,
863998,Pierre Patron,Concarneau,Gardien,28,FRA,1,,90,
800200,Pina,SD Huesca,Defenseur central,31,ESP,5,,90,plusieurs candidats
243433,Piotr Parzyszek,KuPS,Buteur,32,POL,9,,424,
1022731,Pitu Doncel,CF Talavera de la Reina,Milieu defensif,,,,,171,
470551,Pité,Torreense,Milieu offensif,31,POR,20,,45,
1708123,Plamedi Nsingi,Le Puy,Buteur,25,FRA,11,,176,"nom seul, non confirme"
1258102,Plamen Andreev,Racing Santander,Gardien,21,BUL,1,,300,
714628,Pol Fernández Morales,,Defenseur central,,,,,90,plusieurs candidats
715589,Pol García,Sant Just,Milieu relayeur,,,,,72,plusieurs candidats
631779,Pontones,UCAM Murcia,Lateral,,,,,72,
476349,Quadri Liameed,Sabadell,Milieu defensif,,,,,83,
426480,Quentin Lacour,Bourg en Bresse Peronnas,Defenseur central,32,FRA,5,,90,
1875759,Quentin Mayette,Bayeux,Lateral,,,,,180,
749484,Quina,Pafos FC,Milieu offensif,,,,,295,
936790,Quique Fornos,Cultural Leonesa,Defenseur central,29,ESP,5,,300,
202051,Rachid Hayef,ASC Biesheim,Lateral,,,,,61,
1236313,Raddy Ovouka,Drita,Lateral,,,,,711,
438456,Rade Krunic,FK Crvena Zvezda,Milieu defensif,32,BIH,33,,741,
173904,Radim Breite,Sigma Olomouc,Milieu defensif,36,CZE,7,,339,
844746,Rafa Muñoz,Lincoln Red Imps FC,Lateral,,,,,152,plusieurs candidats
1607517,Rafa Nunez,Eldense,Buteur,,,,,68,plusieurs candidats
1841325,Rafa Ortiz,Cieza,Lateral,,,,,180,plusieurs candidats
1434474,Rafa Rodriguez,Malaga,Milieu defensif,22,ESP,37,,137,plusieurs candidats
675572,Rafael Castilla,Ciudad Lucena,Defenseur central,,,,,90,
1780063,Rafael Compri,Hamrun Spartans,Lateral,,,,,521,
716044,Rafael Cuenca,Atletico Palma del Rio,Defenseur central,,,,,90,"nom seul, non confirme"
724555,Rafaël Ast,Freyming,Gardien,,,,,90,
1608301,Rafinha,Farense,Milieu relayeur,,,,,90,
1239580,Rahim Ibrahim,Slovan Bratislava,Milieu relayeur,24,GHA,5,,287,plusieurs candidats
640508,Ramon Folch,,Milieu relayeur,,,,,90,
598937,Raphaël Adiceam,Les Sables VF,Gardien,35,FRA,1,,90,
1288518,Raul Caballero,Torrent CF,Buteur,,,,,64,"nom seul, non confirme"
1801074,Raul Pereira,Cadiz,Lateral,,,,,180,"nom seul, non confirme"
1557050,Raul Rojas,CA Antoniano,Milieu relayeur,,,,,97,plusieurs candidats
940461,Raz Shlomo,Maccabi Tel Aviv,Defenseur central,26,ISR,13,,501,
639303,Raúl Dacosta,Racing de Ferrol,Ailier,,,,,75,
603734,Raúl Fernández,UD Maracena,Buteur,,,,,66,"nom seul, non confirme"
597354,Raúl García-Alejo,Sant Andreu,Gardien,,,,,120,plusieurs candidats
1797874,Reece Johnson,Sheffield Wednesday,Lateral,,,,,127,plusieurs candidats
1118454,Regan Linney,Carlisle United,Ailier,28,ENG,10,,69,
588374,Reiss Greenidge,Slough Town,Defenseur central,,,,,120,
1610089,Renald Xhemo,Le Puy,Milieu defensif,29,ALB,6,,180,
348420,Renaud Ripart,Troyes,Buteur,32,FRA,9,,253,
160214,Rene Eckardt,ZFC Meuselwitz,Milieu defensif,,,,,90,
1379623,Reshat Ramadani,KF Shkendija,Milieu relayeur,,,,,508,"nom seul, non confirme"
466826,Riad Bajic,AEK Larnaca,Buteur,31,BIH,11,,585,"nom seul, non confirme"
476764,Ricardo Vaz,,Lateral,,,,,71,"nom seul, non confirme"
607130,Riccardo Calder,Brackley Town,Lateral,29,ENG,2,,210,
422956,Richard Brindley,Eastleigh,Lateral,32,ENG,2,,90,
49922,Richi,Navalcarnero,Defenseur central,,,,,120,
205142,Ricky Holmes,Chelmsford,Milieu defensif,,,,,89,plusieurs candidats
696426,Rico Wehrle,Bahlinger SC,Ailier,,,,,45,
516291,Rico Wuttke,Bahlinger SC,Lateral,,,,,90,
1420949,Rilind Neziri,Blau-Weiss Lohne,Lateral,,,,,78,"nom seul, non confirme"
1323036,Roan Riera,La Union CF,Defenseur central,,,,,45,"nom seul, non confirme"
789623,Robbie Tinkler,South Shields,Defenseur central,,,,,90,
314947,Roberto Correa,CD Extremadura,Defenseur central,,,,,90,plusieurs candidats
715947,Roberto Herrero,CD Yuncos,Buteur,,,,,64,plusieurs candidats
1560046,Robin Mirisola,Genk,Buteur,19,BEL,29,,62,
834663,Rodrigao,FK Crvena Zvezda,Defenseur central,30,BRA,5,,554,
1727689,Roger Hinojo,Cultural Leonesa,Lateral,20,ESP,21,,105,
1284333,Roi Mishpati,Maccabi Tel Aviv,Gardien,33,ISR,90,,630,
831864,Rollin Menayese,,Defenseur central,,,,,210,
1256470,Romain Antunes,Dieppe,Milieu relayeur,,,,,90,plusieurs candidats
724399,Romain Burgeaud,FC Perigny,Buteur,,,,,81,
724523,Romain Guillotte,Bayeux,Buteur,,,,,165,
724602,Romain Herbinière,Marcquois,Gardien,,,,,90,
724727,Romain Lorandi,Bethune,Gardien,,,,,90,
633086,Romain Poncet,Hauts Lyonnais,Defenseur central,,,,,180,
1874165,Romain Rousseau,FC Perigny,Milieu relayeur,,,,,90,
724343,Romain Thomas,Canet Roussillon,Milieu defensif,,,,,86,plusieurs candidats
633129,Romain Thunet,Lyon La Duchere,Defenseur central,,,,,90,
1854187,Roman Fita,CD Quintanar del Rey,Ailier,,,,,120,
454034,Ron Meyer,Sportfreunde Lotte,Gardien,,,,,90,"nom seul, non confirme"
1529853,Ronaldo Webster,KF Shkendija,Lateral,,,,,720,plusieurs candidats
1091144,Ronan Hauterville,AS Gosier,Defenseur central,,,,,90,
724579,Ronan Popote,AS Gosier,Ailier,,,,,69,
1337914,Roy Revivo,Maccabi Tel Aviv,Lateral,22,ISR,3,,675,
687689,Rron Broja,Drita,Milieu defensif,,,,,192,"nom seul, non confirme"
916291,Ruben Droehnle,Bordeaux,Defenseur central,,,,,89,
1816801,Ruben Murcia,CD Quintanar del Rey,Milieu relayeur,,,,,89,
1251292,Ruben Shakpoke,Slough Town,Buteur,,,,,81,
359195,Ruben Sobrino,Cultural Leonesa,Ailier,,,,,64,
603722,Rubén,UD Maracena,Lateral,,,,,90,plusieurs candidats
639144,Rubén Alcaraz,Granada,Milieu defensif,34,ESP,4,,180,"nom seul, non confirme"
1002661,Rubén Garcia,Orihuela,Lateral,,,,,64,"nom seul, non confirme"
640281,Rubén Martinez,Sabadell,Buteur,,,,,61,plusieurs candidats
716383,Rubén Osuna,UD Maracena,Buteur,,,,,77,
1404409,Rubén Quintanilla,Eldense,Milieu relayeur,,,,,122,
275850,Rudi Vancas,NK Celje,Ailier,,,,,210,
436341,Rufat Dadashov,BFC Dynamo,Buteur,,,,,103,"nom seul, non confirme"
1523331,Ruffice Kabongo,Concarneau,Lateral,,,,,57,plusieurs candidats
1441894,Ruggero Frosinini,Catanzaro,Lateral,24,ITA,62,,90,
776568,Rui Costa,Farense,Buteur,29,POR,7,,63,plusieurs candidats
1541841,Runy,Real Avila,Ailier,,,,,82,
247036,Ryad Habbas,Croix,Buteur,,,,,90,
532497,Ryan Camenzuli,Hamrun Spartans,Lateral,,,,,450,
635606,Ryan Mmaee,Omonia Nicosia,Buteur,28,MAR,19,,241,"nom seul, non confirme"
724360,Rémi Burnel,Croix,Ailier,,,,,133,
212875,Róbert Mak,Slovan Bratislava,Buteur,34,SVK,21,,238,
164323,Rúben Fernandes,Farense,Defenseur central,39,POR,26,,45,"nom seul, non confirme"
938282,Saad Agouzoul,Omonia Nicosia,Defenseur central,28,MAR,17,,405,
557532,Sagiv Yehezkel,Maccabi Tel Aviv,Buteur,30,ISR,11,,152,
183428,Saheed Mustapha,RSV Eintracht 1949,Defenseur central,,,,,90,plusieurs candidats
447421,Saku Savolainen,KuPS,Lateral,29,FIN,6,,270,
572232,Salem Nouwame,SV Hemelingen,Lateral,,,,,90,
240367,Salif Sané,Merignac,Milieu defensif,,,,,90,"nom seul, non confirme"
1435924,Salim Akkal,Le Puy,Milieu relayeur,25,FRA,8,,157,
644401,Salim Diaby,Dieppe,Lateral,,,,,90,plusieurs candidats
1489445,Salim El Jebari,CD Mirandes,Milieu defensif,21,ESP,30,,195,"nom seul, non confirme"
1478703,Salim Fago Lawal,Viktoria Plzen,Buteur,,,,,139,plusieurs candidats
198593,Saliou Ciss,Feignies Aulnoye,Defenseur central,,,,,75,"nom seul, non confirme"
724828,Saloum Soumaré,Montreuil FC,Ailier,,,,,65,plusieurs candidats
1485179,Salvi Carrasco,Uniao de Leiria,Gardien,,,,,90,plusieurs candidats
629497,Sam Avery,Weston Super Mare,Defenseur central,,,,,89,
913297,Sam Ducros,Bassin d'Arcachon,Lateral,,,,,90,
662566,Sam Heathcote,,Defenseur central,,,,,300,
185326,Sam Morsy,Bristol City,Milieu defensif,34,EGY,40,,210,
562947,Samso,Atletic Lleida,Ailier,,,,,64,
1693771,Samu Fernandez,Deportivo La Coruna,Defenseur central,,,,,84,plusieurs candidats
1560022,Samu Mayo,Guadalajara,Milieu relayeur,,,,,72,plusieurs candidats
665435,Samuel Addai,Sportfreunde Lotte,Ailier,,,,,45,plusieurs candidats
704316,Samuel Calera,Racing Santander,Lateral,,,,,75,
1184028,Samuel Folarin,Chelmsford,Milieu offensif,,,,,73,"nom seul, non confirme"
1050818,Samuel Giovane,Palermo,Lateral,22,ITA,17,,59,
1416688,Samuel Hurtado,CD Extremadura,Lateral,,,,,155,"nom seul, non confirme"
132143,Samuel Martínez,Cieza,Ailier,,,,,172,plusieurs candidats
965013,Samuel Obeng,AD Ceuta FC,Buteur,28,GHA,20,,82,
1347776,Samuel Pasanen,KuPS,Milieu relayeur,19,FIN,14,,58,
1572838,Samuel Rodriguez,Real Avila,Gardien,,,,,120,plusieurs candidats
1251988,Samuel Vignato,Rijeka,Ailier,22,ITA,19,,381,"nom seul, non confirme"
576154,Samuelle Massolo,LR Vicenza,Gardien,,,,,90,
1269849,Samuli Miettinen,KuPS,Defenseur central,21,FIN,16,,360,"nom seul, non confirme"
1385501,Samy El Khiar,Canet Roussillon,Milieu offensif,,,,,61,
633545,Samy Messili,Hauts Lyonnais,Ailier,,,,,76,
1045565,Sandro Cruz,Slovan Bratislava,Lateral,24,ANG,57,,356,"nom seul, non confirme"
574894,Sandro Toscano,,Milieu defensif,,,,,90,"nom seul, non confirme"
716440,Santi Otero,Puerto de Vega,Lateral,,,,,90,plusieurs candidats
903401,Santiago Guido Visentin,Audace Cerignola,Defenseur central,,,,,90,plusieurs candidats
1443845,Santiago Perea,CD Quintanar del Rey,Defenseur central,,,,,120,"nom seul, non confirme"
517297,Saul Garcia,Racing de Ferrol,Lateral,31,ESP,16,,63,"nom seul, non confirme"
1518943,Sayed Abu Farkhi,Maccabi Tel Aviv,Buteur,19,ISR,34,,297,
644843,Sayon Keita,St Maur Lusitanos,Buteur,,,,,90,"nom seul, non confirme"
93204,Scott Davies,Slough Town,Defenseur central,,,,,120,plusieurs candidats
965734,Scott Pollock,Brackley Town,Milieu offensif,24,ENG,7,,120,"nom seul, non confirme"
1288487,Sean Etaluku,Forest Green Rovers,Ailier,21,ENG,28,,45,
1453339,Seb Naylor,Bristol City,Lateral,20,ENG,24,,85,"nom seul, non confirme"
846740,Sebastjan Spahiu,KF Shkendija,Ailier,,,,,478,
724911,Sekhouba Souare,St Cyr Collonges au Mont d'Or,Defenseur central,,,,,90,"nom seul, non confirme"
1764147,Sekou Djanbou,Real Murcia,Milieu relayeur,,,,,45,
1431307,Selu Diallo,Cultural Leonesa,Milieu relayeur,22,ESP,23,,109,plusieurs candidats
857441,Semir Smajlagic,Hamrun Spartans,Buteur,,,,,110,
955407,Senou Coulibaly,Omonia Nicosia,Defenseur central,31,MLI,5,,413,"nom seul, non confirme"
1875741,Seny Diaby,Marcquois,Ailier,,,,,58,"nom seul, non confirme"
1448373,Sergey Muradyan,FC Noah,Defenseur central,21,ARM,3,,530,
1752160,Sergi Brunet,Toledo,Defenseur central,,,,,90,
1821494,Sergi Casals,,Lateral,,,,,90,"nom seul, non confirme"
1185148,Sergi Garcia,Sant Andreu,Ailier,,,,,59,"nom seul, non confirme"
1627965,Sergi Molina,CF Talavera de la Reina,Defenseur central,,,,,90,"nom seul, non confirme"
1392236,Sergi Serrano,Sant Andreu,Ailier,,,,,120,plusieurs candidats
716431,Sergio Ardura,Puerto de Vega,Milieu relayeur,,,,,90,
1701546,Sergio Arribas,SD Huesca,Defenseur central,22,ESP,28,,279,"nom seul, non confirme"
874031,Sergio Benito,Ponferradina,Ailier,,,,,62,"nom seul, non confirme"
221051,Sergio Camacho,Cieza,Milieu defensif,,,,,180,plusieurs candidats
638390,Sergio Fernández,Atletico Astorga,Defenseur central,,,,,74,plusieurs candidats
482512,Sergio Leon,Atletico Palma del Rio,Buteur,,,,,75,plusieurs candidats
632495,Sergio López,Valle de Egues,Buteur,,,,,78,"nom seul, non confirme"
1791769,Sergio Martinez,Racing Santander,Buteur,18,ESP,36,,266,"nom seul, non confirme"
716290,Sergio Medina,Valle de Egues,Defenseur central,,,,,66,plusieurs candidats
998298,Sergio Montero,CF Talavera de la Reina,Ailier,,,,,74,plusieurs candidats
156553,Sergio Padt,Ludogorets Razgrad,Gardien,35,NED,1,,270,
715336,Sergio Roque,CD Sant Jordi,Milieu defensif,,,,,67,plusieurs candidats
1281250,Serhat Polat,Hallescher FC,Ailier,,,,,65,
703476,Serhat Sido,SV Hemelingen,Buteur,,,,,20,
1344263,Serigne Thioune,Hamrun Spartans,Buteur,,,,,257,
139711,Shane Byrne,Brackley Town,Milieu defensif,,,,,173,plusieurs candidats
1782318,Sherhan Kalmurza,Kairat Almaty,Gardien,,,,,180,
1670318,Shola Ogundana,Dynamo Kyiv,Ailier,,,,,184,
1280185,Sidi Cissé,Bourg en Bresse Peronnas,Buteur,22,FRA,9,,90,plusieurs candidats
1700509,Silas Pruefrock,Greuther Fürth,Gardien,,,,,90,
1683396,Simon Cara,Istres,Ailier,,,,,179,
274691,Simon Sluga,NK Celje,Gardien,33,CRO,21,,90,
1780246,Simone Bonetti,Reggiana,Defenseur central,20,ITA,43,,84,
498763,Simón Lecea,SD Logrones,Lateral,,,,,60,
688832,Slobodan Jakovljevic,Zrinjski Mostar,Defenseur central,36,SRB,27,,270,
473306,Sofiane Bourouis Belle,Lyon La Duchere,Buteur,,,,,87,
724729,Sofiane Faouzi,Bethune,Lateral,,,,,90,"nom seul, non confirme"
609612,Sofiane Oumedjeber,Croix,Milieu relayeur,,,,,90,
1668173,Solomon Loubao,Sochaux,Buteur,,,,,60,
639716,Son,Ludogorets Razgrad,Lateral,31,ESP,17,,791,plusieurs candidats
564755,Sony Butrot,Les Herbiers,Milieu offensif,,,,,90,
644612,Soufiane Bahassa,Bordeaux,Ailier,,,,,63,
1566096,Soule,Atletic Lleida,Buteur,,,,,90,"nom seul, non confirme"
724618,Souleymane Coulibaly,Chantilly US,Defenseur central,,,,,169,"nom seul, non confirme"
640222,Souleymane Faye,Dieppe,Defenseur central,,,,,90,plusieurs candidats
724863,Souleymane Mancal,Les Sables VF,Defenseur central,,,,,90,
1668288,Stanislas Kielt,Guingamp,Buteur,,,,,90,
729181,Stanislav Ivanov,Ludogorets Razgrad,Lateral,26,BUL,99,,64,"nom seul, non confirme"
1520349,Steevy Mazikou,Avranches,Lateral,21,FRA,7,,72,"nom seul, non confirme"
641164,Stefan Maderer,Lokomotive Leipzig,Buteur,,,,,78,
886020,Stefan Mols,Tamworth,Ailier,26,ESP,14,,75,
571388,Stefan Simic,Omonia Nicosia,Defenseur central,31,CZE,27,,349,plusieurs candidats
1685569,Stefano Di Mario,Virtus Entella,Lateral,20,ITA,26,,90,"nom seul, non confirme"
816195,Stefano Greco,Audace Cerignola,Gardien,,,,,90,
861738,Stefano Surdanovic,Zrinjski Mostar,Milieu offensif,27,SRB,23,,75,
1404625,Steffen Rohwedder,SV Atlas Delmenhorst,Ailier,,,,,90,
1362335,Stepán Langer,Sigma Olomouc,Milieu relayeur,25,CZE,37,,255,
92666,Stevan Jovetic,Omonia Nicosia,Buteur,36,MNE,8,,66,
1076509,Steven Luyambula Biwa,Orléans,Lateral,23,FRA,13,,90,
1844338,Steven Sibille,Torrent CF,Ailier,,,,,45,"nom seul, non confirme"
244281,Stevens Barreto,Toledo,Lateral,,,,,90,"nom seul, non confirme"
653982,Stjepan Radeljic,Rijeka,Defenseur central,28,BIH,6,,623,
164062,Stopira,Torreense,Defenseur central,38,CPV,2,,390,
1122595,Strahinja Erakovic,FK Crvena Zvezda,Defenseur central,25,SRB,25,,205,
237563,Stuart Armstrong,Aberdeen,Milieu relayeur,33,SCO,16,,267,plusieurs candidats
644417,Stéphan Welsh,Garde Saint-Ivy Pontivy,Lateral,,,,,81,"nom seul, non confirme"
1844032,Suleiman El Haddadi,Leganes,Buteur,,,,,59,
1798686,Sulyman Krubally,Burton Albion,Milieu relayeur,,,,,167,
763991,Sven Müller,Hallescher FC,Gardien,,,,,90,plusieurs candidats
1230819,Takuto Oshima,FC Noah,Milieu relayeur,27,JPN,14,,610,
1468790,Tala,CD Extremadura,Lateral,,,,,178,
1099926,Taneli Hämäläinen,KuPS,Defenseur central,24,FIN,33,,466,"nom seul, non confirme"
1588235,Tanguy Lienard,Feignies Aulnoye,Lateral,,,,,60,"nom seul, non confirme"
644322,Tanguy Vincent,Croix,Gardien,,,,,90,"nom seul, non confirme"
1657311,Tarik Gidaree,Slough Town,Lateral,,,,,59,
715576,Tarru,Sant Just,Milieu defensif,,,,,90,
1436306,Tawfik Bentayeb,Troyes,Milieu offensif,24,MAR,19,,87,
1422742,Ted Curd,Boreham Wood,Gardien,19,ENG,22,,180,
1875907,Teddy Kazmierczak,Bethune,Ailier,,,,,67,
1685265,Tegan Finn,Plymouth Argyle,Ailier,17,ENG,39,,71,"nom seul, non confirme"
1140273,Temi Babalola,Forest Green Rovers,Buteur,,,,,59,
1393426,Temi Eweka,Eastleigh,Defenseur central,26,ENG,6,,90,
1270388,Temirlan Anarbekov,Kairat Almaty,Gardien,22,KAZ,77,,540,
1098795,Terrell Egbri,Maldon & Tiptree,Ailier,,,,,59,
1338991,Terrell Works,Braintree Town,Ailier,20,ENG,38,,45,
1704391,Thalys,Almeria,Buteur,20,BRA,9,,90,
1724188,Theo Carroll,Preston North End,Ailier,18,ENG,20,,90,
1200814,Theo Fonseca,AD Fafe,Milieu relayeur,,,,,145,plusieurs candidats
1837419,Theodor Lundbergh,Malmö FF,Milieu relayeur,,,,,217,
724705,Thibaud Calavia,Merignac,Lateral,,,,,90,
570151,Thibault Relange,Istres,Lateral,,,,,145,
594887,Thibault Sinquin,Concarneau,Defenseur central,33,FRA,2,,90,
1540435,Thiemoko Diarra,Reims,Ailier,22,MLI,7,,197,plusieurs candidats
511985,Thomas Anderson,Shrewsbury Town,Defenseur central,,,,,300,plusieurs candidats
652980,Thomas Blot,Hauts Lyonnais,Lateral,,,,,176,
1874295,Thomas Bremond,Vendee Fontenay Foot,Defenseur central,,,,,90,
724364,Thomas Coppin,Croix,Milieu relayeur,,,,,69,
724581,Thomas Davillars,AS Gosier,Milieu defensif,,,,,90,
220944,Thomas De Parmentier,Feignies Aulnoye,Lateral,,,,,60,
724730,Thomas Evrard,Bethune,Milieu relayeur,,,,,76,
724345,Thomas Fievez,Canet Roussillon,Milieu relayeur,,,,,90,
619289,Thomas Robinet,Dunkerque,Buteur,29,FRA,9,,79,
1289962,Thomas Sandon,LR Vicenza,Lateral,,,,,90,
465865,Thomas Selensky,Pirmasens,Milieu relayeur,,,,,120,
1195273,Thorleifur Úlfarsson,Breidablik,Buteur,24,ISL,45,,63,
208232,Thorsten Tönnies,Blau-Weiss Lohne,Buteur,,,,,90,
724525,Théo Jouan,Bayeux,Defenseur central,,,,,180,
955554,Tiago Dantas,Rijeka,Milieu defensif,25,POR,26,,630,plusieurs candidats
816272,Tiago Martins,AD Fafe,Gardien,27,POR,64,,90,"nom seul, non confirme"
1526609,Tidyane Diagouraga,Bordeaux,Milieu relayeur,,,,,89,
1191369,Tiernan Brooks,Gateshead FC,Gardien,23,IRL,1,,90,"nom seul, non confirme"
552700,Tigran Barseghyan,Slovan Bratislava,Ailier,32,ARM,11,,334,
768016,Tihomir Kostadinov,Sigma Olomouc,Milieu defensif,29,MKD,10,,225,
703496,Till Plumpe,RSV Eintracht 1949,Buteur,,,,,68,
703492,Tim Göth,RSV Eintracht 1949,Lateral,,,,,90,
515212,Tim Littmann,Homburg,Lateral,,,,,83,
628425,Tim Matuschewsky,FC Gütersloh,Gardien,,,,,90,
743468,Timi Elsnik,FK Crvena Zvezda,Milieu relayeur,27,SVN,21,,629,
976996,Timothy Fayulu,FC Noah,Gardien,26,COD,16,,450,
833687,Tjay De Barr,Lincoln Red Imps FC,Buteur,,,,,540,
1637804,Tobias Brenan,Wigan Athletic,Ailier,,,,,90,
965112,Tobias Dombrowa,Lokomotive Leipzig,Lateral,,,,,120,
1080175,Tobias Gunte,BFC Dynamo,Defenseur central,,,,,120,
212247,Tobias Thomsen,Breidablik,Buteur,33,DEN,77,,60,
1443861,Tom Atcheson,Blackburn Rovers,Defenseur central,19,NIR,38,,120,
724638,Tom Clémence,Garde Saint-Ivy Pontivy,Defenseur central,,,,,90,
199456,Tom Eastman,Maldon & Tiptree,Defenseur central,,,,,60,
589631,Tom Fron,RSV Eintracht 1949,Milieu offensif,,,,,83,
607856,Tom Tonks,Tamworth,Milieu defensif,34,ENG,4,,90,
607964,Tom Voirin,US Chauvigny,Milieu relayeur,,,,,90,
1092987,Tomas Ribeiro,Cultural Leonesa,Defenseur central,26,POR,16,,90,"nom seul, non confirme"
715318,Tomeu Llinas,CD Sant Jordi,Milieu relayeur,,,,,54,
639930,Tomás Gallardo,CD Sant Jordi,Lateral,,,,,90,"nom seul, non confirme"
406294,Tomás Huk,Sigma Olomouc,Defenseur central,30,SVK,5,,90,
674425,Tomás Inglés,Lorca Deportiva,Buteur,,,,,45,
1152435,Tomás Rigo,Stoke City,Milieu relayeur,23,SVK,19,,154,"nom seul, non confirme"
1127218,Ton Ripoll,Sabadell,Lateral,,,,,90,
246430,Toni,Lincoln Red Imps FC,Ailier,,,,,479,plusieurs candidats
715570,Toni Domínguez,Sant Just,Gardien,,,,,90,plusieurs candidats
1300358,Toni Fruk,Rijeka,Buteur,25,CRO,10,,850,
1379330,Toni Kolega,Lincoln Red Imps FC,Defenseur central,,,,,441,
1645686,Toni Majic,Zrinjski Mostar,Buteur,19,CRO,90,,90,
716099,Toni Ramis,Constancia,Ailier,,,,,73,"nom seul, non confirme"
1801070,Toni Tamarit,CD Mirandes,Lateral,20,ESP,27,,120,
724344,Tony Algrin,Canet Roussillon,Defenseur central,,,,,90,
715896,Tote,Inter de Valdemoro,Defenseur central,,,,,90,"nom seul, non confirme"
877442,Tre Pemberton,Forest Green Rovers,Lateral,26,ENG,21,,90,
663026,Tyler Lyttle,Brackley Town,Defenseur central,29,ENG,3,,210,
789555,Tyler Magloire,Port Vale,Defenseur central,27,ENG,35,,98,
1285713,Tyrese Asante,Maccabi Tel Aviv,Lateral,23,NED,6,,450,plusieurs candidats
1187272,Tyrese Dyce,Slough Town,Lateral,,,,,61,
956660,Tyrique Clarke,Slough Town,Milieu defensif,,,,,80,plusieurs candidats
1724555,Téo Barisic,Rijeka,Defenseur central,,,,,91,plusieurs candidats
384212,Ulrich Taffertshofer,Atletico Baleares,Defenseur central,,,,,180,
716317,Unai Almela,CD Roda,Ailier,,,,,62,
715586,Unai Melero,Sant Just,Lateral,,,,,78,plusieurs candidats
1791354,Unai Pérez,Torreense,Gardien,24,ESP,13,,180,"nom seul, non confirme"
1384888,Urri,Sabadell,Milieu relayeur,,,,,90,
805353,Urtzi Urzelai,UCAM Murcia,Milieu defensif,,,,,80,
596382,Usama Arhoun,CD Extremadura,Milieu defensif,,,,,143,
457984,Vadim Semchuk,FV Engers,Milieu relayeur,,,,,78,
1673715,Valen Gomez,CF Talavera de la Reina,Buteur,,,,,66,"nom seul, non confirme"
1260156,Valentin Gasc,KuPS,Milieu defensif,25,ARG,10,,180,
1668267,Valentin Pezzolesi,Las Palmas,Buteur,,,,,90,
150833,Valentin Roberge,AEK Larnaca,Defenseur central,38,CYP,27,,270,
816583,Valentin Vanbaleghem,Croix,Milieu defensif,,,,,90,
841384,Valeri Gromyko,Kairat Almaty,Ailier,29,BLR,55,,463,
1044455,Valgeir Valgeirsson,Breidablik,Lateral,23,ISL,17,,314,
1394006,Vasco,Ponferradina,Lateral,,,,,120,plusieurs candidats
850289,Vasco Braga,AD Fafe,Milieu relayeur,32,POR,8,,161,"nom seul, non confirme"
1647023,Vasilije Kostov,FK Crvena Zvezda,Milieu offensif,17,SRB,22,,379,
824190,Vesel Limaj,Drita,Milieu relayeur,,,,,490,
1224534,Veton Tusha,Drita,Ailier,,,,,192,
716319,Victor Albalat,CD Roda,Ailier,,,,,90,
1819236,Victor Charlez,Ebro,Ailier,,,,,90,
1323768,Victor Eimil,Pontevedra,Lateral,,,,,53,
1669907,Victor Mayela,Dunkerque,Defenseur central,21,FRA,8,,90,
884190,Victor Morillo,Atletico Baleares,Lateral,,,,,68,
1716409,Victor Ozhianvuna,Shamrock Rovers,Milieu relayeur,16,IRL,36,,162,
1288499,Victor Sanchis,Utebo,Lateral,,,,,90,
1446819,Victor Valverde,Albacete,Lateral,,,,,72,plusieurs candidats
1509069,Viktor Dadason,FC København,Buteur,,,,,251,
660139,Viktor Einarsson,Breidablik,Milieu relayeur,28,ISL,8,,406,
635944,Viktor Margeirsson,Breidablik,Defenseur central,31,ISL,21,,540,
1581913,Vilmy Lemboma,Les Herbiers,Lateral,,,,,90,
426587,Vincent Decker,Canet Roussillon,Defenseur central,,,,,90,"nom seul, non confirme"
1296623,Vincenzo Polito,Hamrun Spartans,Defenseur central,,,,,434,
761703,Vitali Lisakovich,NK Celje,Milieu relayeur,27,BLR,71,,161,
798522,Vitalie Damascan,Zrinjski Mostar,Buteur,26,MDA,31,,58,
753724,Viti,Las Palmas,Lateral,28,ESP,17,,69,"nom seul, non confirme"
1538242,Vitolo,Real Avila,Milieu relayeur,,,,,120,
759567,Vlad Dragomir,Pafos FC,Buteur,26,ROU,30,,668,
1369195,Vladimir Lucic,FK Crvena Zvezda,Ailier,23,SRB,37,,160,plusieurs candidats
163199,Vladimír Weiss,Slovan Bratislava,Ailier,36,SVK,7,,173,"nom seul, non confirme"
465226,Vladyslav Kabayev,Dynamo Kyiv,Ailier,30,UKR,22,,311,
1711278,Vladyslav Zakharchenko,Dynamo Kyiv,Defenseur central,,,,,180,
900637,Volkan Celiktas,Sonnenhof Großaspach,Milieu relayeur,,,,,66,
634908,Víctor,Lincoln Red Imps FC,Milieu relayeur,,,,,137,plusieurs candidats
716338,Víctor Hernández,CD Azuaga,Ailier,,,,,83,plusieurs candidats
730472,Waldo Rubio,AEK Larnaca,Ailier,30,ESP,10,,303,plusieurs candidats
724564,Walid Boukhalfa,Freyming,Ailier,,,,,72,"nom seul, non confirme"
1125079,Wessel Speel,Shelbourne,Gardien,,,,,540,
1808732,Wiktor Makowski,Slough Town,Buteur,,,,,105,"nom seul, non confirme"
724407,Wilfrid Jolivet,FC Perigny,Lateral,,,,,90,
1587849,Will Brook,Shrewsbury Town,Gardien,22,ENG,12,,210,"nom seul, non confirme"
909462,Will Dawes,Weston Super Mare,Ailier,,,,,63,
1119804,Will Jenkins,South Shields,Ailier,,,,,89,"nom seul, non confirme"
1431071,Will Lancaster,Gainsborough,Defenseur central,,,,,120,
465705,Will-Césaire Matimbou,Istres,Gardien,,,,,180,
611835,Willan Jacques,AS Gosier,Ailier,,,,,69,"nom seul, non confirme"
1400760,Willi Reincke,BFC Dynamo,Ailier,,,,,64,
1041667,William Baku,St Maur Lusitanos,Milieu relayeur,,,,,84,"nom seul, non confirme"
184074,William Pau,Marcquois,Lateral,,,,,82,plusieurs candidats
1691039,Willy Chatiliez,SD Huesca,Milieu relayeur,,,,,71,
873832,Willy Semedo,Omonia Nicosia,Ailier,31,CPV,7,,495,plusieurs candidats
1841279,Xabi Gomez,Portugalete,Buteur,,,,,67,plusieurs candidats
632493,Xabier Olagüe,Valle de Egues,Lateral,,,,,66,
715259,Xabier Sánchez,Negreira,Lateral,,,,,90,plusieurs candidats
715617,Xavi,UD Samano,Milieu relayeur,,,,,71,"nom seul, non confirme"
1842854,Xavi Jaime,,Lateral,,,,,59,plusieurs candidats
724619,Xavier Decroix,Chantilly US,Defenseur central,,,,,65,
715343,Xisco Olmedo,CD Sant Jordi,Milieu relayeur,,,,,90,"nom seul, non confirme"
1299589,Yago Cantero,AD Ceuta FC,Defenseur central,25,ESP,24,,90,plusieurs candidats
785854,Yan Brice Eteki,FC Noah,Milieu defensif,,,,,521,"nom seul, non confirme"
1874270,Yanis Leriche,Vendee Fontenay Foot,Defenseur central,,,,,90,
724706,Yanis Sauvage,Merignac,Defenseur central,,,,,90,"nom seul, non confirme"
724500,Yaniss Abdallah,Blois,Defenseur central,,,,,45,plusieurs candidats
644795,Yann Atheba,Dieppe,Ailier,,,,,68,
1069446,Yannick Glessing,FV Illertissen,Buteur,,,,,206,
1183169,Yannick Griess,Pirmasens,Defenseur central,,,,,120,
802868,Yannick Osee,Sandhausen,Defenseur central,,,,,90,
1250493,Yannmael Kembo Diantela,Sporting Gijon,Defenseur central,,,,,90,"nom seul, non confirme"
644300,Yassine Chah,Feignies Aulnoye,Milieu defensif,,,,,75,
638025,Yelko Pino,Pontevedra,Ailier,,,,,90,"nom seul, non confirme"
717217,Yerai Dávila,La Union CF,Ailier,,,,,90,plusieurs candidats
636337,Yeray Cuello,Portugalete,Milieu relayeur,,,,,75,"nom seul, non confirme"
1200798,Yerson Chacón,AEK Larnaca,Ailier,22,VEN,18,,103,"nom seul, non confirme"
665031,Yevhenii Obushniy,Eintracht Norderstedt,Milieu defensif,,,,,120,
1799269,Yisa Alao,Sheffield Wednesday,Lateral,,,,,60,
1112434,Yoan Zouma,Lyon La Duchere,Defenseur central,,,,,83,
815151,Yoann Le Gal,Garde Saint-Ivy Pontivy,Milieu relayeur,,,,,90,"nom seul, non confirme"
247396,Yoann Martelat,Lyon La Duchere,Milieu defensif,,,,,90,
724615,Yohan Tade,St Maur Lusitanos,Ailier,,,,,83,
724890,Yonathan Blin,US Chauvigny,Ailier,,,,,45,"nom seul, non confirme"
1132818,Young-Woo Seol,FK Crvena Zvezda,Lateral,,,,,930,
724567,Youssef Jabir,Freyming,Ailier,,,,,69,
1235425,Youssouf Soukouna,Concarneau,Lateral,25,FRA,11,,90,
1785676,Youssoupha Mbodji,Slavia Prague,Lateral,,,,,338,
1054026,Yukhym Konoplya,Shakhtar Donetsk,Lateral,26,UKR,26,,129,
1133802,Yusuf Bamidele,Ferencvaros,Buteur,,,,,780,
570023,Yusuf Erten,SV Hemelingen,Milieu defensif,,,,,75,
1213651,Zach Awe,Salford City,Defenseur central,22,ENG,28,,79,
1187146,Zak Brunt,Boreham Wood,Milieu offensif,24,ENG,8,,162,"nom seul, non confirme"
1020775,Zak Lilly,Brackley Town,Defenseur central,,,,,120,
1841202,Zakaria,CD Azuaga,Defenseur central,,,,,90,plusieurs candidats
846739,Zan Karnicnik,NK Celje,Lateral,31,SVN,23,,450,
1239563,Zan-Luk Leban,NK Celje,Gardien,23,SVN,1,,810,
1617123,Zane Okoro,Lincoln City,Milieu relayeur,18,ENG,36,,71,
1371034,Zaïd Amir,Istres,Ailier,,,,,75,plusieurs candidats
1544917,Zedan Charlec,Les Sables VF,Milieu defensif,,,,,90,
1553363,Zepiqueno Redmond,Huddersfield Town,Ailier,,,,,62,"nom seul, non confirme"
177711,Zlatan Alomerovic,AEK Larnaca,Gardien,34,GER,1,,750,
724332,Zourab Sopromadze,Avranches,Milieu relayeur,,,,,62,
1220615,Zé Pedro,Uniao de Leiria,Defenseur central,,,,,90,"nom seul, non confirme"
1284359,Ágúst Thorsteinsson,Breidablik,Buteur,20,ISL,15,,514,"nom seul, non confirme"
716067,Álejandro Bueno,UCAM Murcia,Milieu relayeur,,,,,90,plusieurs candidats
552407,Álex Briega,Inter de Valdemoro,Ailier,,,,,71,
674759,Álex Ibarrondo,Eldense,Ailier,,,,,180,
715322,Álex Pons,CD Sant Jordi,Buteur,,,,,67,"nom seul, non confirme"
1396384,Álex Revuelta,CA Antoniano,Defenseur central,,,,,120,
715960,Álvaro Alome,CD Yuncos,Defenseur central,,,,,90,
715593,Álvaro Berzosa,UD Samano,Buteur,,,,,70,
580588,Álvaro Bustos,Real Murcia,Lateral,,,,,69,plusieurs candidats
562939,Álvaro Martínez,Lorca Deportiva,Lateral,,,,,65,plusieurs candidats
201377,Álvaro Meseguer,Utebo,Defenseur central,,,,,90,"nom seul, non confirme"
716441,Álvaro Rodríguez,Puerto de Vega,Defenseur central,,,,,79,"nom seul, non confirme"
715925,Álvaro Toledano,Ciudad Lucena,Milieu defensif,,,,,90,
1326205,Álvaro Yuste,Ourense,Milieu defensif,,,,,90,
434957,Ángel Auñón,Navalcarnero,Lateral,,,,,120,
1212178,Ángel Cano,CD Extremadura,Defenseur central,,,,,180,
1531109,Ángel Cervero,Atletico Astorga,Ailier,,,,,65,
639163,Ángel García,AEK Larnaca,Lateral,33,ESP,14,,234,plusieurs candidats
716472,Ángel Luna,Los Garres,Milieu relayeur,,,,,90,plusieurs candidats
677003,Ángel Rueda,Ebro,Lateral,,,,,74,"nom seul, non confirme"
1503309,Ásgeir Orrason,Breidablik,Defenseur central,20,ISL,4,,90,
1726707,Élie N'Gatta,Sochaux,Defenseur central,19,FRA,5,,90,"nom seul, non confirme"
242924,Émeric Dudouit,Avranches,Defenseur central,34,FRA,5,,180,
606420,Érico Sousa,Boreham Wood,Ailier,,,,,90,plusieurs candidats
965710,Óli Ómarsson,Breidablik,Ailier,22,ISL,9,,269,"nom seul, non confirme"
