fotmob_id,nom_fotmob,ea_id,nom_ea,equipe_ea,championnat,naissance,age,poste,note,taille_cm,poids_kg,pied_fort,mauvais_pied,gestes,acceleration,vitesse_pointe,agilite,equilibre,reactions,endurance,force,detente,agressivite,note_physique
292462,Mohamed Salah,209331,Mohamed Salah,Liverpool,Premier League,1992-06-15,34,RM,91,175,72,Left,3,4,88,89,86,91,94,88,75,79,63,76
701154,Kylian Mbappé,231747,Kylian Mbappé,Real Madrid,LALIGA EA SPORTS,1998-12-20,27,ST,91,182,75,Right,4,5,97,97,93,82,91,83,77,90,61,76
692984,Ousmane Dembélé,231443,Ousmane Dembélé,Paris SG,Ligue 1 McDonald's,1997-05-15,29,ST,90,178,67,Left,5,5,93,89,94,81,91,76,69,84,58,69
675088,Rodri,231866,Rodri,Manchester City,Premier League,1996-06-22,30,CDM,90,190,82,Right,4,3,65,65,66,67,93,91,83,83,85,85
209405,Virgil van Dijk,203376,Virgil van Dijk,Liverpool,Premier League,1991-07-08,34,CB,90,193,92,Right,3,2,66,78,54,50,90,75,93,89,85,87
1077894,Jude Bellingham,252371,Jude Bellingham,Real Madrid,LALIGA EA SPORTS,2003-06-29,23,CAM,90,186,75,Right,4,4,81,80,83,83,91,94,80,85,85,85
737066,Erling Haaland,239085,Erling Haaland,Manchester City,Premier League,2000-07-21,25,ST,90,195,94,Left,3,3,79,92,71,69,93,76,93,92,88,88
696679,Raphinha,233419,Raphinha,FC Barcelona,LALIGA EA SPORTS,1996-12-14,29,LM,89,176,68,Left,4,4,90,91,88,79,87,91,65,82,77,75
770881,Achraf Hakimi,235212,Achraf Hakimi,Paris SG,Ligue 1 McDonald's,1998-11-04,27,RB,89,181,73,Right,4,4,89,95,81,78,90,95,72,84,77,79
1467236,Lamine Yamal,277643,Lamine Yamal,FC Barcelona,LALIGA EA SPORTS,2007-07-13,18,RM,89,180,72,Left,3,5,88,83,93,81,88,73,45,58,45,53
1061249,Vitinha,255253,Vitinha,Paris SG,Ligue 1 McDonald's,2000-02-13,26,CM,89,172,64,Right,3,4,75,69,91,89,88,87,59,66,77,70
618878,Gianluigi Donnarumma,230621,Gianluigi Donnarumma,Manchester City,Premier League,1999-02-25,27,GK,89,196,90,Right,3,1,50,55,57,38,87,41,75,73,30,87
1083323,Pedri,251854,Pedri,FC Barcelona,LALIGA EA SPORTS,2002-11-25,23,CM,89,174,60,Right,4,4,79,76,89,92,87,90,73,72,72,77
460632,Joshua Kimmich,212622,Joshua Kimmich,FC Bayern München,Bundesliga,1995-02-08,31,CDM,89,177,75,Right,4,3,75,70,83,84,89,92,69,77,89,79
194165,Harry Kane,202126,Harry Kane,FC Bayern München,Bundesliga,1993-07-28,32,ST,89,188,86,Right,4,3,62,66,67,72,94,76,86,87,80,82
743533,Federico Valverde,239053,Federico Valverde,Real Madrid,LALIGA EA SPORTS,1998-07-22,27,CM,89,182,74,Right,4,3,84,92,77,68,89,93,82,82,81,85
1152455,Florian Wirtz,256630,Florian Wirtz,Liverpool,Premier League,2003-05-03,23,CAM,89,177,71,Right,4,4,82,79,88,87,88,87,59,65,63,67
170323,Thibaut Courtois,192119,Thibaut Courtois,Real Madrid,LALIGA EA SPORTS,1992-05-11,34,GK,89,200,96,Left,3,1,42,52,63,45,88,38,70,68,23,88
93447,Robert Lewandowski,188545,Robert Lewandowski,FC Barcelona,LALIGA EA SPORTS,1988-08-21,37,ST,88,185,81,Right,4,4,73,74,77,83,89,76,89,91,81,84
690230,Lautaro Martínez,231478,Lautaro Martínez,Lombardia FC,Serie A Enilive,1997-08-22,28,ST,88,174,72,Right,4,4,83,80,88,87,92,86,80,91,87,83
690107,Alexander Isak,233731,Alexander Isak,Liverpool,Premier League,1999-09-21,26,ST,88,192,77,Right,4,4,86,80,73,69,87,82,79,90,58,76
1156141,Jamal Musiala,256790,Jamal Musiala,FC Bayern München,Bundesliga,2003-02-26,23,CAM,88,184,72,Right,4,5,85,75,94,93,89,73,61,80,59,65
795179,Gabriel,232580,Gabriel,Arsenal,Premier League,1997-12-19,28,CB,88,190,87,Left,2,2,61,67,51,37,88,71,89,88,86,84
961995,Bukayo Saka,246669,Bukayo Saka,Arsenal,Premier League,2001-09-05,24,RW,88,178,65,Left,4,3,87,81,85,88,88,86,68,72,68,73
177126,Jan Oblak,200389,Jan Oblak,Atlético de Madrid,LALIGA EA SPORTS,1993-01-07,33,GK,88,188,87,Right,3,1,42,53,64,48,85,42,78,72,36,86
1096353,Cole Palmer,257534,Cole Palmer,Chelsea,Premier League,2002-05-06,24,CAM,87,185,76,Left,3,4,76,75,80,78,88,83,60,71,55,65
900433,Khvicha Kvaratskhelia,247635,Khvicha Kvaratskhelia,Paris SG,Ligue 1 McDonald's,2001-02-12,25,LW,87,183,70,Right,5,5,85,86,86,84,84,83,76,87,73,78
805451,Alessandro Bastoni,237383,Alessandro Bastoni,Lombardia FC,Serie A Enilive,1999-04-13,27,CB,87,190,75,Left,2,2,71,77,64,60,89,81,81,88,83,82
448540,Serhou Guirassy,215441,Serhou Guirassy,Borussia Dortmund,Bundesliga,1996-03-12,30,ST,87,187,82,Right,4,3,74,71,76,77,86,84,85,90,76,83
169200,Kevin De Bruyne,192985,Kevin De Bruyne,SSC Napoli,Serie A Enilive,1991-06-28,35,CM,87,181,75,Right,5,4,65,66,68,66,89,66,74,70,73,72
638622,Frenkie de Jong,228702,Frenkie de Jong,FC Barcelona,LALIGA EA SPORTS,1997-05-12,29,CM,87,181,74,Right,3,4,80,83,87,79,87,87,73,82,74,77
1137668,Moisés Caicedo,256079,Moisés Caicedo,Chelsea,Premier League,2001-11-02,24,CDM,87,178,73,Right,3,3,76,66,80,79,84,90,77,80,85,82
654096,Declan Rice,234378,Declan Rice,Arsenal,Premier League,1999-01-14,27,CDM,87,185,80,Right,3,3,71,73,63,65,85,92,78,80,85,83
267365,Marquinhos,207865,Marquinhos,Paris SG,Ligue 1 McDonald's,1994-05-14,32,CB,87,183,75,Right,3,3,75,80,68,67,86,79,79,89,81,80
41618,Yann Sommer,177683,Yann Sommer,Lombardia FC,Serie A Enilive,1988-12-17,37,GK,87,183,77,Right,4,1,48,54,57,58,83,45,68,68,38,87
705450,Jules Koundé,241486,Jules Koundé,FC Barcelona,LALIGA EA SPORTS,1998-11-12,27,RB,87,180,75,Right,3,3,85,83,70,78,86,87,85,91,78,84
422685,Bruno Fernandes,212198,Bruno Fernandes,Man Utd,Premier League,1994-09-08,31,CAM,87,179,69,Right,4,4,68,66,78,73,90,95,61,69,84,75
955406,William Saliba,243715,William Saliba,Arsenal,Premier League,2001-03-24,25,CB,87,193,85,Right,3,2,76,78,53,46,86,72,88,89,83,83
974753,Julián Álvarez,246191,Julián Alvarez,Atlético de Madrid,LALIGA EA SPORTS,2000-01-31,26,ST,87,170,71,Right,4,4,86,85,87,87,88,85,72,86,86,79
469700,Jonathan Tah,213331,Jonathan Tah,FC Bayern München,Bundesliga,1996-02-11,30,CB,87,195,94,Right,3,2,53,71,49,40,85,76,91,85,86,86
831489,Alexis Mac Allister,239837,Alexis Mac Allister,Liverpool,Premier League,1998-12-24,27,CM,87,176,72,Right,3,3,68,64,82,86,89,87,69,72,83,76
466439,Mike Maignan,215698,Mike Maignan,Milano FC,Serie A Enilive,1995-07-03,30,GK,87,191,89,Right,4,1,65,62,60,56,85,39,83,82,35,84
534670,Martin Ødegaard,222665,Martin Ødegaard,Arsenal,Premier League,1998-12-17,27,CM,87,178,68,Left,2,5,68,68,85,83,88,88,55,63,64,65
562727,David Raya,220901,David Raya,Arsenal,Premier League,1995-09-15,30,GK,87,183,75,Right,3,1,64,59,68,45,84,31,38,64,29,85
664500,Viktor Gyökeres,241651,Viktor Gyökeres,Arsenal,Premier League,1998-06-04,28,ST,87,189,94,Right,4,3,88,92,82,72,87,93,91,95,87,91
541820,Nicolò Barella,224232,Nicolò Barella,Lombardia FC,Serie A Enilive,1997-02-07,29,CM,87,175,68,Right,4,3,82,78,91,88,91,89,66,75,87,76
687681,Victor Osimhen,232293,Victor Osimhen,Galatasaray,Trendyol Süper Lig,1998-12-29,27,ST,87,186,77,Right,4,3,91,92,79,68,88,81,91,95,68,84
1158945,Nuno Mendes,252145,Nuno Mendes,Paris SG,Ligue 1 McDonald's,2002-06-19,24,LB,86,180,70,Left,4,3,94,95,87,84,83,83,73,87,75,77
276738,Antonio Rüdiger,205452,Antonio Rüdiger,Real Madrid,LALIGA EA SPORTS,1993-03-03,33,CB,86,190,85,Right,3,2,70,87,56,50,85,70,91,89,93,86
1029063,Michael Olise,247827,Michael Olise,FC Bayern München,Bundesliga,2001-12-12,24,RM,86,184,73,Left,2,4,83,73,90,85,86,85,57,62,66,66
760712,Trent Alexander-Arnold,231281,Trent Alexander-Arnold,Real Madrid,LALIGA EA SPORTS,1998-10-07,27,RB,86,180,69,Right,4,3,72,79,73,72,85,89,68,75,70,74
614006,Rúben Dias,239818,Rúben Dias,Manchester City,Premier League,1997-05-14,29,CB,86,187,82,Right,4,2,55,62,62,56,86,71,89,85,88,84
325916,Paulo Dybala,211110,Paulo Dybala,AS Roma,Serie A Enilive,1993-11-15,32,CAM,86,177,75,Left,3,5,84,76,88,87,86,76,63,76,48,64
850354,Bruno Guimaraes,247851,Bruno Guimarães,Newcastle Utd,Premier League,1997-11-16,28,CM,86,182,74,Right,2,3,66,66,73,79,85,90,76,75,86,81
1137670,Willian Pacho,256196,Willian Pacho,Paris SG,Ligue 1 McDonald's,2001-10-16,24,CB,86,188,81,Left,3,2,74,84,63,60,85,78,89,90,86,86
820140,Ibrahima Konaté,237678,Ibrahima Konaté,Liverpool,Premier League,1999-05-25,27,CB,86,194,95,Right,3,3,69,83,55,44,85,75,91,83,84,85
304733,Hakan Çalhanoglu,208128,Hakan Çalhanoğlu,Lombardia FC,Serie A Enilive,1994-02-08,32,CDM,86,178,69,Right,5,4,74,68,83,77,87,81,65,73,83,73
30981,Lionel Messi,158023,Lionel Messi,Inter Miami CF,MLS,1987-06-24,39,RW,86,169,67,Left,4,4,84,73,84,89,80,70,68,70,44,64
867414,Sandro Tonali,241096,Sandro Tonali,Newcastle Utd,Premier League,2000-05-08,26,CDM,86,181,79,Right,4,3,78,79,76,77,84,83,82,83,84,83
1202110,Nico Williams,256516,Nico Williams,Athletic Club,LALIGA EA SPORTS,2002-07-12,23,LM,86,181,67,Right,5,4,94,92,92,84,82,81,61,79,55,66
868344,Tijjani Reijnders,240638,Tijjani Reijnders,Manchester City,Premier League,1998-07-29,27,CM,86,185,73,Right,4,4,83,75,82,79,85,92,69,77,80,77
184554,Marc-Andre ter Stegen,192448,Marc-André ter Stegen,FC Barcelona,LALIGA EA SPORTS,1992-04-30,34,GK,86,187,85,Right,4,1,45,50,39,43,84,35,78,72,43,84
764018,Gregor Kobel,235073,Gregor Kobel,Borussia Dortmund,Bundesliga,1997-12-06,28,GK,86,195,88,Right,3,1,38,52,37,29,84,30,81,71,24,86
957203,Éderson,210257,Ederson,Fenerbahçe,Trendyol Süper Lig,1993-08-17,32,GK,85,188,86,Left,3,1,64,63,60,48,82,44,78,78,38,83
605224,Federico Dimarco,226268,Federico Dimarco,Lombardia FC,Serie A Enilive,1997-11-10,28,LB,85,175,76,Left,4,3,83,78,84,81,83,84,72,81,81,77
843099,Scott McTominay,237238,Scott McTominay,SSC Napoli,Serie A Enilive,1996-12-08,29,CM,85,193,88,Right,3,3,70,80,55,48,86,92,82,86,84,85
956683,Ryan Gravenberch,246104,Ryan Gravenberch,Liverpool,Premier League,2002-05-16,24,CDM,85,190,77,Right,4,4,76,76,76,70,84,85,80,81,76,81
268375,Emiliano Martínez,202811,Emiliano Martínez,Aston Villa,Premier League,1992-09-02,33,GK,85,195,88,Right,4,1,55,57,54,49,81,40,78,79,40,85
1342757,João Neves,272834,João Neves,Paris SG,Ligue 1 McDonald's,2004-09-27,21,CM,85,174,66,Right,4,3,77,71,84,86,83,92,78,83,84,83
184138,Antoine Griezmann,194765,Antoine Griezmann,Atlético de Madrid,LALIGA EA SPORTS,1991-03-21,35,ST,85,176,67,Left,3,4,80,75,88,85,87,77,70,84,74,73
923312,Bryan Mbeumo,243014,Bryan Mbeumo,Man Utd,Premier League,1999-08-07,26,RW,85,171,75,Left,2,4,90,87,90,85,81,85,71,81,74,76
319300,N'Golo Kanté,215914,N'Golo Kanté,Al Ittihad,ROSHN Saudi League,1991-03-29,35,CDM,85,168,70,Right,3,2,80,74,78,93,85,89,72,74,85,79
1339208,Désiré Doué,271421,Désiré Doué,Paris SG,Ligue 1 McDonald's,2005-06-03,21,RW,85,181,79,Right,4,5,85,82,88,87,85,80,77,75,61,74
660625,Unai Simón,230869,Unai Simón,Athletic Club,LALIGA EA SPORTS,1997-06-11,29,GK,85,190,89,Right,3,1,48,50,37,47,82,44,76,74,29,84
621562,Marcus Thuram,228093,Marcus Thuram,Lombardia FC,Serie A Enilive,1997-08-06,28,ST,85,192,80,Right,4,3,84,88,78,61,84,83,79,91,75,80
151001,Péter Gulácsi,185122,Péter Gulácsi,RB Leipzig,Bundesliga,1990-05-06,36,GK,85,193,86,Right,2,1,42,44,41,42,82,37,74,72,34,87
860914,Luis Díaz,241084,Luis Díaz,FC Bayern München,Bundesliga,1997-01-13,29,LM,85,180,73,Right,4,4,88,88,88,79,83,87,69,83,75,75
1002058,Nico Schlotterbeck,247819,Nico Schlotterbeck,Borussia Dortmund,Bundesliga,1999-12-01,26,CB,85,191,86,Left,2,2,77,72,68,64,84,74,85,91,84,82
212867,Heung-Min Son,200104,Heung Min Son,LAFC,MLS,1992-07-08,33,LW,85,183,78,Right,5,4,85,83,79,74,85,87,69,82,62,73
815006,Phil Foden,237692,Phil Foden,Manchester City,Premier League,2000-05-28,26,RW,85,171,70,Left,3,4,83,79,92,92,82,83,41,59,64,57
605654,Fabián Ruiz,226271,Fabián Ruiz,Paris SG,Ligue 1 McDonald's,1996-04-03,30,CM,85,189,70,Left,3,3,61,61,66,67,85,84,67,70,68,72
465960,Youri Tielemans,216393,Youri Tielemans,Aston Villa,Premier League,1997-05-07,29,CM,85,176,72,Right,4,4,51,57,62,77,85,87,69,68,64,72
207236,Granit Xhaka,199503,Granit Xhaka,Sunderland,Premier League,1992-09-27,33,CDM,85,186,80,Left,3,3,40,53,51,61,86,84,78,70,90,82
30893,Cristiano Ronaldo,20801,Cristiano Ronaldo,Al Nassr,ROSHN Saudi League,1985-02-05,41,ST,85,187,85,Right,4,5,73,78,76,63,82,77,80,95,62,76
895362,Rodrygo,243812,Rodrygo,Real Madrid,LALIGA EA SPORTS,2001-01-09,25,RW,85,174,64,Right,4,4,89,87,86,84,83,81,59,77,52,64
614834,Dani Olmo,244260,Dani Olmo,FC Barcelona,LALIGA EA SPORTS,1998-05-07,28,CAM,85,179,72,Right,4,4,78,69,86,87,86,65,54,60,51,56
658554,Dayot Upamecano,229558,Dayot Upamecano,FC Bayern München,Bundesliga,1998-10-27,27,CB,85,186,90,Right,3,3,76,78,66,65,84,73,87,85,88,84
540097,Patrik Schick,234236,Patrik Schick,Leverkusen,Bundesliga,1996-01-24,30,ST,85,191,87,Left,3,3,72,72,80,67,85,69,85,91,65,77
724371,Theo Hernández,232656,Theo Hernández,Al Hilal,ROSHN Saudi League,1997-10-06,28,LB,84,184,81,Left,3,4,88,92,83,71,83,87,80,90,83,83
602563,Marcos Llorente,226161,Marcos Llorente,Atlético de Madrid,LALIGA EA SPORTS,1995-01-30,31,RB,84,184,74,Right,4,3,87,91,83,74,81,92,77,84,80,82
324578,Rodrigo De Paul,212616,Rodrigo De Paul,Inter Miami CF,MLS,1994-05-24,32,CM,84,180,70,Right,3,4,74,76,77,78,81,88,79,76,86,83
361757,João Cancelo,210514,João Cancelo,Al Hilal,ROSHN Saudi League,1994-05-27,32,RB,84,182,74,Right,4,4,88,78,79,78,84,88,65,82,76,74
751202,Alphonso Davies,234396,Alphonso Davies,FC Bayern München,Bundesliga,2000-11-02,25,LB,84,185,77,Left,3,4,95,93,84,83,86,79,75,95,72,76
303919,Jordan Pickford,204935,Jordan Pickford,Everton,Premier League,1994-03-07,32,GK,84,185,77,Left,4,1,57,47,59,55,82,40,72,75,45,81
593118,Denzel Dumfries,233096,Denzel Dumfries,Lombardia FC,Serie A Enilive,1996-04-18,30,RB,84,188,80,Right,3,2,78,88,69,60,83,88,81,91,84,84
1070712,Josko Gvardiol,251517,Joško Gvardiol,Manchester City,Premier League,2002-01-23,24,LB,84,185,80,Left,5,3,77,79,68,67,85,81,80,88,86,82
914458,Aurélien Tchouaméni,241637,Aurélien Tchouaméni,Real Madrid,LALIGA EA SPORTS,2000-01-27,26,CDM,84,187,81,Right,3,3,73,70,72,70,82,83,82,84,80,82
873289,Marc Cucurella,239231,Marc Cucurella,Chelsea,Premier League,1998-07-22,27,LB,84,174,66,Left,3,3,77,74,82,83,84,89,70,86,85,79
611223,Benjamin Pavard,226851,Benjamin Pavard,OM,Ligue 1 McDonald's,1996-03-28,30,CB,84,186,81,Right,3,3,74,76,71,66,86,80,76,87,81,79
1137705,Enzo Fernández,247090,Enzo Fernández,Chelsea,Premier League,2001-01-17,25,CM,84,178,76,Right,4,3,68,68,75,78,86,85,67,74,83,75
169718,Wojciech Szczesny,186153,Wojciech Szczęsny,FC Barcelona,LALIGA EA SPORTS,1990-04-18,36,GK,84,196,90,Right,3,1,49,46,55,51,80,45,65,69,40,84
942372,Álex Baena,257279,Álex Baena,Atlético de Madrid,LALIGA EA SPORTS,2001-07-20,24,LM,84,175,70,Right,4,3,79,79,80,76,82,78,60,71,76,68
541555,Mattia Zaccagni,220502,Mattia Zaccagni,Latium,Serie A Enilive,1995-06-16,31,LM,84,177,63,Right,4,4,90,87,92,83,83,81,59,77,61,66
948800,Giorgi Mamardashvili,262621,Giorgi Mamardashvili,Liverpool,Premier League,2000-09-29,25,GK,84,199,88,Left,3,1,48,48,40,26,74,45,74,71,25,84
693599,Exequiel Palacios,231521,Exequiel Palacios,Leverkusen,Bundesliga,1998-10-05,27,CM,84,178,69,Right,4,3,72,53,78,79,85,68,67,74,84,71
1173787,Xavi Simons,245367,Xavi Simons,Spurs,Premier League,2003-04-21,23,CAM,84,179,58,Right,3,4,83,72,90,87,85,82,62,68,76,70
27299,Manuel Neuer,167495,Manuel Neuer,FC Bayern München,Bundesliga,1986-03-27,40,GK,84,193,93,Right,4,1,29,35,51,35,83,43,80,71,29,86
534684,Rúben Neves,224293,Rúben Neves,Al Hilal,ROSHN Saudi League,1997-03-13,29,CDM,84,180,83,Right,4,3,58,57,64,73,85,80,74,68,76,76
806552,Cody Gakpo,242516,Cody Gakpo,Liverpool,Premier League,1999-05-07,27,LM,84,189,76,Right,4,4,85,82,75,67,83,76,75,89,63,74
488139,Bernardo Silva,218667,Bernardo Silva,Manchester City,Premier League,1994-08-10,31,CM,84,173,65,Left,3,4,68,55,93,92,87,90,47,58,78,65
624166,Manuel Locatelli,222077,Manuel Locatelli,Juventus,Serie A Enilive,1998-01-08,28,CDM,84,185,75,Right,4,3,61,65,65,61,82,89,71,72,81,78
688295,Christian Pulisic,227796,Christian Pulisic,Milano FC,Serie A Enilive,1998-09-18,27,RW,84,178,73,Right,5,4,90,86,88,81,85,76,57,70,70,65
795630,Diogo Costa,234577,Diogo Costa,FC Porto,Liga Portugal,1999-09-19,26,GK,84,187,84,Right,2,1,33,39,42,35,83,28,63,61,23,83
540088,Ollie Watkins,221697,Ollie Watkins,Aston Villa,Premier League,1995-12-30,30,ST,84,180,70,Right,4,3,77,77,78,70,85,88,76,89,76,80
493165,James Maddison,220697,James Maddison,Spurs,Premier League,1996-11-23,29,CM,84,175,73,Right,4,4,70,65,82,82,80,78,56,56,70,64
1013021,Marco Carnesecchi,252154,Marco Carnesecchi,Bergamo Calcio,Serie A Enilive,2000-07-01,26,GK,84,191,83,Right,3,1,24,39,40,25,71,28,55,58,27,85
839204,Omar Marmoush,256675,Omar Marmoush,Manchester City,Premier League,1999-02-07,27,ST,84,183,81,Right,3,4,87,90,89,78,85,76,67,80,72,71
848844,Rafael Leao,241721,Rafael Leão,Milano FC,Serie A Enilive,1999-06-10,27,LW,84,188,81,Right,4,5,93,93,84,79,83,75,79,89,60,75
844415,Éder Militao,240130,Éder Militão,Real Madrid,LALIGA EA SPORTS,1998-01-18,28,CB,84,186,79,Right,3,2,80,83,66,62,83,85,79,91,83,82
181276,Romelu Lukaku,192505,Romelu Lukaku,SSC Napoli,Serie A Enilive,1993-05-13,33,ST,84,191,94,Left,4,3,71,86,55,54,84,74,94,92,68,84
191315,Isco,197781,Isco,Real Betis,LALIGA EA SPORTS,1992-04-21,34,CAM,84,176,79,Right,4,4,67,65,84,84,80,67,55,63,63,60
1297165,Bradley Barcola,264652,Bradley Barcola,Paris SG,Ligue 1 McDonald's,2002-09-02,23,LW,84,188,70,Right,4,4,88,91,88,64,82,74,64,79,60,66
690516,Ademola Lookman,230899,Ademola Lookman,Bergamo Calcio,Serie A Enilive,1997-10-20,28,ST,84,174,71,Right,4,4,90,83,93,81,86,73,63,82,68,67
278343,Riyad Mahrez,204485,Riyad Mahrez,Al Ahli,ROSHN Saudi League,1991-02-21,35,RM,84,179,67,Left,4,5,81,76,91,90,81,79,60,71,48,63
440330,Alexander Sørloth,216549,Alexander Sørloth,Atlético de Madrid,LALIGA EA SPORTS,1995-12-05,30,ST,84,195,94,Left,4,3,72,81,56,55,83,84,90,91,74,85
73024,Francesco Acerbi,199845,Francesco Acerbi,Lombardia FC,Serie A Enilive,1988-02-10,38,CB,84,192,88,Left,3,3,61,54,39,34,88,73,84,85,82,81
188555,Stefan de Vrij,198176,Stefan de Vrij,Lombardia FC,Serie A Enilive,1992-02-05,34,CB,84,189,78,Right,3,2,63,61,60,60,85,70,74,81,79,74
278856,Willi Orban,204638,Willi Orban,RB Leipzig,Bundesliga,1992-11-03,33,CB,84,186,89,Right,3,2,48,65,48,52,84,74,85,89,86,83
352879,Adrien Rabiot,210008,Adrien Rabiot,Milano FC,Serie A Enilive,1995-04-03,31,CAM,83,191,80,Left,3,3,75,86,69,69,84,94,82,90,77,84
1015185,Eduardo Camavinga,248243,Eduardo Camavinga,Real Madrid,LALIGA EA SPORTS,2002-11-10,23,CM,83,185,77,Left,3,4,81,80,82,81,82,84,79,82,79,80
846005,Dominik Szoboszlai,236772,Dominik Szoboszlai,Liverpool,Premier League,2000-10-25,25,CAM,83,186,74,Right,4,4,76,81,78,68,83,89,69,76,75,76
73167,Henrikh Mkhitaryan,192883,Henrikh Mkhitaryan,Lombardia FC,Serie A Enilive,1989-01-21,37,CM,83,177,75,Right,5,4,79,75,81,80,83,84,67,77,82,75
592909,Lucas Torreira,223959,Lucas Torreira,Galatasaray,Trendyol Süper Lig,1996-02-11,30,CDM,83,166,60,Right,3,3,80,73,82,83,84,92,69,76,88,79
414906,Giovanni Di Lorenzo,217870,Giovanni Di Lorenzo,SSC Napoli,Serie A Enilive,1993-08-04,32,RB,83,183,82,Right,4,3,83,85,76,74,80,90,74,84,79,80
950199,Morten Hjulmand,244669,Morten Hjulmand,Sporting CP,Liga Portugal,1999-06-25,27,CDM,83,185,78,Right,4,3,69,71,70,74,81,91,81,79,83,84
574645,Mikel Merino,225193,Mikel Merino,Arsenal,Premier League,1996-06-22,30,CM,83,189,83,Left,3,3,64,63,63,63,84,82,78,85,83,80
604105,Iñaki Williams,216201,Iñaki Williams,Athletic Club,LALIGA EA SPORTS,1994-06-15,32,RM,83,186,80,Right,3,4,93,94,78,62,83,88,84,95,76,84
1167220,Joan García,259532,Joan García,FC Barcelona,LALIGA EA SPORTS,2001-05-04,25,GK,83,191,79,Right,3,1,48,44,59,42,77,35,59,64,30,83
616539,Alex Remiro,227127,Álex Remiro,Real Sociedad,LALIGA EA SPORTS,1995-03-24,31,GK,83,191,79,Right,4,1,44,46,70,40,78,42,73,69,34,84
727897,Dávid Hancko,247103,Dávid Hancko,Atlético de Madrid,LALIGA EA SPORTS,1997-12-13,28,CB,83,188,82,Left,3,2,76,77,73,55,84,74,87,85,77,82
906937,Anthony Gordon,242964,Anthony Gordon,Newcastle Utd,Premier League,2001-02-24,25,LW,83,183,72,Right,3,3,89,92,78,71,83,87,61,75,74,71
1177131,Lucas Chevalier,251752,Lucas Chevalier,Paris SG,Ligue 1 McDonald's,2001-11-06,24,GK,83,189,84,Right,3,1,52,46,38,38,80,41,53,63,23,80
239219,Mateo Kovacic,207410,Mateo Kovačić,Manchester City,Premier League,1994-05-06,32,CM,83,178,77,Right,4,3,70,64,76,75,84,77,68,62,77,72
642551,Aleix García,228813,Aleix García,Leverkusen,Bundesliga,1997-06-28,29,CM,83,173,68,Right,3,3,67,64,79,85,82,68,65,65,65,66
434325,Thomas Partey,209989,Thomas Partey,Villarreal CF,LALIGA EA SPORTS,1993-06-13,33,CDM,83,185,77,Right,3,3,53,63,63,50,80,76,84,74,84,82
308517,Stanislav Lobotka,216435,Stanislav Lobotka,SSC Napoli,Serie A Enilive,1994-11-25,31,CM,83,170,68,Right,4,3,76,67,75,85,81,88,61,65,76,71
966018,Jeremie Frimpong,253149,Jeremie Frimpong,Liverpool,Premier League,2000-12-10,25,RB,83,172,65,Right,3,3,95,93,89,88,84,85,47,68,75,63
31097,Luka Modric,177003,Luka Modrić,Milano FC,Serie A Enilive,1985-09-09,40,CM,83,172,67,Right,4,4,72,65,89,90,79,69,58,66,60,62
303339,Sadio Mané,208722,Sadio Mané,Al Nassr,ROSHN Saudi League,1992-04-10,34,LM,83,174,69,Right,4,4,81,83,86,89,84,80,72,86,75,75
178778,Oliver Baumann,193698,Oliver Baumann,TSG Hoffenheim,Bundesliga,1990-06-02,36,GK,83,187,82,Right,2,1,37,41,45,43,82,39,69,66,32,80
863098,Matheus Cunha,240243,Matheus Cunha,Man Utd,Premier League,1999-05-27,27,CAM,83,183,76,Right,4,4,78,76,76,74,82,82,73,79,72,75
181069,Matz Sels,199641,Matz Sels,Nott'm Forest,Premier League,1992-02-26,34,GK,83,188,75,Right,2,1,37,35,36,34,80,26,67,65,29,83
1279040,Gavi,264240,Gavi,FC Barcelona,LALIGA EA SPORTS,2004-08-05,21,CM,83,173,70,Right,3,3,77,75,86,90,86,84,58,62,85,70
818975,Eberechi Eze,235794,Eberechi Eze,Arsenal,Premier League,1998-06-29,28,CAM,83,178,67,Right,4,4,73,75,87,89,82,76,68,71,58,68
178818,Ilkay Gündogan,186942,İlkay Gündoğan,Galatasaray,Trendyol Süper Lig,1990-10-24,35,CM,83,180,80,Right,4,3,54,54,65,74,84,67,66,60,70,67
747767,Loïs Openda,243580,Loïs Openda,Juventus,Serie A Enilive,2000-02-16,26,ST,83,175,79,Right,4,3,94,96,83,85,84,83,80,93,74,80
516846,Julian Brandt,212194,Julian Brandt,Borussia Dortmund,Bundesliga,1996-05-02,30,CAM,83,185,83,Right,4,4,67,79,83,82,82,85,72,69,44,70
523825,Jarrod Bowen,224371,Jarrod Bowen,West Ham,Premier League,1996-12-20,29,RM,83,175,70,Left,4,4,78,74,79,81,84,83,66,84,62,70
1458711,Murillo,278016,Murillo,Nott'm Forest,Premier League,2002-07-04,23,CB,83,180,75,Left,3,2,83,78,65,63,82,70,90,95,81,83
816325,Boubacar Kamara,236987,Boubacar Kamara,Aston Villa,Premier League,1999-11-23,26,CDM,83,184,68,Right,3,3,62,65,66,72,81,81,79,78,80,80
417068,Nathan Aké,208920,Nathan Aké,Manchester City,Premier League,1995-02-18,31,CB,83,180,75,Left,3,2,73,71,67,68,84,64,76,86,80,74
881771,Ferran Torres,241461,Ferran Torres,FC Barcelona,LALIGA EA SPORTS,2000-02-29,26,LW,83,184,77,Right,4,4,86,80,85,78,81,72,69,84,54,68
1071186,Angelo Stiller,250959,Angelo Stiller,VfB Stuttgart,Bundesliga,2001-04-04,25,CDM,83,183,77,Left,3,3,68,47,82,80,85,80,67,72,71,71
1137667,Piero Hincapié,256197,Piero Hincapié,Arsenal,Premier League,2002-01-09,24,CB,83,184,77,Left,2,3,80,88,74,69,82,85,77,88,87,82
655696,Artem Dovbyk,242458,Artem Dovbyk,AS Roma,Serie A Enilive,1997-06-21,29,ST,83,189,78,Left,4,3,80,86,72,66,80,77,80,91,74,79
1197030,Hugo Ekitiké,257289,Hugo Ekitiké,Liverpool,Premier League,2002-06-20,24,ST,83,189,70,Right,3,4,85,87,80,74,83,86,69,85,65,73
174472,Iago Aspas,192629,Iago Aspas,Celta,LALIGA EA SPORTS,1987-08-01,38,RW,83,176,67,Left,4,3,78,76,81,71,82,57,61,80,65,62
747926,Moise Kean,236610,Moise Kean,Fiorentina,Serie A Enilive,2000-02-28,26,ST,83,183,72,Right,3,3,84,87,79,79,78,82,72,89,65,74
921253,Ronald Araujo,253163,Ronald Araujo,FC Barcelona,LALIGA EA SPORTS,1999-03-07,27,CB,83,188,79,Right,3,2,73,85,54,55,81,72,87,91,87,83
318615,Leandro Trossard,207421,Leandro Trossard,Arsenal,Premier League,1994-12-04,31,LW,83,171,67,Right,5,4,87,75,92,85,82,76,55,74,47,60
588687,Gianluca Mancini,229582,Gianluca Mancini,AS Roma,Serie A Enilive,1996-04-17,30,CB,83,190,77,Right,3,2,65,74,35,58,85,84,79,85,87,82
544693,Amir Rrahmani,244263,Amir Rrahmani,SSC Napoli,Serie A Enilive,1994-02-24,32,CB,83,192,75,Right,4,2,54,82,48,52,80,71,80,81,81,78
766611,Nikola Milenkovic,238095,Nikola Milenković,Nott'm Forest,Premier League,1997-10-12,28,CB,83,195,90,Right,3,2,62,53,40,33,83,77,90,88,86,86
609516,Robin Le Normand,233486,Robin Le Normand,Atlético de Madrid,LALIGA EA SPORTS,1996-11-11,29,CB,83,187,80,Right,3,2,60,69,54,62,83,70,86,86,76,80
343748,Leon Goretzka,209658,Leon Goretzka,FC Bayern München,Bundesliga,1995-02-06,31,CM,82,189,82,Right,4,3,72,81,74,71,85,69,87,84,83,82
535936,Joelinton,223334,Joelinton,Newcastle Utd,Premier League,1996-08-14,29,CM,82,186,81,Right,3,3,69,78,68,66,85,89,90,90,91,90
966019,Felix Nmecha,246863,Felix Nmecha,Borussia Dortmund,Bundesliga,2000-10-10,25,CDM,82,194,80,Right,3,4,77,86,77,76,80,78,90,94,82,86
363364,Ederson,266866,Éderson,Bergamo Calcio,Serie A Enilive,1999-07-07,26,CM,82,182,86,Right,3,3,78,78,69,66,80,89,77,80,80,81
307021,Emre Can,208333,Emre Can,Borussia Dortmund,Bundesliga,1994-01-12,32,CB,82,186,86,Right,4,3,67,85,65,72,79,76,86,81,91,84
935409,Orkun Kökcü,243245,Orkun Kökçü,Beşiktaş,Trendyol Süper Lig,2000-12-29,25,CM,82,175,72,Right,5,3,75,69,79,77,80,88,75,67,82,79
941573,Pedro Porro,243576,Pedro Porro,Spurs,Premier League,1999-09-13,26,RB,82,173,69,Right,3,3,78,78,80,71,80,91,68,77,75,76
598355,Denis Zakaria,229261,Denis Zakaria,AS Monaco,Ligue 1 McDonald's,1996-11-20,29,CDM,82,190,81,Right,3,3,72,86,67,61,80,80,87,89,87,85
883080,Morgan Rogers,260247,Morgan Rogers,Aston Villa,Premier League,2002-07-26,23,CAM,82,188,80,Right,4,4,74,79,80,74,82,83,80,79,70,79
768474,Mile Svilar,230872,Mile Svilar,AS Roma,Serie A Enilive,1999-08-27,26,GK,82,189,77,Right,3,1,60,55,66,54,79,32,61,72,28,82
1126058,Malik Tillman,256853,Malik Tillman,Leverkusen,Bundesliga,2002-05-28,24,CAM,82,187,71,Right,3,4,83,84,83,82,81,76,82,88,62,77
1190113,Otávio,210411,Otávio,Al Qadsiah,ROSHN Saudi League,1995-02-09,31,CAM,82,171,67,Right,3,4,81,76,85,83,84,86,65,76,87,75
307753,Salem Al-Dawsari,210602,Salem Al Dawsari,Al Hilal,ROSHN Saudi League,1991-08-19,34,LM,82,173,71,Right,5,4,88,87,85,89,81,90,77,71,81,81
526827,Konrad Laimer,225375,Konrad Laimer,FC Bayern München,Bundesliga,1997-05-27,29,RB,82,180,72,Right,3,3,82,82,76,77,84,79,69,78,88,76
800609,Matteo Guendouzi,236496,Mattéo Guendouzi,Latium,Serie A Enilive,1999-04-14,27,CDM,82,185,68,Right,3,4,69,74,83,71,81,90,67,73,86,77
574629,Alex Berenguer,225201,Álex Berenguer,Athletic Club,LALIGA EA SPORTS,1995-07-04,30,LM,82,175,73,Right,4,3,85,84,87,88,79,80,59,79,76,69
806669,David Raum,236703,David Raum,RB Leipzig,Bundesliga,1998-04-22,28,LB,82,181,83,Left,2,3,86,86,77,77,78,89,75,81,72,78
121633,David Alaba,197445,David Alaba,Real Madrid,LALIGA EA SPORTS,1992-06-24,34,CB,82,180,78,Left,4,3,64,72,71,77,83,72,77,79,73,75
245555,Gerónimo Rulli,215316,Gerónimo Rulli,OM,Ligue 1 McDonald's,1992-05-20,34,GK,82,189,84,Right,3,1,56,52,58,50,79,42,73,73,26,81
1195281,Milos Kerkez,260908,Milos Kerkez,Liverpool,Premier League,2003-11-07,22,LB,82,180,71,Left,3,3,88,87,83,84,78,90,75,74,83,80
538501,Guglielmo Vicario,240091,Guglielmo Vicario,Spurs,Premier League,1996-10-07,29,GK,82,194,76,Right,4,1,54,49,56,38,81,38,60,67,29,80
604126,Giovani Lo Celso,226226,Giovani Lo Celso,Real Betis,LALIGA EA SPORTS,1996-04-09,30,CAM,82,177,68,Left,3,4,67,68,79,80,80,67,69,71,82,71
364822,Ivan Provedel,224987,Ivan Provedel,Latium,Serie A Enilive,1994-03-17,32,GK,82,192,84,Right,2,1,44,40,38,44,75,28,56,65,27,83
789502,Morgan Gibbs-White,236015,Morgan Gibbs-White,Nott'm Forest,Premier League,2000-01-27,26,CAM,82,179,72,Right,3,4,76,75,83,82,82,80,68,74,70,72
614384,Maximilian Mittelstädt,227647,Maximilian Mittelstädt,VfB Stuttgart,Bundesliga,1997-03-18,29,LB,82,180,71,Left,2,3,79,83,76,78,80,84,67,77,77,74
1338192,Pablo Barrios,272449,Pablo Barrios,Atlético de Madrid,LALIGA EA SPORTS,2003-06-15,23,CM,82,181,75,Right,3,3,81,79,78,72,81,85,66,74,66,71
577912,Alex Meret,225116,Alex Meret,SSC Napoli,Serie A Enilive,1997-03-22,29,GK,82,192,82,Left,3,1,41,48,46,48,78,29,65,66,22,84
357880,Andrew Robertson,216267,Andrew Robertson,Liverpool,Premier League,1994-03-11,32,LB,82,178,64,Left,2,3,75,74,75,74,81,81,67,76,85,75
643533,Davinson Sánchez,220793,Davinson Sánchez,Galatasaray,Trendyol Süper Lig,1996-06-12,30,CB,82,187,81,Right,2,3,80,84,72,64,78,84,90,92,85,88
340020,Yassine Bounou,209981,Yassine Bounou,Al Hilal,ROSHN Saudi League,1991-04-05,35,GK,82,195,78,Left,2,1,38,37,47,29,76,43,69,65,25,82
662428,Antonee Robinson,229348,Antonee Robinson,Fulham,Premier League,1997-08-08,28,LB,82,183,70,Left,3,3,87,89,73,71,80,90,73,81,83,80
862608,Kaoru Mitoma,255565,Kaoru Mitoma,Brighton,Premier League,1997-05-20,29,LM,82,178,74,Right,4,4,88,87,89,79,77,75,60,72,58,64
637749,Vangelis Pavlidis,229188,Vangelis Pavlidis,SL Benfica,Liga Portugal,1998-11-21,27,ST,82,186,80,Right,4,3,81,77,76,71,83,87,82,84,77,82
359188,Fabinho,209499,Fabinho,Al Ittihad,ROSHN Saudi League,1993-10-23,32,CDM,82,188,78,Right,2,3,45,59,59,59,77,83,78,73,82,80
661761,Riccardo Orsolini,233556,Riccardo Orsolini,Bologna,Serie A Enilive,1997-01-24,29,RM,82,183,83,Left,4,4,81,78,83,71,78,74,71,78,45,67
1097466,Micky van de Ven,264453,Micky van de Ven,Spurs,Premier League,2001-04-19,25,CB,82,193,86,Left,3,3,84,95,59,49,82,69,85,92,78,80
530859,Leroy Sané,222492,Leroy Sané,Galatasaray,Trendyol Süper Lig,1996-01-11,30,RM,82,183,80,Left,2,4,89,86,87,82,80,74,66,72,65,68
710159,Ezri Konsa,227678,Ezri Konsa,Aston Villa,Premier League,1997-10-23,28,CB,82,183,77,Right,3,2,72,78,67,68,84,79,78,86,76,78
1095432,Charles De Ketelaere,251470,Charles De Ketelaere,Bergamo Calcio,Serie A Enilive,2001-03-10,25,CAM,82,192,79,Left,3,4,71,70,79,61,77,78,68,78,55,68
942381,Jurriën Timber,251805,Jurriën Timber,Arsenal,Premier League,2001-06-17,25,RB,82,179,78,Right,3,3,76,76,71,76,82,79,82,86,76,80
732282,Trincão,244778,Trincão,Sporting CP,Liga Portugal,1999-12-29,26,CAM,82,184,74,Left,2,4,80,80,84,75,82,85,72,79,50,71
385437,Serge Gnabry,206113,Serge Gnabry,FC Bayern München,Bundesliga,1995-07-14,30,LM,82,176,77,Right,4,4,84,75,85,87,82,66,68,68,58,66
947901,Jonathan Burkardt,244257,Jonathan Burkardt,Frankfurt,Bundesliga,2000-07-11,25,ST,82,181,79,Right,4,3,82,83,76,77,83,78,76,79,72,76
189982,Fabian Schär,210047,Fabian Schär,Newcastle Utd,Premier League,1991-12-20,34,CB,82,188,84,Right,3,2,50,51,53,64,83,78,80,80,80,80
266523,Pierre-Emile Højbjerg,213648,Pierre-Emile Højbjerg,OM,Ligue 1 McDonald's,1995-08-05,30,CDM,82,187,84,Right,4,3,52,47,59,61,82,81,78,71,86,80
749736,Kai Havertz,235790,Kai Havertz,Arsenal,Premier League,1999-06-11,27,ST,82,193,82,Left,4,4,71,72,70,54,81,85,75,85,56,74
1367619,Dean Huijsen,278349,Dean Huijsen,Real Madrid,LALIGA EA SPORTS,2005-04-14,21,CB,82,197,87,Right,5,2,68,74,53,33,81,68,78,85,79,76
848289,Takefusa Kubo,237681,Takefusa Kubo,Real Sociedad,LALIGA EA SPORTS,2001-06-04,25,RM,82,173,64,Left,4,4,89,84,86,83,80,74,60,70,59,64
177714,Mario Götze,192318,Mario Götze,Frankfurt,Bundesliga,1992-06-03,34,CM,82,176,72,Right,4,4,68,53,78,83,84,75,65,63,62,67
364520,Domenico Berardi,210935,Domenico Berardi,Sassuolo,Serie A Enilive,1994-08-01,31,RW,82,183,72,Left,3,4,84,80,88,84,82,75,58,73,85,68
706297,Jean-Philippe Mateta,236461,Jean-Philippe Mateta,Crystal Palace,Premier League,1997-06-28,29,ST,82,192,88,Right,5,3,69,80,53,55,82,68,86,86,81,81
263653,John Stones,203574,John Stones,Manchester City,Premier League,1994-05-28,32,CB,82,188,80,Right,4,3,65,64,62,62,82,53,78,85,79,72
521318,Manuel Akanji,229237,Manuel Akanji,Lombardia FC,Serie A Enilive,1995-07-19,30,CB,82,187,91,Right,4,2,71,76,66,54,82,71,85,81,82,81
939569,Jonathan David,243630,Jonathan David,Juventus,Serie A Enilive,2000-01-14,26,ST,82,178,81,Right,5,3,79,83,75,71,84,90,77,87,61,78
950473,Mason Greenwood,246147,Mason Greenwood,OM,Ligue 1 McDonald's,2001-10-01,24,RM,82,181,70,Left,5,4,82,84,86,75,81,78,60,76,49,63
688876,Dodi Lukébakio,231416,Dodi Lukébakio,SL Benfica,Liga Portugal,1997-09-24,28,RM,82,187,77,Left,3,4,86,87,80,71,80,72,69,76,38,64
629805,Ritsu Doan,232639,Ritsu Doan,Frankfurt,Bundesliga,1998-06-16,28,RM,82,172,74,Left,3,4,86,78,90,93,79,90,59,80,41,64
666857,Yoane Wissa,234824,Yoane Wissa,Newcastle Utd,Premier League,1996-09-03,29,ST,82,176,74,Right,3,3,83,87,83,73,84,78,68,86,67,71
737857,Dusan Vlahovic,246430,Dušan Vlahović,Juventus,Serie A Enilive,2000-01-28,26,ST,82,190,88,Left,4,3,76,79,68,53,84,74,86,92,80,82
664970,Waldemar Anton,229476,Waldemar Anton,Borussia Dortmund,Bundesliga,1996-07-20,29,CB,82,189,86,Right,3,2,64,73,56,58,82,79,85,85,86,84
769895,Matthijs de Ligt,235243,Matthijs de Ligt,Man Utd,Premier League,1999-08-12,26,CB,82,189,89,Right,3,2,54,68,52,62,81,64,91,86,85,83
210428,Kalidou Koulibaly,201024,Kalidou Koulibaly,Al Hilal,ROSHN Saudi League,1991-06-20,35,CB,82,186,89,Right,4,3,61,84,39,33,81,74,89,87,83,84
788555,Youssef En-Nesyri,235410,Youssef En-Nesyri,Fenerbahçe,Trendyol Süper Lig,1997-06-01,29,ST,82,188,78,Left,3,3,73,83,71,50,84,80,80,90,77,80
1532137,Pau Cubarsí,278046,Pau Cubarsí,FC Barcelona,LALIGA EA SPORTS,2007-01-22,19,CB,82,182,75,Right,4,2,67,73,65,62,82,68,77,85,80,76
116555,Duvan Zapata,215333,Duván Zapata,Torino,Serie A Enilive,1991-04-01,35,ST,82,188,88,Right,4,3,72,76,66,57,78,65,90,93,80,82
174321,Nicolás Otamendi,192366,Nicolás Otamendi,SL Benfica,Liga Portugal,1988-02-12,38,CB,82,183,78,Right,3,2,54,64,58,58,80,87,81,89,89,85
844425,Marc Guéhi,241159,Marc Guéhi,Crystal Palace,Premier League,2000-07-13,25,CB,82,182,82,Right,5,2,68,69,61,65,83,73,80,84,77,78
1323614,Nacho Fernández,200724,Nacho Fernández,Al Qadsiah,ROSHN Saudi League,1990-01-18,36,CB,82,180,76,Right,4,2,67,77,65,76,81,79,79,83,80,79
303912,Matthias Ginter,207862,Matthias Ginter,SC Freiburg,Bundesliga,1994-01-19,32,CB,82,190,90,Right,3,2,54,56,54,50,84,57,83,83,73,75
823018,Alessandro Buongiorno,243241,Alessandro Buongiorno,SSC Napoli,Serie A Enilive,1999-06-06,27,CB,82,190,86,Left,3,2,65,72,59,58,84,78,78,83,83,79
411617,Aymeric Laporte,212218,Aymeric Laporte,Al Nassr,ROSHN Saudi League,1994-05-27,32,CB,82,189,85,Left,3,2,46,55,57,53,81,68,83,81,72,77
789066,Cristian Romero,232488,Cristian Romero,Spurs,Premier League,1998-04-27,28,CB,82,185,79,Right,2,3,63,68,65,64,81,69,83,86,89,81
1174337,Savinho,270409,Savinho,Manchester City,Premier League,2004-04-10,22,RW,82,176,71,Left,2,4,89,85,90,76,79,73,45,62,45,53
628201,Robin Koch,236532,Robin Koch,Frankfurt,Bundesliga,1996-07-17,29,CB,82,192,85,Right,4,2,59,72,61,53,82,77,82,85,82,81
251269,Ante Budimir,188335,Ante Budimir,CA Osasuna,LALIGA EA SPORTS,1991-07-22,34,ST,82,190,75,Left,4,3,54,63,56,32,82,75,84,85,77,80
169719,Chris Wood,192123,Chris Wood,Nott'm Forest,Premier League,1991-12-07,34,ST,82,191,92,Right,3,2,55,52,49,33,85,70,87,87,77,81
362195,Alessio Romagnoli,210413,Alessio Romagnoli,Latium,Serie A Enilive,1995-01-12,31,CB,82,185,75,Left,3,2,65,64,52,59,82,77,80,84,82,80
956682,Sven Botman,251809,Sven Botman,Newcastle Utd,Premier League,2000-01-12,26,CB,82,193,81,Left,3,2,48,63,50,34,80,66,89,82,84,82
966027,Conor Gallagher,238216,Conor Gallagher,Atlético de Madrid,LALIGA EA SPORTS,2000-02-06,26,CM,81,182,77,Right,4,3,72,77,73,72,82,93,78,79,87,84
807729,Reece James,238074,Reece James,Chelsea,Premier League,1999-12-08,26,RB,81,180,91,Right,4,3,75,76,66,71,80,67,86,87,83,81
281012,Filip Kostic,208574,Filip Kostić,Juventus,Serie A Enilive,1992-11-01,33,LM,81,184,84,Left,2,3,79,84,76,78,77,78,77,78,76,77
282472,Sergi Darder,202648,Sergi Darder,RCD Mallorca,LALIGA EA SPORTS,1993-12-22,32,LM,81,180,71,Right,3,3,78,77,79,76,79,82,75,78,74,77
356406,John McGinn,210881,John McGinn,Aston Villa,Premier League,1994-10-18,31,LM,81,178,68,Left,2,3,69,69,77,85,81,92,79,74,86,83
815431,Davide Frattesi,239807,Davide Frattesi,Lombardia FC,Serie A Enilive,1999-09-22,26,CM,81,178,74,Right,4,3,84,80,78,75,83,80,64,81,79,72
766062,Michele Di Gregorio,235840,Michele Di Gregorio,Juventus,Serie A Enilive,1997-07-27,28,GK,81,187,82,Right,3,1,55,57,55,55,69,36,68,69,26,83
940829,Carlos Augusto,258648,Carlos Augusto,Lombardia FC,Serie A Enilive,1999-01-07,27,LB,81,184,75,Left,2,3,79,78,79,72,81,80,72,85,80,76
942379,Miguel Gutiérrez,261865,Miguel Gutiérrez,SSC Napoli,Serie A Enilive,2001-07-27,24,LB,81,180,73,Left,3,2,82,80,82,75,80,85,66,78,73,73
623537,Ferland Mendy,228618,Ferland Mendy,Real Madrid,LALIGA EA SPORTS,1995-06-08,31,LB,81,180,73,Left,5,4,84,85,78,79,80,85,84,87,80,84
866516,Teun Koopmeiners,240679,Teun Koopmeiners,Juventus,Serie A Enilive,1998-02-28,28,CAM,81,183,77,Left,2,3,71,70,69,69,82,83,71,79,72,75
163670,Ivan Perisic,181458,Ivan Perišić,PSV,Eredivisie,1989-02-02,37,RW,81,186,80,Right,5,4,74,76,73,70,80,76,75,84,69,75
730901,Yangel Herrera,234060,Yangel Herrera,Real Sociedad,LALIGA EA SPORTS,1998-01-07,28,CM,81,184,78,Right,3,3,66,65,71,69,80,79,81,86,81,81
1352713,Carlos Baleba,272500,Carlos Baleba,Brighton,Premier League,2004-01-03,22,CDM,81,183,77,Left,3,3,75,74,75,77,80,81,79,80,78,79
473852,Corentin Tolisso,219683,Corentin Tolisso,OL,Ligue 1 McDonald's,1994-08-03,31,CM,81,181,81,Right,2,3,64,72,62,70,82,82,78,83,75,79
719330,Dean Henderson,233306,Dean Henderson,Crystal Palace,Premier League,1997-03-12,29,GK,81,188,85,Right,3,1,55,56,61,56,81,32,64,69,35,80
859282,Daniel Muñoz,237646,Daniel Muñoz,Crystal Palace,Premier League,1996-05-26,30,RB,81,181,73,Right,3,3,76,74,74,78,80,88,74,85,88,81
198559,Marten de Roon,208461,Marten de Roon,Bergamo Calcio,Serie A Enilive,1991-03-29,35,CM,81,186,76,Right,3,3,53,67,59,69,78,90,73,74,86,80
640122,Brais Méndez,235944,Brais Méndez,Real Sociedad,LALIGA EA SPORTS,1997-01-07,29,CM,81,187,76,Left,3,4,72,69,75,56,82,71,73,80,74,73
1173678,Johnny Cardoso,259516,Johnny Cardoso,Atlético de Madrid,LALIGA EA SPORTS,2001-09-20,24,CDM,81,185,83,Right,2,3,74,71,78,57,77,77,77,83,75,77
554534,Alexander Nübel,223885,Alexander Nübel,VfB Stuttgart,Bundesliga,1996-09-30,29,GK,81,193,86,Right,4,1,49,46,34,58,81,39,74,71,23,78
521148,Jacob Murphy,206085,Jacob Murphy,Newcastle Utd,Premier League,1995-02-24,31,RW,81,179,74,Right,4,3,80,83,74,75,81,82,69,68,56,70
184533,Koke,193747,Koke,Atlético de Madrid,LALIGA EA SPORTS,1992-01-08,34,CM,81,176,75,Right,4,3,62,60,68,81,80,83,75,72,78,77
411851,Robert Andrich,212242,Robert Andrich,Leverkusen,Bundesliga,1994-09-22,31,CDM,81,186,85,Right,4,2,59,56,63,59,82,67,84,80,91,81
954621,Youssouf Fofana,245630,Youssouf Fofana,Milano FC,Serie A Enilive,1999-01-10,27,CDM,81,181,75,Right,3,3,67,69,70,76,80,85,73,73,80,77
933845,Rayan Aït-Nouri,242641,Rayan Aït-Nouri,Manchester City,Premier League,2001-06-06,25,LB,81,180,70,Left,3,5,85,84,81,77,80,80,65,78,69,70
1021586,Gabriel Martinelli,251566,Gabriel Martinelli,Arsenal,Premier League,2001-06-18,25,LW,81,178,75,Right,3,4,92,89,87,81,78,82,63,83,80,72
1226147,Giuliano Simeone,253396,Giuliano Simeone,Atlético de Madrid,LALIGA EA SPORTS,2002-12-18,23,RM,81,173,75,Right,3,3,92,91,85,83,79,84,79,87,81,81
145550,Kevin Trapp,188943,Kevin Trapp,Paris FC,Ligue 1 McDonald's,1990-07-08,35,GK,81,189,84,Right,4,1,43,50,42,37,82,45,75,68,30,76
450011,Anderson Talisca,212523,Anderson Talisca,Fenerbahçe,Trendyol Süper Lig,1994-02-01,32,CAM,81,191,75,Left,4,4,78,75,79,58,78,73,75,80,72,74
614449,Nadiem Amiri,225309,Nadiem Amiri,1. FSV Mainz 05,Bundesliga,1996-10-27,29,CM,81,180,76,Right,3,4,76,56,83,80,83,78,68,65,74,72
280484,Nick Pope,203841,Nick Pope,Newcastle Utd,Premier League,1992-04-19,34,GK,81,199,90,Right,3,1,50,47,36,42,78,35,75,71,36,78
408987,Ivan Toney,212228,Ivan Toney,Al Ahli,ROSHN Saudi League,1996-03-16,30,ST,81,187,76,Right,3,3,76,79,74,67,79,76,81,91,83,81
581919,David Soria,223952,David Soria,Getafe CF,LALIGA EA SPORTS,1993-04-04,33,GK,81,192,85,Right,3,1,46,34,48,40,79,43,76,74,26,80
784510,Federico Chiesa,235805,Federico Chiesa,Liverpool,Premier League,1997-10-25,28,RM,81,175,70,Right,4,4,88,87,89,84,80,63,67,74,74,68
847983,Lisandro Martínez,239301,Lisandro Martínez,Man Utd,Premier League,1998-01-18,28,CB,81,178,77,Left,3,3,70,65,69,75,80,73,77,88,92,80
800882,Andriy Lunin,243952,Andriy Lunin,Real Madrid,LALIGA EA SPORTS,1999-02-11,27,GK,81,191,78,Right,3,1,39,35,36,25,80,32,61,62,22,80
967622,Antony,255475,Antony,Real Betis,LALIGA EA SPORTS,2000-02-24,26,RW,81,172,63,Left,1,5,85,83,90,91,78,75,61,68,86,70
46820,Matteo Darmian,184392,Matteo Darmian,Lombardia FC,Serie A Enilive,1989-12-02,36,RB,81,182,70,Right,4,3,68,74,79,75,83,75,64,77,84,71
415539,Matteo Politano,216409,Matteo Politano,SSC Napoli,Serie A Enilive,1993-08-03,32,RW,81,171,65,Left,4,4,81,79,90,88,82,78,39,53,66,55
637656,Lucas Perri,230670,Lucas Perri,Leeds United,Premier League,1997-12-10,28,GK,81,197,98,Right,2,1,32,39,37,27,77,38,83,69,35,80
201704,Remo Freuler,202024,Remo Freuler,Bologna,Serie A Enilive,1992-04-15,34,CDM,81,180,80,Right,3,4,63,53,67,65,82,91,67,62,71,74
432591,Ricardo Horta,213516,Ricardo Horta,SC Braga,Liga Portugal,1994-09-15,31,CAM,81,173,63,Right,4,3,78,78,83,85,82,83,62,70,69,69
246438,Gerard Moreno,208093,Gerard Moreno,Villarreal CF,LALIGA EA SPORTS,1992-04-07,34,ST,81,180,77,Left,4,3,77,77,76,72,80,76,72,85,61,71
361717,Rui Silva,210385,Rui Silva,Sporting CP,Liga Portugal,1994-02-07,32,GK,81,191,91,Left,3,1,31,30,34,24,73,27,76,67,19,81
531629,Dani Ceballos,222509,Dani Ceballos,Real Madrid,LALIGA EA SPORTS,1996-08-07,29,CM,81,179,70,Right,3,4,65,57,77,78,78,76,61,57,75,67
789914,Edmond Tapsoba,247263,Edmond Tapsoba,Leverkusen,Bundesliga,1999-02-02,27,CB,81,192,84,Right,4,2,73,76,66,64,81,74,83,84,77,80
959594,Karim Adeyemi,251852,Karim Adeyemi,Borussia Dortmund,Bundesliga,2002-01-18,24,RM,81,180,77,Left,4,4,96,96,86,81,81,77,67,92,59,69
1050166,Anthony Elanga,257470,Anthony Elanga,Newcastle Utd,Premier League,2002-04-27,24,RW,81,178,70,Right,5,3,93,91,85,79,79,75,72,84,55,70
66757,Lukás Hrádecký,190941,Lukáš Hrádecký,AS Monaco,Ligue 1 McDonald's,1989-11-24,36,GK,81,192,85,Right,3,1,38,44,43,39,80,34,55,59,31,81
793066,David Neres,236632,David Neres,SSC Napoli,Serie A Enilive,1997-03-03,29,LW,81,175,69,Left,3,5,87,85,92,82,80,69,59,67,53,61
362200,Wladimiro Falcone,210676,Wladimiro Falcone,Lecce,Serie A Enilive,1995-04-12,31,GK,81,196,85,Right,2,1,26,28,33,34,73,28,62,59,15,76
504606,Lucas Hernández,220814,Lucas Hernández,Paris SG,Ligue 1 McDonald's,1996-02-14,30,CB,81,184,79,Left,2,2,68,74,69,69,81,65,78,84,89,77
823825,Randal Kolo Muani,237679,Randal Kolo Muani,Spurs,Premier League,1998-12-05,27,ST,81,187,73,Right,4,3,90,90,84,71,78,74,69,88,36,65
1165710,Gonçalo Inácio,257179,Gonçalo Inácio,Sporting CP,Liga Portugal,2001-08-25,24,CB,81,185,81,Left,2,2,79,76,76,65,76,82,82,85,78,81
958464,Leonardo Balerdi,242835,Leonardo Balerdi,OM,Ligue 1 McDonald's,1999-01-26,27,CB,81,187,85,Right,3,2,69,83,62,56,75,69,81,85,84,79
173461,Andrej Kramaric,216354,Andrej Kramarić,TSG Hoffenheim,Bundesliga,1991-06-19,35,CAM,81,177,73,Right,4,4,70,65,80,84,83,85,68,73,71,73
704523,Christopher Nkunku,232411,Christopher Nkunku,Milano FC,Serie A Enilive,1997-11-14,28,CAM,81,177,68,Right,3,5,77,77,82,80,79,65,63,74,40,59
1253890,Arda Güler,264309,Arda Güler,Real Madrid,LALIGA EA SPORTS,2005-02-25,21,RM,81,175,70,Left,3,4,73,68,81,85,76,70,43,51,42,50
150565,Pierre-Emerick Aubameyang,188567,Pierre-Emerick Aubameyang,OM,Ligue 1 McDonald's,1989-06-18,37,ST,81,187,80,Right,4,4,76,87,70,67,83,61,70,82,43,63
442728,Tim Kleindienst,214096,Tim Kleindienst,M'gladbach,Bundesliga,1995-08-31,30,ST,81,194,85,Left,5,2,59,74,51,52,81,92,87,89,84,88
696932,Simon Banza,231652,Simon Banza,SC Braga,Liga Portugal,1996-08-13,29,ST,81,189,77,Right,3,3,76,81,71,66,81,77,83,92,70,79
617310,Nayef Aguerd,244749,Nayef Aguerd,OM,Ligue 1 McDonald's,1996-03-30,30,CB,81,190,76,Left,3,2,65,78,54,49,80,72,78,84,81,77
282770,Mauro Icardi,201399,Mauro Icardi,Galatasaray,Trendyol Süper Lig,1993-02-19,33,ST,81,181,79,Right,4,3,65,68,68,74,82,71,76,87,65,73
749662,Fikayo Tomori,232756,Fikayo Tomori,Milano FC,Serie A Enilive,1997-12-19,28,CB,81,185,79,Right,4,2,78,84,74,67,83,74,76,88,86,78
447084,Niklas Süle,212190,Niklas Süle,Borussia Dortmund,Bundesliga,1995-09-03,30,CB,81,195,99,Right,3,3,45,74,34,44,81,52,93,72,79,79
1104053,Rayan Cherki,251570,Rayan Cherki,Manchester City,Premier League,2003-08-17,22,RW,81,177,71,Left,5,5,75,75,81,86,78,68,67,59,59,65
15403,Edin Dzeko,180930,Edin Džeko,Fiorentina,Serie A Enilive,1986-03-17,40,ST,81,193,80,Right,5,3,53,57,62,55,80,68,77,75,65,72
309328,Milan Skriniar,232363,Milan Škriniar,Fenerbahçe,Trendyol Süper Lig,1995-02-11,31,CB,81,188,80,Right,2,2,53,61,47,56,80,68,88,84,81,81
604982,Ruben Loftus-Cheek,213666,Ruben Loftus-Cheek,Milano FC,Serie A Enilive,1996-01-23,30,CM,80,191,88,Right,4,4,78,84,75,60,79,72,85,94,75,80
970563,Quinten Timber,251806,Quinten Timber,Feyenoord,Eredivisie,2001-06-17,25,CM,80,179,71,Right,3,3,86,69,81,82,82,79,85,87,80,83
215151,Marcel Sabitzer,204923,Marcel Sabitzer,Borussia Dortmund,Bundesliga,1994-03-17,32,CDM,80,178,76,Right,4,3,76,72,77,78,83,78,75,71,79,76
611491,Andre Onana,226753,André Onana,Man Utd,Premier League,1996-04-02,30,GK,80,190,93,Right,3,1,62,60,66,53,76,40,78,79,38,77
310768,Fredrik Aursnes,231913,Fredrik Aursnes,SL Benfica,Liga Portugal,1995-12-10,30,CM,80,179,71,Right,3,3,73,75,80,80,83,92,78,80,80,82
322049,Fred,209297,Fred,Fenerbahçe,Trendyol Süper Lig,1993-03-05,33,CM,80,169,62,Left,4,4,79,75,89,88,84,83,68,73,85,75
540307,Lorenzo Pellegrini,228251,Lorenzo Pellegrini,AS Roma,Serie A Enilive,1996-06-19,30,CAM,80,186,77,Right,4,3,76,74,79,72,79,77,70,81,74,73
1134871,Maxim De Cuyper,251479,Maxim De Cuyper,Brighton,Premier League,2000-12-22,25,LB,80,183,72,Left,4,2,78,75,79,78,77,87,67,76,79,75
1052898,Destiny Udogie,259583,Destiny Udogie,Spurs,Premier League,2002-11-28,23,LB,80,186,73,Left,3,3,86,89,74,70,78,79,77,85,81,79
891743,Mohammed Kudus,245155,Mohammed Kudus,Spurs,Premier League,2000-08-02,25,RW,80,177,70,Left,3,4,91,88,86,92,77,73,76,74,68,74
1190025,Alvaro Carreras,268889,Álvaro Carreras,Real Madrid,LALIGA EA SPORTS,2003-03-23,23,LB,80,186,78,Left,4,3,84,86,80,74,79,89,76,79,81,80
902710,Gabriel Sara,270571,Gabriel Sara,Galatasaray,Trendyol Süper Lig,1999-06-26,27,CM,80,177,79,Left,4,4,75,74,77,76,80,81,75,79,79,78
1367615,Warren Zaïre-Emery,270673,Warren Zaïre-Emery,Paris SG,Ligue 1 McDonald's,2006-03-08,20,CM,80,178,68,Right,4,3,80,78,74,84,79,88,75,80,76,79
625340,Mauro Arambarri,232665,Mauro Arambarri,Getafe CF,LALIGA EA SPORTS,1995-09-30,30,CM,80,175,74,Right,3,3,75,57,67,77,79,84,76,78,82,79
933768,Curtis Jones,242434,Curtis Jones,Liverpool,Premier League,2001-01-30,25,CAM,80,185,75,Right,4,4,68,79,74,73,80,83,74,71,74,76
1089691,Elliot Anderson,254243,Elliot Anderson,Nott'm Forest,Premier League,2002-11-06,23,CDM,80,179,71,Right,4,3,75,68,76,84,80,86,73,84,77,78
766435,Lucas Paquetá,233927,Lucas Paquetá,West Ham,Premier League,1997-08-27,28,CM,80,180,72,Left,4,5,69,67,75,76,79,76,73,75,78,75
1372921,Andrey Santos,273018,Andrey Santos,Chelsea,Premier League,2004-05-03,22,CM,80,180,75,Right,3,3,77,71,77,69,79,91,75,88,78,80
279714,Brice Samba,204883,Brice Samba,Stade Rennais FC,Ligue 1 McDonald's,1994-04-25,32,GK,80,187,90,Left,3,1,49,60,39,54,78,37,78,73,26,80
682548,Ola Aina,224656,Ola Aina,Nott'm Forest,Premier League,1996-10-08,29,RB,80,184,82,Right,4,3,89,87,71,77,78,77,75,84,72,75
715301,Jonathan Clauss,239093,Jonathan Clauss,OGC Nice,Ligue 1 McDonald's,1992-09-25,33,RB,80,178,69,Right,3,3,81,88,83,77,82,82,63,75,67,69
215168,Bernd Leno,192563,Bernd Leno,Fulham,Premier League,1992-03-04,34,GK,80,189,83,Right,3,1,54,51,51,44,77,44,70,70,28,80
518346,Robin Gosens,223697,Robin Gosens,Fiorentina,Serie A Enilive,1994-07-05,31,LB,80,183,76,Left,3,3,76,69,71,67,79,86,71,87,80,77
787350,Douglas Luiz,236499,Douglas Luiz,Nott'm Forest,Premier League,1998-05-09,28,CM,80,175,66,Right,2,3,69,66,74,78,77,75,65,70,77,70
1192398,Georgiy Sudakov,259913,Georgiy Sudakov,SL Benfica,Liga Portugal,2002-09-01,23,CAM,80,177,68,Right,4,3,82,80,80,77,78,80,68,79,68,72
352994,Raphaël Guerreiro,209889,Raphaël Guerreiro,FC Bayern München,Bundesliga,1993-12-22,32,LB,80,170,71,Left,2,4,76,63,90,90,84,72,49,49,44,54
446266,Mario Pasalic,223273,Mario Pašalić,Bergamo Calcio,Serie A Enilive,1995-02-09,31,CM,80,186,80,Right,4,4,68,69,72,57,74,83,72,74,76,76
775539,Noussair Mazraoui,236401,Noussair Mazraoui,Man Utd,Premier League,1997-11-14,28,RB,80,183,65,Right,3,3,78,73,76,74,79,76,69,81,71,72
383971,Dominik Livakovic,241671,Dominik Livaković,Girona FC,LALIGA EA SPORTS,1995-01-09,31,GK,80,188,79,Right,2,1,57,54,65,30,81,32,75,74,26,80
1027472,Wilfried Singo,252802,Wilfried Singo,Galatasaray,Trendyol Süper Lig,2000-12-25,25,CB,80,190,79,Right,2,3,72,87,66,60,79,79,85,89,84,84
620027,Xaver Schlager,233195,Xaver Schlager,RB Leipzig,Bundesliga,1997-09-28,28,CDM,80,174,78,Left,3,3,74,64,75,78,80,77,77,68,84,78
210111,Lucas Digne,200458,Lucas Digne,Aston Villa,Premier League,1993-07-20,32,LB,80,178,74,Left,1,3,70,68,72,78,80,80,69,77,76,74
362212,Piotr Zielinski,210406,Piotr Zieliński,Lombardia FC,Serie A Enilive,1994-05-20,32,CM,80,180,75,Right,4,3,78,75,82,79,81,65,56,66,58,59
191869,Kieran Trippier,186345,Kieran Trippier,Newcastle Utd,Premier League,1990-09-19,35,RB,80,173,71,Right,4,3,68,64,67,79,81,74,66,78,76,71
1022350,Anatoliy Trubin,250753,Anatoliy Trubin,SL Benfica,Liga Portugal,2001-08-01,24,GK,80,199,86,Right,2,1,49,38,36,45,76,33,69,68,28,83
574642,Ellyes Skhiri,225126,Ellyes Skhiri,Frankfurt,Bundesliga,1995-05-10,31,CDM,80,185,74,Right,3,3,65,64,74,64,83,83,69,76,77,74
620618,Rodrigo Bentancur,227535,Rodrigo Bentancur,Spurs,Premier League,1997-06-25,29,CDM,80,187,73,Right,4,3,63,65,64,69,78,72,70,70,78,72
299799,Bryan Cristante,208268,Bryan Cristante,AS Roma,Serie A Enilive,1995-03-03,31,CM,80,186,80,Right,4,3,53,52,62,58,79,89,78,78,78,81
695062,Javi Galán,231591,Javi Galán,Atlético de Madrid,LALIGA EA SPORTS,1994-11-19,31,LB,80,172,70,Left,2,4,80,77,75,75,78,77,66,81,81,73
604785,Alex Iwobi,213655,Alex Iwobi,Fulham,Premier League,1996-05-03,30,LM,80,180,75,Right,3,4,77,75,75,77,79,88,72,69,59,73
888912,Mikkel Damsgaard,241508,Mikkel Damsgaard,Brentford,Premier League,2000-07-03,25,CAM,80,180,70,Right,3,4,70,66,82,86,80,78,62,65,68,67
1197655,Lewis Hall,266127,Lewis Hall,Newcastle Utd,Premier League,2004-09-08,21,LB,80,179,71,Left,3,2,78,76,80,85,79,80,56,71,60,64
186557,Frederik Rønnow,201269,Frederik Rønnow,Union Berlin,Bundesliga,1992-08-04,33,GK,80,188,81,Right,2,1,48,45,34,40,76,32,67,67,17,78
1134206,Mohamed Amoura,264697,Mohamed Amoura,VfL Wolfsburg,Bundesliga,2000-05-09,26,ST,80,170,61,Right,3,4,94,87,93,93,83,86,45,78,66,61
501543,Franck Honorat,220876,Franck Honorat,M'gladbach,Bundesliga,1996-08-11,29,RM,80,180,70,Right,3,4,82,85,78,76,72,80,56,71,57,63
720560,Julián Quiñones,234579,Julian Quiñones,Al Qadsiah,ROSHN Saudi League,1997-03-24,29,ST,80,180,78,Right,3,4,89,88,82,68,72,87,89,95,60,83
167008,Pascal Groß,190765,Pascal Groß,Borussia Dortmund,Bundesliga,1991-06-15,35,CDM,80,181,78,Right,4,3,46,50,68,71,85,83,73,64,78,76
1084981,Noni Madueke,254796,Noni Madueke,Arsenal,Premier League,2002-03-10,24,RW,80,182,75,Left,3,4,89,88,81,79,76,75,67,76,67,69
312765,Jack Grealish,206517,Jack Grealish,Everton,Premier League,1995-09-10,30,LW,80,180,81,Right,3,4,75,70,84,85,79,69,67,67,65,67
681383,Benjamin Henrichs,228579,Benjamin Henrichs,RB Leipzig,Bundesliga,1997-02-23,29,RB,80,185,84,Right,4,3,74,73,75,69,79,73,74,77,72,74
837341,Noa Lang,239380,Noa Lang,SSC Napoli,Serie A Enilive,1999-06-17,27,LW,80,179,69,Right,3,5,84,76,87,83,82,78,60,68,74,68
1073977,Benjamin Sesko,260592,Benjamin Šeško,Man Utd,Premier League,2003-05-31,23,ST,80,195,86,Right,4,4,79,87,75,69,73,84,83,93,62,80
843040,Pedro Neto,238616,Pedro Neto,Chelsea,Premier League,2000-03-09,26,RM,80,174,62,Left,4,4,92,90,88,88,75,73,65,74,68,68
933576,Antoine Semenyo,241236,Antoine Semenyo,AFC Bournemouth,Premier League,2000-01-07,26,RM,80,185,79,Right,5,3,78,82,79,74,79,84,79,81,71,79
148830,Benjamin André,190674,Benjamin André,LOSC Lille,Ligue 1 McDonald's,1990-08-03,35,CDM,80,180,76,Right,3,3,54,55,68,72,79,90,79,80,85,83
576165,Gabriel Jesus,230666,Gabriel Jesus,Arsenal,Premier League,1997-04-03,29,ST,80,175,73,Right,3,4,85,78,88,89,80,66,67,85,82,71
760359,Harvey Barnes,234742,Harvey Barnes,Newcastle Utd,Premier League,1997-12-09,28,LW,80,185,72,Right,4,3,80,85,78,77,79,74,71,70,53,68
760320,Aaron Wan-Bissaka,229880,Aaron Wan-Bissaka,West Ham,Premier League,1997-11-26,28,RB,80,183,72,Right,2,3,79,80,77,70,79,75,71,75,73,73
1131217,Pierre Kalulu,255654,Pierre Kalulu,Juventus,Serie A Enilive,2000-06-05,26,CB,80,182,80,Right,3,2,76,83,73,69,80,76,73,83,80,76
823658,Valentín Castellanos,237712,Valentin Castellanos,Latium,Serie A Enilive,1998-10-03,27,ST,80,178,70,Right,3,3,78,73,77,74,79,85,65,85,84,75
575735,Nicolas Pépé,226110,Nicolas Pépé,Villarreal CF,LALIGA EA SPORTS,1995-05-29,31,RM,80,183,73,Left,2,4,87,88,91,75,78,69,74,79,43,67
972120,Boulaye Dia,246242,Boulaye Dia,Latium,Serie A Enilive,1996-11-16,29,ST,80,180,75,Right,4,3,81,87,76,70,78,74,74,87,65,73
671203,Mario Hermoso,229668,Mario Hermoso,AS Roma,Serie A Enilive,1995-06-18,31,CB,80,184,76,Left,3,2,71,73,70,61,77,72,80,88,83,79
773229,Édouard Mendy,234642,Édouard Mendy,Al Ahli,ROSHN Saudi League,1992-03-01,34,GK,80,197,86,Right,2,1,33,36,50,33,80,36,72,64,22,79
840241,Ermedin Demirovic,238900,Ermedin Demirović,VfB Stuttgart,Bundesliga,1998-03-25,28,ST,80,185,84,Right,3,3,68,75,70,71,82,80,77,80,77,78
884382,Ayoub El Kaabi,243586,Ayoub El Kaabi,Olympiacos FC,Hellas Liga,1993-06-25,33,ST,80,182,76,Left,2,3,80,83,75,76,80,78,77,89,71,77
1197347,Nicolas Jackson,259197,Nicolas Jackson,FC Bayern München,Bundesliga,2001-06-20,25,ST,80,187,78,Right,3,3,81,83,72,71,80,81,77,89,70,77
203666,Hans Vanaken,200155,Hans Vanaken,Club Brugge,1A Pro League,1992-08-24,33,CAM,80,195,77,Right,4,4,39,50,62,42,82,91,79,77,57,78
696365,Marcus Rashford,231677,Marcus Rashford,FC Barcelona,LALIGA EA SPORTS,1997-10-31,28,LM,80,186,70,Right,3,5,87,87,77,69,77,64,65,82,52,63
1157237,Christos Tzolis,256948,Christos Tzolis,Club Brugge,1A Pro League,2002-01-30,24,LM,80,179,73,Right,4,4,85,72,84,85,77,85,63,78,70,71
942368,Jérémy Doku,246420,Jérémy Doku,Manchester City,Premier League,2002-05-27,24,LW,80,173,66,Right,3,4,95,88,93,92,75,63,73,73,62,68
1265963,Igor Paixão,271400,Igor Paixão,OM,Ligue 1 McDonald's,2000-06-28,26,LM,80,168,63,Right,2,4,83,83,81,89,79,76,68,90,62,70
772104,Jerdy Schouten,235149,Jerdy Schouten,PSV,Eredivisie,1997-01-12,29,CDM,80,185,74,Right,3,4,60,60,66,77,78,71,75,73,70,73
940087,Gonçalo Ramos,256903,Gonçalo Ramos,Paris SG,Ligue 1 McDonald's,2001-06-20,25,ST,80,185,82,Right,4,2,73,73,77,71,81,79,79,89,78,79
591734,Dominic Solanke,225539,Dominic Solanke,Spurs,Premier League,1997-09-14,28,ST,80,187,80,Right,2,3,68,74,67,68,80,87,84,88,75,83
400625,Vincenzo Grifo,212096,Vincenzo Grifo,SC Freiburg,Bundesliga,1993-04-07,33,LM,80,180,80,Right,2,4,73,68,78,76,82,81,65,65,52,66
935769,Armand Laurienté,243593,Armand Laurienté,Sassuolo,Serie A Enilive,1998-12-04,27,LW,80,171,59,Right,3,4,93,89,91,92,76,82,48,64,48,57
266520,Christian Nørgaard,210697,Christian Nørgaard,Arsenal,Premier League,1994-03-10,32,CDM,80,187,77,Right,3,3,52,47,61,67,80,82,78,72,80,79
1096400,Levi Colwill,262859,Levi Colwill,Chelsea,Premier League,2003-02-26,23,CB,80,187,83,Left,3,2,66,73,60,62,78,77,79,84,84,80
1305618,Maghnes Akliouche,264862,Maghnes Akliouche,AS Monaco,Ligue 1 McDonald's,2002-02-25,24,RM,80,183,63,Left,3,4,75,74,84,75,78,77,58,62,54,62
498033,Marco Asensio,220834,Marco Asensio,Fenerbahçe,Trendyol Süper Lig,1996-01-21,30,RW,80,182,76,Left,3,4,73,68,78,73,81,64,63,70,45,60
1117570,Kerem Akturkoglu,258580,Kerem Aktürkoğlu,Fenerbahçe,Trendyol Süper Lig,1998-10-21,27,LW,80,173,68,Right,3,4,87,84,88,81,81,86,44,62,57,58
974618,Jan Paul van Hecke,258908,Jan Paul van Hecke,Brighton,Premier League,2000-06-08,26,CB,80,189,79,Right,3,2,66,68,55,60,79,70,79,90,83,78
474658,Álvaro Garcia,216447,Álvaro García,Rayo Vallecano,LALIGA EA SPORTS,1992-10-27,33,LM,80,167,61,Left,3,3,90,87,87,93,77,75,34,58,34,45
661519,Deniz Undav,244176,Deniz Undav,VfB Stuttgart,Bundesliga,1996-07-19,29,ST,80,179,86,Right,5,3,67,65,73,86,80,70,80,82,79,77
688300,Samuel Chukwueze,246172,Samuel Chukwueze,Fulham,Premier League,1999-05-22,27,RW,80,172,70,Left,2,4,91,86,85,82,77,62,58,66,47,57
1253852,Castello Lukeba,262138,Castello Lukeba,RB Leipzig,Bundesliga,2002-12-17,23,CB,80,183,84,Left,2,2,73,71,70,68,79,65,78,88,78,75
208494,Casemiro,200145,Casemiro,Man Utd,Premier League,1992-02-23,34,CDM,80,185,84,Right,3,2,35,36,48,51,79,54,81,75,90,76
1098096,Evanilson,256612,Evanilson,AFC Bournemouth,Premier League,1999-10-06,26,ST,80,183,80,Right,4,3,75,76,69,69,83,74,78,86,73,76
1173250,Arthur Theate,257278,Arthur Theate,Frankfurt,Bundesliga,2000-05-25,26,CB,80,185,78,Left,3,2,66,68,64,56,80,82,82,82,82,82
846381,Jadon Sancho,233049,Jadon Sancho,Aston Villa,Premier League,2000-03-25,26,LW,80,180,76,Right,3,5,82,77,90,90,78,64,58,62,47,58
792645,Pau Torres,241464,Pau Torres,Aston Villa,Premier League,1997-01-16,29,CB,80,191,80,Left,2,2,66,67,56,52,80,71,73,84,73,73
609505,Borja Iglesias,224179,Borja Iglesias,Celta,LALIGA EA SPORTS,1993-01-17,33,ST,80,187,86,Right,3,3,59,65,53,67,80,64,84,85,73,77
1014496,Odilon Kossounou,246875,Odilon Kossounou,Bergamo Calcio,Serie A Enilive,2001-01-04,25,CB,80,191,82,Right,3,2,74,84,62,56,76,76,79,80,78,78
793255,Florentino,234569,Florentino,Burnley,Premier League,1999-08-19,26,CDM,80,184,76,Right,2,2,55,55,73,68,76,85,78,73,78,80
1189288,Federico Gatti,266872,Federico Gatti,Juventus,Serie A Enilive,1998-06-24,28,CB,80,190,80,Right,3,2,73,78,56,59,79,74,81,88,84,80
420568,Diego Llorente,212602,Diego Llorente,Real Betis,LALIGA EA SPORTS,1993-08-16,32,CB,80,186,75,Right,3,2,65,64,60,62,80,65,78,82,84,76
1425182,Ousmane Diomande,270531,Ousmane Diomande,Sporting CP,Liga Portugal,2003-12-04,22,CB,80,190,93,Right,3,2,78,82,63,66,73,80,90,93,83,86
488412,Clément Lenglet,220440,Clément Lenglet,Atlético de Madrid,LALIGA EA SPORTS,1995-06-17,31,CB,80,186,81,Left,4,2,52,56,60,58,82,71,79,79,75,76
255610,Harry Maguire,203263,Harry Maguire,Man Utd,Premier League,1993-03-05,33,CB,80,193,100,Right,3,2,37,34,33,33,78,66,89,80,84,82
449232,Andreas Christensen,213661,Andreas Christensen,FC Barcelona,LALIGA EA SPORTS,1996-04-10,30,CB,80,187,82,Right,3,2,52,73,60,61,80,67,78,78,73,74
243138,James Tarkowski,202695,James Tarkowski,Everton,Premier League,1992-11-19,33,CB,80,188,81,Right,4,2,41,49,52,47,79,68,86,80,89,82
1174630,Richard Ríos,262881,Richard Ríos,SL Benfica,Liga Portugal,2000-06-02,26,CM,79,187,77,Right,3,3,83,80,84,79,83,88,79,78,85,82
111060,Callum McGregor,211093,Callum McGregor,Celtic,Scottish Prem,1993-06-14,33,CDM,79,178,74,Left,4,4,80,75,83,86,80,93,69,72,81,78
728765,Daizen Maeda,246321,Daizen Maeda,Celtic,Scottish Prem,1997-10-20,28,LW,79,173,68,Right,4,2,94,91,92,88,85,95,67,88,85,79
1070776,Rodrigo Zalazar,251377,Rodrigo Zalazar,SC Braga,Liga Portugal,1999-08-12,26,CAM,79,178,70,Right,4,3,77,82,85,77,75,84,68,71,79,74
955529,Matheus Nunes,253124,Matheus Nunes,Manchester City,Premier League,1998-08-27,27,RB,79,184,78,Right,3,3,78,91,78,71,78,79,74,74,76,76
421786,Mario Lemina,212811,Mario Lemina,Galatasaray,Trendyol Süper Lig,1993-09-01,32,CDM,79,184,85,Right,4,3,76,81,77,75,79,83,83,91,82,83
867395,Nuno Santos,227890,Nuno Santos,Sporting CP,Liga Portugal,1995-02-13,31,LM,79,177,71,Left,2,5,81,78,76,71,78,77,69,75,79,73
80295,Yuri Berchiche,183512,Yuri Berchiche,Athletic Club,LALIGA EA SPORTS,1990-02-10,36,LB,79,181,80,Left,3,3,81,77,74,81,80,79,81,88,85,82
751550,Diogo Dalot,234574,Diogo Dalot,Man Utd,Premier League,1999-03-18,27,RB,79,183,76,Right,4,4,84,86,74,74,75,81,74,85,82,78
276729,Stefan Ortega,200159,Stefan Ortega,Manchester City,Premier League,1992-11-06,33,GK,79,185,88,Right,4,1,51,53,42,54,75,33,73,73,29,78
278285,Paulo Gazzaniga,205186,Paulo Gazzaniga,Girona FC,LALIGA EA SPORTS,1992-01-02,34,GK,79,196,90,Right,3,1,57,56,65,60,77,42,55,66,40,78
159833,Kyle Walker,188377,Kyle Walker,Burnley,Premier League,1990-05-28,36,RB,79,183,83,Right,2,3,78,81,66,66,78,72,77,85,84,78
400256,Rodinei,212091,Rodinei,Olympiacos FC,Hellas Liga,1992-01-29,34,RB,79,177,70,Right,3,3,80,82,76,77,77,84,74,81,76,77
970578,Andrei Ratiu,248165,Andrei Rațiu,Rayo Vallecano,LALIGA EA SPORTS,1998-06-20,28,RB,79,183,79,Right,3,3,93,92,81,64,72,80,65,85,69,71
298915,Maximilian Arnold,206511,Maximilian Arnold,VfL Wolfsburg,Bundesliga,1994-05-27,32,CDM,79,184,74,Left,2,3,63,64,69,64,81,78,74,70,77,75
892816,Sergiño Dest,251804,Sergiño Dest,PSV,Eredivisie,2000-11-03,25,RB,79,173,68,Right,4,4,89,86,89,88,77,76,68,78,73,72
1078846,Andrea Cambiaso,258966,Andrea Cambiaso,Juventus,Serie A Enilive,2000-02-20,26,LB,79,182,77,Left,5,3,79,78,78,71,78,76,66,75,71,70
244811,Davide Zappacosta,216150,Davide Zappacosta,Bergamo Calcio,Serie A Enilive,1992-06-11,34,LM,79,182,75,Right,3,3,78,74,71,69,76,80,61,75,75,69
559065,Ramy Bensebaini,224196,Ramy Bensebaini,Borussia Dortmund,Bundesliga,1995-04-16,31,LB,79,187,82,Left,4,3,72,73,67,67,75,77,78,88,82,79
915102,Hidemasa Morita,242087,Hidemasa Morita,Sporting CP,Liga Portugal,1995-05-10,31,CM,79,177,76,Right,5,3,67,68,75,73,79,83,77,68,76,78
950561,Darwin Núñez,253072,Darwin Núñez,Al Hilal,ROSHN Saudi League,1999-06-24,27,ST,79,187,81,Right,3,3,86,89,68,66,74,79,81,93,84,82
638090,Luis Milla,242201,Luis Milla,Getafe CF,LALIGA EA SPORTS,1994-10-07,31,CM,79,175,67,Right,3,3,72,67,68,77,79,82,68,66,75,73
1280132,Nico González,255069,Nico González,Manchester City,Premier League,2002-01-03,24,CDM,79,188,88,Right,3,3,66,67,67,57,76,80,79,77,85,80
439369,Ryan Christie,213884,Ryan Christie,AFC Bournemouth,Premier League,1995-02-12,31,CDM,79,178,70,Left,4,3,73,66,78,80,80,85,69,69,82,76
683450,Pablo Fornals,226456,Pablo Fornals,Real Betis,LALIGA EA SPORTS,1996-02-22,30,CDM,79,178,67,Right,3,4,66,65,75,73,78,81,66,64,74,71
726345,Nahuel Molina,233084,Nahuel Molina,Atlético de Madrid,LALIGA EA SPORTS,1998-04-06,28,RB,79,175,70,Right,3,3,79,84,81,76,76,85,63,74,74,71
966026,Ian Maatsen,248465,Ian Maatsen,Aston Villa,Premier League,2002-03-10,24,LB,79,178,68,Left,2,3,88,87,86,86,78,74,52,70,73,63
1072068,Konstantinos Tzolakis,252552,Konstantinos Tzolakis,Olympiacos FC,Hellas Liga,2002-11-08,23,GK,79,193,80,Right,3,1,53,56,63,57,73,43,68,68,38,79
603537,Angelino,220651,Angeliño,AS Roma,Serie A Enilive,1997-01-04,29,LB,79,171,69,Left,3,4,77,62,84,83,77,87,56,71,76,69
543021,Vanja Milinkovic-Savic,224836,Vanja Milinković-Savić,SSC Napoli,Serie A Enilive,1997-02-20,29,GK,79,202,99,Right,3,1,41,45,38,38,72,33,73,67,34,81
659272,Julian Ryerson,229891,Julian Ryerson,Borussia Dortmund,Bundesliga,1997-11-17,28,RB,79,183,82,Right,3,2,77,72,76,77,77,83,80,74,86,82
881735,Anton Stach,257191,Anton Stach,Leeds United,Premier League,1998-11-15,27,CDM,79,194,88,Right,4,3,68,71,62,48,79,82,81,85,74,80
156008,Jordan Henderson,183711,Jordan Henderson,Brentford,Premier League,1990-06-17,36,CDM,79,182,80,Right,3,3,62,67,62,65,79,77,77,74,80,77
196169,Marcos Alonso,192638,Marcos Alonso,Celta,LALIGA EA SPORTS,1990-12-28,35,CB,79,188,81,Left,3,3,58,56,63,56,79,74,76,80,80,77
248453,Paul Pogba,195864,Paul Pogba,AS Monaco,Ligue 1 McDonald's,1993-03-15,33,CM,79,191,84,Right,4,5,60,68,68,65,71,56,88,82,77,78
844477,Sergio Gómez,241811,Sergio Gómez,Real Sociedad,LALIGA EA SPORTS,2000-09-04,25,LM,79,173,71,Left,3,4,76,70,82,83,75,78,58,64,68,65
1022649,Dan Ndoye,257980,Dan Ndoye,Nott'm Forest,Premier League,2000-10-25,25,LM,79,184,79,Right,3,3,86,92,84,74,75,81,65,73,59,68
1020963,Nicolò Rovella,255001,Nicolò Rovella,Latium,Serie A Enilive,2001-12-04,24,CDM,79,179,70,Right,4,3,75,77,79,77,77,85,62,72,78,71
1185748,Amadou Onana,257057,Amadou Onana,Aston Villa,Premier League,2001-08-16,24,CDM,79,192,76,Right,4,3,64,82,49,52,75,76,83,85,83,81
212512,Jasper Cillessen,199987,Jasper Cillessen,N.E.C. Nijmegen,Eredivisie,1989-04-22,37,GK,79,186,85,Right,3,1,56,50,48,50,79,40,67,69,25,78
426892,Hamari Traoré,219789,Hamari Traoré,Paris FC,Ligue 1 McDonald's,1992-01-27,34,RB,79,175,64,Right,3,3,80,83,74,80,74,90,73,83,75,78
532942,Pau López,221087,Pau López,Real Betis,LALIGA EA SPORTS,1994-12-13,31,GK,79,189,77,Left,3,1,45,52,40,57,76,42,52,60,39,79
729731,Matty Cash,227174,Matty Cash,Aston Villa,Premier League,1997-08-07,28,RB,79,185,74,Right,3,3,74,75,73,67,79,86,68,67,84,76
873556,Mauro Júnior,241509,Mauro Júnior,PSV,Eredivisie,1999-05-06,27,LB,79,171,62,Left,3,4,82,83,90,83,79,85,38,54,81,59
1180288,Ismael Saibari,259480,Ismael Saibari,PSV,Eredivisie,2001-07-18,24,CAM,79,185,81,Right,4,4,81,76,77,80,80,79,83,81,65,78
37770,Kasper Schmeichel,163587,Kasper Schmeichel,Celtic,Scottish Prem,1986-11-05,39,GK,79,189,90,Right,3,1,38,47,57,47,79,31,72,67,45,79
389050,Juan Musso,214979,Juan Musso,Atlético de Madrid,LALIGA EA SPORTS,1994-05-06,32,GK,79,191,93,Right,3,1,46,42,32,39,70,35,70,68,27,81
683762,Sergio Herrera,224003,Sergio Herrera,CA Osasuna,LALIGA EA SPORTS,1993-06-06,33,GK,79,192,82,Right,3,1,45,50,45,45,77,42,67,66,25,77
722207,Rasmus Kristensen,233301,Rasmus Kristensen,Frankfurt,Bundesliga,1997-07-11,28,RB,79,187,75,Right,4,3,66,72,61,64,81,84,78,83,85,81
1106074,Mario Gila,268804,Mario Gila,Latium,Serie A Enilive,2000-08-29,25,CB,79,185,80,Right,4,2,83,87,74,72,79,82,71,88,76,76
729769,Tyler Adams,232999,Tyler Adams,AFC Bournemouth,Premier League,1999-02-14,27,CDM,79,175,72,Right,3,3,85,74,77,85,77,79,68,79,85,75
827315,Nicolás Dominguez,237819,Nicolás Domínguez,Nott'm Forest,Premier League,1998-06-28,28,CDM,79,179,73,Right,4,3,72,67,82,80,75,89,67,74,88,77
688278,Pervis Estupinán,237942,Pervis Estupiñán,Milano FC,Serie A Enilive,1998-01-21,28,LB,79,175,79,Left,3,3,77,76,74,73,77,81,68,77,70,72
999171,Álvaro Vallés,246657,Álvaro Valles,Real Betis,LALIGA EA SPORTS,1997-07-25,28,GK,79,191,82,Right,4,1,40,42,38,35,70,40,65,63,22,80
1186684,Alan Varela,260599,Alan Varela,FC Porto,Liga Portugal,2001-07-04,24,CDM,79,177,73,Right,3,3,71,69,71,75,77,84,74,73,84,78
562724,Lewis Cook,224294,Lewis Cook,AFC Bournemouth,Premier League,1997-02-03,29,CDM,79,175,71,Right,4,3,68,69,76,82,79,85,65,64,80,73
557677,Nikola Vlasic,241095,Nikola Vlašić,Torino,Serie A Enilive,1997-10-04,28,CAM,79,179,79,Right,4,3,77,72,77,81,75,76,65,75,75,70
1059657,Sergi Cardona,262402,Sergi Cardona,Villarreal CF,LALIGA EA SPORTS,1999-07-08,26,LB,79,185,77,Left,3,3,84,80,70,74,74,85,71,80,73,75
562719,Valentin Rongier,223874,Valentin Rongier,Stade Rennais FC,Ligue 1 McDonald's,1994-12-07,31,CDM,79,174,67,Right,4,3,67,58,78,85,77,81,78,71,76,78
760722,Kamil Grabara,228383,Kamil Grabara,VfL Wolfsburg,Bundesliga,1999-01-08,27,GK,79,195,85,Right,3,1,42,42,45,48,66,38,71,70,36,78
600524,Reinildo,236045,Reinildo,Sunderland,Premier League,1994-01-21,32,LB,79,180,73,Left,3,3,81,81,76,71,76,81,75,88,80,78
776689,Caoimhín Kelleher,240913,Caoimhin Kelleher,Brentford,Premier League,1998-11-23,27,GK,79,188,81,Right,4,1,45,39,44,48,77,19,71,68,21,78
921341,Alexis Saelemaekers,242664,Alexis Saelemaekers,Milano FC,Serie A Enilive,1999-06-27,27,RM,79,180,72,Right,4,4,83,77,86,78,79,77,54,63,69,63
844437,Amine Gouiri,240753,Amine Gouiri,OM,Ligue 1 McDonald's,2000-02-16,26,ST,79,181,80,Right,3,4,79,75,79,74,76,76,71,79,61,71
362694,Luke Shaw,205988,Luke Shaw,Man Utd,Premier League,1995-07-12,30,CB,79,181,75,Left,2,3,69,69,60,73,78,51,77,83,85,72
621415,Augusto Batalla,227186,Augusto Batalla,Rayo Vallecano,LALIGA EA SPORTS,1996-04-30,30,GK,79,186,77,Right,3,1,43,42,37,43,77,31,72,69,26,77
280818,Marko Dmitrovic,227290,Marko Dmitrović,RCD Espanyol,LALIGA EA SPORTS,1992-01-24,34,GK,79,194,91,Left,2,1,39,35,32,37,70,45,79,71,20,80
750028,Fran García,246606,Fran García,Real Madrid,LALIGA EA SPORTS,1999-08-14,26,LB,79,169,62,Left,3,3,90,89,80,91,72,83,66,75,66,71
1473580,Aleksandar Pavlovic,275298,Aleksandar Pavlović,FC Bayern München,Bundesliga,2004-05-03,22,CDM,79,188,75,Right,4,3,69,56,72,70,80,77,72,78,57,71
1197250,Malo Gusto,259307,Malo Gusto,Chelsea,Premier League,2003-05-19,23,RB,79,178,74,Right,3,3,87,81,84,77,76,85,68,74,76,74
1035614,Manuel Ugarte,253306,Manuel Ugarte,Man Utd,Premier League,2001-04-11,25,CDM,79,182,77,Right,3,3,62,62,68,72,78,70,74,69,87,75
1194892,Arnau Martinez,260815,Arnau Martínez,Girona FC,LALIGA EA SPORTS,2003-04-25,23,RB,79,182,72,Right,3,2,83,75,74,66,79,80,66,83,67,71
1033111,Kaishu Sano,73078,Kaishū Sano,1. FSV Mainz 05,Bundesliga,2000-12-30,25,CDM,79,176,67,Right,3,2,76,81,78,78,78,92,65,79,77,75
202643,Wataru Endo,232487,Wataru Endo,Liverpool,Premier League,1993-02-09,33,CDM,79,178,77,Right,4,3,66,52,72,81,77,77,67,85,82,73
1296650,Adam Wharton,259240,Adam Wharton,Crystal Palace,Premier League,2004-02-06,22,CDM,79,182,70,Left,4,3,60,63,69,71,78,69,66,68,76,69
56829,Fernando Muslera,182494,Fernando Muslera,Estudiantes,LPF,1986-06-16,40,GK,79,190,74,Right,2,1,40,47,45,60,77,40,68,64,32,78
794427,Joao Félix,242444,João Félix,Al Nassr,ROSHN Saudi League,1999-11-10,26,CAM,79,181,70,Right,4,5,79,75,85,81,79,70,60,75,72,66
448897,Walter Benítez,215223,Walter Benítez,Crystal Palace,Premier League,1993-01-19,33,GK,79,191,93,Right,2,1,38,35,45,45,76,40,80,69,28,78
613715,Olivier Boscagli,225863,Olivier Boscagli,Brighton,Premier League,1997-11-18,28,CB,79,181,68,Left,3,3,68,62,73,71,81,68,80,84,73,76
540963,Sander Berge,228092,Sander Berge,Fulham,Premier League,1998-02-18,28,CDM,79,195,96,Right,3,2,54,55,47,33,77,81,89,81,76,84
955271,Thiago Almada,245371,Thiago Almada,Atlético de Madrid,LALIGA EA SPORTS,2001-04-26,25,CAM,79,171,62,Right,4,4,86,74,92,93,74,69,50,53,64,58
1087966,Evann Guessand,258444,Evann Guessand,Aston Villa,Premier League,2001-07-01,25,RW,79,188,79,Right,3,3,79,86,75,59,76,76,84,91,58,77
1070052,Amad,254088,Amad,Man Utd,Premier League,2002-07-11,23,CAM,79,173,67,Left,4,4,88,82,92,89,77,70,45,65,42,52
1347574,Nico Paz,277846,Nico Paz,Como,Serie A Enilive,2004-09-08,21,CAM,79,186,81,Left,3,4,76,79,78,61,68,75,66,67,42,64
304345,Sead Kolasinac,207993,Sead Kolašinac,Bergamo Calcio,Serie A Enilive,1993-06-20,33,CB,79,183,85,Left,2,2,54,67,57,58,79,78,83,81,84,82
254241,Stole Dimitrievski,211348,Stole Dimitrievski,Valencia CF,LALIGA EA SPORTS,1993-12-25,32,GK,79,188,84,Right,2,1,35,38,44,43,77,40,72,66,17,77
794253,Justin Kluivert,236920,Justin Kluivert,AFC Bournemouth,Premier League,1999-05-05,27,CAM,79,172,67,Right,4,4,89,86,87,83,78,76,53,71,65,62
161328,Stephan El Shaarawy,190813,Stephan El Shaarawy,AS Roma,Serie A Enilive,1992-10-27,33,LM,79,178,73,Right,3,4,81,76,89,76,80,61,60,75,51,59
660301,Donyell Malen,231447,Donyell Malen,Aston Villa,Premier League,1999-01-19,27,RM,79,176,68,Right,4,4,89,84,86,86,78,69,66,73,65,67
771294,Ismaïla Sarr,235353,Ismaïla Sarr,Crystal Palace,Premier League,1998-02-25,28,CAM,79,185,70,Right,2,3,89,93,77,74,78,72,72,72,57,69
812652,Facundo Medina,236804,Facundo Medina,OM,Ligue 1 McDonald's,1999-05-28,27,CB,79,184,77,Left,2,3,67,79,62,67,80,78,81,82,84,81
954092,Santiago Gimenez,245152,Santiago Giménez,Milano FC,Serie A Enilive,2001-04-18,25,ST,79,183,68,Left,4,3,77,79,75,71,75,64,68,77,78,69
792429,Joey Veerman,253109,Joey Veerman,PSV,Eredivisie,1998-11-19,27,CM,79,185,75,Right,2,3,67,41,72,71,74,75,71,62,68,71
195305,Marc Bartra,198141,Marc Bartra,Real Betis,LALIGA EA SPORTS,1991-01-15,35,CB,79,184,73,Right,3,3,62,65,67,70,80,67,77,82,76,75
770136,Martin Terrier,236786,Martin Terrier,Leverkusen,Bundesliga,1997-03-04,29,ST,79,184,71,Right,3,3,81,75,72,73,77,73,74,85,57,71
557325,Stefan Posch,223671,Stefan Posch,Como,Serie A Enilive,1997-05-14,29,RB,79,190,82,Right,3,2,71,78,36,60,76,70,75,85,73,74
1047667,Maximilian Beier,254117,Maximilian Beier,Borussia Dortmund,Bundesliga,2002-10-17,23,ST,79,185,72,Right,3,4,86,86,82,77,79,82,53,77,54,62
1114979,Emmanuel Agbadou,258575,Emmanuel Agbadou,Wolves,Premier League,1997-06-17,29,CB,79,192,86,Right,3,2,69,89,51,40,79,68,90,89,84,83
671331,Leon Bailey,229906,Leon Bailey,AS Roma,Serie A Enilive,1997-08-09,28,RM,79,178,77,Left,2,4,91,84,91,88,77,64,61,75,55,61
965764,Iliman Ndiaye,261188,Iliman Ndiaye,Everton,Premier League,2000-03-06,26,LM,79,180,70,Right,4,4,83,85,84,77,79,71,65,75,47,63
602304,Nordi Mukiele,226166,Nordi Mukiele,Sunderland,Premier League,1997-11-01,28,RB,79,187,84,Right,3,3,76,69,65,65,76,68,79,78,83,77
793907,Trevoh Chalobah,230918,Trevoh Chalobah,Chelsea,Premier League,1999-07-05,26,CB,79,192,75,Right,3,3,64,68,52,60,78,67,83,84,76,78
1021382,João Pedro,252042,João Pedro,Chelsea,Premier League,2001-09-26,24,ST,79,188,82,Right,4,4,79,77,76,77,79,75,70,84,61,70
950485,Maxence Lacroix,244067,Maxence Lacroix,Crystal Palace,Premier League,2000-04-06,26,CB,79,190,88,Right,2,2,82,93,64,56,80,77,84,83,81,82
1076756,Brennan Johnson,251421,Brennan Johnson,Spurs,Premier League,2001-05-23,25,RW,79,186,73,Right,4,3,87,85,81,66,78,78,52,70,48,59
833219,Juan Foyth,237221,Juan Foyth,Villarreal CF,LALIGA EA SPORTS,1998-01-12,28,CB,79,187,83,Right,3,3,67,68,67,69,78,68,77,83,80,76
979752,Bafodé Diakité,246565,Bafodé Diakité,AFC Bournemouth,Premier League,2001-01-06,25,CB,79,184,82,Right,4,2,66,77,69,65,78,78,79,86,81,80
1088066,Jhon Duran,247172,Jhon Durán,Fenerbahçe,Trendyol Süper Lig,2003-12-13,22,ST,79,187,70,Left,2,3,76,85,68,69,78,69,83,83,83,80
1050158,Fábio Silva,252037,Fábio Silva,Borussia Dortmund,Bundesliga,2002-07-19,23,ST,79,185,75,Right,3,4,79,83,79,69,78,83,77,89,77,79
1384883,Marc Casadó,272600,Marc Casadó,FC Barcelona,LALIGA EA SPORTS,2003-09-14,22,CDM,79,172,66,Right,4,3,66,49,78,84,78,67,53,63,79,62
209384,Jordy Clasie,199422,Jordy Clasie,AZ,Eredivisie,1991-06-27,35,CDM,79,170,68,Right,3,3,46,46,69,85,77,68,71,53,75,70
361315,Eric Dier,202335,Eric Dier,AS Monaco,Ligue 1 McDonald's,1994-01-15,32,CB,79,191,91,Right,2,2,35,69,34,47,73,64,90,80,85,82
917802,Wesley Fofana,248695,Wesley Fofana,Chelsea,Premier League,2000-12-17,25,CB,79,185,84,Right,3,2,69,78,65,60,77,67,81,78,83,78
940573,Eric García,245037,Eric García,FC Barcelona,LALIGA EA SPORTS,2001-01-09,25,CB,79,182,76,Right,3,2,55,69,64,60,78,68,73,77,79,73
1106563,Nick Woltemade,254022,Nick Woltemade,Newcastle Utd,Premier League,2002-02-14,24,ST,79,199,90,Right,3,4,64,69,69,57,79,71,81,84,60,74
276791,Niclas Füllkrug,205431,Niclas Füllkrug,West Ham,Premier League,1993-02-09,33,ST,79,188,83,Right,4,3,53,60,51,61,80,55,86,86,82,77
643589,Cameron Carter-Vickers,228174,Cameron Carter-Vickers,Celtic,Scottish Prem,1997-12-31,28,CB,79,183,92,Right,2,2,79,78,77,78,80,74,90,91,80,84
862616,Edon Zhegrova,239763,Edon Zhegrova,Juventus,Serie A Enilive,1999-03-31,27,RM,79,180,74,Left,2,4,90,79,90,84,74,65,63,66,54,62
604088,Thilo Kehrer,226229,Thilo Kehrer,AS Monaco,Ligue 1 McDonald's,1996-09-21,29,CB,79,186,76,Right,5,2,62,75,62,63,79,71,79,82,78,77
792303,Luis Suárez,176580,Luis Suárez,Inter Miami CF,MLS,1987-01-24,39,ST,79,182,86,Right,4,3,52,54,66,71,83,53,81,75,87,75
1185336,Francisco Conceição,261050,Francisco Conceição,Juventus,Serie A Enilive,2002-12-14,23,RM,79,168,61,Left,2,4,88,87,93,90,79,69,40,54,49,50
721089,Gianluca Scamacca,226710,Gianluca Scamacca,Bergamo Calcio,Serie A Enilive,1999-01-01,27,ST,79,196,85,Right,3,3,61,69,61,54,76,51,83,86,58,70
46469,Olivier Giroud,178509,Olivier Giroud,LOSC Lille,Ligue 1 McDonald's,1986-09-30,39,ST,79,193,91,Left,3,3,45,51,55,53,84,61,88,84,76,79
277460,Arkadiusz Milik,205175,Arkadiusz Milik,Juventus,Serie A Enilive,1994-02-28,32,ST,79,186,80,Left,3,3,48,52,69,62,78,45,76,80,67,67
1030829,Jarrad Branthwaite,247649,Jarrad Branthwaite,Everton,Premier League,2002-06-27,24,CB,79,195,74,Left,5,2,65,75,34,43,79,72,82,78,75,78
754126,Kevin Danso,237985,Kevin Danso,Spurs,Premier League,1998-09-19,27,CB,79,190,85,Right,3,2,65,79,53,46,77,66,90,89,85,83
643724,Philipp Lienhart,231366,Philipp Lienhart,SC Freiburg,Bundesliga,1996-07-11,29,CB,79,189,87,Right,3,2,62,71,63,62,78,75,79,85,77,78
260964,Berat Djimsiti,208165,Berat Djimsiti,Bergamo Calcio,Serie A Enilive,1993-02-19,33,CB,79,190,83,Right,3,2,63,65,40,51,79,77,79,84,80,79
517052,Vedat Muriqi,223710,Vedat Muriqi,RCD Mallorca,LALIGA EA SPORTS,1994-04-24,32,ST,79,194,92,Left,3,3,34,63,36,33,82,71,91,82,74,82
961306,Nathan Collins,248484,Nathan Collins,Brentford,Premier League,2001-04-30,25,CB,79,193,81,Right,3,2,55,68,46,47,78,80,83,84,77,81
848266,Weston McKennie,238744,Weston McKennie,Juventus,Serie A Enilive,1998-08-28,27,CM,78,180,86,Right,3,3,75,78,68,69,77,81,77,91,82,80
734287,Alexander Bah,245235,Alexander Bah,SL Benfica,Liga Portugal,1997-12-09,28,RB,78,183,76,Right,4,3,88,91,77,70,76,84,78,82,84,81
957118,Nuno Tavares,251530,Nuno Tavares,Latium,Serie A Enilive,2000-01-26,26,LB,78,183,75,Left,4,3,87,89,79,63,75,81,77,82,73,77
883087,Ridle Baku,240709,Ridle Baku,RB Leipzig,Bundesliga,1998-04-08,28,RM,78,176,79,Right,4,3,85,78,84,85,75,76,74,74,74,75
791682,Lukás Provod,253727,Lukáš Provod,Slavia Praha,Česká Liga,1996-10-23,29,CAM,78,191,85,Left,4,3,71,80,73,77,79,85,85,82,73,82
909907,Cameron Puertas,256688,Cameron Puertas,SV Werder Bremen,Bundesliga,1998-08-18,27,CAM,78,178,74,Right,4,4,75,73,77,74,74,80,73,69,80,76
888921,Lewis Ferguson,242280,Lewis Ferguson,Bologna,Serie A Enilive,1999-08-24,26,CM,78,181,75,Right,4,3,72,72,78,73,72,77,70,81,85,75
629559,Mykola Shaparenko,244374,Mykola Shaparenko,Dynamo Kyiv,Ukrayina Liha,1998-10-04,27,CM,78,178,72,Right,3,3,81,78,82,75,79,77,65,73,78,71
970565,Kenneth Taylor,255009,Kenneth Taylor,Ajax,Eredivisie,2002-05-16,24,CM,78,182,73,Left,5,3,78,69,77,76,78,83,70,68,73,74
959597,Luka Sucic,258775,Luka Sučić,Real Sociedad,LALIGA EA SPORTS,2002-09-08,23,CM,78,185,71,Left,3,4,80,73,73,65,76,77,72,78,65,72
1339269,Hugo Larsson,268896,Hugo Larsson,Frankfurt,Bundesliga,2004-06-27,22,CM,78,187,74,Right,3,3,72,81,79,73,79,83,74,75,75,77
789571,Robert Sánchez,228789,Robert Sánchez,Chelsea,Premier League,1997-11-18,28,GK,78,197,90,Right,4,1,55,65,45,35,74,40,77,75,35,77
687008,Gonzalo Montiel,231340,Gonzalo Montiel,River Plate,LPF,1997-01-01,29,RB,78,175,70,Right,3,3,80,81,82,75,77,84,76,86,83,80
770321,Mahdi Camara,243631,Mahdi Camara,Stade Rennais FC,Ligue 1 McDonald's,1998-06-30,28,CM,78,178,73,Right,2,3,68,78,75,71,79,81,74,76,76,76
1021929,Jacob Ramsey,246923,Jacob Ramsey,Newcastle Utd,Premier League,2001-05-21,25,LM,78,180,72,Right,4,3,76,77,79,84,79,79,68,72,73,72
215242,Leonardo Spinazzola,202884,Leonardo Spinazzola,SSC Napoli,Serie A Enilive,1993-03-25,33,LB,78,186,75,Right,4,4,84,86,76,66,74,67,64,78,71,67
474673,Johan Mojica,214026,Johan Mojica,RCD Mallorca,LALIGA EA SPORTS,1992-08-21,33,LB,78,185,66,Left,2,3,86,90,69,58,74,63,69,80,77,70
1131987,Bart Verbruggen,258498,Bart Verbruggen,Brighton,Premier League,2002-08-18,23,GK,78,193,89,Right,4,1,57,55,52,45,76,30,72,73,17,75
150372,Mert Günok,190113,Mert Günok,Beşiktaş,Trendyol Süper Lig,1989-03-01,37,GK,78,196,92,Right,3,1,55,57,53,50,74,39,68,70,31,77
239350,Cristiano Biraghi,201389,Cristiano Biraghi,Torino,Serie A Enilive,1992-09-01,33,LB,78,185,78,Left,3,3,73,71,71,70,77,76,66,75,75,71
1114635,Luis Henrique,256632,Luis Henrique,Lombardia FC,Serie A Enilive,2001-12-14,24,RM,78,181,85,Right,3,3,85,94,71,73,75,75,81,86,65,77
181910,Mattia Perin,198009,Mattia Perin,Juventus,Serie A Enilive,1992-11-10,33,GK,78,188,77,Right,3,1,57,56,53,30,74,30,52,63,25,79
528811,Jens Stage,232711,Jens Stage,SV Werder Bremen,Bundesliga,1996-11-08,29,CM,78,185,83,Right,3,3,67,60,69,73,79,82,78,86,78,79
1127007,Chiquinho,243686,Chiquinho,Olympiacos FC,Hellas Liga,1995-07-19,30,CM,78,175,66,Right,3,4,75,73,78,80,74,83,66,66,64,70
1406436,Myles Lewis-Skelly,278773,Myles Lewis-Skelly,Arsenal,Premier League,2006-09-26,19,LB,78,178,72,Left,3,3,77,76,68,84,77,75,79,83,80,78
237606,Leandro Paredes,207439,Leandro Paredes,Boca Juniors,LPF,1994-06-29,32,CM,78,180,75,Right,4,4,62,62,68,75,71,73,70,67,88,74
478447,Adam Marusic,224031,Adam Marušić,Latium,Serie A Enilive,1992-10-17,33,RB,78,185,81,Right,4,3,79,80,64,70,76,77,77,86,76,77
750734,Dodô,234112,Dodô,Fiorentina,Serie A Enilive,1998-11-17,27,RB,78,166,68,Right,3,3,84,87,81,87,76,84,59,71,74,69
662205,Manuel Lazzari,235374,Manuel Lazzari,Latium,Serie A Enilive,1993-11-29,32,RB,78,174,67,Right,3,3,89,90,89,84,78,76,52,63,66,61
919374,Francisco Moura,251615,Francisco Moura,FC Porto,Liga Portugal,1999-08-16,26,LB,78,182,80,Left,2,3,79,77,72,69,75,81,70,78,73,74
1055426,Alistair Johnston,256107,Alistair Johnston,Celtic,Scottish Prem,1998-10-08,27,RB,78,180,77,Right,3,2,76,86,76,76,77,85,76,80,85,80
1088753,Geny Catamo,266097,Geny Catamo,Sporting CP,Liga Portugal,2001-01-26,25,RM,78,173,71,Left,3,4,92,91,88,80,74,79,50,68,56,59
937462,Andrea Colpani,251988,Andrea Colpani,Monza,Serie BKT,1999-05-11,27,RM,78,184,75,Left,3,3,73,79,73,66,76,74,65,74,58,66
1105912,Riccardo Calafiori,257711,Riccardo Calafiori,Arsenal,Premier League,2002-05-19,24,LB,78,188,86,Left,4,3,74,70,69,69,78,73,77,84,79,77
214972,Geoffrey Kondogbia,201455,Geoffrey Kondogbia,OM,Ligue 1 McDonald's,1993-02-15,33,CB,78,188,80,Left,3,3,64,66,65,57,70,74,84,83,81,81
844544,Pape Gueye,241707,Pape Gueye,Villarreal CF,LALIGA EA SPORTS,1999-01-24,27,CM,78,189,79,Left,3,2,66,68,67,68,77,80,78,77,79,79
798029,Ladislav Krejcí,252064,Ladislav Krejčí,Wolves,Premier League,1999-04-20,27,CB,78,191,87,Left,3,3,68,75,55,65,75,79,85,89,88,84
1014980,Daniel Bragança,252143,Daniel Bragança,Sporting CP,Liga Portugal,1999-05-27,27,CM,78,178,72,Left,2,4,76,81,77,75,77,70,58,64,59,62
685833,Oscar Dorley,254909,Oscar Dorley,Slavia Praha,Česká Liga,1998-07-19,27,CDM,78,174,66,Left,3,4,80,76,86,83,77,86,64,75,72,72
765466,Sebastian Szymanski,235973,Sebastian Szymański,Fenerbahçe,Trendyol Süper Lig,1999-05-10,27,CAM,78,174,60,Left,2,3,81,76,85,80,77,84,57,71,70,67
762721,Lovro Majer,244261,Lovro Majer,VfL Wolfsburg,Bundesliga,1998-01-17,28,CM,78,178,76,Left,3,4,76,65,84,76,78,84,65,71,63,70
593116,Sofyan Amrabat,224158,Sofyan Amrabat,Real Betis,LALIGA EA SPORTS,1996-08-21,29,CDM,78,183,77,Right,2,3,62,61,62,76,74,79,82,76,86,82
602845,Emil Audero,228413,Emil Audero,Cremonese,Serie A Enilive,1997-01-18,29,GK,78,192,83,Right,3,1,55,49,53,51,75,25,55,66,24,76
659493,Bryan Heynen,229659,Bryan Heynen,KRC Genk,1A Pro League,1997-02-06,29,CDM,78,183,74,Right,4,3,60,60,70,70,81,91,73,72,76,78
583601,Roland Sallai,234171,Roland Sallai,Galatasaray,Trendyol Süper Lig,1997-05-22,29,RM,78,183,79,Right,4,4,77,77,76,76,75,78,70,74,77,74
766574,Yehvann Diouf,235633,Yehvann Diouf,OGC Nice,Ligue 1 McDonald's,1999-11-16,26,GK,78,190,74,Right,3,1,52,48,48,38,75,44,62,67,26,76
724306,Yves Bissouma,236480,Yves Bissouma,Spurs,Premier League,1996-08-30,29,CDM,78,182,78,Right,3,3,65,67,73,77,77,74,74,74,76,74
970243,Mats Wieffer,248793,Mats Wieffer,Brighton,Premier League,1999-11-16,26,CDM,78,188,78,Right,3,3,67,67,67,65,75,77,76,82,84,78
1113690,Conor Bradley,264298,Conor Bradley,Liverpool,Premier League,2003-07-09,22,RB,78,181,75,Right,3,3,80,80,72,67,76,84,65,76,84,74
463268,Andrija Zivkovic,220746,Andrija Živković,PAOK FC,Hellas Liga,1996-07-11,29,RM,78,169,62,Left,3,4,84,80,80,88,74,74,58,66,75,66
556972,Sasa Lukic,236699,Saša Lukić,Fulham,Premier League,1996-08-13,29,CDM,78,183,77,Right,3,2,63,58,65,68,72,84,75,72,83,79
958421,João Mário,212814,João Mário,Beşiktaş,Trendyol Süper Lig,1993-01-19,33,LM,78,179,73,Right,4,3,68,68,77,72,78,77,65,67,63,68
902651,Raoul Bellanova,247229,Raoul Bellanova,Bergamo Calcio,Serie A Enilive,2000-05-17,26,RM,78,188,85,Right,3,3,82,90,65,62,75,81,71,81,70,74
1215064,Martin Baturina,262842,Martin Baturina,Como,Serie A Enilive,2003-02-16,23,CAM,78,172,68,Right,4,3,77,77,78,86,76,76,67,70,49,66
654908,Richarlison,231943,Richarlison,Spurs,Premier League,1997-05-10,29,ST,78,184,71,Right,4,4,77,75,72,65,76,68,74,89,84,75
881640,Lutsharel Geertruida,241187,Lutsharel Geertruida,Sunderland,Premier League,2000-07-18,25,CB,78,185,84,Right,3,2,76,69,69,68,75,76,80,89,73,78
941656,Samuele Ricci,253473,Samuele Ricci,Milano FC,Serie A Enilive,2001-08-21,24,CDM,78,181,76,Right,3,3,74,72,76,75,76,84,65,70,74,72
1109046,Ilaix Moriba,259233,Ilaix Moriba,Celta,LALIGA EA SPORTS,2003-01-19,23,CM,78,185,73,Right,4,4,66,68,65,59,77,81,71,73,73,74
556505,Robin Zentner,224251,Robin Zentner,1. FSV Mainz 05,Bundesliga,1994-10-28,31,GK,78,194,96,Right,3,1,60,64,30,45,77,29,83,80,42,72
1131349,Santiago Hezze,255971,Santiago Hezze,Olympiacos FC,Hellas Liga,2001-10-22,24,CDM,78,182,77,Right,3,3,68,71,73,70,73,88,78,81,76,80
972406,Adem Zorgane,262925,Adem Zorgane,R. Union St.-G.,1A Pro League,2000-01-06,26,CDM,78,184,77,Right,4,3,59,49,67,63,76,90,83,75,76,83
331542,Jonas Hofmann,210324,Jonas Hofmann,Leverkusen,Bundesliga,1992-07-14,33,CAM,78,176,72,Right,4,3,69,60,77,79,81,73,66,63,70,68
660462,Pierre Lees-Melou,230020,Pierre Lees-Melou,Paris FC,Ligue 1 McDonald's,1993-05-25,33,CDM,78,186,70,Right,4,3,61,54,71,65,78,80,71,69,71,73
800880,Matvey Safonov,240225,Matvey Safonov,Paris SG,Ligue 1 McDonald's,1999-02-25,27,GK,78,192,82,Right,2,1,46,42,55,34,70,34,65,65,38,77
1232172,Zeno Debast,254262,Zeno Debast,Sporting CP,Liga Portugal,2003-10-24,22,CDM,78,191,76,Right,4,3,66,73,61,53,77,81,73,80,77,76
1229176,Beñat Prados,263617,Beñat Prados,Athletic Club,LALIGA EA SPORTS,2001-02-08,25,CDM,78,180,70,Right,3,2,70,66,78,82,78,83,73,76,80,77
1524210,Guillaume Restes,265526,Guillaume Restes,Toulouse FC,Ligue 1 McDonald's,2005-03-11,21,GK,78,188,82,Left,3,1,38,44,38,42,72,39,65,62,22,77
195782,Marco Bizot,200110,Marco Bizot,Aston Villa,Premier League,1991-03-10,35,GK,78,193,88,Right,2,1,45,47,50,40,76,31,63,65,39,79
759097,Joakim Mæhle,234678,Joakim Mæhle,VfL Wolfsburg,Bundesliga,1997-05-20,29,LB,78,185,79,Right,3,3,77,73,70,65,79,83,74,79,73,76
894803,Djed Spence,243702,Djed Spence,Spurs,Premier League,2000-08-09,25,RB,78,184,71,Right,3,3,87,88,78,67,75,76,72,83,65,72
281762,Pietro Terracciano,205812,Pietro Terracciano,Milano FC,Serie A Enilive,1990-03-08,36,GK,78,193,78,Right,2,1,40,42,48,45,70,33,60,62,21,78
673356,Pablo Maffeo,221342,Pablo Maffeo,RCD Mallorca,LALIGA EA SPORTS,1997-07-12,28,RB,78,172,70,Right,3,3,83,79,74,81,73,71,69,80,67,70
851626,Hiroki Ito,234205,Hiroki Ito,FC Bayern München,Bundesliga,1999-05-12,27,CB,78,188,84,Left,3,2,74,74,66,67,82,59,77,84,72,72
671865,Santi Comesana,235781,Santi Comesaña,Villarreal CF,LALIGA EA SPORTS,1996-10-05,29,CM,78,188,75,Right,4,3,54,56,59,55,79,75,74,70,77,75
846383,Callum Hudson-Odoi,240740,Callum Hudson-Odoi,Nott'm Forest,Premier League,2000-11-07,25,LM,78,182,76,Right,3,4,85,79,83,78,75,73,62,71,53,63
1044470,Hákon Arnar Haraldsson,262088,Hákon Arnar Haraldsson,LOSC Lille,Ligue 1 McDonald's,2003-04-10,23,CAM,78,178,71,Right,4,3,77,77,86,82,76,85,57,63,82,69
199302,Edin Visca,205678,Edin Višća,Trabzonspor,Trendyol Süper Lig,1990-02-17,36,RM,78,172,63,Right,4,3,83,81,87,91,73,81,58,66,61,65
640220,Marc Roca,235945,Marc Roca,Real Betis,LALIGA EA SPORTS,1996-11-26,29,CDM,78,184,81,Left,3,3,53,64,65,65,76,75,75,71,74,75
939542,Dwight McNeil,243282,Dwight McNeil,Everton,Premier League,1999-11-22,26,LM,78,183,68,Left,2,3,68,67,75,72,76,84,64,68,57,68
1092403,Melvin Bard,254548,Melvin Bard,OGC Nice,Ligue 1 McDonald's,2000-11-06,25,LB,78,173,65,Left,3,3,77,78,73,80,75,81,74,76,77,76
330643,Mark Flekken,211738,Mark Flekken,Leverkusen,Bundesliga,1993-06-13,33,GK,78,195,87,Right,4,1,29,36,34,38,74,28,72,63,32,76
771401,Anthony Caci,236636,Anthony Caci,1. FSV Mainz 05,Bundesliga,1997-07-01,29,RB,78,185,76,Right,5,3,70,73,68,70,76,90,72,79,68,76
1023030,Jhon Arias,241602,Jhon Arias,Wolves,Premier League,1997-09-21,28,RW,78,168,70,Right,4,3,86,85,90,88,76,78,72,74,45,68
1079557,Amine Adli,255223,Amine Adli,AFC Bournemouth,Premier League,2000-05-10,26,ST,78,174,72,Left,3,4,87,82,86,84,76,64,67,91,73,69
176300,Xherdan Shaqiri,193348,Xherdan Shaqiri,FC Basel 1893,Brack Super League,1991-10-10,34,CAM,78,169,72,Left,4,5,69,66,73,85,68,73,80,69,55,73
195750,Nicolás Tagliafico,211256,Nicolás Tagliafico,OL,Ligue 1 McDonald's,1992-08-31,33,LB,78,172,65,Left,2,3,74,61,77,83,79,78,72,84,81,76
1190867,Roméo Lavia,263620,Romeo Lavia,Chelsea,Premier League,2004-01-06,22,CDM,78,181,76,Right,3,3,71,68,76,77,77,65,77,80,79,75
526657,Lukas Klostermann,222331,Lukas Klostermann,RB Leipzig,Bundesliga,1996-06-03,30,CB,78,189,90,Right,3,2,81,83,62,60,80,72,78,88,70,75
783505,Edson Álvarez,235844,Edson Álvarez,Fenerbahçe,Trendyol Süper Lig,1997-10-24,28,CDM,78,187,73,Right,2,2,64,65,60,68,77,72,80,79,86,79
785511,Fran Beltrán,235997,Fran Beltrán,Celta,LALIGA EA SPORTS,1999-02-03,27,CM,78,165,64,Right,3,3,56,56,77,88,76,77,64,65,70,69
845991,Yunus Akgün,239892,Yunus Akgün,Galatasaray,Trendyol Süper Lig,2000-07-07,25,RM,78,173,65,Left,3,4,88,86,89,88,74,76,50,60,68,61
850356,Pepê,238896,Pepê,FC Porto,Liga Portugal,1997-02-24,29,CAM,78,173,72,Right,2,4,86,85,87,80,79,73,52,61,54,58
877401,Calvin Bassey,241436,Calvin Bassey,Fulham,Premier League,1999-12-31,26,CB,78,185,88,Left,3,2,75,86,67,66,77,86,88,82,85,87
1174672,João Gomes,273463,João Gomes,Wolves,Premier League,2001-02-12,25,CDM,78,176,74,Right,3,3,56,52,74,82,75,78,68,69,84,74
612755,Davide Calabria,228881,Davide Calabria,Panathinaikos,Hellas Liga,1996-12-06,29,RB,78,177,70,Right,3,3,79,75,80,81,75,73,58,72,78,66
749488,Romano Schmid,239701,Romano Schmid,SV Werder Bremen,Bundesliga,2000-01-27,26,CAM,78,168,73,Right,3,3,78,76,87,90,79,88,49,55,44,58
874025,Vitaliy Mykolenko,244380,Vitaliy Mykolenko,Everton,Premier League,1999-05-29,27,LB,78,180,71,Left,2,2,70,77,66,68,76,79,69,72,64,71
294859,Alassane Plea,206467,Alassane Pléa,PSV,Eredivisie,1993-03-10,33,ST,78,181,82,Right,3,4,75,72,77,79,79,73,73,82,53,69
947898,Sem Steijn,244728,Sem Steijn,Feyenoord,Eredivisie,2001-11-12,24,CAM,78,173,59,Right,3,3,73,61,75,84,82,89,66,71,78,74
1137407,Malick Thiaw,256261,Malick Thiaw,Newcastle Utd,Premier League,2001-08-08,24,CB,78,194,89,Right,4,2,72,72,67,54,78,76,82,88,76,80
1413846,Jorrel Hato,272978,Jorrel Hato,Chelsea,Premier League,2006-03-07,20,LB,78,182,76,Left,3,2,87,84,76,78,79,69,73,91,72,73
575225,Gelson Martins,227055,Gelson Martins,Olympiacos FC,Hellas Liga,1995-05-11,31,RM,78,170,74,Right,2,4,90,84,90,85,75,74,42,62,64,55
524437,Tomás Soucek,236792,Tomáš Souček,West Ham,Premier League,1995-02-27,31,CDM,78,192,86,Right,3,3,42,47,34,48,78,87,80,79,79,82
638070,Luis Rioja,224415,Luis Rioja,Valencia CF,LALIGA EA SPORTS,1993-10-16,32,RM,78,176,70,Left,4,3,79,75,79,80,75,77,50,56,46,56
877700,Nathan Tella,237328,Nathan Tella,Leverkusen,Bundesliga,1999-07-05,26,RM,78,173,68,Right,3,3,85,81,85,84,66,78,52,69,54,60
1174296,André,74866,André,Wolves,Premier League,2001-07-16,24,CDM,78,177,77,Right,3,2,62,55,74,79,76,76,67,67,82,72
209786,Steven Berghuis,200260,Steven Berghuis,Ajax,Eredivisie,1991-12-19,34,RW,78,182,75,Left,2,3,74,69,77,72,74,74,64,58,72,68
866708,Oumar Solet,242238,Oumar Solet,Udinese,Serie A Enilive,2000-02-07,26,CB,78,192,88,Right,4,2,70,86,60,51,75,85,88,82,77,85
929838,Hugo Duro,243032,Hugo Duro,Valencia CF,LALIGA EA SPORTS,1999-11-10,26,ST,78,177,70,Left,4,3,69,72,68,69,80,76,76,86,68,75
988749,Soufiane Rahimi,264348,Soufiane Rahimi,Al Ain FC,United Emirates League,1996-06-02,30,LM,78,181,79,Right,4,4,87,84,75,76,75,81,62,77,52,66
1083796,Kevin Schade,260926,Kevin Schade,Brentford,Premier League,2001-11-27,24,LM,78,185,74,Right,4,3,93,92,77,78,75,72,64,95,68,68
837270,Chidera Ejuke,238050,Chidera Ejuke,Sevilla FC,LALIGA EA SPORTS,1998-01-02,28,LM,78,176,72,Right,2,5,91,89,92,93,74,74,61,66,54,63
729093,Mathías Olivera,240716,Mathías Olivera,SSC Napoli,Serie A Enilive,1997-10-31,28,LB,78,184,78,Left,3,3,69,71,65,48,79,78,67,72,80,73
1078788,Neco Williams,243057,Neco Williams,Nott'm Forest,Premier League,2001-04-13,25,LB,78,183,72,Right,3,2,70,73,73,73,77,74,64,78,75,69
113836,Danny Welbeck,186146,Danny Welbeck,Brighton,Premier League,1990-11-26,35,ST,78,185,73,Right,4,3,60,60,65,65,81,68,81,83,78,77
210822,Lars Unnerstall,199833,Lars Unnerstall,FC Twente,Eredivisie,1990-07-20,35,GK,78,198,103,Right,1,1,30,34,20,20,74,35,82,60,36,78
274023,Dénes Dibusz,221610,Dénes Dibusz,Ferencvárosi TC,Magyar Liga,1990-11-16,35,GK,78,188,81,Right,3,1,29,24,21,21,74,19,36,48,20,77
408943,Takumi Minamino,226627,Takumi Minamino,AS Monaco,Ligue 1 McDonald's,1995-01-16,31,LM,78,172,67,Right,4,3,84,71,89,87,77,74,58,69,64,64
361322,Bruma,211368,Bruma,SL Benfica,Liga Portugal,1994-10-24,31,LW,78,173,70,Right,3,4,91,86,90,78,66,70,56,71,60,61
619506,Mehdi Taremi,241788,Mehdi Taremi,Olympiacos FC,Hellas Liga,1992-07-18,33,ST,78,187,83,Right,4,4,77,72,74,62,76,65,77,80,46,68
1079539,Dilane Bakwa,250789,Dilane Bakwa,Nott'm Forest,Premier League,2002-08-26,23,RM,78,180,77,Left,2,4,90,86,84,76,75,74,69,70,48,66
1580774,Estêvão,76687,Estêvão,Chelsea,Premier League,2007-04-24,19,RM,78,176,70,Left,2,4,91,89,91,93,74,67,49,66,62,57
751998,Omar Alderete,240359,Omar Alderete,Sunderland,Premier League,1996-12-26,29,CB,78,188,77,Left,3,2,56,63,68,58,75,71,81,82,79,78
1025462,Fabio Vieira,256958,Fábio Vieira,Hamburger SV,Bundesliga,2000-05-30,26,CAM,78,176,61,Left,3,3,73,70,77,71,76,63,48,56,51,53
651910,Dominik Greif,263139,Dominik Greif,OL,Ligue 1 McDonald's,1997-04-06,29,GK,78,197,82,Right,3,1,25,22,21,21,75,17,60,56,16,77
1187283,Tomás Araújo,266096,Tomás Araújo,SL Benfica,Liga Portugal,2002-05-16,24,CB,78,187,81,Right,2,3,81,83,63,58,78,75,82,89,73,79
1292092,António Silva,270086,António Silva,SL Benfica,Liga Portugal,2003-10-30,22,CB,78,187,82,Right,2,2,78,81,57,58,75,83,83,83,70,80
304455,Joël Veltman,208004,Joël Veltman,Brighton,Premier League,1992-01-15,34,RB,78,184,75,Right,4,2,64,62,65,66,78,73,77,80,83,77
518628,Lukás Haraslín,227562,Lukáš Haraslín,Sparta Praha,Česká Liga,1996-05-26,30,LW,78,182,74,Right,4,4,79,81,87,83,78,68,61,72,38,59
442602,Denis Vavro,240988,Denis Vavro,VfL Wolfsburg,Bundesliga,1996-04-10,30,CB,78,189,81,Right,2,2,64,73,55,65,72,79,84,88,82,83
351999,Wout Weghorst,223689,Wout Weghorst,Ajax,Eredivisie,1992-08-07,33,ST,78,197,84,Right,3,2,45,62,53,32,82,76,92,86,87,87
955214,Jean-Clair Todibo,245388,Jean-Clair Todibo,West Ham,Premier League,1999-12-30,26,CB,78,190,88,Right,2,3,70,79,54,55,77,54,81,79,73,73
1113903,Liam Delap,259031,Liam Delap,Chelsea,Premier League,2003-02-08,23,ST,78,186,90,Right,5,3,76,81,70,63,77,70,84,88,83,81
384413,Rubén Garcia,211022,Rubén García,CA Osasuna,LALIGA EA SPORTS,1993-07-14,32,RM,78,172,71,Left,2,4,81,69,80,86,73,66,44,61,58,53
655636,Oleksandr Zubkov,237055,Oleksandr Zubkov,Trabzonspor,Trendyol Süper Lig,1996-08-03,29,RM,78,182,78,Left,4,4,80,87,67,68,75,70,66,73,53,65
1175939,Paul Nebel,257075,Paul Nebel,1. FSV Mainz 05,Bundesliga,2002-10-10,23,CAM,78,169,67,Right,4,3,79,65,91,91,77,90,48,55,54,60
950824,Josip Stanisic,250955,Josip Stanišić,FC Bayern München,Bundesliga,2000-04-02,26,CB,78,187,77,Right,4,2,68,77,66,64,76,71,75,82,75,74
1178602,Senne Lammens,254803,Senne Lammens,Man Utd,Premier League,2002-07-07,23,GK,78,193,92,Right,4,1,19,25,40,27,73,29,79,64,29,79
1203194,Johan Bakayoko,265450,Johan Bakayoko,RB Leipzig,Bundesliga,2003-04-20,23,RW,78,179,73,Left,3,4,87,83,86,77,73,70,68,70,40,63
1280082,Matias Soulé,265695,Matías Soulé,AS Roma,Serie A Enilive,2003-04-15,23,CAM,78,176,69,Left,4,4,83,76,83,78,73,86,51,68,38,58
1120224,Tyrick Mitchell,240947,Tyrick Mitchell,Crystal Palace,Premier League,1999-09-01,26,LB,78,175,66,Left,3,2,74,75,76,74,76,85,61,69,73,70
963964,Harvey Elliott,246174,Harvey Elliott,Aston Villa,Premier League,2003-04-04,23,CAM,78,168,64,Left,3,3,76,69,90,90,75,72,34,48,61,50
1183148,Emanuel Emegha,258437,Emanuel Emegha,Strasbourg,Ligue 1 McDonald's,2003-02-03,23,ST,78,195,82,Left,5,3,81,95,69,42,77,84,82,92,64,79
1284434,Diego Lopez,264238,Diego López,Valencia CF,LALIGA EA SPORTS,2002-05-13,24,LM,78,172,63,Right,4,3,80,81,76,73,77,75,60,72,47,62
184321,Callum Wilson,196978,Callum Wilson,West Ham,Premier League,1992-02-27,34,ST,78,180,66,Right,3,3,73,73,69,70,78,45,70,83,75,65
246575,Raheem Sterling,202652,Raheem Sterling,Chelsea,Premier League,1994-12-08,31,LW,78,172,69,Right,3,4,86,78,91,92,76,52,44,59,52,48
821100,Jørgen Strand Larsen,238756,Jørgen Strand Larsen,Wolves,Premier League,2000-02-06,26,ST,78,194,79,Right,3,3,72,78,55,58,79,84,86,87,72,83
956622,Óscar Valentín,243558,Óscar Valentín,Rayo Vallecano,LALIGA EA SPORTS,1994-08-20,31,CDM,78,177,72,Right,3,2,64,64,63,69,76,82,71,72,82,76
1186228,Josip Sutalo,256325,Josip Šutalo,Ajax,Eredivisie,2000-02-28,26,CB,78,185,82,Right,3,2,75,79,62,48,77,71,87,88,71,80
1113692,Jamie Gittens,266032,Jamie Gittens,Chelsea,Premier League,2004-08-08,21,LM,78,179,77,Right,4,4,94,90,90,87,77,79,54,64,43,59
683402,Tosin Adarabioyo,222104,Tosin Adarabioyo,Chelsea,Premier League,1997-09-24,28,CB,78,197,80,Right,3,2,63,76,42,35,76,68,84,84,78,79
161660,Ciro Immobile,192387,Ciro Immobile,Bologna,Serie A Enilive,1990-02-20,36,ST,78,185,85,Right,4,3,68,68,68,75,77,67,72,81,73,71
889785,Jonas Wind,241522,Jonas Wind,VfL Wolfsburg,Bundesliga,1999-02-07,27,ST,78,190,82,Right,3,4,66,50,71,69,81,73,82,87,67,77
184521,Florian Lejeune,197948,Florian Lejeune,Rayo Vallecano,LALIGA EA SPORTS,1991-05-20,35,CB,78,190,81,Right,3,2,50,48,52,52,77,66,83,80,80,78
951743,Giacomo Raspadori,253002,Giacomo Raspadori,Atlético de Madrid,LALIGA EA SPORTS,2000-02-18,26,ST,78,172,69,Right,5,4,83,74,80,83,79,60,55,75,59,58
150201,Luuk de Jong,189805,Luuk de Jong,FC Porto,Liga Portugal,1990-08-27,35,ST,78,189,86,Right,5,3,41,39,51,55,80,71,87,92,66,79
1364069,Malick Fofana,256420,Malick Fofana,OL,Ligue 1 McDonald's,2005-03-31,21,LM,78,170,60,Right,5,4,87,86,89,89,75,69,36,51,51,48
1113809,Mika Biereth,270050,Mika Biereth,AS Monaco,Ligue 1 McDonald's,2003-02-08,23,ST,78,187,78,Right,3,3,69,79,64,68,78,73,79,85,69,76
785411,Marcos Senesi,236506,Marcos Senesi,AFC Bournemouth,Premier League,1997-05-10,29,CB,78,185,80,Left,4,3,62,51,65,60,76,63,78,82,80,75
570434,Diego Carlos,219693,Diego Carlos,Como,Serie A Enilive,1993-03-15,33,CB,78,186,79,Right,4,3,54,70,62,47,74,50,87,83,80,76
503659,Joachim Andersen,224221,Joachim Andersen,Fulham,Premier League,1996-05-31,30,CB,78,192,90,Right,4,2,36,42,47,50,78,70,87,70,86,82
1255209,Lucas Beraldo,279709,Lucas Beraldo,Paris SG,Ligue 1 McDonald's,2003-11-24,22,CB,78,182,78,Left,2,2,61,70,60,60,77,63,76,81,84,75
303879,Lucas Torro,208137,Lucas Torró,CA Osasuna,LALIGA EA SPORTS,1994-07-19,31,CDM,78,190,77,Right,3,2,46,34,63,40,74,78,75,73,73,75
724196,Danilho Doekhi,232658,Danilho Doekhi,Union Berlin,Bundesliga,1998-06-30,28,CB,78,190,86,Right,3,2,57,68,64,59,76,80,86,86,76,83
1229177,Carlos Vicente,244767,Carlos Vicente,D. Alavés,LALIGA EA SPORTS,1999-04-23,27,RM,78,179,69,Right,3,3,80,79,68,75,74,74,58,69,36,58
419664,Tyrone Mings,212419,Tyrone Mings,Aston Villa,Premier League,1993-03-13,33,CB,78,196,77,Left,2,2,49,66,34,42,75,51,85,80,86,76
836436,Gabriel Strefezza,235949,Gabriel Strefezza,Olympiacos FC,Hellas Liga,1997-04-18,29,RM,78,168,63,Right,3,3,92,83,91,87,72,81,33,51,50,49
970692,Bryan Gil,246785,Bryan Gil,Girona FC,LALIGA EA SPORTS,2001-02-11,25,LM,78,175,60,Left,3,3,86,82,88,79,75,54,32,50,64,45
1358581,Leny Yoro,269087,Leny Yoro,Man Utd,Premier League,2005-11-13,20,CB,78,190,75,Right,3,2,65,72,55,61,79,69,75,81,73,73
497662,Carl Starfelt,220821,Carl Starfelt,Celta,LALIGA EA SPORTS,1995-06-01,31,CB,78,187,80,Right,3,2,68,78,67,65,77,74,80,84,78,78
1119461,Loic Badé,255106,Loïc Badé,Leverkusen,Bundesliga,2000-04-11,26,CB,78,191,89,Right,3,2,54,66,56,37,75,65,84,81,78,78
873573,Sam Beukema,262394,Sam Beukema,SSC Napoli,Serie A Enilive,1998-11-17,27,CB,78,188,77,Right,3,2,42,54,52,59,79,79,74,74,80,76
823078,Merih Demiral,238160,Merih Demiral,Al Ahli,ROSHN Saudi League,1998-03-05,28,CB,78,190,86,Right,2,2,66,78,63,63,68,69,85,86,83,81
824635,Diogo Leite,234575,Diogo Leite,Union Berlin,Bundesliga,1999-01-23,27,CB,78,188,83,Left,3,2,55,71,63,58,76,80,78,80,74,78
939780,Isak Hien,260697,Isak Hien,Bergamo Calcio,Serie A Enilive,1999-01-13,27,CB,78,191,90,Right,3,2,63,74,48,49,77,66,89,83,83,82
38432,Dante,158625,Dante,OGC Nice,Ligue 1 McDonald's,1983-10-18,42,CB,78,188,89,Left,4,3,32,32,35,55,78,61,82,74,76,75
1191407,Aitor Paredes,259524,Aitor Paredes,Athletic Club,LALIGA EA SPORTS,2000-04-29,26,CB,78,186,79,Right,3,2,59,76,59,63,80,70,77,80,77,75
178955,Stefan Savic,204639,Stefan Savić,Trabzonspor,Trendyol Süper Lig,1991-01-08,35,CB,78,187,80,Right,3,2,53,65,54,53,76,67,82,81,85,79
1188375,Natan,277537,Natan,Real Betis,LALIGA EA SPORTS,2001-02-06,25,CB,78,188,85,Left,2,2,56,56,56,52,76,73,77,80,82,77
844996,Matteo Gabbia,240277,Matteo Gabbia,Milano FC,Serie A Enilive,1999-10-21,26,CB,78,185,78,Right,3,2,43,53,56,55,78,81,70,74,83,76
332300,Christian Burgess,210044,Christian Burgess,R. Union St.-G.,1A Pro League,1991-10-07,34,CB,78,196,84,Right,3,2,37,36,33,47,70,79,83,79,80,81
212689,James Tavernier,195479,James Tavernier,Rangers,Scottish Prem,1991-10-31,34,RB,77,182,75,Right,2,3,77,83,75,83,74,88,78,81,69,79
1320176,Wesley,80170,Wesley,AS Roma,Serie A Enilive,2003-09-06,22,RB,77,178,75,Right,3,3,91,88,90,76,72,78,74,84,74,76
676533,Aitor Ruibal,241867,Aitor Ruibal,Real Betis,LALIGA EA SPORTS,1996-03-22,30,RB,77,176,74,Right,3,3,80,84,71,69,74,67,68,81,72,69
559986,Orbelín Pineda,224574,Orbelín Pineda,AEK Athens,Hellas Liga,1996-03-24,30,CAM,77,169,63,Right,4,4,82,81,88,88,78,84,58,74,76,69
775355,Gustavo Hamer,234741,Gustavo Hamer,Sheffield Utd,EFL Championship,1997-06-24,29,LM,77,169,61,Right,3,3,73,68,78,86,78,81,70,76,86,76
889536,Timothy Weah,241496,Timothy Weah,OM,Ligue 1 McDonald's,2000-02-22,26,RM,77,182,66,Right,3,3,86,88,86,74,75,70,59,76,72,65
602211,Seko Fofana,216320,Seko Fofana,Stade Rennais FC,Ligue 1 McDonald's,1995-05-07,31,CM,77,185,74,Right,4,3,67,68,69,61,75,76,82,75,79,80
1163219,Ardon Jashari,257186,Ardon Jashari,Milano FC,Serie A Enilive,2002-07-30,23,CDM,77,181,82,Left,4,2,77,74,77,80,74,91,80,81,78,82
1434853,Kevin Castaño,272951,Kevin Castaño,River Plate,LPF,2000-09-29,25,CM,77,177,73,Right,3,2,74,78,73,76,78,76,73,77,76,75
744494,Gabriel Gudmundsson,236822,Gabriel Gudmundsson,Leeds United,Premier League,1999-04-29,27,LB,77,180,78,Left,3,3,85,88,74,68,74,79,73,76,74,75
956925,Georginio Rutter,245637,Georginio Rutter,Brighton,Premier League,2002-04-20,24,CAM,77,182,83,Left,5,5,76,77,77,79,77,79,76,85,59,74
1033099,Hicham Boudaoui,253157,Hicham Boudaoui,OGC Nice,Ligue 1 McDonald's,1999-09-23,26,CM,77,175,61,Right,3,3,74,73,79,77,77,93,67,79,75,76
308516,Nicolae Stanciu,212207,Nicolae Stanciu,Genoa,Serie A Enilive,1993-05-07,33,CM,77,170,70,Right,4,4,79,74,90,89,75,91,62,75,69,71
1436305,Lamine Camara,275138,Lamine Camara,AS Monaco,Ligue 1 McDonald's,2004-01-01,22,CM,77,173,65,Right,3,3,82,76,79,80,76,81,61,68,74,69
774947,Guus Til,235663,Guus Til,PSV,Eredivisie,1997-12-22,28,CAM,77,186,78,Right,3,3,75,83,66,66,82,78,71,77,77,74
1292810,Kobbie Mainoo,269136,Kobbie Mainoo,Man Utd,Premier League,2005-04-19,21,CM,77,181,80,Right,3,3,70,66,80,88,78,74,73,74,74,74
355358,Christian Günter,209846,Christian Günter,SC Freiburg,Bundesliga,1993-02-28,33,LB,77,184,83,Left,2,3,76,88,64,63,76,83,82,83,82,82
466672,Jefferson Lerma,213991,Jefferson Lerma,Crystal Palace,Premier League,1994-10-25,31,CDM,77,179,70,Right,3,3,65,71,65,75,77,80,73,88,88,79
748620,Alessio Castro-Montes,233965,Alessio Castro-Montes,1. FC Köln,Bundesliga,1997-05-17,29,RM,77,175,67,Right,4,3,74,74,74,76,72,86,66,74,70,72
708890,Carlos Soler,234153,Carlos Soler,Real Sociedad,LALIGA EA SPORTS,1997-01-02,29,CM,77,180,76,Right,4,3,74,67,75,73,75,67,69,71,65,68
1174726,Rocco Reitz,257919,Rocco Reitz,M'gladbach,Bundesliga,2002-05-29,24,CM,77,176,72,Right,4,3,73,69,82,79,73,79,55,70,84,68
266105,Clinton Mata,208364,Clinton Mata,OL,Ligue 1 McDonald's,1992-11-07,33,CB,77,180,73,Right,3,3,74,83,74,69,78,84,75,83,76,78
530635,Patrick Berg,222227,Patrick Berg,FK Bodø/Glimt,Eliteserien,1997-11-24,28,CDM,77,177,74,Right,3,3,72,74,70,77,76,92,75,74,68,78
604089,Ainsley Maitland-Niles,225782,Ainsley Maitland-Niles,OL,Ligue 1 McDonald's,1997-08-29,28,RB,77,180,71,Right,3,3,74,80,73,69,76,77,73,73,72,74
673689,Pepelu,230786,Pepelu,Valencia CF,LALIGA EA SPORTS,1998-08-11,27,CM,77,186,73,Right,3,3,61,67,68,68,73,89,75,72,73,78
1342754,Diego Moreira,270039,Diego Moreira,Strasbourg,Ligue 1 McDonald's,2004-08-06,21,LM,77,179,73,Left,3,4,87,92,84,83,74,83,62,70,65,68
210164,Alphonse Areola,193105,Alphonse Areola,West Ham,Premier League,1993-02-27,33,GK,77,195,94,Right,3,1,56,54,58,58,74,38,79,75,26,76
930065,Leandro Barreiro,245253,Leandro Barreiro,SL Benfica,Liga Portugal,2000-01-03,26,CM,77,174,67,Right,3,3,81,79,88,77,79,85,54,66,79,67
988805,Pep Chavarría,258371,Pep Chavarría,Rayo Vallecano,LALIGA EA SPORTS,1998-04-10,28,LB,77,174,70,Left,1,3,81,84,72,71,70,86,72,79,67,75
362120,Danilo Cataldi,211361,Danilo Cataldi,Latium,Serie A Enilive,1994-08-06,31,CDM,77,180,70,Right,4,3,72,64,73,75,80,76,62,72,75,69
582499,Kieran Tierney,226491,Kieran Tierney,Celtic,Scottish Prem,1997-06-05,29,LB,77,180,73,Left,3,3,77,76,75,73,76,67,71,76,84,73
926445,Finn Dahmen,242818,Finn Dahmen,FC Augsburg,Bundesliga,1998-03-27,28,GK,77,188,80,Right,3,1,52,53,52,56,77,33,55,63,20,76
1386775,Lucas Bergvall,272926,Lucas Bergvall,Spurs,Premier League,2006-02-02,20,CM,77,186,74,Right,3,3,77,73,73,73,76,78,70,72,75,73
746395,Aaron Ramsdale,233934,Aaron Ramsdale,Newcastle Utd,Premier League,1998-05-14,28,GK,77,191,77,Right,3,1,47,50,53,49,73,40,64,66,35,74
886016,Kiernan Dewsbury-Hall,237386,Kiernan Dewsbury-Hall,Everton,Premier League,1998-09-06,27,CM,77,176,80,Left,3,3,67,65,77,78,76,75,66,71,77,71
1207992,Vanderson,263781,Vanderson,AS Monaco,Ligue 1 McDonald's,2001-06-21,25,RB,77,173,74,Right,3,3,79,78,76,79,75,77,67,77,71,71
604044,Junya Ito,232905,Junya Ito,KRC Genk,1A Pro League,1993-03-09,33,RM,77,176,66,Right,4,4,90,83,87,76,71,89,63,68,64,70
846000,Maxence Caqueret,246646,Maxence Caqueret,Como,Serie A Enilive,2000-02-15,26,CM,77,174,63,Right,3,3,77,73,85,83,76,80,55,63,81,67
468931,Thomas Lemar,213565,Thomas Lemar,Girona FC,LALIGA EA SPORTS,1995-11-12,30,CM,77,171,63,Left,3,4,72,72,79,79,77,60,57,64,63,59
863869,Nicolas Raskin,239810,Nicolas Raskin,Rangers,Scottish Prem,2001-02-23,25,CDM,77,178,74,Right,4,3,78,68,82,88,80,84,65,76,82,74
1024672,Nicolas Seiwald,257876,Nicolas Seiwald,RB Leipzig,Bundesliga,2001-05-04,25,CDM,77,180,80,Right,3,2,74,70,77,76,78,81,72,76,78,76
1281100,Noah Atubolu,262659,Noah Atubolu,SC Freiburg,Bundesliga,2002-05-25,24,GK,77,190,99,Right,3,1,52,59,32,31,77,29,79,73,26,74
1393669,Quilindschy Hartman,271121,Quilindschy Hartman,Burnley,Premier League,2001-11-14,24,LB,77,183,77,Left,3,3,80,76,74,66,79,74,76,76,84,77
206322,Matías Vecino,219985,Matías Vecino,Latium,Serie A Enilive,1991-08-24,34,CM,77,187,81,Right,3,3,52,54,67,62,78,64,77,81,81,75
610184,Emiliano Buendía,226162,Emiliano Buendía,Aston Villa,Premier League,1996-12-25,29,CAM,77,172,72,Right,4,4,74,60,84,90,74,60,61,77,83,66
688830,Amadou Haidara,238463,Amadou Haidara,RB Leipzig,Bundesliga,1998-01-31,28,CM,77,178,75,Right,2,3,69,58,78,78,79,76,65,65,71,69
300916,Joao Mário,257290,João Mário,Juventus,Serie A Enilive,2000-01-03,26,RB,77,179,66,Right,4,3,85,83,79,75,75,83,60,78,61,67
1209228,Daniel Svensson,259716,Daniel Svensson,Borussia Dortmund,Bundesliga,2002-02-12,24,LB,77,178,72,Left,4,2,78,76,79,80,75,89,68,73,69,74
1126768,Raphael Onyedika,262880,Raphael Onyedika,Club Brugge,1A Pro League,2001-04-19,25,CDM,77,184,79,Right,3,2,74,73,69,77,72,88,80,79,80,82
573465,Marvin Schwäbe,224041,Marvin Schwäbe,1. FC Köln,Bundesliga,1995-04-25,31,GK,77,190,86,Right,3,1,49,43,45,46,71,36,70,68,28,75
488718,Diego Rico,220414,Diego Rico,Getafe CF,LALIGA EA SPORTS,1993-02-23,33,LB,77,183,78,Left,2,2,69,71,62,74,74,73,79,78,74,76
527103,Breel Embolo,222357,Breel Embolo,Stade Rennais FC,Ligue 1 McDonald's,1997-02-14,29,ST,77,187,88,Right,4,3,73,82,67,66,75,68,85,89,79,80
741049,Eljif Elmas,241390,Eljif Elmas,SSC Napoli,Serie A Enilive,1999-09-24,26,LM,77,184,78,Right,4,4,77,68,83,68,76,75,64,72,68,68
816223,Stephen Eustaquio,242380,Stephen Eustáquio,FC Porto,Liga Portugal,1996-12-21,29,CDM,77,178,67,Right,3,2,67,65,72,73,75,79,70,76,78,74
967871,Iván Martin,246928,Iván Martín,Girona FC,LALIGA EA SPORTS,1999-02-14,27,CM,77,178,70,Left,3,3,71,71,79,72,75,73,60,63,55,62
1109171,Yan Couto,259075,Yan Couto,Borussia Dortmund,Bundesliga,2002-06-03,24,RB,77,168,60,Right,3,4,85,72,85,90,75,77,51,57,66,61
951712,Nicolò Fagioli,260823,Nicolò Fagioli,Fiorentina,Serie A Enilive,2001-02-12,25,CM,77,178,72,Right,4,4,73,75,76,77,74,68,59,68,66,63
208699,Colin Coosemans,200059,Colin Coosemans,RSC Anderlecht,1A Pro League,1992-08-03,33,GK,77,186,84,Right,4,1,43,46,47,37,69,30,63,63,31,77
414245,Federico Bernardeschi,212404,Federico Bernardeschi,Bologna,Serie A Enilive,1994-02-16,32,RM,77,185,77,Left,3,4,75,75,82,76,69,74,69,70,54,67
769525,Caio Henrique,232440,Caio Henrique,AS Monaco,Ligue 1 McDonald's,1997-07-31,28,LB,77,178,70,Left,2,3,76,79,71,74,74,81,57,71,69,66
621515,Daichi Kamada,232730,Daichi Kamada,Crystal Palace,Premier League,1996-08-05,29,CM,77,184,72,Right,3,3,74,68,78,78,79,75,55,66,81,66
1156380,Eduardo Quaresma,252144,Eduardo Quaresma,Sporting CP,Liga Portugal,2002-03-02,24,CB,77,184,79,Right,3,3,84,80,68,70,77,69,77,88,75,75
1073498,Patrick Wimmer,254566,Patrick Wimmer,VfL Wolfsburg,Bundesliga,2001-05-30,25,CAM,77,182,77,Right,4,5,83,84,85,83,75,78,73,70,65,73
1183589,Ismail Yüksek,260466,İsmail Yüksek,Fenerbahçe,Trendyol Süper Lig,1999-01-26,27,CDM,77,183,77,Right,3,3,76,72,77,69,71,85,74,80,80,78
1285866,Habib Diarra,264293,Habib Diarra,Sunderland,Premier League,2004-01-03,22,CM,77,178,75,Right,2,2,74,67,73,70,76,77,69,72,68,71
416175,José Sá,212442,José Sá,Wolves,Premier League,1993-01-17,33,GK,77,192,84,Right,2,1,52,53,62,40,75,34,75,72,35,76
470834,Nélson Semedo,227928,Nélson Semedo,Fenerbahçe,Trendyol Süper Lig,1993-11-16,32,RB,77,177,69,Right,3,4,79,79,80,76,75,78,69,74,78,73
763970,Valentin Rosier,234730,Valentin Rosier,CA Osasuna,LALIGA EA SPORTS,1996-08-19,29,RB,77,175,75,Right,2,3,80,82,84,85,74,78,73,72,79,75
178753,Nemanja Gudelj,193198,Nemanja Gudelj,Sevilla FC,LALIGA EA SPORTS,1991-11-16,34,CB,77,187,79,Right,2,3,44,48,59,50,78,79,87,77,82,84
672469,Ben Chilwell,229984,Ben Chilwell,Strasbourg,Ligue 1 McDonald's,1996-12-21,29,LB,77,180,77,Left,3,3,69,70,68,64,77,62,68,73,72,68
693171,Ludovic Blas,231102,Ludovic Blas,Stade Rennais FC,Ligue 1 McDonald's,1997-12-31,28,RM,77,180,77,Left,2,4,77,67,79,76,73,71,63,72,55,64
873557,Dominik Kotarski,246267,Dominik Kotarski,F.C. København,3F Superliga,2000-02-10,26,GK,77,189,80,Right,3,1,46,45,55,53,75,31,59,62,38,73
477588,Álex Moreno,217036,Álex Moreno,Girona FC,LALIGA EA SPORTS,1993-06-08,33,LB,77,179,68,Left,2,3,74,77,75,76,76,68,60,71,75,66
776299,Houssem Aouar,234906,Houssem Aouar,Al Ittihad,ROSHN Saudi League,1998-06-30,28,CAM,77,175,70,Right,3,4,68,64,78,81,76,66,62,69,68,65
1116325,Artem Bondarenko,255074,Artem Bondarenko,Shakhtar Donetsk,Ukrayina Liha,2000-08-21,25,CAM,77,182,74,Left,2,3,73,76,70,56,77,70,60,71,64,64
1175708,Ansgar Knauff,257540,Ansgar Knauff,Frankfurt,Bundesliga,2002-01-10,24,RM,77,180,73,Right,3,3,88,89,79,77,72,76,55,67,73,64
1187702,Leo Román,258466,Leo Román,RCD Mallorca,LALIGA EA SPORTS,2000-07-06,25,GK,77,189,83,Right,3,1,49,48,50,47,76,44,68,67,23,75
1200984,Filip Jörgensen,258485,Filip Jörgensen,Chelsea,Premier League,2002-04-16,24,GK,77,192,85,Right,3,1,45,45,55,40,74,35,62,63,25,77
212472,Sergi Roberto,199564,Sergi Roberto,Como,Serie A Enilive,1992-02-07,34,CDM,77,178,68,Right,3,3,67,71,66,74,77,74,60,69,67,65
623621,Oleksandr Zinchenko,227813,Oleksandr Zinchenko,Nott'm Forest,Premier League,1996-12-15,29,LB,77,175,64,Left,3,3,67,59,79,79,77,68,53,66,74,62
1117069,Georges Mikautadze,254551,Georges Mikautadze,Villarreal CF,LALIGA EA SPORTS,2000-10-31,25,ST,77,176,71,Right,3,4,81,81,85,81,75,76,67,77,67,70
303905,Dominik Kohr,212212,Dominik Kohr,1. FSV Mainz 05,Bundesliga,1994-01-31,32,CB,77,183,80,Right,3,2,74,74,67,67,74,76,77,81,94,80
583657,Nick Olij,224241,Nick Olij,PSV,Eredivisie,1995-08-01,30,GK,77,184,78,Right,2,1,50,50,31,68,72,26,52,61,24,74
650616,Mathias Jensen,229723,Mathias Jensen,Brentford,Premier League,1996-01-01,30,CM,77,180,68,Right,4,3,64,63,77,77,78,76,68,64,77,72
750032,Mason Mount,233064,Mason Mount,Man Utd,Premier League,1999-01-10,27,CAM,77,181,74,Right,4,3,68,66,72,72,77,60,56,63,73,61
1274060,Neil El Aynaoui,262745,Neil El Aynaoui,AS Roma,Serie A Enilive,2001-07-02,24,CM,77,185,77,Right,3,3,57,66,69,52,77,82,75,83,64,75
1397857,Tiago Santos,270559,Tiago Santos,LOSC Lille,Ligue 1 McDonald's,2002-07-23,23,RB,77,175,71,Right,3,3,85,82,77,70,74,72,60,68,69,65
267371,Emerson,210736,Emerson,OM,Ligue 1 McDonald's,1994-08-03,31,LB,77,176,79,Left,2,3,73,66,69,75,75,76,59,71,67,65
500520,Nabil Bentaleb,213296,Nabil Bentaleb,LOSC Lille,Ligue 1 McDonald's,1994-11-24,31,CDM,77,187,78,Left,2,4,51,50,70,69,74,64,76,69,77,73
72241,Martin Dúbravka,220407,Martin Dúbravka,Burnley,Premier League,1989-01-15,37,GK,77,190,80,Right,2,1,36,42,47,60,73,38,60,60,28,75
467022,Vincent Janssen,226537,Vincent Janssen,Royal Antwerp FC,1A Pro League,1994-06-15,32,ST,77,183,88,Left,4,3,68,68,65,63,81,85,91,86,85,88
620917,Ko Itakura,233152,Ko Itakura,Ajax,Eredivisie,1997-01-27,29,CB,77,188,80,Right,4,3,77,74,70,69,76,76,75,84,76,76
765693,Orel Mangala,234078,Orel Mangala,OL,Ligue 1 McDonald's,1998-03-18,28,CDM,77,178,80,Right,3,3,73,64,77,80,78,77,70,69,78,73
795371,Ibrahim Sangaré,235173,Ibrahim Sangaré,Nott'm Forest,Premier League,1997-12-02,28,CDM,77,191,77,Right,4,3,62,54,54,58,75,66,87,75,75,79
784241,Manu Morlanes,241856,Manu Morlanes,RCD Mallorca,LALIGA EA SPORTS,1999-01-12,27,CM,77,178,75,Right,3,3,68,63,70,73,76,78,65,67,69,69
1177358,Adrien Truffert,256769,Adrien Truffert,AFC Bournemouth,Premier League,2001-11-20,24,LB,77,176,72,Left,3,3,75,76,70,75,71,84,65,71,67,70
1386551,Ryan Flamingo,270633,Ryan Flamingo,PSV,Eredivisie,2002-12-31,23,CB,77,185,73,Right,4,3,70,61,69,67,75,76,85,85,80,82
298448,Davy Klaassen,203483,Davy Klaassen,Ajax,Eredivisie,1993-02-21,33,CM,77,179,70,Right,3,3,55,40,65,70,77,83,75,78,76,77
317062,Adrien Thomasson,208787,Adrien Thomasson,RC Lens,Ligue 1 McDonald's,1993-12-10,32,CM,77,175,72,Right,4,4,62,54,77,79,78,90,65,68,69,72
1054786,Aimar Oroz,258937,Aimar Oroz,CA Osasuna,LALIGA EA SPORTS,2001-11-27,24,CM,77,177,72,Right,3,3,70,63,72,70,75,78,64,71,49,65
872934,Philipp Köhn,239364,Philipp Köhn,AS Monaco,Ligue 1 McDonald's,1998-04-02,28,GK,77,190,80,Right,2,1,48,43,56,26,74,28,63,65,28,75
861932,Andreas Skov Olsen,240017,Andreas Skov Olsen,VfL Wolfsburg,Bundesliga,1999-12-29,26,RW,77,187,75,Left,4,4,85,81,76,76,66,72,70,79,62,69
1034808,Sacha Boey,248266,Sacha Boey,FC Bayern München,Bundesliga,2000-09-13,25,RB,77,178,76,Right,3,3,78,65,79,78,77,74,75,79,84,77
1400227,Yankuba Minteh,271800,Yankuba Minteh,Brighton,Premier League,2004-07-22,21,RM,77,180,65,Left,3,4,94,94,92,80,73,70,47,60,63,57
815912,Berke Özer,239254,Berke Özer,LOSC Lille,Ligue 1 McDonald's,2000-05-25,26,GK,77,190,73,Right,3,1,40,49,31,45,73,38,61,61,29,76
952057,Charles Vanhoutte,244889,Charles Vanhoutte,OGC Nice,Ligue 1 McDonald's,1998-09-16,27,CDM,77,182,76,Right,3,2,62,50,68,67,77,85,75,72,77,78
599353,Che Adams,226093,Ché Adams,Torino,Serie A Enilive,1996-07-13,29,ST,77,175,70,Right,3,3,80,83,80,75,77,78,68,77,74,72
950830,Joshua Zirkzee,250961,Joshua Zirkzee,Man Utd,Premier League,2001-05-22,25,ST,77,193,89,Right,3,4,74,68,76,61,74,69,84,86,60,76
215384,Ross Barkley,199189,Ross Barkley,Aston Villa,Premier League,1993-12-05,32,CM,77,186,76,Right,5,4,52,53,60,61,76,63,70,68,71,68
262592,Moi Gomez,206590,Moi Gómez,CA Osasuna,LALIGA EA SPORTS,1994-06-23,32,CM,77,176,73,Right,5,4,68,60,72,73,78,78,56,62,52,61
892679,Chris Führich,241925,Chris Führich,VfB Stuttgart,Bundesliga,1998-01-09,28,LM,77,181,73,Right,4,4,87,81,88,86,74,75,49,66,58,58
1352923,Enzo Barrenechea,246871,Enzo Barrenechea,SL Benfica,Liga Portugal,2001-05-22,25,CM,77,186,81,Right,3,3,58,56,64,65,73,79,67,59,76,71
1022354,Diego Conde,258534,Diego Conde,Villarreal CF,LALIGA EA SPORTS,1998-10-28,27,GK,77,188,78,Right,3,1,44,41,58,38,75,39,62,64,21,76
577911,Rolando Mandragora,225439,Rolando Mandragora,Fiorentina,Serie A Enilive,1997-06-29,29,CM,77,183,75,Left,3,3,49,43,66,72,74,79,68,65,67,70
969870,Adam Hlozek,246618,Adam Hložek,TSG Hoffenheim,Bundesliga,2002-07-25,23,ST,77,188,84,Right,4,3,78,78,69,76,75,77,83,88,69,79
1250253,Dango Ouattara,265552,Dango Ouattara,Brentford,Premier League,2002-02-11,24,LM,77,177,71,Left,3,4,87,83,75,77,73,68,57,77,47,59
1387389,Arthur Vermeeren,269859,Arthur Vermeeren,OM,Ligue 1 McDonald's,2005-02-07,21,CM,77,180,72,Right,4,3,75,65,79,76,76,76,61,67,65,66
1057703,Youssouf Ndayishimiye,255533,Youssouf Ndayishimiye,OGC Nice,Ligue 1 McDonald's,1998-10-27,27,CB,77,183,79,Right,3,2,65,71,68,64,75,83,83,83,70,80
1288450,Rico Lewis,271574,Rico Lewis,Manchester City,Premier League,2004-11-21,21,RB,77,170,64,Right,3,3,78,75,84,82,77,72,47,64,66,58
1208708,Omar El Hilali,261654,Omar El Hilali,RCD Espanyol,LALIGA EA SPORTS,2003-09-12,22,RB,77,183,75,Right,3,3,85,85,73,67,73,80,73,86,80,77
1395704,Guéla Doué,275208,Guéla Doué,Strasbourg,Ligue 1 McDonald's,2002-10-17,23,RB,77,187,84,Right,3,3,65,77,65,61,77,76,79,81,75,78
1607566,Franco Mastantuono,279173,Franco Mastantuono,Real Madrid,LALIGA EA SPORTS,2007-08-14,18,CAM,77,177,71,Left,3,3,78,71,82,80,74,72,58,64,64,63
185175,Kevin Kampl,195365,Kevin Kampl,RB Leipzig,Bundesliga,1990-10-09,35,CM,77,178,76,Right,4,3,72,61,86,82,80,69,47,50,66,56
889534,Emile Smith Rowe,240273,Emile Smith Rowe,Fulham,Premier League,2000-07-28,25,CAM,77,182,73,Right,4,4,76,69,79,73,75,68,61,71,52,61
872396,Pathé Ciss,250858,Pathé Ciss,Rayo Vallecano,LALIGA EA SPORTS,1994-03-16,32,CDM,77,186,71,Right,3,2,64,62,60,58,76,87,88,88,84,87
450980,Timo Werner,212188,Timo Werner,RB Leipzig,Bundesliga,1996-03-06,30,LW,77,180,76,Right,4,3,94,89,78,76,73,70,64,85,63,66
1185568,Benedict Hollerbach,258715,Benedict Hollerbach,1. FSV Mainz 05,Bundesliga,2001-05-17,25,ST,77,180,83,Right,4,3,87,84,83,81,77,92,71,82,74,77
245315,Jeffrey Gouweleeuw,202201,Jeffrey Gouweleeuw,FC Augsburg,Bundesliga,1991-07-10,34,CB,77,188,83,Right,2,2,65,68,65,64,76,70,78,90,77,76
292313,Raul Jiménez,204838,Raúl Jiménez,Fulham,Premier League,1991-05-05,35,ST,77,190,81,Right,3,3,61,54,67,59,79,67,85,85,79,79
467486,Moses Simon,216820,Moses Simon,Paris FC,Ligue 1 McDonald's,1995-07-12,30,LM,77,168,69,Right,4,4,90,89,90,92,70,73,66,71,38,62
1203665,Alejandro Garnacho,268438,Alejandro Garnacho,Chelsea,Premier League,2004-07-01,22,CAM,77,180,72,Right,4,3,88,84,87,88,77,77,45,59,66,58
1187044,Luiz Junior,258885,Luiz Júnior,Villarreal CF,LALIGA EA SPORTS,2001-01-14,25,GK,77,194,88,Right,3,1,29,31,31,25,75,22,72,63,24,77
469804,Kenny Tete,216266,Kenny Tete,Fulham,Premier League,1995-10-09,30,RB,77,180,71,Right,2,2,74,72,72,70,76,74,75,82,79,76
776591,Abdul Mumin,235662,Abdul Mumin,Rayo Vallecano,LALIGA EA SPORTS,1998-06-06,28,CB,77,188,75,Right,4,3,75,77,62,65,76,71,76,83,82,76
767789,Marco Friedl,237595,Marco Friedl,SV Werder Bremen,Bundesliga,1998-03-16,28,CB,77,187,82,Left,2,2,67,82,65,62,76,75,77,80,79,77
747718,Christoph Baumgartner,242187,Christoph Baumgartner,RB Leipzig,Bundesliga,1999-08-01,26,CAM,77,180,77,Right,3,4,81,68,82,79,78,75,55,74,65,63
161012,Daley Blind,190815,Daley Blind,Girona FC,LALIGA EA SPORTS,1990-03-09,36,CB,77,180,72,Left,3,3,34,37,66,71,78,53,72,70,69,67
623540,Václav Cerny,216860,Václav Černý,Beşiktaş,Trendyol Süper Lig,1997-10-17,28,RM,77,182,65,Left,3,4,87,83,85,70,74,89,54,62,59,64
861805,Jaka Bijol,244238,Jaka Bijol,Leeds United,Premier League,1999-02-05,27,CB,77,190,85,Right,3,2,63,64,53,52,74,79,81,85,74,79
364430,Kiril Despodov,245977,Kiril Despodov,PAOK FC,Hellas Liga,1996-11-11,29,RW,77,180,70,Right,4,3,83,83,76,75,72,73,67,70,64,68
1395447,Nathaniel Brown,269701,Nathaniel Brown,Frankfurt,Bundesliga,2003-06-16,23,LB,77,180,64,Left,3,4,87,79,85,82,73,80,35,53,54,51
775614,Ryan Yates,235642,Ryan Yates,Nott'm Forest,Premier League,1997-11-21,28,CDM,77,190,87,Right,3,2,50,50,55,54,77,83,79,76,88,82
201939,Cédric Bakambu,198951,Cédric Bakambu,Real Betis,LALIGA EA SPORTS,1991-04-11,35,ST,77,182,73,Right,3,3,77,78,75,68,70,65,70,84,62,68
295067,Will Hughes,206516,Will Hughes,Crystal Palace,Premier League,1995-04-17,31,CDM,77,185,74,Left,3,3,54,48,67,70,78,69,60,61,84,67
899701,Fotis Ioannidis,258015,Fotis Ioannidis,Sporting CP,Liga Portugal,2000-01-10,26,ST,77,186,80,Right,4,3,76,78,75,70,73,75,79,86,70,77
466867,Nikola Vasilj,262956,Nikola Vasilj,FC St. Pauli,Bundesliga,1995-12-02,30,GK,77,193,86,Right,3,1,36,30,40,23,75,21,72,65,30,77
1288111,Mathys Tel,268421,Mathys Tel,Spurs,Premier League,2005-04-27,21,ST,77,183,77,Right,4,4,85,87,79,77,69,67,67,80,48,64
58294,Cristhian Stuani,186537,Cristhian Stuani,Girona FC,LALIGA EA SPORTS,1986-10-12,39,ST,77,186,76,Right,3,4,58,64,62,59,74,51,87,87,77,76
279490,James Ward-Prowse,205569,James Ward-Prowse,West Ham,Premier League,1994-11-01,31,CM,77,173,66,Right,3,3,46,39,68,74,77,86,50,54,75,64
1039534,Tete,247641,Tetê,Panathinaikos,Hellas Liga,2000-02-15,26,RM,77,175,70,Left,3,4,81,80,81,74,73,75,59,72,45,61
1215014,Giannis Konstantelias,259633,Giannis Konstantelias,PAOK FC,Hellas Liga,2003-03-05,23,CAM,77,178,66,Right,4,4,80,77,85,85,72,74,54,62,64,61
1406729,Endrick,272505,Endrick,Real Madrid,LALIGA EA SPORTS,2006-07-21,19,ST,77,173,66,Left,3,4,88,86,85,78,77,68,71,84,55,68
248689,Michy Batshuayi,204529,Michy Batshuayi,Frankfurt,Bundesliga,1993-10-02,32,ST,77,185,80,Right,5,3,73,75,75,73,76,62,81,85,70,74
464486,Enes Ünal,223197,Enes Ünal,AFC Bournemouth,Premier League,1997-05-10,29,ST,77,187,78,Right,4,3,65,66,63,64,76,61,77,83,77,73
749661,Tammy Abraham,231352,Tammy Abraham,Beşiktaş,Trendyol Süper Lig,1997-10-02,28,ST,77,194,82,Right,3,3,74,78,61,53,78,60,81,89,68,74
592102,Moussa Niakhaté,225859,Moussa Niakhaté,OL,Ligue 1 McDonald's,1996-03-08,30,CB,77,190,85,Left,3,2,55,78,50,51,76,75,83,73,80,80
1362998,Abdukodir Khusanov,277031,Abdukodir Khusanov,Manchester City,Premier League,2004-02-29,22,CB,77,186,84,Right,3,2,78,90,59,51,75,64,79,86,79,76
471153,Ludovic Ajorque,219733,Ludovic Ajorque,Stade Brestois 29,Ligue 1 McDonald's,1994-02-25,32,ST,77,196,93,Left,3,3,52,72,47,31,78,67,94,78,82,84
884919,Robin Hack,239367,Robin Hack,M'gladbach,Bundesliga,1998-08-27,27,LM,77,178,72,Right,4,4,84,73,87,85,72,85,58,67,38,61
1209399,Abdessamad Ezzalzouli,264432,Abdessamad Ezzalzouli,Real Betis,LALIGA EA SPORTS,2001-12-17,24,LM,77,177,72,Right,3,4,87,87,83,78,73,70,57,69,68,63
1037539,Pavel Sulc,247050,Pavel Šulc,OL,Ligue 1 McDonald's,2000-12-29,25,CAM,77,175,67,Right,3,4,72,70,76,76,77,85,54,64,62,64
177503,Gabriel Paulista,201305,Gabriel Paulista,Beşiktaş,Trendyol Süper Lig,1990-11-26,35,CB,77,185,72,Right,2,2,62,65,65,60,72,74,79,83,85,79
590494,Umar Sadiq,231627,Umar Sadiq,Real Sociedad,LALIGA EA SPORTS,1997-02-02,29,ST,77,192,78,Right,3,3,79,85,66,42,73,74,89,93,42,76
822237,Manor Solomon,246791,Manor Solomon,Villarreal CF,LALIGA EA SPORTS,1999-07-24,26,LM,77,170,65,Right,4,4,84,83,84,82,71,66,40,52,30,45
602261,Caglar Söyüncü,232119,Çağlar Söyüncü,Fenerbahçe,Trendyol Süper Lig,1996-05-23,30,CB,77,185,82,Right,4,2,64,73,64,58,74,68,83,85,86,80
1082102,Igor Jesus,79402,Igor Jesus,Nott'm Forest,Premier League,2001-02-25,25,ST,77,179,75,Right,3,3,68,71,61,57,78,72,80,85,74,77
115067,Nemanja Matic,191202,Nemanja Matić,Sassuolo,Serie A Enilive,1988-08-01,37,CDM,77,194,85,Left,3,3,34,33,47,49,79,54,82,69,77,73
635772,Borja Mayoral,228635,Borja Mayoral,Getafe CF,LALIGA EA SPORTS,1997-04-05,29,ST,77,182,74,Right,4,3,61,68,69,72,74,64,71,82,52,66
940446,Brian Brobbey,251810,Brian Brobbey,Sunderland,Premier League,2002-02-01,24,ST,77,180,78,Right,4,3,82,85,65,87,78,61,93,93,70,80
309726,Andrea Belotti,208596,Andrea Belotti,Cagliari,Serie A Enilive,1993-12-20,32,ST,77,181,84,Right,4,2,66,70,72,70,79,72,81,88,83,80
586768,Guido Rodriguez,225659,Guido Rodríguez,West Ham,Premier League,1994-04-12,32,CDM,77,185,80,Right,4,2,47,43,47,45,77,67,76,74,84,75
1398392,Thierno Barry,276295,Thierno Barry,Everton,Premier League,2002-10-21,23,ST,77,195,82,Right,4,3,77,82,78,61,75,66,79,86,61,73
544312,Cyle Larin,226777,Cyle Larin,Feyenoord,Eredivisie,1995-04-17,31,ST,77,188,90,Right,4,3,66,74,62,48,76,72,88,87,60,78
640742,Kasper Dolberg,228687,Kasper Dolberg,Ajax,Eredivisie,1997-10-06,28,ST,77,187,78,Right,4,3,67,77,71,64,72,70,82,83,37,70
37549,João Moutinho,162347,João Moutinho,SC Braga,Liga Portugal,1986-09-08,39,CM,77,170,61,Right,4,3,43,33,59,77,77,75,55,57,70,63
352968,Sébastien Haller,205693,Sébastien Haller,FC Utrecht,Eredivisie,1994-06-22,32,ST,77,191,82,Right,3,3,49,50,63,49,81,62,85,83,67,76
517346,Nico Elvedi,221491,Nico Elvedi,M'gladbach,Bundesliga,1996-09-30,29,CB,77,189,84,Right,3,2,68,71,64,55,73,70,79,84,72,76
919435,Sepp van den Berg,242453,Sepp van den Berg,Brentford,Premier League,2001-12-20,24,CB,77,192,87,Right,3,2,66,77,64,52,76,69,79,87,73,76
982677,Folarin Balogun,247463,Folarin Balogun,AS Monaco,Ligue 1 McDonald's,2001-07-03,24,ST,77,178,66,Right,4,3,82,85,76,76,76,65,73,86,56,68
39591,Axel Witsel,177413,Axel Witsel,Girona FC,LALIGA EA SPORTS,1989-01-12,37,CB,77,186,81,Right,4,3,30,31,51,67,78,35,80,73,70,66
1337884,Konstantinos Koulierakis,270077,Konstantinos Koulierakis,VfL Wolfsburg,Bundesliga,2003-11-28,22,CB,77,185,78,Left,2,2,71,68,52,62,73,76,78,84,82,79
1021834,Jakub Kiwior,265693,Jakub Kiwior,FC Porto,Liga Portugal,2000-02-15,26,CB,77,189,75,Left,3,2,63,70,54,55,78,68,76,82,75,74
524435,Daniel Podence,226766,Daniel Podence,Olympiacos FC,Hellas Liga,1995-10-21,30,RW,77,165,58,Right,4,4,87,77,91,94,75,68,35,53,67,51
719055,Panagiotis Retsos,234986,Panagiotis Retsos,Olympiacos FC,Hellas Liga,1998-08-09,27,CB,77,186,79,Right,3,2,67,71,66,51,79,68,80,84,75,76
1552991,David Lopez,201505,David López,Girona FC,LALIGA EA SPORTS,1989-10-09,36,CB,77,185,81,Right,3,2,36,43,34,54,77,52,79,75,80,72
150250,Pedro,189505,Pedro,Latium,Serie A Enilive,1987-07-28,38,RM,77,169,64,Right,5,4,73,56,88,92,79,60,41,48,53,49
521846,Martin Valjent,219585,Martin Valjent,RCD Mallorca,LALIGA EA SPORTS,1995-12-11,30,CB,77,187,70,Right,2,2,66,59,69,61,68,82,85,86,79,83
513072,Jonathan Gradit,221284,Jonathan Gradit,RC Lens,Ligue 1 McDonald's,1992-11-24,33,CB,77,180,75,Right,3,2,66,66,64,68,77,77,79,81,80,79
1202525,Bryan Zaragoza,271916,Bryan Zaragoza,Celta,LALIGA EA SPORTS,2001-09-09,24,LM,77,164,60,Right,4,4,85,79,91,92,67,61,33,52,49,44
922877,Logan Costa,243923,Logan Costa,Villarreal CF,LALIGA EA SPORTS,2001-04-01,25,CB,77,190,85,Right,3,2,59,60,56,55,74,75,79,82,77,78
696646,Axel Disasi,229942,Axel Disasi,Chelsea,Premier League,1998-03-11,28,CB,77,190,86,Right,2,2,50,60,43,40,75,63,88,83,76,79
607148,Aritz Elustondo,226221,Aritz Elustondo,Real Sociedad,LALIGA EA SPORTS,1994-03-28,32,CB,77,180,71,Right,3,2,55,67,56,56,77,69,77,80,83,76
201690,Lewis Dunk,199915,Lewis Dunk,Brighton,Premier League,1991-11-21,34,CB,77,192,88,Right,2,2,33,41,34,38,75,62,84,76,83,78
1307387,Wouter Goes,273752,Wouter Goes,AZ,Eredivisie,2004-06-10,22,CB,77,188,73,Right,3,2,65,61,71,71,78,70,82,83,86,80
1178512,Chrislain Matsima,258432,Chrislain Matsima,FC Augsburg,Bundesliga,2002-05-15,24,CB,77,193,80,Right,3,2,64,84,45,44,77,72,82,85,76,78
711357,Ethan Pinnock,238717,Ethan Pinnock,Brentford,Premier League,1993-05-29,33,CB,77,194,79,Left,3,2,54,65,48,53,77,65,85,82,80,79
950829,Chris Richards,250954,Chris Richards,Crystal Palace,Premier League,2000-03-28,26,CB,77,188,87,Right,3,2,64,67,60,58,76,71,80,83,74,77
448865,Brendan Chardonnet,215410,Brendan Chardonnet,Stade Brestois 29,Ligue 1 McDonald's,1994-12-22,31,CB,77,181,74,Right,3,2,47,46,55,70,79,67,82,79,71,76
872362,Marash Kumbulla,245426,Marash Kumbulla,RCD Mallorca,LALIGA EA SPORTS,2000-02-08,26,CB,77,191,78,Right,3,2,54,62,52,58,78,67,77,79,80,75
1202358,Giorgio Scalvini,265188,Giorgio Scalvini,Bergamo Calcio,Serie A Enilive,2003-12-11,22,CB,77,194,75,Right,3,2,56,55,48,42,77,61,71,74,81,71
496042,Yerry Mina,220523,Yerry Mina,Cagliari,Serie A Enilive,1994-09-23,31,CB,77,195,99,Right,3,2,33,34,35,30,69,68,91,78,90,84
707970,Djibril Sow,229752,Djibril Sow,Sevilla FC,LALIGA EA SPORTS,1997-02-06,29,CM,76,184,76,Right,4,3,75,81,74,73,77,87,74,70,77,78
578756,Deiver Machado,220837,Deiver Machado,RC Lens,Ligue 1 McDonald's,1993-09-02,32,LB,76,180,75,Left,3,2,83,84,76,79,75,74,76,83,75,76
618718,Bright Osayi-Samuel,227884,Bright Osayi-Samuel,Birmingham City,EFL Championship,1997-12-31,28,RB,76,175,72,Right,3,3,92,93,82,81,73,81,82,78,73,80
660165,Milot Rashica,229167,Milot Rashica,Beşiktaş,Trendyol Süper Lig,1996-06-28,30,RM,76,177,73,Right,4,4,85,86,84,82,73,81,68,73,73,73
155066,Juan Cuadrado,193082,Juan Cuadrado,Pisa,Serie A Enilive,1988-05-26,38,RM,76,179,72,Right,3,5,78,76,79,75,71,57,57,73,75,61
210278,Roberto Pereyra,193061,Roberto Pereyra,AEK Athens,Hellas Liga,1991-01-07,35,CM,76,182,76,Right,4,4,73,72,76,76,75,70,67,68,69,68
277771,Thomas Meunier,202371,Thomas Meunier,LOSC Lille,Ligue 1 McDonald's,1991-09-12,34,RB,76,191,90,Right,4,3,60,66,62,46,73,78,84,85,76,81
611831,Jeremiah St. Juste,226853,Jeremiah St. Juste,Sporting CP,Liga Portugal,1996-10-19,29,CB,76,184,79,Right,3,3,90,93,82,70,75,68,74,85,74,73
566187,Ali Abdi,252711,Ali Abdi,OGC Nice,Ligue 1 McDonald's,1993-12-20,32,LB,76,183,73,Left,3,3,83,89,76,68,70,89,71,82,67,75
1343750,Renato Veiga,273906,Renato Veiga,Villarreal CF,LALIGA EA SPORTS,2003-07-29,22,CB,76,190,88,Left,3,2,67,77,70,59,73,80,82,80,84,82
167035,Anthony Lopes,199482,Anthony Lopes,FC Nantes,Ligue 1 McDonald's,1990-10-01,35,GK,76,184,81,Left,2,1,65,64,67,62,75,36,73,76,45,75
200628,Anastasios Bakasetas,208250,Anastasios Bakasetas,Panathinaikos,Hellas Liga,1993-06-28,33,CAM,76,181,78,Left,4,3,67,68,71,68,76,74,78,77,71,76
485047,Hans Hateboer,220093,Hans Hateboer,Stade Rennais FC,Ligue 1 McDonald's,1994-01-09,32,CB,76,187,72,Right,3,3,77,76,66,74,75,68,75,87,76,74
571615,Unai López,222390,Unai López,Rayo Vallecano,LALIGA EA SPORTS,1995-10-30,30,CM,76,170,68,Right,3,3,68,68,84,88,75,78,63,64,78,70
667790,Suat Serdar,230065,Suat Serdar,Hellas Verona,Serie A Enilive,1997-04-11,29,CM,76,184,75,Right,4,4,66,68,72,76,76,75,68,72,82,73
818893,Nicolò Zaniolo,238067,Nicolò Zaniolo,Udinese,Serie A Enilive,1999-07-02,26,RM,76,190,79,Left,2,4,72,76,66,63,79,65,80,72,87,77
355901,Morgan Sanson,210896,Morgan Sanson,OGC Nice,Ligue 1 McDonald's,1994-08-18,31,CM,76,180,73,Right,4,4,67,57,74,69,76,79,72,74,73,74
647900,Mattias Svanberg,228946,Mattias Svanberg,VfL Wolfsburg,Bundesliga,1999-01-05,27,CM,76,185,75,Right,3,3,77,70,74,67,77,76,75,65,67,73
786580,Marshall Munetsi,235432,Marshall Munetsi,Wolves,Premier League,1996-06-22,30,CM,76,188,83,Right,3,3,63,70,54,55,76,89,77,83,69,79
848667,Angel Gomes,240507,Angel Gomes,OM,Ligue 1 McDonald's,2000-08-31,25,CAM,76,166,62,Right,4,4,76,64,87,91,74,72,63,73,71,67
980792,Reo Hatate,255742,Reo Hatate,Celtic,Scottish Prem,1997-11-21,28,CM,76,172,70,Right,4,4,77,65,84,90,78,77,65,72,72,70
935728,Ao Tanaka,236764,Ao Tanaka,Leeds United,Premier League,1998-09-10,27,CDM,76,180,69,Right,3,3,72,69,82,78,74,86,65,71,68,71
214339,Okay Yokuslu,205201,Okay Yokuşlu,Trabzonspor,Trendyol Süper Lig,1994-03-09,32,CDM,76,191,79,Right,3,3,63,66,61,65,71,81,83,85,77,81
967941,Mads Hermansen,246158,Mads Hermansen,West Ham,Premier League,2000-07-11,25,GK,76,185,81,Right,2,1,49,51,47,42,68,44,61,64,20,76
261936,Mohamed Elyounoussi,203362,Mohamed Elyounoussi,F.C. København,3F Superliga,1994-08-04,31,RM,76,178,72,Right,4,4,76,76,79,78,74,86,66,74,72,73
279461,Kenny Lala,204105,Kenny Lala,Stade Brestois 29,Ligue 1 McDonald's,1991-10-03,34,RB,76,178,78,Right,3,3,72,78,66,70,71,82,71,77,72,74
279866,Donovan Léon,205377,Donovan Léon,AJ Auxerre,Ligue 1 McDonald's,1992-11-03,33,GK,76,187,94,Right,2,1,48,46,42,53,69,34,78,72,26,75
560939,Jean Butez,225149,Jean Butez,Como,Serie A Enilive,1995-06-08,31,GK,76,189,75,Right,4,1,52,44,37,54,73,42,62,68,21,75
442277,Miguel Almirón,230977,Miguel Almirón,Atlanta United,MLS,1994-02-10,32,RW,76,174,70,Left,1,4,88,86,86,69,75,87,52,61,64,64
805767,Dennis Man,239978,Dennis Man,PSV,Eredivisie,1998-08-26,27,RM,76,183,82,Left,3,4,92,92,89,66,67,73,72,85,61,71
873956,Juan Miranda,240915,Juan Miranda,Bologna,Serie A Enilive,2000-01-19,26,LB,76,185,76,Left,3,3,80,83,72,66,69,73,63,76,74,68
1036182,Ivan Ilic,258683,Ivan Ilić,Torino,Serie A Enilive,2001-03-17,25,CM,76,186,77,Left,3,3,69,66,72,66,72,65,66,68,72,67
643635,Amir Murillo,237841,Amir Murillo,OM,Ligue 1 McDonald's,1996-02-11,30,RB,76,184,78,Right,3,3,80,87,71,68,74,77,76,82,75,76
566654,Matteo Pessina,239613,Matteo Pessina,Monza,Serie BKT,1997-04-21,29,CM,76,187,77,Left,2,3,64,69,68,63,76,77,63,68,70,68
921543,Morten Frendrup,242633,Morten Frendrup,Genoa,Serie A Enilive,2001-04-07,25,CM,76,178,70,Right,3,3,80,77,72,77,79,92,62,72,80,74
1187213,James Trafford,263063,James Trafford,Manchester City,Premier League,2002-10-10,23,GK,76,192,90,Right,3,1,54,52,52,51,75,40,55,64,28,74
384343,Haris Hajradinovic,226517,Haris Hajradinović,Kasımpaşa,Trendyol Süper Lig,1994-02-18,32,CM,76,178,74,Left,3,3,74,72,80,74,72,83,61,61,72,69
533228,Wilfred Ndidi,226790,Wilfred Ndidi,Beşiktaş,Trendyol Süper Lig,1996-12-16,29,CDM,76,183,74,Right,4,3,61,66,66,65,76,80,78,79,84,80
458998,Marvin Wanitzek,228245,Marvin Wanitzek,Karlsruher SC,Bundesliga 2,1993-05-07,33,CM,76,179,74,Right,3,3,77,64,78,76,74,91,63,69,58,69
717176,Daniel James,232104,Daniel James,Leeds United,Premier League,1997-11-10,28,RM,76,171,63,Right,4,3,94,94,88,87,75,81,56,71,79,68
1010426,Keane Lewis-Potter,243606,Keane Lewis-Potter,Brentford,Premier League,2001-02-22,25,LB,76,170,67,Right,4,3,78,77,85,82,75,79,55,72,66,64
927647,Víctor Gómez,245597,Víctor Gómez,SC Braga,Liga Portugal,2000-04-01,26,RB,76,169,68,Right,4,3,85,80,80,84,77,86,68,78,74,74
321140,Valentino Lazaro,211147,Valentino Lazaro,Torino,Serie A Enilive,1996-03-24,30,RM,76,181,75,Right,3,4,77,66,79,73,78,70,61,73,66,65
547710,Adama Traoré,213956,Adama Traoré,Fulham,Premier League,1996-01-25,30,RM,76,179,86,Right,3,4,95,94,78,87,73,70,90,80,76,82
688273,Vitaly Janelt,235167,Vitaly Janelt,Brentford,Premier League,1998-05-10,28,CM,76,184,79,Left,3,3,64,55,68,64,78,83,76,71,76,78
351661,Patrik Hrosovsky,244791,Patrik Hrošovský,KRC Genk,1A Pro League,1992-04-22,34,CM,76,173,70,Right,3,3,68,53,76,85,74,90,63,67,67,71
980381,Leif Davis,246685,Leif Davis,Ipswich,EFL Championship,1999-12-31,26,LB,76,182,70,Left,2,3,78,81,74,75,73,84,70,77,64,73
1287871,Zakaria El Ouahdi,275353,Zakaria El Ouahdi,KRC Genk,1A Pro League,2001-12-31,24,RB,76,172,66,Right,3,3,81,67,82,89,76,91,63,63,68,71
864157,Jan-Niklas Beste,240451,Jan-Niklas Beste,SC Freiburg,Bundesliga,1999-01-04,27,LM,76,175,66,Left,3,3,79,77,82,81,67,79,55,60,62,63
992052,Thierry Correia,247832,Thierry Correia,Valencia CF,LALIGA EA SPORTS,1999-03-09,27,RB,76,176,69,Right,4,3,89,90,74,72,73,74,68,78,69,70
306168,Tomás Holes,251116,Tomáš Holeš,Slavia Praha,Česká Liga,1993-03-31,33,CB,76,180,73,Right,4,2,74,74,70,82,74,77,81,89,80,80
789630,Marcus Tavernier,237477,Marcus Tavernier,AFC Bournemouth,Premier League,1999-03-22,27,LM,76,178,75,Left,3,3,77,73,78,79,76,82,60,67,50,64
1078729,Batista Mendy,244114,Batista Mendy,Sevilla FC,LALIGA EA SPORTS,2000-01-12,26,CDM,76,191,82,Right,3,2,66,71,65,48,72,84,86,84,76,83
904021,Romain Faivre,242577,Romain Faivre,AFC Bournemouth,Premier League,1998-07-14,27,RM,76,180,69,Left,3,4,76,62,81,73,72,73,63,73,59,65
626890,Marius Bülter,244390,Marius Bülter,1. FC Köln,Bundesliga,1993-03-29,33,ST,76,188,85,Right,3,3,77,82,69,71,77,76,77,81,73,76
958422,Elia Caprile,255303,Elia Caprile,Cagliari,Serie A Enilive,2001-08-25,24,GK,76,191,74,Right,3,1,50,52,60,45,73,28,56,62,26,74
643448,Kristijan Jakic,257889,Kristijan Jakić,FC Augsburg,Bundesliga,1997-05-14,29,CDM,76,181,75,Right,3,2,76,69,65,74,73,82,76,82,88,80
889535,Yann Aurel Bisseck,241736,Yann Aurel Bisseck,Lombardia FC,Serie A Enilive,2000-11-29,25,CB,76,196,83,Right,3,2,75,76,69,68,74,74,81,89,74,78
408986,Timon Wellenreuther,223686,Timon Wellenreuther,Feyenoord,Eredivisie,1995-12-03,30,GK,76,188,80,Right,4,1,52,53,45,54,74,37,71,71,25,73
1233931,Quentin Merlin,261616,Quentin Merlin,Stade Rennais FC,Ligue 1 McDonald's,2002-05-16,24,LB,76,174,68,Left,2,3,76,73,74,81,76,74,57,70,69,64
919742,Senne Lynen,261659,Senne Lynen,SV Werder Bremen,Bundesliga,1999-02-19,27,CDM,76,185,80,Right,3,2,56,78,55,62,77,87,75,71,74,78
441164,Kaan Ayhan,207790,Kaan Ayhan,Galatasaray,Trendyol Süper Lig,1994-11-10,31,RB,76,184,84,Right,3,3,55,59,55,67,75,71,79,78,77,77
212630,Marco Sportiello,216065,Marco Sportiello,Bergamo Calcio,Serie A Enilive,1992-05-10,34,GK,76,192,87,Right,2,1,48,38,55,58,68,37,66,67,23,79
867225,Zeki Çelik,224490,Zeki Çelik,AS Roma,Serie A Enilive,1997-02-17,29,RB,76,180,78,Right,3,3,70,73,67,67,72,82,70,73,74,74
1053714,Nicola Zalewski,262113,Nicola Zalewski,Bergamo Calcio,Serie A Enilive,2002-01-23,24,LM,76,175,78,Right,5,3,80,85,80,75,72,75,49,59,65,59
612836,Donny van de Beek,221363,Donny van de Beek,Girona FC,LALIGA EA SPORTS,1997-04-18,29,CAM,76,184,76,Right,3,3,57,61,72,68,73,54,67,68,74,65
432435,Michael Zetterer,227370,Michael Zetterer,Frankfurt,Bundesliga,1995-07-12,30,GK,76,187,79,Right,5,1,39,44,32,40,76,38,70,66,29,73
972200,Maarten Vandevoordt,242879,Maarten Vandevoordt,RB Leipzig,Bundesliga,2002-02-26,24,GK,76,192,81,Right,3,1,41,39,52,37,68,37,59,61,16,74
459602,Vitaliy Buyalskyi,244373,Vitaliy Buyalskyi,Dynamo Kyiv,Ukrayina Liha,1993-01-06,33,CAM,76,170,61,Right,4,3,71,77,83,86,78,77,47,51,50,55
956659,Himad Abdelli,246297,Himad Abdelli,Angers SCO,Ligue 1 McDonald's,1999-11-17,26,CAM,76,185,81,Right,3,4,66,57,72,61,74,79,73,73,68,74
1174351,Jayden Oosterwolde,258168,Jayden Oosterwolde,Fenerbahçe,Trendyol Süper Lig,2001-04-26,25,LB,76,192,74,Left,2,2,86,90,76,65,67,76,80,78,83,80
1265626,Abdul Fatawu,267680,Abdul Fatawu,Leicester City,EFL Championship,2004-03-08,22,RM,76,177,73,Left,4,4,87,80,86,86,73,69,59,74,67,64
254308,Florian Thauvin,204970,Florian Thauvin,RC Lens,Ligue 1 McDonald's,1993-01-26,33,ST,76,181,70,Left,3,4,70,71,78,74,76,74,62,71,58,65
423812,Phillipp Mwene,216275,Phillipp Mwene,1. FSV Mainz 05,Bundesliga,1994-01-29,32,LB,76,172,68,Right,4,3,83,73,82,86,75,88,66,67,59,70
890263,Jordan Teze,245211,Jordan Teze,AS Monaco,Ligue 1 McDonald's,1999-09-30,26,RB,76,183,68,Right,1,2,75,78,70,74,73,72,80,78,76,77
1356312,Mateus Fernandes,270857,Mateus Fernandes,West Ham,Premier League,2004-07-10,21,CAM,76,178,72,Right,4,4,73,67,84,81,77,78,62,69,60,66
264885,Iván Balliu,203581,Iván Balliu,Rayo Vallecano,LALIGA EA SPORTS,1992-01-01,34,RB,76,172,68,Right,3,3,77,83,78,76,71,84,62,74,73,70
574662,Joan Jordán,224309,Joan Jordán,Sevilla FC,LALIGA EA SPORTS,1994-07-06,31,CM,76,184,74,Right,4,3,50,47,63,57,74,78,74,60,76,75
887704,Keito Nakamura,242914,Keito Nakamura,Stade de Reims,Ligue 2 BKT,2000-07-28,25,LM,76,180,75,Right,4,4,83,76,79,70,71,88,73,75,61,74
1089685,Carney Chukwuemeka,259356,Carney Chukwuemeka,Borussia Dortmund,Bundesliga,2003-10-20,22,CAM,76,187,77,Right,3,4,74,74,78,77,77,64,70,75,57,66
1283094,Roger Fernandes,263828,Roger Fernandes,Al Ittihad,ROSHN Saudi League,2005-11-21,20,RM,76,166,65,Left,4,3,87,90,91,87,76,71,44,59,60,55
941953,Saul Coco,265650,Saúl Coco,Torino,Serie A Enilive,1999-02-09,27,CB,76,187,86,Right,3,2,80,89,61,54,67,75,81,88,77,79
1440009,Moise Bombito,274536,Moïse Bombito,OGC Nice,Ligue 1 McDonald's,2000-03-30,26,CB,76,191,81,Right,3,2,92,93,54,48,69,64,81,88,75,76
280287,Sam Johnstone,206075,Sam Johnstone,Wolves,Premier League,1993-03-25,33,GK,76,193,85,Right,3,1,38,45,55,27,73,37,68,64,24,74
491784,Lorenzo Montipo,215363,Lorenzo Montipò,Hellas Verona,Serie A Enilive,1996-02-20,30,GK,76,191,82,Right,3,1,40,45,46,49,73,35,55,60,31,74
696263,Romain Del Castillo,231612,Romain Del Castillo,Stade Brestois 29,Ligue 1 McDonald's,1996-03-29,30,RW,76,172,65,Left,3,3,79,85,89,80,71,65,61,74,69,64
689680,Jens Odgaard,234671,Jens Odgaard,Bologna,Serie A Enilive,1999-03-31,27,CAM,76,188,80,Left,3,3,74,73,69,62,78,79,75,83,68,75
950474,James Garner,243657,James Garner,Everton,Premier League,2001-03-13,25,CDM,76,182,80,Right,3,3,62,55,69,57,74,75,67,67,74,70
1164506,Tiago Tomás,257073,Tiago Tomás,VfB Stuttgart,Bundesliga,2002-06-16,24,LW,76,180,78,Right,3,4,85,87,78,80,72,80,66,79,61,69
1248482,Antonio Nusa,262863,Antonio Nusa,RB Leipzig,Bundesliga,2005-04-17,21,LM,76,183,77,Right,4,4,92,86,91,87,70,73,59,69,57,63
1284071,Félix Lemaréchal,264869,Félix Lemaréchal,Strasbourg,Ligue 1 McDonald's,2003-08-07,22,CAM,76,180,73,Right,4,3,66,60,67,65,74,73,65,64,72,68
463967,Jindrich Stanek,221909,Jindřich Staněk,Slavia Praha,Česká Liga,1996-04-27,30,GK,76,192,90,Right,2,1,36,35,27,31,72,26,68,62,18,76
388523,André Silva,228941,André Silva,Elche CF,LALIGA EA SPORTS,1995-11-06,30,ST,76,185,84,Right,3,4,74,70,77,74,78,67,76,87,75,74
873566,Yahia Fofana,242179,Yahia Fofana,Çaykur Rizespor,Trendyol Süper Lig,2000-08-21,25,GK,76,194,89,Right,3,1,40,43,35,29,69,33,77,69,25,74
915797,Noah Okafor,242530,Noah Okafor,Leeds United,Premier League,2000-05-24,26,ST,76,185,85,Right,4,4,87,85,85,66,73,57,79,85,53,69
990996,Inaki Pena,246139,Iñaki Peña,Elche CF,LALIGA EA SPORTS,1999-03-02,27,GK,76,184,78,Right,3,1,33,38,49,51,75,27,54,55,17,75
50047,Alexis Sánchez,184941,Alexis Sánchez,Sevilla FC,LALIGA EA SPORTS,1988-12-19,37,ST,76,169,65,Right,4,3,71,65,81,90,76,51,58,71,67,59
424875,Bruno Petkovic,215455,Bruno Petković,Kocaelispor,Trendyol Süper Lig,1994-09-16,31,ST,76,193,88,Right,4,4,66,70,71,49,66,65,90,89,48,75
465750,Timothy Castagne,222501,Timothy Castagne,Fulham,Premier League,1995-12-05,30,RB,76,185,80,Right,3,2,67,68,68,65,75,78,66,75,75,71
561046,Ruben Aguilar,223597,Ruben Aguilar,RC Lens,Ligue 1 McDonald's,1993-04-26,33,RB,76,172,69,Right,2,3,73,62,77,76,74,88,66,70,83,75
623716,Josh Cullen,228151,Josh Cullen,Burnley,Premier League,1996-04-07,30,CDM,76,175,70,Right,3,3,69,55,75,80,76,86,63,69,68,70
660327,Ibrahima Sissoko,231089,Ibrahima Sissoko,VfL Bochum 1848,Bundesliga 2,1997-10-27,28,CDM,76,193,90,Right,4,3,56,58,45,33,75,83,87,82,74,83
974755,Lucas Beltran,246258,Lucas Beltrán,Valencia CF,LALIGA EA SPORTS,2001-03-29,25,CAM,76,176,76,Right,3,3,76,67,78,79,76,70,72,79,83,74
1192406,Lorenz Assignon,260574,Lorenz Assignon,VfB Stuttgart,Bundesliga,2000-06-22,26,RB,76,181,77,Right,3,3,73,79,71,74,69,78,70,76,72,73
1308414,Hugo Álvarez,266331,Hugo Álvarez,Celta,LALIGA EA SPORTS,2003-07-02,22,LM,76,176,72,Right,3,3,74,71,73,60,71,65,57,66,62,60
709796,Petar Musa,244797,Petar Musa,FC Dallas,MLS,1998-03-04,28,ST,76,190,82,Right,3,3,81,83,66,62,77,76,86,84,73,81
215415,Rob Schoofs,205369,Rob Schoofs,R. Union St.-G.,1A Pro League,1994-03-23,32,CM,76,178,69,Left,4,3,67,42,73,74,72,81,61,65,70,68
438825,Niclas Eliasson,220969,Niclas Eliasson,AEK Athens,Hellas Liga,1995-12-07,30,RM,76,178,70,Left,4,4,90,85,91,77,73,75,62,64,60,65
643229,Jérémie Boga,224422,Jérémie Boga,OGC Nice,Ligue 1 McDonald's,1997-01-03,29,LW,76,172,68,Right,3,4,90,80,88,82,68,66,64,77,56,64
1073143,Azzedine Ounahi,255125,Azzedine Ounahi,Girona FC,LALIGA EA SPORTS,2000-04-19,26,CM,76,182,62,Right,3,3,63,64,77,68,75,82,64,66,58,67
276739,Kevin Stöger,204497,Kevin Stöger,M'gladbach,Bundesliga,1993-08-27,32,CAM,76,175,74,Left,3,3,60,50,79,79,77,68,63,58,50,61
614207,Maxime Lopez,224030,Maxime Lopez,Paris FC,Ligue 1 McDonald's,1997-12-04,28,CM,76,167,58,Right,3,3,70,59,91,93,74,80,32,55,76,54
860314,Nahuel Tenaglia,240953,Nahuel Tenaglia,D. Alavés,LALIGA EA SPORTS,1996-02-21,30,RB,76,181,70,Right,3,3,68,69,72,78,75,80,75,80,83,78
953812,Sofiane Diop,244892,Sofiane Diop,OGC Nice,Ligue 1 McDonald's,2000-06-09,26,LW,76,175,65,Right,3,4,80,74,80,84,71,74,37,50,68,53
806551,Michal Sadílek,245209,Michal Sadílek,Slavia Praha,Česká Liga,1999-05-31,27,CDM,76,170,63,Left,2,3,74,36,72,84,71,86,74,70,83,79
1250492,Matthis Abline,264422,Matthis Abline,FC Nantes,Ligue 1 McDonald's,2003-03-28,23,ST,76,182,81,Right,3,3,83,90,84,79,72,81,67,79,33,64
1254234,Ethan Nwaneri,271807,Ethan Nwaneri,Arsenal,Premier League,2007-03-21,19,RW,76,176,70,Left,3,3,80,83,80,83,74,66,51,58,44,54
861197,Lukas Nmecha,230084,Lukas Nmecha,Leeds United,Premier League,1998-12-14,27,ST,76,185,80,Right,4,3,75,73,73,71,75,74,79,85,71,76
494417,Harry Wilson,220710,Harry Wilson,Fulham,Premier League,1997-03-22,29,RM,76,173,70,Left,2,3,76,75,78,84,74,68,53,70,45,56
728290,Kevin Mac Allister,233230,Kevin Mac Allister,R. Union St.-G.,1A Pro League,1997-11-07,28,CB,76,175,72,Right,3,2,82,67,81,79,72,90,74,86,84,81
780432,Ethan Ampadu,235735,Ethan Ampadu,Leeds United,Premier League,2000-09-14,25,CB,76,183,78,Right,4,2,68,66,67,68,76,81,77,78,78,78
562892,Rico Henry,224494,Rico Henry,Brentford,Premier League,1997-07-08,28,LB,76,170,66,Left,2,3,87,86,89,91,76,64,64,73,78,67
1098607,Jake O'Brien,253510,Jake O'Brien,Everton,Premier League,2001-05-15,25,CB,76,197,84,Right,3,2,68,85,44,36,74,67,85,88,77,79
1530314,Geovany Quenda,279044,Geovany Quenda,Sporting CP,Liga Portugal,2007-04-30,19,RM,76,172,71,Left,4,4,87,83,84,81,64,75,68,66,55,67
800624,Calvin Stengs,236593,Calvin Stengs,Pisa,Serie A Enilive,1998-12-18,27,CAM,76,187,74,Left,3,4,72,66,83,67,75,75,60,60,58,63
1434889,Assane Diao,275324,Assane Diao,Como,Serie A Enilive,2005-09-07,20,LM,76,185,72,Right,4,4,90,90,82,72,69,74,53,62,61,60
478105,Baptiste Santamaria,219792,Baptiste Santamaria,Valencia CF,LALIGA EA SPORTS,1995-03-09,31,CDM,76,183,81,Right,2,3,48,37,66,67,74,82,73,66,72,75
1199272,Rasmus Højlund,259399,Rasmus Højlund,SSC Napoli,Serie A Enilive,2003-02-04,23,ST,76,191,79,Left,3,3,84,86,64,62,73,70,82,90,82,79
1286183,Tom Bischof,263765,Tom Bischof,FC Bayern München,Bundesliga,2005-06-28,21,CM,76,176,66,Left,3,3,65,52,81,85,78,81,49,49,65,60
1435439,Javi Rodríguez,279027,Javi Rodríguez,Celta,LALIGA EA SPORTS,2003-06-26,23,RB,76,178,70,Right,3,3,73,74,61,64,76,77,68,75,73,72
1036401,Ricardo Pepi,251223,Ricardo Pepi,PSV,Eredivisie,2003-01-09,23,ST,76,185,74,Right,3,3,74,72,69,68,72,77,74,75,67,73
1199283,Eric Martel,256942,Eric Martel,1. FC Köln,Bundesliga,2002-04-29,24,CDM,76,188,81,Right,3,2,65,58,67,68,74,86,78,77,78,80
603477,Cengiz Ünder,235889,Cengiz Ünder,Beşiktaş,Trendyol Süper Lig,1997-07-14,28,RW,76,173,66,Left,4,4,78,76,77,81,68,66,57,71,37,56
797594,Azor Matusiwa,239356,Azor Matusiwa,Ipswich,EFL Championship,1998-04-28,28,CDM,76,173,72,Right,3,3,60,55,74,78,74,83,74,70,84,78
1282008,Santiago Castro,267861,Santiago Castro,Bologna,Serie A Enilive,2004-09-18,21,ST,76,182,76,Right,4,4,80,78,77,76,75,60,67,85,78,68
763974,Gauthier Hein,234239,Gauthier Hein,FC Metz,Ligue 1 McDonald's,1996-08-07,29,CAM,76,170,65,Left,3,4,78,76,92,90,69,74,46,53,63,57
1049999,Enzo Le Fée,246350,Enzo Le Fée,Sunderland,Premier League,2000-02-03,26,CM,76,173,66,Right,3,4,62,63,74,87,77,68,52,53,54,56
940735,Veljko Birmancevic,261307,Veljko Birmančević,Sparta Praha,Česká Liga,1998-03-05,28,RW,76,179,69,Right,4,4,81,76,88,78,75,73,57,65,41,58
1338016,Valentín Gómez,267860,Valentín Gómez,Real Betis,LALIGA EA SPORTS,2003-06-26,23,CB,76,181,75,Left,2,2,79,81,78,74,75,81,70,83,80,75
719219,Konstantinos Mavropanos,242000,Konstantinos Mavropanos,West Ham,Premier League,1997-12-11,28,CB,76,194,89,Right,3,2,64,76,52,34,75,65,88,79,74,79
941213,Crysencio Summerville,251954,Crysencio Summerville,West Ham,Premier League,2001-10-30,24,LM,76,169,64,Right,3,3,91,88,88,83,71,74,46,59,47,54
1318400,Kevin,70571,Kevin,Fulham,Premier League,2003-01-04,23,LW,76,176,68,Right,3,4,82,81,81,76,71,69,56,65,62,61
637745,Jonathan Ikoné,234612,Jonathan Ikoné,Paris FC,Ligue 1 McDonald's,1998-05-02,28,RM,76,175,73,Left,3,4,86,84,87,81,73,59,50,59,65,56
988160,Osame Sahraoui,246548,Osame Sahraoui,LOSC Lille,Ligue 1 McDonald's,2001-06-11,25,LM,76,171,64,Right,5,5,88,78,93,92,72,76,43,52,52,54
837870,Jaminton Campaz,238230,Jaminton Campaz,Rosario Central,LPF,2000-05-24,26,LM,76,168,68,Left,2,3,86,84,77,83,72,72,58,63,33,57
1016093,Gustav Isaksen,248729,Gustav Isaksen,Latium,Serie A Enilive,2001-04-19,25,RM,76,178,65,Left,4,3,84,92,82,80,73,74,33,59,52,48
1250443,Maxime Estève,262042,Maxime Estève,Burnley,Premier League,2002-05-26,24,CB,76,193,87,Left,3,2,72,77,44,62,73,77,85,86,78,82
298923,Alexandru Maxim,211061,Alexandru Maxim,Gaziantep,Trendyol Süper Lig,1990-07-08,35,CAM,76,177,73,Right,4,4,74,64,78,80,71,72,58,58,48,60
463291,Luka Jovic,232432,Luka Jović,AEK Athens,Hellas Liga,1997-12-23,28,ST,76,181,85,Right,4,3,76,74,74,73,77,57,77,89,62,70
1340895,Bilal El Khannouss,257504,Bilal El Khannouss,VfB Stuttgart,Bundesliga,2004-05-10,22,CAM,76,180,70,Right,3,4,79,74,88,85,74,71,56,61,37,56
727817,Koki Machida,232873,Koki Machida,TSG Hoffenheim,Bundesliga,1997-08-25,28,CB,76,190,80,Left,3,2,72,83,53,34,73,77,88,90,73,82
1393439,Eliesse Ben Seghir,272781,Eliesse Ben Seghir,Leverkusen,Bundesliga,2005-02-16,21,LM,76,178,72,Right,3,4,76,77,81,79,74,71,61,70,51,62
343757,Marvin Ducksch,197031,Marvin Ducksch,Birmingham City,EFL Championship,1994-03-07,32,ST,76,188,79,Right,3,3,54,57,65,64,81,76,70,75,49,68
1227012,Simon Adingra,260779,Simon Adingra,Sunderland,Premier League,2002-01-01,24,RM,76,175,68,Right,3,3,88,87,88,85,72,70,45,55,47,52
1337911,Oscar Gloukh,274288,Oscar Gloukh,Ajax,Eredivisie,2004-04-01,22,CAM,76,170,68,Right,4,4,87,78,87,85,61,74,36,59,45,48
604330,Sebastiano Luperto,220534,Sebastiano Luperto,Cagliari,Serie A Enilive,1996-09-06,29,CB,76,190,83,Left,3,2,65,63,65,62,77,74,74,81,77,75
873827,Ander Guevara,240458,Ander Guevara,D. Alavés,LALIGA EA SPORTS,1997-07-07,28,CDM,76,180,73,Right,3,3,50,33,65,69,76,79,65,59,68,69
1073941,Lilian Brassier,251380,Lilian Brassier,Stade Rennais FC,Ligue 1 McDonald's,1999-11-02,26,CB,76,186,78,Left,2,2,64,69,60,56,72,71,78,83,75,76
413158,Chuba Akpom,213418,Chuba Akpom,Ipswich,EFL Championship,1995-10-09,30,ST,76,186,81,Right,3,3,75,77,75,66,78,71,79,88,64,74
474448,Antonio Sanabria,219932,Antonio Sanabria,Cremonese,Serie A Enilive,1996-03-04,30,ST,76,180,70,Right,4,3,78,72,82,75,72,60,62,82,36,57
796974,Pascal Struijk,239360,Pascal Struijk,Leeds United,Premier League,1999-08-11,26,CB,76,190,79,Left,4,2,60,59,58,59,75,77,82,84,77,80
1048023,Strahinja Pavlovic,254840,Strahinja Pavlović,Milano FC,Serie A Enilive,2001-05-24,25,CB,76,194,85,Left,3,2,64,74,57,45,76,83,83,85,80,83
1178332,Ismaël Doukouré,257090,Ismaël Doukouré,Strasbourg,Ligue 1 McDonald's,2003-07-24,22,CB,76,183,83,Right,3,2,59,68,55,63,75,70,80,79,74,76
821312,Sikou Niakaté,240453,Sikou Niakaté,SC Braga,Liga Portugal,1999-07-10,26,CB,76,186,83,Left,3,2,70,74,64,71,73,79,80,86,77,79
1156569,Sebastian Nanasi,256782,Sebastian Nanasi,Strasbourg,Ligue 1 McDonald's,2002-05-16,24,CAM,76,178,71,Right,3,4,77,64,85,87,74,77,61,61,58,64
1390101,Matte Smets,271032,Matte Smets,KRC Genk,1A Pro League,2004-01-04,22,CB,76,184,76,Right,3,2,64,65,69,71,75,80,73,75,71,74
658240,Cedric Zesiger,236369,Cédric Zesiger,FC Augsburg,Bundesliga,1998-06-24,28,CB,76,194,92,Left,3,2,56,74,49,42,75,72,90,85,83,84
955376,Benoît Badiashile,242578,Benoît Badiashile,Chelsea,Premier League,2001-03-26,25,CB,76,194,75,Left,2,2,51,68,50,50,75,65,83,71,76,77
1079485,Beto,251892,Beto,Everton,Premier League,1998-01-31,28,ST,76,194,88,Right,3,3,73,75,52,40,73,70,91,92,72,82
243419,Juan Cruz,243604,Juan Cruz,CD Leganés,LALIGA HYPERMOTION,2000-04-25,26,RM,76,178,76,Left,3,3,81,76,85,66,72,59,41,53,59,50
1212630,Lorenzo Lucca,268474,Lorenzo Lucca,SSC Napoli,Serie A Enilive,2000-09-10,25,ST,76,201,80,Right,3,2,54,70,40,43,74,73,90,87,70,82
1231648,Vladyslav Vanat,271541,Vladyslav Vanat,Girona FC,LALIGA EA SPORTS,2002-01-04,24,ST,76,182,69,Left,4,3,78,79,74,68,79,75,63,76,67,67
637744,Marcus Edwards,235619,Marcus Edwards,Burnley,Premier League,1998-12-03,27,RM,76,167,71,Left,3,4,86,83,91,90,73,72,39,52,40,48
935406,Luca Ranieri,240777,Luca Ranieri,Fiorentina,Serie A Enilive,1999-04-23,27,CB,76,187,76,Left,3,2,62,73,61,67,76,68,59,74,80,66
812415,Hugo Magnetti,244480,Hugo Magnetti,Stade Brestois 29,Ligue 1 McDonald's,1998-05-30,28,CDM,76,172,75,Right,3,3,49,39,60,82,72,75,74,62,82,75
1180718,Mohamed-Ali Cho,256476,Mohamed-Ali Cho,OGC Nice,Ligue 1 McDonald's,2004-01-19,22,LW,76,181,66,Left,3,3,82,79,72,68,70,69,62,76,33,59
1576876,Anis Hadj Moussa,70726,Anis Hadj-Moussa,Feyenoord,Eredivisie,2002-02-11,24,RW,76,176,72,Left,3,5,83,77,92,80,68,69,50,58,35,52
860913,Jhon Lucumí,231207,Jhon Lucumí,Bologna,Serie A Enilive,1998-06-26,28,CB,76,187,86,Left,3,2,63,67,48,52,74,77,81,82,73,78
767800,Felix Uduokhai,232144,Felix Uduokhai,Beşiktaş,Trendyol Süper Lig,1997-09-09,28,CB,76,193,89,Left,3,2,68,69,66,63,75,69,84,79,72,78
1525065,Rodrigo Mora,72997,Rodrigo Mora,FC Porto,Liga Portugal,2007-05-05,19,CAM,76,168,56,Right,4,4,80,74,83,92,78,59,32,48,41,41
372978,Georgios Giakoumakis,239842,Georgios Giakoumakis,PAOK FC,Hellas Liga,1994-12-09,31,ST,76,185,81,Right,3,2,68,75,66,63,79,69,84,89,72,78
1169596,Raúl Moro,258139,Raúl Moro,Ajax,Eredivisie,2002-12-05,23,LW,76,168,67,Right,3,3,83,83,86,82,71,56,47,54,45,49
183353,Kike Garcia,192678,Kike García,RCD Espanyol,LALIGA EA SPORTS,1989-11-25,36,ST,76,186,79,Right,4,3,42,42,58,46,76,53,78,76,76,71
717174,Joe Rodon,229266,Joe Rodon,Leeds United,Premier League,1997-10-22,28,CB,76,193,88,Right,3,2,72,79,60,58,77,76,81,85,74,79
885085,Thijs Dallinga,252021,Thijs Dallinga,Bologna,Serie A Enilive,2000-08-03,25,ST,76,190,72,Right,4,2,69,73,53,63,78,64,65,81,42,61
561198,Mouctar Diakhaby,230578,Mouctar Diakhaby,Valencia CF,LALIGA EA SPORTS,1996-12-19,29,CB,76,189,78,Right,3,2,63,61,60,44,70,71,79,84,75,76
954962,David Carmo,251616,David Carmo,R. Oviedo,LALIGA EA SPORTS,1999-07-19,26,CB,76,196,89,Left,2,2,54,63,35,32,71,73,91,75,77,83
656491,Rasmus Nicolaisen,235244,Rasmus Nicolaisen,Toulouse FC,Ligue 1 McDonald's,1997-03-16,29,CB,76,191,81,Left,3,2,45,52,54,50,73,72,84,82,78,80
684983,Atakan Karazor,239096,Atakan Karazor,VfB Stuttgart,Bundesliga,1996-10-13,29,CDM,76,191,76,Right,3,2,37,51,61,43,74,81,69,69,78,74
1053838,Morato,256008,Morato,Nott'm Forest,Premier League,2001-06-30,25,CB,76,192,88,Left,2,2,52,54,41,43,71,62,89,76,80,80
1079554,Anthony Rouault,252512,Anthony Rouault,Stade Rennais FC,Ligue 1 McDonald's,2001-05-29,25,CB,76,186,77,Right,3,2,61,58,60,66,77,73,74,80,74,74
902383,Nehuén Pérez,244206,Nehuén Pérez,FC Porto,Liga Portugal,2000-06-24,26,CB,76,186,78,Right,3,2,61,60,53,57,74,74,77,79,80,77
637737,Harold Moukoudi,228732,Harold Moukoudi,AEK Athens,Hellas Liga,1997-11-27,28,CB,76,191,96,Right,3,2,45,53,42,60,68,76,93,80,85,87
1426170,Mamadou Sarr,275507,Mamadou Sarr,Strasbourg,Ligue 1 McDonald's,2005-08-29,20,CB,76,194,77,Right,3,2,53,76,37,54,75,61,80,78,70,73
445873,Brandon Mechele,212204,Brandon Mechele,Club Brugge,1A Pro League,1993-01-28,33,CB,76,190,80,Right,4,2,46,51,63,56,68,80,80,75,71,78
696443,Issa Diop,231633,Issa Diop,Fulham,Premier League,1997-01-09,29,CB,76,194,92,Right,3,2,49,63,52,33,75,60,87,82,78,78
938247,Mohammed Salisu,244915,Mohammed Salisu,AS Monaco,Ligue 1 McDonald's,1999-04-17,27,CB,76,191,85,Left,3,2,55,62,47,49,74,67,87,81,79,80
844504,Rodrigo Becão,238621,Rodrigo Becão,Fenerbahçe,Trendyol Süper Lig,1996-01-19,30,CB,76,191,79,Right,2,2,53,55,50,44,70,67,84,82,81,79
894802,Moritz Jenz,241494,Moritz Jenz,VfL Wolfsburg,Bundesliga,1999-04-30,27,CB,76,190,86,Right,3,2,66,59,51,55,74,69,85,77,86,81
900523,Keven Schlotterbeck,244068,Keven Schlotterbeck,FC Augsburg,Bundesliga,1997-04-28,29,CB,76,189,86,Left,3,2,56,69,54,55,73,54,84,84,67,73
423624,Patrick Mainka,216199,Patrick Mainka,Heidenheim,Bundesliga,1994-11-06,31,CB,76,194,86,Right,3,2,38,53,49,53,75,80,84,70,78,81
848034,Santiago Bueno,237658,Santiago Bueno,Wolves,Premier League,1998-11-09,27,CB,76,190,76,Right,3,2,52,49,44,49,76,73,79,79,77,77
852347,Dan-Axel Zagadou,238476,Dan-Axel Zagadou,VfB Stuttgart,Bundesliga,1999-06-03,27,CB,76,196,90,Left,3,2,34,55,33,34,69,55,92,75,75,79
805352,Unai Nunez,240900,Unai Núñez,Hellas Verona,Serie A Enilive,1997-01-30,29,CB,76,186,81,Right,2,2,59,71,33,59,74,68,81,83,77,77
402830,Guillermo Maripan,219145,Guillermo Maripán,Torino,Serie A Enilive,1994-05-06,32,CB,76,190,84,Right,2,2,32,33,33,35,70,65,84,76,78,78
800615,Filip Ugrinic,236657,Filip Ugrinić,Valencia CF,LALIGA EA SPORTS,1999-01-05,27,CM,75,184,88,Right,4,3,76,78,75,81,69,90,87,83,75,85
1315711,Nelson Deossa,267430,Nelson Deossa,Real Betis,LALIGA EA SPORTS,2000-02-06,26,CM,75,185,74,Left,3,3,75,75,71,75,73,87,77,81,79,80
720733,Teddy Teuma,244309,Teddy Teuma,Stade de Reims,Ligue 2 BKT,1993-09-30,32,CAM,75,176,73,Left,5,3,69,66,70,76,71,76,73,68,80,75
860260,Derrick Köhn,250941,Derrick Köhn,Union Berlin,Bundesliga,1999-02-04,27,LB,75,180,73,Left,3,4,86,88,84,74,71,71,72,79,65,71
1124529,Christos Zafeiris,264330,Christos Zafeiris,Slavia Praha,Česká Liga,2003-02-23,23,CM,75,173,75,Right,4,4,82,74,84,85,76,82,74,79,76,77
822440,Michael Folorunsho,268683,Michael Folorunsho,Cagliari,Serie A Enilive,1998-02-07,28,CAM,75,185,78,Right,4,3,70,75,71,60,76,75,76,81,78,76
418137,Arthur Masuaku,212491,Arthur Masuaku,Sunderland,Premier League,1993-11-07,32,LB,75,179,80,Left,2,4,77,80,77,79,69,83,80,74,72,79
589344,Renato Sanches,230767,Renato Sanches,Panathinaikos,Hellas Liga,1997-08-18,28,CM,75,176,70,Right,4,4,72,70,74,78,75,54,77,78,84,73
1254297,Andy Diouf,268534,Andy Diouf,Lombardia FC,Serie A Enilive,2003-05-17,23,CM,75,187,81,Left,3,3,75,78,74,70,73,77,77,78,73,76
1178443,Arne Engels,272874,Arne Engels,Celtic,Scottish Prem,2003-09-08,22,CM,75,185,76,Right,3,3,71,74,76,77,74,83,71,75,75,75
556029,Marius Wolf,224425,Marius Wolf,FC Augsburg,Bundesliga,1995-05-27,31,RB,75,188,81,Right,4,2,75,74,66,64,75,80,76,76,78,77
1079456,Costinha,251942,Costinha,Olympiacos FC,Hellas Liga,2000-03-26,26,RB,75,181,74,Right,3,3,79,77,70,69,72,81,72,80,82,77
725398,Mathias Pereira Lage,233061,Mathias Pereira Lage,FC St. Pauli,Bundesliga,1996-11-30,29,LW,75,180,69,Right,3,4,79,91,77,72,69,86,64,76,44,66
891870,Mitchel Bakker,239368,Mitchel Bakker,Bergamo Calcio,Serie A Enilive,2000-06-20,26,LB,75,189,86,Left,2,2,77,80,64,63,74,82,81,85,79,81
715069,Pedro Díaz,236492,Pedro Díaz,Rayo Vallecano,LALIGA EA SPORTS,1998-06-05,28,CM,75,180,78,Right,4,3,68,64,79,69,69,82,71,72,68,73
927646,Adrià Pedrosa,246113,Adrià Pedrosa,Elche CF,LALIGA EA SPORTS,1998-05-13,28,LB,75,176,69,Left,3,3,88,86,83,77,73,86,62,76,78,72
769166,Jean-Ricner Bellegarde,235456,Jean-Ricner Bellegarde,Wolves,Premier League,1998-06-27,28,CAM,75,170,70,Right,3,3,79,78,83,86,75,79,68,76,72,72
725695,Aboubakary Koïta,239028,Aboubakary Koita,AEK Athens,Hellas Liga,1998-09-20,27,LM,75,175,69,Right,4,4,85,82,87,78,70,76,68,64,65,69
848593,Ángelo Preciado,246055,Ángelo Preciado,Sparta Praha,Česká Liga,1998-02-18,28,RM,75,173,74,Right,3,3,89,85,79,72,72,77,68,74,68,71
605507,Andre Horta,226370,André Horta,UD Almería,LALIGA HYPERMOTION,1996-11-07,29,CM,75,175,62,Right,3,3,73,73,86,81,78,79,65,74,69,70
319827,Kévin Rodrigues,209289,Kévin Rodrigues,Gaziantep,Trendyol Süper Lig,1994-03-05,32,LB,75,170,68,Left,3,3,71,74,72,80,70,71,59,74,75,66
335429,Günay Güvenc,211908,Günay Güvenç,Galatasaray,Trendyol Süper Lig,1991-07-25,34,GK,75,187,85,Right,4,1,56,59,59,47,70,37,68,70,25,75
773991,Ryan Sessegnon,235883,Ryan Sessegnon,Fulham,Premier League,2000-05-18,26,LB,75,178,70,Left,3,4,79,78,79,76,73,69,62,75,67,65
891855,Jakub Moder,239778,Jakub Moder,Feyenoord,Eredivisie,1999-04-07,27,CM,75,188,78,Right,3,3,55,72,58,58,76,79,78,73,79,78
759817,Miro Muheim,232839,Miro Muheim,Hamburger SV,Bundesliga,1998-03-24,28,LB,75,182,77,Left,3,2,77,70,72,72,69,86,68,74,70,73
622373,Josip Juranovic,257771,Josip Juranović,Union Berlin,Bundesliga,1995-08-16,30,RB,75,173,68,Right,4,3,84,75,82,82,74,67,61,73,75,66
369742,Jackson Irvine,211378,Jackson Irvine,FC St. Pauli,Bundesliga,1993-03-07,33,CM,75,189,74,Right,3,3,64,69,64,59,75,91,76,85,76,80
450976,Yannick Gerhardt,212245,Yannick Gerhardt,VfL Wolfsburg,Bundesliga,1994-03-13,32,CM,75,184,81,Left,3,3,66,64,67,68,78,75,76,72,75,75
625175,Grischa Prömel,228595,Grischa Prömel,TSG Hoffenheim,Bundesliga,1995-01-09,31,CM,75,184,81,Right,4,3,65,59,67,67,76,75,76,83,78,77
921921,Kristian Thorstvedt,242725,Kristian Thorstvedt,Sassuolo,Serie A Enilive,1999-03-13,27,CM,75,189,84,Left,4,3,55,66,62,45,72,86,83,79,74,82
867789,Emanuele Valeri,258714,Emanuele Valeri,Parma,Serie A Enilive,1998-12-07,27,LB,75,180,78,Left,2,3,76,73,68,68,72,78,58,68,69,66
1323398,Abel Bretones,271145,Abel Bretones,CA Osasuna,LALIGA EA SPORTS,2000-08-21,25,LB,75,188,79,Left,3,3,75,79,70,59,69,79,74,78,80,77
166733,Christopher Trimmel,193254,Christopher Trimmel,Union Berlin,Bundesliga,1987-02-24,39,RB,75,189,82,Right,3,3,55,76,56,52,71,73,82,79,79,79
641595,Nikola Moro,244270,Nikola Moro,Bologna,Serie A Enilive,1998-03-12,28,CDM,75,184,78,Right,4,3,66,66,68,63,72,74,70,73,73,72
906945,Ismail Jakobs,252293,Ismail Jakobs,Galatasaray,Trendyol Süper Lig,1999-08-17,26,LB,75,184,75,Left,3,3,90,90,84,68,70,74,65,79,66,68
1093285,Fabiano Parisi,258976,Fabiano Parisi,Fiorentina,Serie A Enilive,2000-11-09,25,LB,75,178,72,Left,3,2,76,75,74,76,74,66,65,70,73,67
1051097,Matteo Ruggeri,259584,Matteo Ruggeri,Atlético de Madrid,LALIGA EA SPORTS,2002-07-11,23,LM,75,187,79,Left,3,3,78,78,60,59,76,80,68,77,74,73
171647,Jonas Svensson,198657,Jonas Svensson,Beşiktaş,Trendyol Süper Lig,1993-03-06,33,RB,75,172,69,Right,3,3,76,73,78,86,67,89,73,79,82,79
837089,Edu Exposito,229862,Edu Expósito,RCD Espanyol,LALIGA EA SPORTS,1996-08-01,29,CAM,75,178,68,Right,5,3,61,63,74,74,74,73,65,66,73,69
764507,Florian Neuhaus,234943,Florian Neuhaus,M'gladbach,Bundesliga,1997-03-16,29,CM,75,185,77,Right,4,4,64,79,77,76,74,66,66,66,70,67
743192,Junior Firpo,241184,Junior Firpo,Real Betis,LALIGA EA SPORTS,1996-08-22,29,LB,75,184,78,Left,3,3,72,75,67,65,71,77,73,81,76,75
1239595,Dário Essugo,261530,Dário Essugo,Chelsea,Premier League,2005-03-14,21,CDM,75,178,79,Right,3,2,72,80,77,79,73,76,83,80,81,81
1395964,Carlos Romero,270728,Carlos Romero,RCD Espanyol,LALIGA EA SPORTS,2001-10-29,24,LB,75,180,70,Left,2,2,79,76,75,65,72,76,63,73,74,69
1356601,Volodymyr Brazhko,277439,Volodymyr Brazhko,Dynamo Kyiv,Ukrayina Liha,2002-01-23,24,CDM,75,184,77,Right,3,2,71,70,67,74,72,77,76,79,71,75
288880,Jack Butland,203042,Jack Butland,Rangers,Scottish Prem,1993-03-10,33,GK,75,196,95,Right,4,1,53,50,49,48,69,29,75,71,39,75
882401,Boubakary Soumaré,239817,Boubakary Soumaré,Leicester City,EFL Championship,1999-02-27,27,CDM,75,188,82,Right,3,3,69,77,59,68,73,72,79,77,77,77
845994,Hans Nicolussi Caviglia,253162,Hans Nicolussi Caviglia,Fiorentina,Serie A Enilive,2000-06-18,26,CDM,75,184,79,Right,3,3,69,63,65,67,68,81,67,69,63,70
738064,Salih Özcan,235407,Salih Özcan,Borussia Dortmund,Bundesliga,1998-01-11,28,CDM,75,182,79,Right,3,2,75,66,76,83,72,75,78,84,83,79
1281236,Leonardo Lelo,269420,Leonardo Lelo,SC Braga,Liga Portugal,2000-03-30,26,LM,75,175,70,Left,3,3,83,82,76,76,74,90,64,76,67,72
314605,Alberto Moreno,205566,Alberto Moreno,Como,Serie A Enilive,1992-07-05,33,LB,75,171,65,Left,2,3,74,75,76,83,75,75,54,67,81,65
179515,Téji Savanier,205686,Téji Savanier,Montpellier,Ligue 2 BKT,1991-12-22,34,CAM,75,172,69,Right,5,4,65,55,80,87,68,65,67,62,82,69
1251334,Jack Hinshelwood,277283,Jack Hinshelwood,Brighton,Premier League,2005-04-11,21,CDM,75,181,76,Right,4,3,67,66,70,72,75,73,69,84,73,72
240537,Danny da Costa,202429,Danny da Costa,1. FSV Mainz 05,Bundesliga,1993-07-13,32,CB,75,187,87,Right,3,3,75,84,65,66,73,75,78,84,79,78
424129,Leander Dendoncker,212501,Leander Dendoncker,R. Oviedo,LALIGA EA SPORTS,1995-04-15,31,CM,75,188,83,Right,4,2,41,61,42,54,72,75,85,78,74,80
696433,Fabian Reese,231614,Fabian Reese,Hertha BSC,Bundesliga 2,1997-11-29,28,ST,75,187,80,Right,3,3,83,81,72,59,73,90,77,84,74,80
823293,Aron Dønnum,237936,Aron Dønnum,Toulouse FC,Ligue 1 McDonald's,1998-04-20,28,RM,75,178,73,Left,3,4,84,80,85,82,73,85,72,76,68,75
937368,Felix Agu,243350,Felix Agu,SV Werder Bremen,Bundesliga,1999-09-27,26,LB,75,180,67,Right,3,3,88,93,85,83,74,78,54,74,73,65
951918,Philipp Sander,243354,Philipp Sander,M'gladbach,Bundesliga,1998-02-21,28,CDM,75,185,77,Right,3,3,72,65,74,74,76,69,66,74,68,68
159594,Francis Coquelin,189271,Francis Coquelin,FC Nantes,Ligue 1 McDonald's,1991-05-13,35,CM,75,176,74,Right,4,3,58,58,63,75,74,61,77,73,83,74
789646,Jayden Bogle,244591,Jayden Bogle,Leeds United,Premier League,2000-07-27,25,RB,75,178,69,Right,3,3,80,82,79,74,70,80,65,72,67,70
1323305,Archie Gray,270208,Archie Gray,Spurs,Premier League,2006-03-12,20,CDM,75,187,70,Right,4,2,70,72,66,67,75,77,72,75,71,73
801120,Jens-Lys Cajuste,244472,Jens-Lys Cajuste,Ipswich,EFL Championship,1999-08-10,26,CDM,75,188,77,Right,4,3,64,65,70,70,71,75,76,75,74,75
1168311,Yasin Ayari,257400,Yasin Ayari,Brighton,Premier League,2003-10-06,22,CM,75,172,69,Right,3,3,69,69,79,86,75,72,51,55,78,62
958283,Andrew,263673,Andrew,Gil Vicente,Liga Portugal,2001-07-01,25,GK,75,189,76,Right,2,1,48,41,39,35,72,39,53,59,24,73
1158512,Juanlu Sánchez,264174,Juanlu Sánchez,Sevilla FC,LALIGA EA SPORTS,2003-08-15,22,RB,75,186,70,Right,3,3,72,71,68,64,71,75,60,71,61,65
1351133,Givairo Read,271266,Givairo Read,Feyenoord,Eredivisie,2006-06-02,20,RB,75,175,70,Right,3,3,82,80,78,76,72,78,75,76,74,76
860752,Ruben Vargas,238581,Ruben Vargas,Sevilla FC,LALIGA EA SPORTS,1998-08-05,27,LM,75,177,70,Right,4,4,83,84,91,88,73,79,62,77,49,64
1075815,Patrick Osterhage,250931,Patrick Osterhage,SC Freiburg,Bundesliga,2000-02-01,26,CDM,75,186,75,Left,3,3,72,83,72,67,74,86,71,76,72,75
1119687,Georgios Vagiannidis,255634,Georgios Vagiannidis,Sporting CP,Liga Portugal,2001-09-12,24,RB,75,181,68,Right,3,3,83,80,78,75,72,81,63,74,68,69
130589,Taison,188803,Taison,PAOK FC,Hellas Liga,1988-01-13,38,CAM,75,172,67,Right,3,4,81,82,82,82,58,68,65,74,56,64
170218,Thomas Delaney,193283,Thomas Delaney,F.C. København,3F Superliga,1991-09-03,34,CDM,75,182,79,Left,3,2,62,65,68,72,78,78,76,79,84,78
279477,Soualiho Meité,205391,Soualiho Meïté,PAOK FC,Hellas Liga,1994-03-17,32,CDM,75,187,84,Right,3,3,63,64,66,61,76,79,82,76,76,80
532743,Philip Billing,220714,Philip Billing,FC Midtjylland,3F Superliga,1996-06-11,30,CM,75,197,80,Left,3,3,50,49,46,42,74,75,78,79,75,77
547454,Kaan Kairinen,232446,Kaan Kairinen,Sparta Praha,Česká Liga,1998-12-22,27,CM,75,185,84,Left,3,3,66,63,71,69,74,80,72,73,67,73
652954,Otar Kiteishvili,245058,Otar Kiteishvili,SK Sturm Graz,Ö. Bundesliga,1996-03-26,30,CAM,75,173,65,Right,5,4,75,70,80,86,71,81,41,62,73,58
1561552,Ayyoub Bouaddi,278901,Ayyoub Bouaddi,LOSC Lille,Ligue 1 McDonald's,2007-10-02,18,CM,75,186,72,Right,3,3,76,74,67,64,73,74,71,75,68,71
915111,Shuto Machino,245622,Shuto Machino,M'gladbach,Bundesliga,1999-09-30,26,ST,75,185,84,Right,4,3,74,91,78,78,69,80,75,87,69,76
777028,André Almeida,247729,André Almeida,Valencia CF,LALIGA EA SPORTS,2000-05-30,26,CAM,75,176,62,Right,3,3,71,68,76,77,75,67,59,61,67,63
1035643,Sven Mijnans,254789,Sven Mijnans,AZ,Eredivisie,2000-03-09,26,CAM,75,190,70,Left,3,3,74,51,76,71,74,93,61,65,66,70
495222,Sheraldo Becker,223790,Sheraldo Becker,CA Osasuna,LALIGA EA SPORTS,1995-02-09,31,ST,75,180,77,Right,2,3,90,93,78,80,74,73,73,84,60,71
267374,Hernani,225475,Hernani,Parma,Serie A Enilive,1994-03-27,32,CDM,75,188,77,Right,4,3,60,56,67,57,73,67,71,72,79,72
862284,Kai Wagner,239704,Kai Wagner,Philadelphia,MLS,1997-02-15,29,LB,75,182,79,Left,3,3,77,79,72,69,62,90,74,80,76,79
1215652,Omari Hutchinson,260145,Omari Hutchinson,Nott'm Forest,Premier League,2003-10-29,22,CAM,75,174,65,Left,3,3,81,79,83,82,74,75,51,62,58,59
721533,Justin Bijlow,232229,Justin Bijlow,Feyenoord,Eredivisie,1998-01-22,28,GK,75,188,84,Right,2,1,41,43,51,31,74,25,65,62,22,73
1041445,Dani Cárdenas,236033,Dani Cárdenas,Rayo Vallecano,LALIGA EA SPORTS,1997-03-28,29,GK,75,186,74,Right,3,1,45,43,55,42,74,26,52,58,21,75
865118,Tyrell Malacia,238041,Tyrell Malacia,Man Utd,Premier League,1999-08-17,26,LB,75,169,67,Left,3,3,79,75,78,85,68,69,69,74,79,71
1074968,Jamie Leweling,252448,Jamie Leweling,VfB Stuttgart,Bundesliga,2001-02-26,25,RM,75,185,86,Right,4,4,81,84,78,80,73,73,76,80,61,72
1050178,Lazar Samardzic,256115,Lazar Samardžić,Bergamo Calcio,Serie A Enilive,2002-02-24,24,CM,75,184,79,Left,3,4,75,64,77,71,72,59,64,61,52,60
41087,Ron-Robert Zieler,186148,Ron-Robert Zieler,1. FC Köln,Bundesliga,1989-02-12,37,GK,75,187,82,Right,3,1,46,50,43,41,76,32,55,61,32,77
698273,Alban Lafont,231691,Alban Lafont,Panathinaikos,Hellas Liga,1999-01-23,27,GK,75,196,90,Right,2,1,48,45,60,53,69,40,70,67,20,76
704151,Arnaut Danjuma,236276,Arnaut Danjuma,Valencia CF,LALIGA EA SPORTS,1997-01-31,29,LM,75,178,74,Right,4,4,82,84,81,75,74,62,69,83,63,67
851182,Oleksandr Pikhalyonok,243256,Oleksandr Pikhalyonok,Dynamo Kyiv,Ukrayina Liha,1997-05-07,29,CM,75,179,72,Left,4,3,69,64,64,76,77,72,62,64,65,65
999159,Aihen Muñoz,246748,Aihen Muñoz,Real Sociedad,LALIGA EA SPORTS,1997-08-16,28,LB,75,175,68,Left,3,3,76,75,63,70,73,77,62,74,78,70
1269652,Paulo Victor,193107,Paulo Victor,Alanyaspor,Trendyol Süper Lig,1987-01-12,39,GK,75,187,81,Left,2,1,47,52,55,50,75,30,57,61,29,71
322003,Jesper Karlström,214658,Jesper Karlström,Udinese,Serie A Enilive,1995-06-21,31,CDM,75,185,81,Right,3,2,66,62,65,65,72,84,76,75,74,78
612699,Florian Sotoca,227232,Florian Sotoca,RC Lens,Ligue 1 McDonald's,1990-10-25,35,ST,75,187,77,Right,3,3,60,68,65,51,78,82,80,83,73,79
826089,Kyogo Furuhashi,245538,Kyogo Furuhashi,Birmingham City,EFL Championship,1995-01-20,31,ST,75,170,63,Right,5,3,86,83,88,90,79,85,51,77,69,64
1277380,Yáser Asprilla,271464,Yáser Asprilla,Girona FC,LALIGA EA SPORTS,2003-11-19,22,RM,75,175,75,Left,3,3,81,80,83,67,71,69,63,64,51,62
592412,Matias Dituro,207935,Matías Dituro,Elche CF,LALIGA EA SPORTS,1987-05-08,39,GK,75,191,86,Right,3,1,32,48,40,32,74,42,72,63,20,74
184639,Petros Mantalos,208224,Petros Mantalos,AEK Athens,Hellas Liga,1991-08-31,34,CAM,75,177,74,Right,4,3,72,71,78,78,72,67,63,72,65,65
557346,Sandi Lovric,223866,Sandi Lovrič,Udinese,Serie A Enilive,1998-03-28,28,CM,75,180,70,Right,3,3,62,62,62,71,76,75,61,64,70,66
664226,Pablo Rosario,235134,Pablo Rosario,FC Porto,Liga Portugal,1997-01-07,29,CDM,75,188,73,Right,3,3,50,59,68,66,73,80,81,74,73,79
1211437,Victor Kristiansen,259762,Victor Kristiansen,Leicester City,EFL Championship,2002-12-16,23,LB,75,181,77,Left,3,3,70,67,66,73,72,81,69,70,74,73
531327,Eric Smith,222369,Eric Smith,FC St. Pauli,Bundesliga,1997-01-08,29,CDM,75,192,86,Right,3,2,61,71,65,55,76,77,82,77,74,79
552718,Kristoffer Ajer,224258,Kristoffer Ajer,Brentford,Premier League,1998-04-17,28,RB,75,196,84,Right,3,3,63,70,44,46,75,69,89,77,79,81
602523,Maximilian Eggestein,226168,Maximilian Eggestein,SC Freiburg,Bundesliga,1996-12-08,29,CDM,75,181,82,Right,4,3,63,57,68,66,77,81,76,75,74,77
971790,Lucien Agoume,246683,Lucien Agoumé,Sevilla FC,LALIGA EA SPORTS,2002-02-09,24,CDM,75,188,72,Right,3,3,66,67,64,60,73,76,78,77,68,75
1083204,Borja Sainz,252929,Borja Sainz,FC Porto,Liga Portugal,2001-02-01,25,LW,75,178,75,Right,3,3,82,80,81,79,72,70,55,59,75,63
1057433,Tanner Tessmann,256104,Tanner Tessmann,OL,Ligue 1 McDonald's,2001-09-24,24,CDM,75,188,86,Right,4,3,51,62,62,68,73,79,84,73,62,78
1128965,Carlos Alcaraz,256402,Carlos Alcaraz,Everton,Premier League,2002-11-30,23,CAM,75,176,70,Right,3,4,86,75,83,81,70,69,57,75,78,65
1404949,Martim Fernandes,72093,Martim Fernandes,FC Porto,Liga Portugal,2006-01-18,20,RB,75,181,73,Right,2,2,82,81,79,66,73,74,59,71,67,65
26547,Remko Pasveer,162328,Remko Pasveer,Ajax,Eredivisie,1983-11-08,42,GK,75,187,88,Right,4,1,36,28,36,36,67,35,70,64,30,80
416850,Solly March,206594,Solly March,Brighton,Premier League,1994-07-20,31,RM,75,180,77,Left,2,3,71,67,74,74,75,44,56,60,59,54
820024,Sean Longstaff,237161,Sean Longstaff,Leeds United,Premier League,1997-10-30,28,CM,75,187,74,Right,4,2,56,56,59,62,72,84,65,61,66,70
814398,Nicolò Casale,239770,Nicolò Casale,Bologna,Serie A Enilive,1998-02-14,28,CB,75,191,80,Right,3,2,70,75,59,59,76,67,77,84,78,75
949866,Lazaros Rota,255541,Lazaros Rota,AEK Athens,Hellas Liga,1997-08-23,28,RB,75,180,74,Right,3,3,80,81,75,70,71,84,69,74,78,75
1114798,Jota Silva,269421,Jota Silva,Nott'm Forest,Premier League,1999-08-01,26,RM,75,179,77,Right,2,3,78,79,79,72,76,68,67,81,77,70
425962,Niklas Stark,212977,Niklas Stark,SV Werder Bremen,Bundesliga,1995-04-14,31,CB,75,190,88,Right,3,2,73,84,65,62,73,75,81,81,72,78
520979,Ulisses Garcia,223143,Ulisses Garcia,OM,Ligue 1 McDonald's,1996-01-11,30,LB,75,182,73,Left,2,3,78,79,74,71,75,79,76,78,64,74
560945,Mërgim Vojvoda,228349,Mërgim Vojvoda,Como,Serie A Enilive,1995-02-01,31,RB,75,186,78,Right,5,3,67,68,70,61,75,71,66,70,70,68
1077903,Matej Kovár,242948,Matěj Kovář,PSV,Eredivisie,2000-05-17,26,GK,75,196,89,Right,4,1,26,37,31,22,67,28,55,54,28,77
303059,Bertrand Traoré,207948,Bertrand Traoré,Sunderland,Premier League,1995-09-06,30,RW,75,181,73,Left,1,4,75,72,86,61,67,66,64,74,58,64
307209,Lukas Kübler,208335,Lukas Kübler,SC Freiburg,Bundesliga,1992-08-30,33,RB,75,182,77,Right,2,2,74,79,66,67,73,73,79,77,71,76
617044,Florian Grillitsch,228336,Florian Grillitsch,SC Braga,Liga Portugal,1995-08-07,30,CM,75,187,77,Right,3,3,55,69,68,61,77,64,72,71,54,66
1002617,Saud Abdulhamid,246688,Saud Abdulhamid,RC Lens,Ligue 1 McDonald's,1999-07-18,26,RB,75,175,70,Right,3,3,86,86,82,82,70,80,64,70,73,70
1067168,Zeki Amdouni,262642,Zeki Amdouni,Burnley,Premier League,2000-12-04,25,ST,75,185,79,Right,4,3,70,72,75,69,76,72,73,75,59,70
1272440,Valentín Barco,263370,Valentín Barco,Strasbourg,Ligue 1 McDonald's,2004-07-23,21,LB,75,170,66,Left,3,3,77,76,85,81,74,75,48,60,76,61
425711,Gabriel Ávalos,226286,Gabriel Ávalos,Independiente,LPF,1990-10-12,35,ST,75,188,91,Right,4,3,69,66,71,67,69,81,90,90,70,84
780815,Amine Harit,232097,Amine Harit,OM,Ligue 1 McDonald's,1997-06-18,29,CAM,75,180,67,Right,3,5,79,72,81,73,75,74,46,63,62,57
901495,Albert Sambi Lokonga,241928,Albert Sambi Lokonga,Hamburger SV,Bundesliga,1999-10-22,26,CM,75,183,73,Right,3,3,56,64,69,65,72,75,68,66,72,70
889229,Inigo Vicente,243792,Iñigo Vicente,R. Racing Club,LALIGA HYPERMOTION,1998-01-06,28,LM,75,178,69,Right,4,4,81,79,83,78,70,75,61,64,53,63
750031,Pol Lozano,244407,Pol Lozano,RCD Espanyol,LALIGA EA SPORTS,1999-10-06,26,CDM,75,177,62,Right,3,3,61,68,71,75,75,81,63,62,81,71
879065,Antonino Gallo,244717,Antonino Gallo,Lecce,Serie A Enilive,2000-01-05,26,LB,75,183,73,Left,2,2,77,79,71,67,74,80,62,74,61,67
1574189,Senny Mayulu,70004,Senny Mayulu,Paris SG,Ligue 1 McDonald's,2006-05-17,20,CM,75,183,69,Left,5,3,76,74,75,70,73,69,47,55,58,55
1079500,Souffian El Karouani,262473,Souffian El Karouani,FC Utrecht,Eredivisie,2000-10-19,25,LB,75,178,68,Left,2,3,75,67,73,73,74,78,66,70,72,70
1053960,Franco Israel,270141,Franco Israel,Torino,Serie A Enilive,2000-04-22,26,GK,75,190,82,Right,3,1,30,32,33,37,64,23,80,65,16,74
37436,Santi Cazorla,146562,Santi Cazorla,R. Oviedo,LALIGA EA SPORTS,1984-12-13,41,CAM,75,168,65,Right,5,4,54,53,68,89,70,67,55,59,59,59
1073421,Adriano Bertaccini,251156,Adriano Bertaccini,RSC Anderlecht,1A Pro League,2000-08-13,25,ST,75,173,65,Right,4,2,90,90,85,83,73,72,77,86,57,72
638091,Martin Jedlicka,269511,Martin Jedlička,Viktoria Plzeň,Česká Liga,1998-01-24,28,GK,75,187,83,Right,2,1,33,37,28,26,71,22,62,60,34,73
759580,Stephy Mavididi,225783,Stephy Mavididi,Leicester City,EFL Championship,1998-05-31,28,LM,75,182,71,Right,3,3,89,85,74,72,73,69,74,85,68,72
637716,Bernardo,232805,Bernardo,TSG Hoffenheim,Bundesliga,1995-05-14,31,CB,75,186,76,Left,3,3,67,71,67,69,72,82,73,79,75,76
750049,Lucas Franca,235574,Lucas França,Nacional,Liga Portugal,1996-01-19,30,GK,75,194,92,Right,2,1,42,39,37,51,78,40,62,62,38,75
1290479,Clayton,270983,Clayton,Rio Ave FC,Liga Portugal,1999-01-11,27,ST,75,184,88,Right,3,2,75,76,70,67,73,77,81,86,69,78
306174,Tomasz Kedziora,210136,Tomasz Kędziora,PAOK FC,Hellas Liga,1994-06-11,32,CB,75,183,76,Right,3,2,74,77,71,67,73,75,77,84,80,77
536455,Gonçalo Guedes,224411,Gonçalo Guedes,Real Sociedad,LALIGA EA SPORTS,1996-11-29,29,ST,75,179,68,Right,4,3,79,73,81,75,75,64,67,71,64,66
942358,Félix Correia,253167,Félix Correia,LOSC Lille,Ligue 1 McDonald's,2001-01-22,25,LM,75,178,66,Right,2,4,86,83,85,76,73,82,58,67,56,64
1024292,Marco Grüll,256548,Marco Grüll,SV Werder Bremen,Bundesliga,1998-07-06,27,LM,75,182,74,Right,4,4,84,74,77,74,73,75,72,76,47,68
1231770,Bénie Traoré,260651,Bénie Traoré,FC Basel 1893,Brack Super League,2002-11-30,23,LM,75,172,64,Right,3,4,86,86,90,85,71,77,70,72,48,67
1341475,Antonín Kinsky,73580,Antonín Kinský,Spurs,Premier League,2003-03-13,23,GK,75,190,80,Right,4,1,25,26,39,25,68,20,60,57,24,74
734042,Kyle Walker-Peters,227927,Kyle Walker-Peters,West Ham,Premier League,1997-04-13,29,RB,75,173,62,Right,4,3,73,78,79,79,72,82,53,67,70,64
643771,Jordan Lotomba,234686,Jordan Lotomba,Feyenoord,Eredivisie,1998-09-29,27,RB,75,178,71,Right,4,2,78,73,75,73,74,77,70,77,66,71
958335,Jesper Lindstrøm,245741,Jesper Lindstrøm,VfL Wolfsburg,Bundesliga,2000-02-29,26,RM,75,182,63,Right,3,3,84,80,76,78,70,68,51,60,72,60
1398377,Lucas Stassin,262657,Lucas Stassin,AS Saint-Étienne,Ligue 2 BKT,2004-11-29,21,ST,75,183,71,Right,3,2,83,74,74,67,73,72,70,80,56,68
1113694,Jonathan Rowe,266500,Jonathan Rowe,Bologna,Serie A Enilive,2003-04-30,23,LM,75,178,73,Right,4,3,85,84,80,83,76,64,64,78,63,65
613334,M'Bala Nzola,240452,M'Bala Nzola,Pisa,Serie A Enilive,1996-08-18,29,ST,75,185,91,Left,4,2,83,87,65,62,73,62,92,94,68,80
1213430,Elye Wahi,260407,Elye Wahi,Frankfurt,Bundesliga,2003-01-02,23,ST,75,181,77,Right,4,4,83,85,80,81,74,61,71,81,57,66
799230,Federico Baschirotto,268573,Federico Baschirotto,Cremonese,Serie A Enilive,1996-09-20,29,CB,75,184,77,Right,3,2,66,72,69,57,70,82,88,81,87,86
358149,Patric,206098,Patric,Latium,Serie A Enilive,1993-04-17,33,CB,75,184,72,Right,3,2,65,61,68,68,78,68,64,75,79,69
359191,Omar Mascarell,208620,Omar Mascarell,RCD Mallorca,LALIGA EA SPORTS,1993-02-02,33,CM,75,181,76,Right,5,3,55,41,71,72,75,76,69,65,69,71
1374467,André Gomes,211575,André Gomes,LOSC Lille,Ligue 1 McDonald's,1993-07-30,32,CDM,75,190,88,Right,4,3,40,41,55,59,72,61,80,68,76,74
391064,Neal Maupay,211784,Neal Maupay,OM,Ligue 1 McDonald's,1996-08-14,29,ST,75,174,65,Right,3,3,72,63,76,83,75,70,68,81,78,71
700074,Jordan Torunarigha,236947,Jordan Torunarigha,Hamburger SV,Bundesliga,1997-08-07,28,CB,75,191,80,Left,2,2,79,84,65,66,66,72,89,87,73,81
1030212,Sebastiano Esposito,247888,Sebastiano Esposito,Cagliari,Serie A Enilive,2002-07-02,23,ST,75,183,73,Right,5,4,76,74,77,70,71,71,63,75,45,62
1214036,Youri Baas,264220,Youri Baas,Ajax,Eredivisie,2003-03-17,23,CB,75,182,71,Left,2,2,69,73,71,66,76,71,72,83,66,71
167589,Kevin Vogt,192641,Kevin Vogt,VfL Bochum 1848,Bundesliga 2,1991-09-23,34,CB,75,194,87,Right,3,2,58,72,53,46,76,61,83,73,69,74
276121,Ben Davies,205923,Ben Davies,Spurs,Premier League,1993-04-24,33,CB,75,181,76,Left,3,3,54,53,61,66,78,54,70,72,79,68
701149,Maximilian Wöber,231838,Maximilian Wöber,SV Werder Bremen,Bundesliga,1998-02-04,28,CB,75,188,85,Left,2,2,62,65,60,55,74,67,79,73,81,76
430856,Takuma Asano,232610,Takuma Asano,RCD Mallorca,LALIGA EA SPORTS,1994-11-10,31,RM,75,173,71,Right,4,3,87,81,90,85,76,77,73,80,46,69
1285784,Bradley Locko,263908,Bradley Locko,Stade Brestois 29,Ligue 1 McDonald's,2002-05-06,24,LB,75,180,65,Left,2,2,69,77,67,69,68,67,66,72,68,67
1444231,Matias Fernandez-Pardo,276048,Matias Fernandez-Pardo,LOSC Lille,Ligue 1 McDonald's,2005-02-03,21,LM,75,188,77,Right,3,3,84,90,76,69,73,66,58,69,41,57
413525,Laurent Abergel,213367,Laurent Abergel,FC Lorient,Ligue 1 McDonald's,1993-02-01,33,CDM,75,170,65,Right,3,3,67,55,74,83,73,91,68,66,77,75
469615,Giovanni Simeone,216816,Giovanni Simeone,Torino,Serie A Enilive,1995-07-05,30,ST,75,181,81,Right,4,3,73,69,70,72,72,65,71,84,78,72
784146,Moritz Nicolas,235018,Moritz Nicolas,M'gladbach,Bundesliga,1997-10-21,28,GK,75,193,89,Right,2,1,18,26,42,31,59,28,74,61,27,75
1071179,Giovanni Reyna,245541,Giovanni Reyna,M'gladbach,Bundesliga,2002-11-13,23,RM,75,185,79,Right,2,4,71,63,81,78,74,65,74,69,55,68
1224465,Jarne Steuckers,260570,Jarne Steuckers,KRC Genk,1A Pro League,2002-02-04,24,RM,75,179,68,Left,3,3,73,66,75,78,70,82,65,65,47,66
1073980,David Affengruber,261264,David Affengruber,Elche CF,LALIGA EA SPORTS,2001-03-19,25,CB,75,185,79,Right,3,2,74,72,71,77,74,89,83,87,76,83
674014,David Brooks,220196,David Brooks,AFC Bournemouth,Premier League,1997-07-08,28,RM,75,178,62,Left,3,4,69,71,73,80,75,57,57,65,60,58
613260,Jean-Luc Dompe,224970,Jean-Luc Dompé,Hamburger SV,Bundesliga,1995-08-12,30,LW,75,170,65,Right,3,4,84,72,90,90,69,78,50,57,42,56
955411,Yann Gboho,252937,Yann Gboho,Toulouse FC,Ligue 1 McDonald's,2001-01-14,25,CAM,75,178,63,Right,3,3,81,78,80,77,76,67,61,70,59,63
1234634,Yoann Cathline,263268,Yoann Cathline,FC Utrecht,Eredivisie,2002-07-22,23,LW,75,176,68,Right,2,3,81,84,81,79,71,71,50,58,49,55
1209980,Carlos Álvarez,274209,Carlos Álvarez,Levante UD,LALIGA EA SPORTS,2003-08-06,22,RM,75,168,75,Left,3,3,79,76,82,85,73,70,58,64,41,58
433311,Dani García,216194,Dani García,Olympiacos FC,Hellas Liga,1990-05-24,36,CDM,75,180,81,Right,3,3,44,50,62,75,77,72,76,68,80,75
308237,Marius Müller,208375,Marius Müller,VfL Wolfsburg,Bundesliga,1993-07-12,32,GK,75,192,93,Right,2,1,25,38,34,38,70,35,75,62,30,76
1021082,Oliver Antman,247447,Oliver Antman,Rangers,Scottish Prem,2001-08-15,24,RM,75,185,73,Right,5,3,79,87,76,75,68,83,58,66,50,63
207069,Gernot Trauner,199813,Gernot Trauner,Feyenoord,Eredivisie,1992-03-25,34,CB,75,183,82,Right,3,2,46,62,53,60,69,64,89,82,74,79
458630,Ihlas Bebou,216258,Ihlas Bebou,TSG Hoffenheim,Bundesliga,1994-04-23,32,ST,75,185,80,Right,3,4,84,81,76,72,75,45,68,79,40,57
688668,Josip Brekalo,234711,Josip Brekalo,R. Oviedo,LALIGA EA SPORTS,1998-06-23,28,LM,75,175,70,Right,4,4,79,72,86,83,70,70,51,60,41,54
957107,Ze Pedro,278668,Zé Pedro,Cagliari,Serie A Enilive,1997-06-06,29,CB,75,187,80,Right,2,2,64,65,60,64,74,71,76,80,74,75
866358,Tiago Djaló,252339,Tiago Djaló,Beşiktaş,Trendyol Süper Lig,2000-04-09,26,CB,75,190,82,Right,3,2,72,79,65,36,73,59,83,86,74,75
1215057,Vitinha,263829,Vitinha,Genoa,Serie A Enilive,2000-03-15,26,ST,75,178,74,Right,3,3,76,71,75,79,75,71,70,81,86,74
1406419,Franjo Ivanovic,74896,Franjo Ivanović,SL Benfica,Liga Portugal,2003-10-01,22,ST,75,185,78,Right,3,3,70,74,66,59,76,70,74,75,70,72
1128945,Rodrigo Muniz,264337,Rodrigo Muniz,Fulham,Premier League,2001-05-04,25,ST,75,185,80,Right,3,3,68,68,70,69,76,69,78,85,79,76
210683,Aïssa Mandi,201143,Aïssa Mandi,LOSC Lille,Ligue 1 McDonald's,1991-10-22,34,CB,75,186,82,Right,3,2,59,55,66,64,75,60,78,82,76,73
439366,Abdoulaye Touré,210450,Abdoulaye Touré,Havre AC,Ligue 1 McDonald's,1994-03-03,32,CDM,75,188,84,Right,3,2,41,43,32,34,75,75,86,70,73,80
737061,Jesper Karlsson,231836,Jesper Karlsson,Aberdeen,Scottish Prem,1998-07-25,27,LM,75,179,68,Right,3,4,79,76,84,80,73,63,45,62,54,52
772168,Josep Martínez,243311,Josep Martínez,Lombardia FC,Serie A Enilive,1998-05-27,28,GK,75,191,78,Right,3,1,24,30,32,22,75,42,58,54,24,76
1311985,César Tárrega,265726,César Tárrega,Valencia CF,LALIGA EA SPORTS,2002-02-26,24,CB,75,193,78,Right,3,2,60,65,61,72,73,74,86,86,71,80
1187227,CJ Egan-Riley,268131,CJ Egan-Riley,OM,Ligue 1 McDonald's,2003-01-02,23,CB,75,183,74,Right,3,2,74,78,54,70,75,77,78,84,78,78
1293671,Sampson Dweh,277025,Sampson Dweh,Viktoria Plzeň,Česká Liga,2001-10-10,24,CB,75,186,83,Right,2,2,71,74,60,63,76,68,79,87,75,76
737339,Dany Mota,234147,Dany Mota,Monza,Serie BKT,1998-05-02,28,CAM,75,180,74,Right,3,3,74,78,71,74,76,72,63,77,42,62
1050165,Lorenzo Pirola,257368,Lorenzo Pirola,Olympiacos FC,Hellas Liga,2002-02-20,24,CB,75,185,79,Left,3,2,65,69,63,68,70,68,78,81,76,75
1200591,Tommaso Baldanzi,269312,Tommaso Baldanzi,AS Roma,Serie A Enilive,2003-03-23,23,CAM,75,170,63,Left,3,3,77,76,83,89,70,65,36,53,53,48
1024427,Valeriy Bondar,248698,Valeriy Bondar,Shakhtar Donetsk,Ukrayina Liha,1999-02-27,27,CB,75,184,73,Right,2,2,71,73,67,77,70,76,75,81,69,74
1086012,Ansu Fati,253004,Ansu Fati,AS Monaco,Ligue 1 McDonald's,2002-10-31,23,LM,75,178,66,Right,4,4,82,81,83,83,71,60,49,68,48,53
639671,Patrick Cutrone,237715,Patrick Cutrone,Parma,Serie A Enilive,1998-01-03,28,ST,75,183,79,Right,3,3,72,73,63,72,74,70,71,81,62,69
928122,Igoh Ogbu,242635,Igoh Ogbu,Slavia Praha,Česká Liga,2000-02-08,26,CB,75,187,83,Right,2,2,72,79,68,66,71,71,88,91,79,82
643717,Taiwo Awoniyi,230978,Taiwo Awoniyi,Nott'm Forest,Premier League,1997-08-12,28,ST,75,183,84,Right,2,3,65,75,55,62,75,54,88,85,77,77
1305763,Rafiu Durosinmi,273128,Rafiu Durosinmi,Viktoria Plzeň,Česká Liga,2003-01-01,23,ST,75,192,85,Right,3,3,74,78,66,69,72,65,84,91,66,76
1738366,Otávio,275070,Otávio,Paris FC,Ligue 1 McDonald's,2002-04-21,24,CB,75,187,83,Left,2,2,72,73,53,50,74,70,80,85,84,79
933817,Riccardo Sottil,246431,Riccardo Sottil,Lecce,Serie A Enilive,1999-06-03,27,LM,75,180,70,Right,3,4,90,87,75,74,72,53,45,58,50,49
1017401,Roberto Piccoli,248385,Roberto Piccoli,Fiorentina,Serie A Enilive,2001-01-27,25,ST,75,189,94,Right,3,2,66,79,56,54,76,77,82,85,71,79
630286,Andreas Hanche-Olsen,228518,Andreas Hanche-Olsen,1. FSV Mainz 05,Bundesliga,1997-01-17,29,CB,75,185,82,Right,3,2,68,72,67,66,74,68,81,86,87,79
748382,Reiss Nelson,231448,Reiss Nelson,Brentford,Premier League,1999-12-10,26,RM,75,175,70,Right,3,4,78,75,82,80,73,64,53,57,42,54
776594,Victor Nelsson,235658,Victor Nelsson,Hellas Verona,Serie A Enilive,1998-10-14,27,CB,75,185,78,Right,2,2,60,62,61,67,72,68,79,82,80,77
956913,Marvin Pieringer,260290,Marvin Pieringer,Heidenheim,Bundesliga,1999-10-04,26,ST,75,191,82,Right,3,3,63,66,69,60,77,77,83,88,69,79
1121511,Ernest Muçi,261195,Ernest Muçi,Trabzonspor,Trendyol Süper Lig,2001-03-19,25,LM,75,180,75,Right,4,4,78,78,80,78,72,62,58,66,33,54
1388070,Badredine Bouanani,270465,Badredine Bouanani,VfB Stuttgart,Bundesliga,2004-12-08,21,RW,75,177,68,Left,3,3,72,69,78,77,69,71,59,61,38,58
304348,Rani Khedira,211999,Rani Khedira,Union Berlin,Bundesliga,1994-01-27,32,CDM,75,189,86,Right,3,2,53,60,54,55,75,80,83,79,86,83
885005,Terem Moffi,255000,Terem Moffi,OGC Nice,Ligue 1 McDonald's,1999-05-25,27,ST,75,188,89,Left,3,2,80,84,58,55,67,58,85,90,57,73
1338390,Ernest Nuamah,268763,Ernest Nuamah,OL,Ligue 1 McDonald's,2003-11-01,22,RM,75,178,71,Left,3,4,85,79,78,80,72,62,62,64,41,58
1341387,Wilson Odobert,270579,Wilson Odobert,Spurs,Premier League,2004-11-28,21,LW,75,182,75,Right,4,3,87,85,82,74,71,67,43,56,38,49
118241,Gustaf Nilsson,223933,Gustaf Nilsson,Club Brugge,1A Pro League,1997-05-23,29,ST,75,197,87,Right,2,2,64,76,33,43,73,75,84,87,75,80
1023887,Tsuyoshi Watanabe,246826,Tsuyoshi Watanabe,Feyenoord,Eredivisie,1997-02-05,29,CB,75,186,78,Right,3,2,76,76,64,41,72,74,82,88,68,78
1406428,Christian Mawissa,272785,Christian Mawissa,AS Monaco,Ligue 1 McDonald's,2005-04-18,21,CB,75,184,77,Left,5,2,73,84,57,58,73,69,76,84,74,74
1107620,Jarell Quansah,273651,Jarell Quansah,Leverkusen,Bundesliga,2003-01-28,23,CB,75,190,80,Right,3,2,66,73,53,56,71,64,79,82,75,75
963591,Denys Popov,245132,Denys Popov,Dynamo Kyiv,Ukrayina Liha,1999-02-17,27,CB,75,185,81,Right,4,2,63,66,58,59,71,68,81,85,80,78
792540,Joël Piroe,247249,Joël Piroe,Leeds United,Premier League,1999-08-02,26,ST,75,185,74,Left,4,3,62,66,65,63,74,76,78,79,45,71
1302005,Igor Thiago,275771,Igor Thiago,Brentford,Premier League,2001-06-26,25,ST,75,191,88,Right,3,2,65,67,58,55,72,56,87,88,80,78
1173788,El Chadaille Bitshiabu,263193,El Chadaille Bitshiabu,RB Leipzig,Bundesliga,2005-05-16,21,CB,75,196,95,Left,3,2,55,85,44,32,71,56,92,85,73,79
1092903,Muhammed Cham,269456,Muhammed Cham,Slavia Praha,Česká Liga,2000-09-26,25,CAM,75,180,67,Left,3,3,80,76,82,61,68,65,54,65,31,53
1336566,Facundo Buonanotte,269495,Facundo Buonanotte,Chelsea,Premier League,2004-12-23,21,RM,75,174,66,Left,3,3,77,74,78,81,75,69,52,63,35,53
1252132,Promise David,73070,Promise David,R. Union St.-G.,1A Pro League,2001-07-03,24,ST,75,195,91,Right,3,2,57,66,40,35,68,72,93,86,74,84
753593,Marcao,234426,Marcão,Sevilla FC,LALIGA EA SPORTS,1996-06-05,30,CB,75,185,80,Left,3,2,56,61,59,61,73,79,81,79,86,81
523217,Tomás Chory,244793,Tomáš Chorý,Slavia Praha,Česká Liga,1995-01-26,31,ST,75,200,101,Right,3,2,47,65,38,32,75,75,95,88,89,88
845990,Ozan Kabak,239890,Ozan Kabak,TSG Hoffenheim,Bundesliga,2000-03-25,26,CB,75,186,86,Right,3,2,52,67,65,63,65,65,82,88,85,79
199834,Rémy Cabella,193476,Rémy Cabella,Olympiacos FC,Hellas Liga,1990-03-08,36,LM,75,172,67,Right,4,4,63,56,72,81,74,59,45,56,47,49
686315,Phillip Tietz,233216,Phillip Tietz,FC Augsburg,Bundesliga,1997-07-09,28,ST,75,190,86,Right,3,3,64,54,63,56,77,77,84,86,75,81
999690,Ilan Kebbal,257118,Ilan Kebbal,Paris FC,Ligue 1 McDonald's,1998-07-10,27,CAM,75,169,60,Left,2,4,83,71,92,90,70,83,40,50,45,52
213873,Sverrir Ingi Ingason,221422,Sverrir Ingi Ingason,Panathinaikos,Hellas Liga,1993-08-05,32,CB,75,188,83,Right,3,2,50,54,54,61,71,71,83,78,77,79
672840,Luiz Felipe,236355,Luiz Felipe,Rayo Vallecano,LALIGA EA SPORTS,1997-03-22,29,CB,75,187,80,Right,4,3,65,70,61,39,73,53,76,80,78,71
1203661,Radu Dragusin,260105,Radu Drăgușin,Spurs,Premier League,2002-02-03,24,CB,75,191,80,Right,3,2,65,69,63,59,73,67,78,81,72,74
1473534,Jérémy Jacquet,278903,Jérémy Jacquet,Stade Rennais FC,Ligue 1 McDonald's,2005-07-13,20,CB,75,188,77,Right,2,2,57,70,52,53,70,64,81,80,77,76
750030,Andrea Pinamonti,235842,Andrea Pinamonti,Sassuolo,Serie A Enilive,1999-05-19,27,ST,75,188,72,Right,3,3,71,69,68,70,75,81,68,82,55,69
198316,Michael Gregoritsch,199439,Michael Gregoritsch,Brøndby IF,3F Superliga,1994-04-18,32,ST,75,193,91,Left,3,3,36,37,53,52,80,71,86,81,58,76
1327489,Kike Salas,271755,Kike Salas,Sevilla FC,LALIGA EA SPORTS,2002-04-23,24,CB,75,186,80,Left,3,2,64,68,55,51,72,72,76,83,78,76
789578,Dara O'Shea,235405,Dara O'Shea,Ipswich,EFL Championship,1999-03-04,27,CB,75,188,74,Right,3,2,69,69,57,63,72,72,78,86,75,76
833638,Nikola Krstovic,277839,Nikola Krstović,Bergamo Calcio,Serie A Enilive,2000-04-05,26,ST,75,185,88,Right,4,2,65,67,61,59,75,77,80,85,58,75
914103,Johan Vásquez,244349,Johan Vásquez,Genoa,Serie A Enilive,1998-10-22,27,CB,75,185,72,Left,2,2,59,62,51,64,76,80,67,76,86,75
1354085,Joel Ordóñez,268611,Joel Ordoñez,Club Brugge,1A Pro League,2004-04-21,22,CB,75,188,80,Right,3,2,68,78,62,63,68,72,84,81,74,79
169586,Leandro Cabrera,192816,Leandro Cabrera,RCD Espanyol,LALIGA EA SPORTS,1991-06-17,35,CB,75,190,82,Left,2,2,52,46,52,41,74,74,81,81,81,79
750056,Léo Duarte,233926,Léo Duarte,Başakşehir,Trendyol Süper Lig,1996-07-17,29,CB,75,183,79,Right,2,2,60,55,64,63,74,72,79,76,83,78
765998,Amos Pieper,246836,Amos Pieper,SV Werder Bremen,Bundesliga,1998-01-17,28,CB,75,192,86,Right,3,2,60,71,38,49,76,76,78,74,66,75
264860,Mike van der Hoorn,207725,Mike van der Hoorn,FC Utrecht,Eredivisie,1992-10-15,33,CB,75,190,85,Right,4,2,37,75,34,35,67,65,93,76,72,81
551805,Scott McKenna,225974,Scott McKenna,Dinamo Zagreb,Liga Hrvatska,1996-11-12,29,CB,75,189,89,Left,3,2,56,64,43,56,58,72,83,87,82,80
1199947,Leopold Querfeld,265576,Leopold Querfeld,Union Berlin,Bundesliga,2003-12-20,22,CB,75,190,83,Right,3,2,39,51,51,55,69,68,85,79,74,78
643998,Joseph Aidoo,230021,Joseph Aidoo,Celta,LALIGA EA SPORTS,1995-09-29,30,CB,75,184,80,Right,3,2,66,72,67,68,73,65,86,85,84,80
1320444,Álex Arce,273843,Alex Arce,Ind. Rivadavia,LPF,1995-06-16,31,ST,75,187,80,Right,3,2,58,59,57,73,61,65,78,84,25,64
358155,Daniele Rugani,211320,Daniele Rugani,Juventus,Serie A Enilive,1994-07-29,31,CB,75,190,86,Right,3,2,36,32,47,46,73,50,80,75,70,70
1137272,Yunus Musah,253177,Yunus Musah,Bergamo Calcio,Serie A Enilive,2002-11-29,23,CM,74,178,71,Right,3,4,85,91,76,79,71,78,71,78,84,76
790732,Tommaso Pobega,252060,Tommaso Pobega,Bologna,Serie A Enilive,1999-07-15,26,CM,74,188,75,Right,4,3,73,74,74,72,79,75,72,85,75,74
447959,Robert Skov,215449,Robert Skov,Union Berlin,Bundesliga,1996-05-25,30,LB,74,185,81,Left,3,3,77,74,75,72,75,66,68,73,72,69
310764,Badou Ndiaye,221000,Badou Ndiaye,Gaziantep,Trendyol Süper Lig,1990-10-27,35,CDM,74,180,81,Right,3,3,80,81,78,75,76,80,75,70,75,76
815465,Romain Perraud,231318,Romain Perraud,LOSC Lille,Ligue 1 McDonald's,1997-09-22,28,LB,74,173,68,Left,2,3,74,70,73,80,74,81,65,74,75,71
928454,Josha Vagnoman,242602,Josha Vagnoman,VfB Stuttgart,Bundesliga,2000-12-11,25,RB,74,190,90,Right,4,3,83,90,67,68,72,78,84,87,70,80
426880,Maxwel Cornet,215798,Maxwel Cornet,Genoa,Serie A Enilive,1996-09-27,29,LM,74,179,69,Right,4,3,83,86,75,76,69,57,64,79,72,65
613262,Qazim Laçi,234983,Qazim Laçi,Çaykur Rizespor,Trendyol Süper Lig,1996-01-19,30,CM,74,175,67,Right,3,3,76,69,83,70,75,79,72,79,87,77
464981,Matus Bero,235297,Matúš Bero,VfL Bochum 1848,Bundesliga 2,1995-09-06,30,CM,74,181,81,Right,3,3,70,60,68,78,74,90,80,82,80,83
836797,Alex Kral,247028,Alex Král,Union Berlin,Bundesliga,1998-05-19,28,CM,74,187,80,Right,3,3,69,73,74,77,74,84,76,81,78,79
613182,Joe Rothwell,213693,Joe Rothwell,Rangers,Scottish Prem,1995-01-11,31,CDM,74,178,77,Right,4,3,77,80,73,72,76,80,66,76,63,69
975242,Simon Sohm,244634,Simon Sohm,Fiorentina,Serie A Enilive,2001-04-11,25,CM,74,188,85,Right,3,3,77,74,73,62,72,83,80,87,75,80
1026135,Tajon Buchanan,246800,Tajon Buchanan,Villarreal CF,LALIGA EA SPORTS,1999-02-08,27,RM,74,183,71,Right,3,3,91,90,77,69,73,73,69,83,78,73
1395482,Gustavo Sá,271057,Gustavo Sá,FC Famalicão,Liga Portugal,2004-11-11,21,CAM,74,186,80,Right,3,3,74,75,74,74,74,57,78,81,78,73
1076647,Lucas Da Cunha,254579,Lucas Da Cunha,Como,Serie A Enilive,2001-06-09,25,CDM,74,176,69,Left,3,3,80,75,83,78,76,75,57,69,61,63
1050831,Paulo Bernardo,263439,Paulo Bernardo,Celtic,Scottish Prem,2002-01-24,24,CM,74,184,78,Right,4,3,65,76,68,75,73,80,75,75,74,76
951714,Adrián Bernabé,252794,Adrián Bernabé,Parma,Serie A Enilive,2001-05-26,25,CDM,74,170,68,Left,3,3,82,73,85,84,70,79,52,62,70,63
953958,Giorgi Kochorashvili,260813,Giorgi Kochorashvili,Sporting CP,Liga Portugal,1999-06-29,27,CM,74,176,70,Right,3,2,73,71,77,80,75,80,73,76,75,75
1287373,Jobe Bellingham,270964,Jobe Bellingham,Borussia Dortmund,Bundesliga,2005-09-23,20,CM,74,191,75,Right,3,3,68,71,70,73,75,84,75,75,80,78
674009,Chiedozie Ogbene,231005,Chiedozie Ogbene,Sheffield Utd,EFL Championship,1997-05-01,29,RM,74,181,75,Right,4,3,88,91,78,65,72,78,72,82,65,73
1030830,Jack Rudoni,251690,Jack Rudoni,Coventry City,EFL Championship,2001-06-14,25,CAM,74,185,77,Left,4,3,72,73,74,74,72,87,71,81,67,75
674499,Niklas Dorsch,231227,Niklas Dorsch,Heidenheim,Bundesliga,1998-01-15,28,CDM,74,178,76,Right,3,3,73,68,80,84,73,69,68,73,75,70
856685,Frank Onyeka,239529,Frank Onyeka,Brentford,Premier League,1998-01-01,28,CM,74,183,70,Right,3,3,68,79,79,71,73,85,74,74,80,78
1027194,Alexander Prass,263041,Alexander Prass,TSG Hoffenheim,Bundesliga,2001-05-26,25,LB,74,180,72,Left,2,3,76,73,78,77,74,79,73,75,68,74
206825,Magomed Ozdoev,200094,Magomed Ozdoev,PAOK FC,Hellas Liga,1992-11-05,33,CM,74,184,77,Right,4,3,67,69,70,70,74,73,71,78,74,72
467479,Riechedly Bazoer,212269,Riechedly Bazoer,Konyaspor,Trendyol Süper Lig,1996-10-12,29,CB,74,184,74,Right,4,3,65,69,68,74,75,63,80,74,73,74
361724,Ezequiel Ávila,228520,Ezequiel Ávila,Real Betis,LALIGA EA SPORTS,1994-02-06,32,RM,74,172,81,Right,5,3,70,78,70,84,75,76,84,88,92,84
1080669,Nadir Zortea,252440,Nadir Zortea,Bologna,Serie A Enilive,1999-06-19,27,RM,74,187,85,Right,4,3,77,77,71,63,75,78,73,78,72,74
1359649,Noah Sadiki,269230,Noah Sadiki,Sunderland,Premier League,2004-12-17,21,CM,74,173,77,Right,3,2,81,74,82,82,75,84,72,75,74,76
1526560,Patrick Dorgu,277432,Patrick Dorgu,Man Utd,Premier League,2004-10-26,21,LB,74,185,70,Left,2,2,84,87,73,78,70,75,74,82,64,73
115591,Ricardo Rodríguez,193352,Ricardo Rodríguez,Real Betis,LALIGA EA SPORTS,1992-08-25,33,LB,74,180,78,Left,3,3,67,66,63,70,74,74,71,72,72,72
576118,Diogo Gonçalves,231390,Diogo Gonçalves,Real Salt Lake,MLS,1997-02-06,29,LM,74,178,70,Right,4,4,83,82,79,76,72,75,64,71,73,69
845943,Cristian Cásseres,242534,Cristian Cásseres Jr,Toulouse FC,Ligue 1 McDonald's,2000-01-20,26,CDM,74,176,68,Right,4,3,78,76,74,80,69,85,67,76,78,74
1014630,Emil Holm,246656,Emil Holm,Bologna,Serie A Enilive,2000-05-13,26,RB,74,191,83,Right,3,3,80,85,55,57,72,78,82,84,75,80
1210943,Jackson Tchatchoua,262937,Jackson Tchatchoua,Wolves,Premier League,2001-06-23,25,RB,74,186,76,Right,3,3,87,91,74,74,65,88,73,83,75,78
426393,Adrien Tamèze,213242,Adrien Tameze,Torino,Serie A Enilive,1994-02-04,32,CDM,74,182,78,Right,3,3,76,75,77,76,70,67,69,78,77,71
934156,Jurgen Ekkelenkamp,243249,Jurgen Ekkelenkamp,Udinese,Serie A Enilive,2000-04-05,26,CM,74,188,83,Right,3,3,68,71,66,58,74,76,75,75,72,75
848345,Joe Bell,254142,Joe Bell,Viking FK,Eliteserien,1999-04-27,27,CDM,74,182,77,Right,3,3,71,69,71,75,71,88,82,81,72,81
1035206,Lasse Berg Johnsen,248166,Lasse Berg Johnsen,Malmö FF,Allsvenskan,1999-08-18,26,CM,74,179,75,Right,3,2,67,64,71,82,75,92,80,76,81,83
1074750,Milan van Ewijk,251626,Milan van Ewijk,Coventry City,EFL Championship,2000-09-08,25,RB,74,175,70,Right,3,3,93,94,79,80,71,87,65,80,64,71
571306,Antonio Palumbo,224982,Antonio Palumbo,Palermo,Serie BKT,1996-08-06,29,CAM,74,182,76,Left,4,3,75,67,79,75,70,90,77,80,69,79
942375,Arnau Tenas,259065,Arnau Tenas,Villarreal CF,LALIGA EA SPORTS,2001-05-30,25,GK,74,185,85,Right,2,1,54,48,58,45,72,26,38,60,41,72
1345875,Fares Chaibi,270670,Farès Chaïbi,Frankfurt,Bundesliga,2002-11-28,23,CAM,74,183,79,Right,3,4,70,69,74,74,74,68,69,72,68,69
792756,Michel Aebischer,236898,Michel Aebischer,Pisa,Serie A Enilive,1997-01-06,29,CM,74,183,78,Right,4,3,73,61,75,72,72,72,69,74,67,70
632885,Felix Horn Myhre,237937,Felix Horn Myhre,SK Brann,Eliteserien,1999-03-04,27,CM,74,180,75,Right,3,3,74,70,80,78,73,84,65,70,71,71
837061,Krépin Diatta,238227,Krépin Diatta,AS Monaco,Ligue 1 McDonald's,1999-02-25,27,RM,74,175,69,Right,4,4,90,86,88,76,70,83,61,78,60,67
864006,Matteo Tramoni,240797,Mattéo Tramoni,Pisa,Serie A Enilive,2000-01-20,26,CAM,74,175,72,Right,3,3,90,88,92,84,70,80,59,76,58,65
883759,David Doudera,269509,David Douděra,Slavia Praha,Česká Liga,1998-05-31,28,RM,74,175,66,Right,2,3,88,89,84,74,70,85,56,73,71,67
844944,Dominik Schmid,239016,Dominik Schmid,FC Basel 1893,Brack Super League,1998-03-10,28,LB,74,183,74,Left,5,3,77,77,77,73,71,90,71,75,57,73
1133381,Albert Grønbæk,256949,Albert Grønbæk,Genoa,Serie A Enilive,2001-05-23,25,CAM,74,176,65,Right,3,4,76,74,86,84,69,78,65,71,68,69
1210384,Merlin Röhl,259714,Merlin Röhl,Everton,Premier League,2002-07-05,23,CAM,74,192,79,Right,4,3,78,83,74,67,73,82,71,78,56,71
604783,Glen Kamara,213654,Glen Kamara,Stade Rennais FC,Ligue 1 McDonald's,1995-10-28,30,CDM,74,181,73,Right,4,3,73,76,80,85,71,83,73,74,69,75
566158,Kevin Diks,224841,Kevin Diks,M'gladbach,Bundesliga,1996-10-06,29,CB,74,182,79,Right,4,3,76,72,73,76,72,82,79,83,74,79
680011,Bart Nieuwkoop,226662,Bart Nieuwkoop,Feyenoord,Eredivisie,1996-03-07,30,RB,74,180,73,Right,3,3,69,69,65,70,76,82,74,80,80,78
956169,Alfie Doughty,252483,Alfie Doughty,Millwall,EFL Championship,1999-12-21,26,LB,74,183,68,Left,3,3,84,81,69,59,71,81,65,78,65,70
1339372,Cesare Casadei,273883,Cesare Casadei,Torino,Serie A Enilive,2003-01-10,23,CM,74,192,77,Right,3,2,63,69,66,59,72,76,69,75,70,71
465828,Damian Szymanski,223779,Damian Szymański,Legia Warszawa,PKO BP Ekstraklasa,1995-06-16,31,CDM,74,185,81,Right,3,2,68,71,70,70,70,86,78,77,86,82
557805,Mathias Honsak,232156,Mathias Honsak,Heidenheim,Bundesliga,1996-12-20,29,LM,74,188,80,Left,4,3,88,85,72,70,62,67,71,79,64,69
802462,Christopher Opéri,236629,Christopher Operi,Başakşehir,Trendyol Süper Lig,1997-04-29,29,LB,74,183,78,Left,3,2,74,81,69,67,72,82,69,75,66,72
863156,Adam Gnezda Cerin,247861,Adam Gnezda Čerin,Panathinaikos,Hellas Liga,1999-07-16,26,CM,74,180,77,Right,4,2,74,72,74,66,74,83,66,73,71,72
1053679,Zion Suzuki,255981,Zion Suzuki,Parma,Serie A Enilive,2002-08-21,23,GK,74,190,91,Right,3,1,55,58,59,33,67,23,78,73,26,73
976428,Dmytro Riznyk,265628,Dmytro Riznyk,Shakhtar Donetsk,Ukrayina Liha,1999-01-30,27,GK,74,191,77,Right,3,1,52,43,33,31,68,30,61,69,28,77
1382000,Petar Sucic,276278,Petar Sučić,Lombardia FC,Serie A Enilive,2003-10-25,22,CM,74,183,76,Right,4,3,70,69,74,72,74,90,67,69,71,74
267368,Cláudio Winck,216580,Cláudio Winck,Kasımpaşa,Trendyol Süper Lig,1994-04-15,32,RB,74,184,77,Right,3,2,72,74,65,63,69,87,67,73,76,74
877697,Harrison Burrows,248050,Harrison Burrows,Sheffield Utd,EFL Championship,2002-01-12,24,LB,74,178,71,Left,3,3,78,75,77,75,73,84,62,71,64,68
883503,Gijs Smal,257502,Gijs Smal,Feyenoord,Eredivisie,1997-08-31,28,LB,74,183,74,Left,2,3,75,67,52,62,72,76,78,70,60,74
1151313,Lukas Cerv,71259,Lukáš Červ,Viktoria Plzeň,Česká Liga,2001-04-10,25,CDM,74,182,74,Right,2,2,69,69,68,69,72,78,75,77,88,78
574844,Razvan Marin,235813,Răzvan Marin,AEK Athens,Hellas Liga,1996-05-23,30,CM,74,175,76,Right,4,3,66,63,76,80,73,66,63,66,74,66
690411,Sékou Koïta,246762,Sekou Koita,Gençlerbirliği,Trendyol Süper Lig,1999-11-28,26,ST,74,173,73,Left,4,3,91,93,93,90,74,68,70,81,73,71
1233655,Alex Scott,261299,Alex Scott,AFC Bournemouth,Premier League,2003-08-21,22,CAM,74,178,68,Right,3,3,73,69,84,85,73,71,64,67,76,68
1280080,Fabio Miretti,268802,Fabio Miretti,Juventus,Serie A Enilive,2003-08-03,22,CM,74,180,72,Right,4,3,74,73,78,77,71,76,61,64,76,68
1110045,Gaetano Oristanio,269276,Gaetano Oristanio,Parma,Serie A Enilive,2002-09-28,23,CAM,74,174,62,Left,4,3,83,86,88,78,66,69,57,79,73,64
1165547,Cadu,270068,Cadu,Ferencvárosi TC,Magyar Liga,1997-08-08,28,LM,74,177,70,Right,3,3,78,72,82,84,74,67,55,71,73,62
1067754,Aster Vranckx,252027,Aster Vranckx,Sassuolo,Serie A Enilive,2002-10-04,23,CM,74,183,78,Right,5,3,67,48,74,77,75,78,75,75,77,76
883079,Finn Azaz,252066,Finn Azaz,Southampton,EFL Championship,2000-09-07,25,CAM,74,185,73,Right,3,3,72,75,77,80,72,76,67,68,58,68
37868,Simon Mignolet,173426,Simon Mignolet,Club Brugge,1A Pro League,1988-03-06,38,GK,74,193,87,Right,3,1,50,52,34,52,73,31,72,70,34,75
239920,Matt Doherty,201417,Matt Doherty,Wolves,Premier League,1992-01-16,34,CB,74,185,80,Right,4,3,66,66,66,66,76,76,72,78,78,75
306128,Ricardo Pereira,210243,Ricardo Pereira,Leicester City,EFL Championship,1993-10-06,32,RB,74,175,70,Right,4,3,69,69,74,76,74,52,66,72,78,65
744907,Greg Taylor,226508,Greg Taylor,PAOK FC,Hellas Liga,1997-11-05,28,LB,74,171,62,Left,3,3,69,72,79,83,75,86,65,71,76,73
655575,Jacob Bruun Larsen,227503,Jacob Bruun Larsen,Burnley,Premier League,1998-09-19,27,LM,74,183,77,Right,5,3,85,72,76,75,73,62,68,76,68,67
673050,Gautier Larsonneur,230727,Gautier Larsonneur,AS Saint-Étienne,Ligue 2 BKT,1997-02-23,29,GK,74,181,70,Right,2,1,51,53,60,65,70,38,59,64,25,73
1134723,Seiya Maikuma,266071,Seiya Maikuma,AZ,Eredivisie,1997-10-16,28,RB,74,178,68,Right,3,2,77,70,82,74,74,81,72,75,61,72
188109,Jan Boril,204125,Jan Bořil,Slavia Praha,Česká Liga,1991-01-11,35,CB,74,175,75,Right,4,2,63,66,67,82,74,70,80,77,90,79
625360,Nikita Haikin,222389,Nikita Haikin,FK Bodø/Glimt,Eliteserien,1995-07-11,30,GK,74,185,74,Right,2,1,50,53,52,47,71,42,64,68,31,72
822788,Arne Maier,237629,Arne Maier,FC Augsburg,Bundesliga,1999-01-08,27,CM,74,187,84,Right,3,3,66,65,68,67,74,77,77,68,61,73
924431,Gianluca Busio,242332,Gianluca Busio,Venezia,Serie BKT,2002-05-28,24,CM,74,170,61,Right,4,3,77,71,89,90,68,82,51,66,65,62
1165457,Mathias Kvistgaarden,257167,Mathias Kvistgaarden,Norwich,EFL Championship,2002-04-15,24,ST,74,175,68,Right,3,3,88,86,84,85,74,68,63,87,87,70
1180481,Johann Lepenant,258619,Johann Lepenant,FC Nantes,Ligue 1 McDonald's,2002-10-22,23,CM,74,176,69,Right,3,3,67,65,78,78,76,85,66,65,72,72
553849,Pierluigi Gollini,211515,Pierluigi Gollini,AS Roma,Serie A Enilive,1995-03-18,31,GK,74,194,94,Right,2,1,46,48,56,52,70,40,68,67,19,74
1821714,Diego Rodriguez,214933,Diego Rodríguez,Argentinos Jrs.,LPF,1989-06-25,37,GK,74,184,80,Left,2,1,44,46,50,58,73,36,69,65,35,74
773189,Tanguy Ndombélé,235569,Tanguy Ndombele,OGC Nice,Ligue 1 McDonald's,1996-12-28,29,CM,74,181,76,Right,3,4,57,56,80,80,64,45,75,68,73,67
839038,Elvis Rexhbecaj,240193,Elvis Rexhbeçaj,FC Augsburg,Bundesliga,1997-11-01,28,CM,74,182,78,Left,3,3,63,57,68,70,74,75,70,68,84,74
904098,Mert Müldür,243526,Mert Müldür,Fenerbahçe,Trendyol Süper Lig,1999-04-03,27,RB,74,188,74,Right,4,2,78,75,80,68,69,79,73,84,71,75
846761,Zakaria Aboukhlal,248564,Zakaria Aboukhlal,Torino,Serie A Enilive,2000-02-18,26,CAM,74,179,74,Left,5,4,84,81,83,75,71,87,72,73,68,75
1173248,Michel-Ange Balikwisha,257208,Michel Ange Balikwisha,Celtic,Scottish Prem,2001-05-10,25,LM,74,178,69,Right,4,4,84,81,85,80,64,80,57,61,73,66
451335,Edimilson Fernandes,215556,Edimilson Fernandes,BSC Young Boys,Brack Super League,1996-04-15,30,CDM,74,187,77,Right,4,2,69,66,66,64,75,65,74,75,51,67
664587,Lassana Coulibaly,230107,Lassana Coulibaly,Lecce,Serie A Enilive,1996-04-10,30,CDM,74,183,77,Right,3,3,67,71,70,69,70,80,69,73,75,73
844943,Flynn Downes,240097,Flynn Downes,Southampton,EFL Championship,1999-01-20,27,CM,74,181,70,Right,3,2,62,62,77,79,74,83,71,71,82,76
924610,Yukinari Sugawara,242916,Yukinari Sugawara,SV Werder Bremen,Bundesliga,2000-06-28,26,RB,74,178,68,Right,3,3,75,75,80,75,71,75,67,77,68,70
836726,András Schäfer,247026,András Schäfer,Union Berlin,Bundesliga,1999-04-13,27,CM,74,178,72,Right,4,4,73,70,82,79,78,85,63,64,72,70
1189856,Abdallah Sima,259816,Abdallah Sima,RC Lens,Ligue 1 McDonald's,2001-06-17,25,LM,74,188,74,Right,4,3,85,89,75,68,72,72,74,88,62,72
1272740,Williot Swedberg,263227,Williot Swedberg,Celta,LALIGA EA SPORTS,2004-02-01,22,LW,74,187,75,Right,3,3,75,73,84,62,71,78,56,69,57,62
114737,Marwin Hitz,190243,Marwin Hitz,FC Basel 1893,Brack Super League,1987-09-18,38,GK,74,194,91,Right,3,1,40,46,41,31,65,38,78,70,25,77
261609,Dimitri Foulquier,203177,Dimitri Foulquier,Valencia CF,LALIGA EA SPORTS,1993-03-23,33,RB,74,183,72,Right,3,3,71,74,64,63,71,76,74,77,72,74
263511,Maxime Dupé,204513,Maxime Dupé,OGC Nice,Ligue 1 McDonald's,1993-03-04,33,GK,74,188,88,Right,3,1,48,42,35,39,66,21,71,68,35,71
659490,Gabriel Suazo,229649,Gabriel Suazo,Sevilla FC,LALIGA EA SPORTS,1997-08-09,28,LB,74,178,72,Left,2,3,67,69,72,65,74,82,71,68,77,75
952322,Brenden Aaronson,247361,Brenden Aaronson,Leeds United,Premier League,2000-10-22,25,CAM,74,177,69,Right,3,3,81,79,77,81,73,84,53,63,54,61
1116391,Hugo Bueno,261224,Hugo Bueno,Wolves,Premier League,2002-09-18,23,LB,74,180,73,Left,2,3,75,73,77,71,74,73,66,65,62,67
1125750,Tomas Handel,263059,Tomás Händel,Red Star FC,Ligue 2 BKT,2000-11-27,25,CDM,74,180,75,Left,3,3,74,68,73,76,74,81,65,70,66,69
1276505,Giovanni Fabbian,271019,Giovanni Fabbian,Bologna,Serie A Enilive,2003-01-14,23,CM,74,186,75,Right,4,3,70,65,74,71,72,61,55,69,69,60
1291325,Lucas Pires,277068,Lucas Pires,Burnley,Premier League,2001-03-24,25,LB,74,182,77,Left,3,3,81,78,76,71,71,76,73,80,69,73
200601,Mikael Ishak,206626,Mikael Ishak,Lech Poznań,PKO BP Ekstraklasa,1993-03-31,33,ST,74,184,81,Right,4,3,68,72,62,67,72,81,91,86,66,83
266527,Yussuf Poulsen,207791,Yussuf Poulsen,Hamburger SV,Bundesliga,1994-06-15,32,ST,74,192,87,Right,3,3,66,65,67,54,77,76,80,88,81,80
710158,James Justin,231554,James Justin,Leeds United,Premier League,1998-02-23,28,RB,74,183,80,Right,4,3,73,83,67,70,71,74,69,75,66,70
295203,Anthony Nwakaeme,241771,Anthony Nwakaeme,Trabzonspor,Trendyol Süper Lig,1989-03-21,37,LM,74,185,80,Right,4,4,70,73,76,66,72,73,90,75,51,77
949731,Gabriele Zappa,252964,Gabriele Zappa,Cagliari,Serie A Enilive,1999-12-22,26,RB,74,183,78,Right,2,2,67,82,72,58,73,85,66,70,68,71
518633,Giorgos Kyriakopoulos,253213,Giorgos Kyriakopoulos,Panathinaikos,Hellas Liga,1996-02-05,30,LB,74,178,74,Left,2,2,65,64,65,65,70,80,68,68,74,72
1368061,Samuel Iling-Junior,272379,Samuel Iling-Junior,West Brom,EFL Championship,2003-10-04,22,LM,74,182,75,Left,4,3,83,80,82,76,69,75,59,68,52,62
270774,Franco Vázquez,207471,Franco Vázquez,Cremonese,Serie A Enilive,1989-02-22,37,ST,74,187,82,Left,3,4,50,45,67,40,70,71,79,72,78,76
478445,Alvaro,236515,Álvaro,Sevilla FC,LALIGA EA SPORTS,1998-04-13,28,GK,74,186,75,Left,3,1,44,51,68,48,74,37,59,59,22,73
592783,Enis Bardhi,237239,Enis Bardhi,Konyaspor,Trendyol Süper Lig,1995-07-02,30,CAM,74,172,64,Right,4,4,76,66,80,81,69,71,40,55,62,53
742807,Filip Panák,247643,Filip Panák,Sparta Praha,Česká Liga,1995-11-02,30,CB,74,189,77,Right,3,3,68,71,62,55,74,67,84,88,67,77
1079548,Joris Chotard,252541,Joris Chotard,Stade Brestois 29,Ligue 1 McDonald's,2001-09-24,24,CDM,74,179,70,Right,4,3,64,64,77,71,69,83,66,67,75,72
210114,Benjamin Lecomte,200726,Benjamin Lecomte,Fulham,Premier League,1991-04-26,35,GK,74,186,78,Left,3,1,41,40,36,30,71,34,68,63,23,73
331540,Kerem Demirbay,211748,Kerem Demirbay,Eyüpspor,Trendyol Süper Lig,1993-07-03,32,CDM,74,183,75,Left,4,4,54,54,65,72,69,63,65,57,76,66
478357,Matt Grimes,212118,Matt Grimes,Coventry City,EFL Championship,1995-07-15,30,CDM,74,179,70,Left,5,3,59,64,77,76,73,92,62,63,69,71
491827,Sammie Szmodics,220139,Sammie Szmodics,Ipswich,EFL Championship,1995-09-24,30,LM,74,168,67,Right,4,3,80,74,85,90,74,78,50,68,73,63
640642,Jack Hendry,225316,Jack Hendry,Al Ettifaq,ROSHN Saudi League,1995-05-07,31,CB,74,195,88,Right,2,2,62,82,58,60,68,81,83,85,82,82
480788,Vasilios Barkas,239272,Vasilios Barkas,FC Utrecht,Eredivisie,1994-05-30,32,GK,74,195,85,Left,2,1,44,40,45,29,73,39,70,65,36,72
1010733,Ki-Jana Hoever,246763,Ki-Jana Hoever,Wolves,Premier League,2002-01-18,24,RB,74,183,73,Right,3,2,76,70,66,64,70,82,66,72,69,71
933838,Salvatore Esposito,252290,Salvatore Esposito,Spezia,Serie BKT,2000-10-07,25,CDM,74,178,70,Right,5,3,68,68,75,76,74,87,58,61,67,67
1398483,Lukas Ullrich,271119,Lukas Ullrich,M'gladbach,Bundesliga,2004-03-16,22,LB,74,180,73,Left,2,2,72,73,71,72,71,77,68,74,71,71
406501,Daniel Heuer Fernandes,212197,Daniel Heuer Fernandes,Hamburger SV,Bundesliga,1992-11-13,33,GK,74,188,81,Right,4,1,42,40,38,33,70,40,69,63,23,73
782705,Liam Scales,246991,Liam Scales,Celtic,Scottish Prem,1998-08-08,27,CB,74,188,85,Left,2,2,62,73,58,66,67,78,86,86,73,81
1208969,Kristjan Asllani,264699,Kristjan Asllani,Torino,Serie A Enilive,2002-03-09,24,CDM,74,179,70,Right,3,2,65,65,64,74,70,67,60,68,68,64
1422593,Joshua King,185422,Joshua King,Al Khaleej,ROSHN Saudi League,1992-01-15,34,ST,74,184,82,Right,3,3,75,76,70,73,70,68,78,81,70,74
660326,Matthieu Udol,229236,Matthieu Udol,RC Lens,Ligue 1 McDonald's,1996-03-20,30,CB,74,178,79,Left,3,2,70,70,76,78,71,80,69,78,80,74
660010,Pedro Pereira,230824,Pedro Pereira,Gençlerbirliği,Trendyol Süper Lig,1998-01-22,28,RB,74,185,77,Right,2,2,69,71,75,70,72,75,66,71,68,69
693160,Tommaso Augello,240100,Tommaso Augello,Palermo,Serie BKT,1994-08-30,31,LB,74,181,76,Left,2,3,71,74,75,72,69,78,63,72,61,67
643690,Roman Yaremchuk,240702,Roman Yaremchuk,Olympiacos FC,Hellas Liga,1995-11-27,30,ST,74,193,83,Right,3,2,70,76,67,52,75,71,79,83,68,75
1002673,Jan Schöppner,256292,Jan Schöppner,Heidenheim,Bundesliga,1999-06-12,27,CDM,74,190,78,Right,3,2,61,69,57,54,68,90,77,83,78,81
940453,Yorbe Vertessen,260020,Yorbe Vertessen,RB Salzburg,Ö. Bundesliga,2001-01-08,25,ST,74,176,71,Right,3,3,94,84,75,73,72,73,72,78,62,71
1175610,Arsen Zakharyan,264701,Arsen Zakharyan,Real Sociedad,LALIGA EA SPORTS,2003-05-26,23,RM,74,182,73,Right,4,3,80,77,68,69,72,70,53,64,58,59
1203512,Tim Iroegbunam,266609,Tim Iroegbunam,Everton,Premier League,2003-06-30,23,CDM,74,183,70,Right,4,3,66,65,64,64,72,71,72,74,72,72
850055,Daniel Boloca,268462,Daniel Boloca,Sassuolo,Serie A Enilive,1998-12-22,27,CM,74,188,80,Right,3,3,58,60,70,59,72,87,74,65,69,76
1428153,Ngal Ayel Mukau,274447,Ngal'ayel Mukau,LOSC Lille,Ligue 1 McDonald's,2004-11-03,21,CDM,74,186,79,Left,2,2,71,67,66,73,71,75,73,77,79,75
304354,Janik Haberer,211879,Janik Haberer,Union Berlin,Bundesliga,1994-04-02,32,CM,74,186,79,Right,3,3,61,61,68,60,75,74,67,64,73,70
1077915,Largie Ramazani,243134,Largie Ramazani,Valencia CF,LALIGA EA SPORTS,2001-02-27,25,LM,74,167,60,Right,4,3,90,89,90,92,70,69,60,77,63,64
1002039,Aaron Hickey,248808,Aaron Hickey,Brentford,Premier League,2002-06-10,24,RB,74,185,72,Right,5,2,70,72,71,64,73,60,59,69,78,64
1083349,Afonso Sousa,258698,Afonso Sousa,Samsunspor,Trendyol Süper Lig,2000-05-03,26,CAM,74,174,64,Right,3,3,79,78,77,82,69,75,48,63,58,58
1180321,Devyne Rensch,258826,Devyne Rensch,AS Roma,Serie A Enilive,2003-01-18,23,RB,74,179,73,Right,4,3,75,74,74,71,72,70,61,73,72,66
427438,Héctor Bellerín,203747,Héctor Bellerín,Real Betis,LALIGA EA SPORTS,1995-03-19,31,RB,74,178,74,Right,2,3,77,79,72,78,74,71,57,69,69,64
771630,Gideon Mensah,247124,Gideon Mensah,AJ Auxerre,Ligue 1 McDonald's,1998-07-18,27,LB,74,178,64,Left,2,3,77,76,72,80,70,79,57,71,76,67
923196,Lassine Sinayoko,251170,Lassine Sinayoko,AJ Auxerre,Ligue 1 McDonald's,1999-12-08,26,ST,74,186,81,Right,3,3,72,78,60,58,72,70,78,81,60,73
1285872,Jonas Urbig,263887,Jonas Urbig,FC Bayern München,Bundesliga,2003-08-08,22,GK,74,189,83,Right,4,1,31,33,30,36,65,24,51,53,27,74
403049,Thomas Strakosha,212151,Thomas Strakosha,AEK Athens,Hellas Liga,1995-03-19,31,GK,74,193,84,Right,1,1,41,46,45,47,73,23,75,66,20,72
609755,Kalvin Phillips,224081,Kalvin Phillips,Manchester City,Premier League,1995-12-02,30,CDM,74,178,72,Right,3,3,58,50,62,73,72,54,74,70,78,70
751649,Jack Harrison,232080,Jack Harrison,Leeds United,Premier League,1996-11-20,29,RM,74,175,70,Left,3,3,74,77,79,80,73,76,62,63,65,66
1067260,Jakub Kaminski,252495,Jakub Kamiński,1. FC Köln,Bundesliga,2002-06-05,24,LM,74,179,68,Right,3,3,86,83,85,76,63,74,54,74,44,58
869054,Stefano Turati,254502,Stefano Turati,Sassuolo,Serie A Enilive,2001-09-05,24,GK,74,188,85,Right,2,1,37,31,46,35,65,30,54,56,28,74
1282285,Tijjani Noslin,264257,Tijjani Noslin,Latium,Serie A Enilive,1999-07-07,26,ST,74,178,73,Right,4,4,79,77,77,72,68,59,69,82,66,67
1460063,Thiago Fernández,275205,Thiago Fernández,Vélez Sarsfield,LPF,2004-04-03,22,LM,74,175,68,Right,2,3,87,81,89,83,71,69,49,61,53,55
242156,Djibril Sidibé,201042,Djibril Sidibé,Toulouse FC,Ligue 1 McDonald's,1992-07-29,33,CB,74,183,80,Right,4,3,62,63,58,68,75,68,75,74,74,73
1080983,Ilia Gruev,248384,Ilia Gruev,Leeds United,Premier League,2000-05-06,26,CDM,74,185,77,Left,3,3,61,71,63,66,73,78,66,66,66,69
1598982,Gerard Martín,74462,Gerard Martín,FC Barcelona,LALIGA EA SPORTS,2002-02-26,24,LB,74,186,76,Left,3,3,67,75,56,57,73,61,71,75,69,68
353519,Kevin Akpoguma,211856,Kevin Akpoguma,TSG Hoffenheim,Bundesliga,1995-04-19,31,CB,74,192,85,Right,4,3,76,76,54,51,76,65,80,79,69,74
478388,Manolis Siopis,236773,Manolis Siopis,Panathinaikos,Hellas Liga,1994-05-14,32,CDM,74,168,67,Right,2,2,78,69,79,90,77,89,67,73,80,75
799497,Samuele Birindelli,237003,Samuele Birindelli,Monza,Serie BKT,1999-07-19,26,RB,74,175,68,Right,4,3,80,85,80,80,68,76,53,67,63,61
917808,Jérémy Le Douaron,257111,Jérémy Le Douaron,Palermo,Serie BKT,1998-04-21,28,ST,74,189,78,Left,2,3,66,66,65,57,78,71,75,82,70,73
1107286,Wilfried Gnonto,258906,Wilfried Gnonto,Leeds United,Premier League,2003-11-05,22,RM,74,169,72,Right,4,3,87,88,86,85,69,69,67,74,61,67
1161211,Fabian Rieder,259306,Fabian Rieder,FC Augsburg,Bundesliga,2002-02-16,24,CAM,74,179,74,Left,3,3,75,73,79,82,67,75,59,58,53,62
915415,Peer Koopmeiners,260076,Peer Koopmeiners,AZ,Eredivisie,2000-05-04,26,CDM,74,186,78,Right,2,2,60,71,64,71,73,84,76,74,73,77
132035,Andriy Yarmolenko,194794,Andriy Yarmolenko,Dynamo Kyiv,Ukrayina Liha,1989-10-23,36,RM,74,189,81,Left,2,4,59,60,63,61,75,60,77,74,74,72
942365,Troy Parrott,245902,Troy Parrott,AZ,Eredivisie,2002-02-04,24,ST,74,185,72,Right,4,3,77,76,74,74,74,69,71,80,70,71
924315,Kanya Fujimoto,257899,Kanya Fujimoto,Birmingham City,EFL Championship,1999-07-01,27,CAM,74,176,69,Left,4,3,81,77,78,75,71,78,43,53,40,52
182962,Tom Cairney,195202,Tom Cairney,Fulham,Premier League,1991-01-20,35,CM,74,185,84,Left,2,3,53,51,64,67,76,53,68,63,58,62
311630,Samu Sáiz,198143,Samu Sáiz,Eyüpspor,Trendyol Süper Lig,1991-01-22,35,CAM,74,174,68,Right,3,4,78,74,82,84,71,75,70,77,56,69
541588,Franco Cervi,223061,Franco Cervi,Celta,LALIGA EA SPORTS,1994-05-26,32,LM,74,166,62,Left,3,4,82,82,87,86,71,70,31,53,72,50
729988,Matt Turner,233267,Matt Turner,New England,MLS,1994-06-24,32,GK,74,191,79,Right,2,1,38,42,48,42,71,35,64,62,25,73
956726,Bart van Rooij,262311,Bart van Rooij,FC Twente,Eredivisie,2001-05-26,25,RB,74,174,72,Right,2,2,79,85,70,79,72,78,75,64,71,74
1281090,Philipp Treu,262666,Philipp Treu,SC Freiburg,Bundesliga,2000-12-03,25,LB,74,172,68,Right,3,3,79,83,86,88,72,93,54,58,64,66
412762,Matías Kranevitter,214977,Matías Kranevitter,Karagümrük SK,Trendyol Süper Lig,1993-05-21,33,CDM,74,179,76,Right,3,3,68,66,70,72,73,64,70,72,78,70
605647,Conor Chaplin,225667,Conor Chaplin,Portsmouth,EFL Championship,1997-02-16,29,CAM,74,168,69,Left,4,3,85,78,89,91,74,68,36,68,70,52
689302,Ben Sheaf,225779,Ben Sheaf,Wrexham,EFL Championship,1998-02-05,28,CDM,74,185,74,Right,3,2,54,56,67,68,68,74,75,70,75,75
612277,Lucas Tousart,227234,Lucas Tousart,Stade Brestois 29,Ligue 1 McDonald's,1997-04-29,29,CDM,74,185,83,Right,3,2,52,67,59,65,76,78,80,78,79,79
146801,Hernán Galindez,253354,Hernán Galíndez,Huracán,LPF,1987-03-30,39,GK,74,189,84,Right,2,1,33,30,38,28,65,28,77,66,23,76
1305543,Kévin Danois,272894,Kévin Danois,AJ Auxerre,Ligue 1 McDonald's,2004-06-28,22,CM,74,183,72,Right,3,2,57,60,62,66,72,75,59,61,61,64
750473,Vaclav Jemelka,259188,Václav Jemelka,Viktoria Plzeň,Česká Liga,1995-06-23,31,CB,74,187,81,Left,2,2,64,68,59,72,70,71,80,84,76,77
212156,Pavel Kaderábek,203605,Pavel Kadeřábek,Sparta Praha,Česká Liga,1992-04-25,34,RB,74,182,81,Right,2,3,73,61,66,67,75,76,75,83,74,75
741397,Jens Petter Hauge,233848,Jens Petter Hauge,FK Bodø/Glimt,Eliteserien,1999-10-12,26,LW,74,184,70,Right,3,4,83,77,81,77,70,79,60,68,52,64
773831,Philippe Sandler,234679,Philippe Sandler,N.E.C. Nijmegen,Eredivisie,1997-02-10,29,CB,74,188,76,Right,3,3,62,73,57,58,66,48,87,83,64,72
807148,Luca Pellegrini,243237,Luca Pellegrini,Latium,Serie A Enilive,1999-03-07,27,LB,74,178,72,Left,4,3,77,66,70,72,70,66,46,65,75,58
1171140,Jaidon Anthony,243669,Jaidon Anthony,Burnley,Premier League,1999-12-01,26,LM,74,183,72,Right,3,3,78,80,71,77,69,84,64,69,51,67
1072054,Daniel Maldini,255611,Daniel Maldini,Bergamo Calcio,Serie A Enilive,2001-10-11,24,CAM,74,188,83,Right,4,3,66,74,69,63,72,69,67,71,46,64
1176780,Nnamdi Collins,256500,Nnamdi Collins,Frankfurt,Bundesliga,2004-01-10,22,CB,74,191,84,Right,3,2,83,88,63,57,70,71,79,89,72,76
688271,Auston Trusty,235755,Auston Trusty,Celtic,Scottish Prem,1998-08-12,27,CB,74,191,85,Left,3,2,74,81,55,53,74,81,85,88,78,83
1012842,Gianluca Gaetano,246877,Gianluca Gaetano,Cagliari,Serie A Enilive,2000-05-05,26,CAM,74,180,80,Right,3,3,69,60,72,79,68,58,58,65,65,60
1027447,Julián Araujo,247678,Julian Araujo,AFC Bournemouth,Premier League,2001-08-13,24,RB,74,176,70,Right,2,2,86,80,79,71,70,73,69,80,80,73
1067763,Trai Hume,266400,Trai Hume,Sunderland,Premier League,2002-03-18,24,RB,74,180,75,Right,3,2,77,83,69,67,70,83,76,82,83,79
1310270,Kamory Doumbia,267702,Kamory Doumbia,Stade Brestois 29,Ligue 1 McDonald's,2003-02-18,23,CAM,74,170,53,Right,3,3,69,68,82,85,72,70,48,58,59,56
1282582,Tom Rothe,268116,Tom Rothe,Union Berlin,Bundesliga,2004-10-29,21,LB,74,192,85,Left,3,3,66,56,57,51,74,77,79,82,67,76
1173684,Gabriel Silva,271132,Gabriel Silva,Santa Clara,Liga Portugal,2002-03-20,24,LW,74,177,69,Right,3,3,95,97,88,67,71,72,62,77,41,61
528453,Harry Winks,222400,Harry Winks,Leicester City,EFL Championship,1996-02-02,30,CDM,74,176,65,Right,3,3,53,50,74,76,75,74,60,57,77,67
619513,Eldor Shomurodov,239964,Eldor Shomurodov,Başakşehir,Trendyol Süper Lig,1995-06-29,31,ST,74,190,76,Right,4,3,82,76,75,65,72,63,66,83,64,66
942549,Billy Gilmour,245992,Billy Gilmour,SSC Napoli,Serie A Enilive,2001-06-11,25,CM,74,170,66,Right,3,3,69,52,75,81,75,66,49,56,73,58
1125720,Robin Roefs,263798,Robin Roefs,Sunderland,Premier League,2003-01-17,23,GK,74,192,72,Left,3,1,29,33,31,25,72,23,64,51,24,70
1292833,Tyler Dibling,279497,Tyler Dibling,Everton,Premier League,2006-02-17,20,RM,74,186,79,Left,3,3,78,76,78,75,72,67,70,65,55,66
888167,Kike Pérez,236760,Kike Pérez,Venezia,Serie BKT,1997-02-14,29,CM,74,184,74,Left,3,3,62,54,74,69,72,70,55,61,59,60
1187389,Kilian Fischer,256281,Kilian Fischer,VfL Wolfsburg,Bundesliga,2000-10-12,25,RB,74,182,77,Right,4,2,83,84,70,71,67,84,69,76,65,72
1396372,Mika Godts,258378,Mika Godts,Ajax,Eredivisie,2005-06-07,21,LW,74,176,70,Right,3,4,80,81,84,86,69,72,63,64,40,61
1146376,Eren Dinkci,258316,Eren Dinkçi,SC Freiburg,Bundesliga,2001-12-13,24,CAM,74,188,76,Right,3,4,86,86,72,75,69,78,59,76,36,60
187358,Florian Kainz,195038,Florian Kainz,1. FC Köln,Bundesliga,1992-10-24,33,CAM,74,176,71,Right,4,4,69,60,79,82,75,68,54,61,67,60
282281,Denis Suárez,205192,Denis Suárez,D. Alavés,LALIGA EA SPORTS,1994-01-06,32,CM,74,176,66,Right,3,3,60,50,71,73,76,51,54,54,47,52
914402,Jack Clarke,242908,Jack Clarke,Ipswich,EFL Championship,2000-11-23,25,LM,74,181,74,Right,4,4,79,78,84,78,73,77,54,62,53,60
949647,Becir Omeragic,244603,Bećir Omeragić,Montpellier,Ligue 2 BKT,2002-01-20,24,CB,74,187,74,Right,3,2,71,78,70,55,72,68,74,81,76,73
1102240,Casper Tengstedt,257920,Casper Tengstedt,Feyenoord,Eredivisie,2000-06-01,26,ST,74,184,79,Right,3,3,80,82,77,74,75,72,71,81,54,68
1482294,Conrad Harder,277689,Conrad Harder,RB Leipzig,Bundesliga,2005-04-07,21,ST,74,185,84,Left,3,3,74,75,72,69,72,63,81,87,76,76
819215,Lloyd Kelly,231512,Lloyd Kelly,Juventus,Serie A Enilive,1998-10-06,27,CB,74,190,86,Left,3,3,64,69,55,52,69,79,80,82,75,79
1155675,Jakob Breum,256800,Jakob Breum,Go Ahead Eagles,Eredivisie,2003-11-17,22,CAM,74,178,68,Right,2,3,78,64,87,69,70,92,54,54,49,63
196308,Matej Vydra,198331,Matěj Vydra,Viktoria Plzeň,Česká Liga,1992-05-01,34,ST,74,180,74,Right,3,3,78,75,72,73,76,66,75,84,51,68
447367,Ali Sowe,215323,Ali Sowe,Çaykur Rizespor,Trendyol Süper Lig,1994-06-14,32,ST,74,191,84,Right,2,3,73,77,68,70,75,74,85,88,67,79
612150,Dominic Calvert-Lewin,221479,Dominic Calvert-Lewin,Leeds United,Premier League,1997-03-16,29,ST,74,189,80,Right,2,3,66,76,61,62,73,62,80,86,76,75
1208987,Óscar Aranda,277594,Óscar Aranda,FC Famalicão,Liga Portugal,2002-04-29,24,LM,74,181,78,Right,4,4,76,79,74,74,67,53,75,77,48,64
915156,Christos Mandas,278032,Christos Mandas,Latium,Serie A Enilive,2001-09-17,24,GK,74,189,73,Right,3,1,22,25,39,34,71,23,45,46,19,70
290604,Joel Pohjanpalo,220165,Joel Pohjanpalo,Palermo,Serie BKT,1994-09-13,31,ST,74,186,84,Right,3,3,64,71,71,70,72,74,81,82,63,76
671855,Fran Navarro,247138,Fran Navarro,SC Braga,Liga Portugal,1998-02-03,28,ST,74,179,71,Right,3,3,74,76,72,64,72,79,76,84,70,76
1091193,Maduka Okoye,257288,Maduka Okoye,Udinese,Serie A Enilive,1999-08-28,26,GK,74,197,94,Right,3,1,23,26,32,41,70,34,75,61,26,74
1203490,Daan Rots,259563,Daan Rots,FC Twente,Eredivisie,2001-07-25,24,RM,74,180,71,Left,2,3,83,77,85,73,69,74,52,65,55,59
117541,Tjaronn Chery,204060,Tjaronn Chery,N.E.C. Nijmegen,Eredivisie,1988-06-04,38,CAM,74,171,74,Left,3,3,77,52,74,83,68,77,70,68,63,70
1069536,Anass Zaroury,260843,Anass Zaroury,Panathinaikos,Hellas Liga,2000-11-07,25,LW,74,176,74,Right,5,4,86,82,84,87,70,73,57,69,52,61
1228558,Andreas Schjelderup,260952,Andreas Schjelderup,SL Benfica,Liga Portugal,2004-06-01,22,LW,74,176,69,Right,3,3,83,77,84,78,73,77,50,58,47,57
1322858,Pablo Durán,272453,Pablo Durán,Celta,LALIGA EA SPORTS,2001-05-15,25,ST,74,176,72,Right,3,3,71,72,66,65,75,72,67,74,62,68
1280225,Estéban Lepaul,70415,Estéban Lepaul,Stade Rennais FC,Ligue 1 McDonald's,2000-04-18,26,ST,74,177,71,Right,3,3,77,73,72,69,67,81,69,78,48,68
465726,Nikola Storm,212205,Nikola Storm,Antalyaspor,Trendyol Süper Lig,1994-09-30,31,LM,74,178,74,Right,4,4,77,73,72,73,67,69,61,69,33,58
1011117,Robert Navarro,253130,Robert Navarro,Athletic Club,LALIGA EA SPORTS,2002-04-12,24,RM,74,178,65,Right,3,4,73,74,75,74,71,66,63,64,57,63
892751,Alan,275545,Alan,Moreirense FC,Liga Portugal,2000-03-08,26,CAM,74,165,57,Right,2,3,79,74,86,95,70,80,31,46,45,47
1359970,Ruben van Bommel,275592,Ruben van Bommel,PSV,Eredivisie,2004-08-03,21,LW,74,192,83,Right,2,3,82,91,76,70,74,65,72,60,51,65
573756,Jesús Imaz,224146,Jesús Imaz,Jagiellonia,PKO BP Ekstraklasa,1990-09-26,35,CAM,74,174,70,Right,4,4,73,68,81,82,72,83,63,69,37,63
1079103,Jacob Greaves,248602,Jacob Greaves,Ipswich,EFL Championship,2000-09-12,25,CB,74,194,87,Left,2,2,67,66,57,54,74,71,80,81,79,78
1233404,Pablo Torre,267976,Pablo Torre,RCD Mallorca,LALIGA EA SPORTS,2003-04-03,23,CAM,74,173,63,Right,4,4,76,68,82,81,69,71,48,54,44,53
1430151,Brajan Gruda,272612,Brajan Gruda,Brighton,Premier League,2004-05-31,22,CAM,74,178,70,Left,3,4,78,70,85,81,72,66,62,68,62,63
1486264,Claudio Echeverri,276528,Claudio Echeverri,Leverkusen,Bundesliga,2006-01-02,20,CAM,74,170,65,Right,3,3,87,82,92,92,71,55,40,53,54,47
1388678,Clément Akpa,277503,Clément Akpa,AJ Auxerre,Ligue 1 McDonald's,2001-11-24,24,CB,74,183,68,Left,2,2,71,69,63,66,73,67,74,82,69,72
793820,Anel Ahmedhodzic,236524,Anel Ahmedhodžić,Feyenoord,Eredivisie,1999-03-26,27,CB,74,195,84,Right,3,2,66,77,54,42,71,76,81,83,74,78
866517,Myron Boadu,239956,Myron Boadu,PSV,Eredivisie,2001-01-14,25,ST,74,181,67,Right,5,3,82,75,84,76,73,73,68,78,55,67
1102289,Juan Iglesias,260178,Juan Iglesias,Getafe CF,LALIGA EA SPORTS,1998-07-03,27,RB,74,187,77,Right,4,3,76,82,66,53,70,75,67,77,63,69
1097229,Orri Óskarsson,269186,Orri Óskarsson,Real Sociedad,LALIGA EA SPORTS,2004-08-29,21,ST,74,186,76,Right,3,2,73,74,66,72,74,72,76,84,69,74
1077653,Valentin Gendrey,245863,Valentin Gendrey,TSG Hoffenheim,Bundesliga,2000-06-21,26,RB,74,179,75,Right,2,3,82,70,73,74,71,78,70,78,73,73
501568,Davie Selke,212626,Davie Selke,Başakşehir,Trendyol Süper Lig,1995-01-20,31,ST,74,195,84,Right,3,3,69,73,67,59,75,73,79,88,87,80
671326,Nuno da Costa,230857,Nuno da Costa,Başakşehir,Trendyol Süper Lig,1991-02-10,35,ST,74,184,70,Right,3,3,80,83,76,76,69,69,68,85,49,65
873014,Oliver Skipp,241042,Oliver Skipp,Leicester City,EFL Championship,2000-09-16,25,CDM,74,175,70,Right,3,2,64,56,65,74,71,65,66,63,72,67
966146,Zuriko Davitashvili,271688,Zuriko Davitashvili,AS Saint-Étienne,Ligue 2 BKT,2001-02-15,25,LW,74,175,63,Right,3,4,85,87,79,74,70,77,62,63,36,61
191873,Juanmi,197891,Juanmi,Getafe CF,LALIGA EA SPORTS,1993-05-20,33,ST,74,172,69,Right,3,3,75,73,76,76,71,67,56,78,57,60
252650,Gianluca Caprari,202848,Gianluca Caprari,Monza,Serie BKT,1993-07-30,32,CAM,74,176,72,Right,4,3,77,71,84,82,75,64,44,60,39,49
529625,Andrés Cubas,222429,Andrés Cubas,Whitecaps FC,MLS,1996-05-22,30,CDM,74,165,58,Right,2,3,70,68,89,93,74,86,31,49,81,56
445856,Wesley Saïd,212613,Wesley Saïd,RC Lens,Ligue 1 McDonald's,1995-04-19,31,ST,74,171,72,Right,3,4,72,74,83,86,74,65,59,71,44,58
924485,Mark McKenzie,242195,Mark McKenzie,Toulouse FC,Ligue 1 McDonald's,1999-02-25,27,CB,74,184,83,Right,5,2,78,82,70,67,72,75,80,84,74,78
955572,Danylo Sikan,247122,Danylo Sikan,Trabzonspor,Trendyol Süper Lig,2001-04-16,25,ST,74,187,75,Right,3,3,78,81,68,67,76,68,69,85,69,70
1408580,Joaquín Panichelli,273748,Joaquín Panichelli,Strasbourg,Ligue 1 McDonald's,2002-10-07,23,ST,74,187,82,Right,3,3,62,73,63,71,71,74,85,87,70,79
1624039,Jesús Rodríguez,75055,Jesús Rodríguez,Como,Serie A Enilive,2005-11-21,20,LM,74,185,68,Right,3,3,83,78,83,61,70,56,56,70,42,54
365672,Sofiane Boufal,211381,Sofiane Boufal,R. Union St.-G.,1A Pro League,1993-09-17,32,CAM,74,175,70,Right,4,4,77,71,82,83,67,57,61,59,51,58
412357,Paul Onuachu,212382,Paul Onuachu,Trabzonspor,Trendyol Süper Lig,1994-05-28,32,ST,74,201,98,Right,3,3,54,64,35,32,73,51,92,81,80,79
500502,Adam Masina,225410,Adam Masina,Torino,Serie A Enilive,1994-01-02,32,CB,74,189,78,Left,3,3,55,68,63,40,71,53,68,73,72,65
847629,Derek Cornelius,243009,Derek Cornelius,Rangers,Scottish Prem,1997-11-25,28,CB,74,187,86,Left,2,2,61,71,61,52,70,70,91,88,90,85
846009,Adam Idah,244288,Adam Idah,Swansea City,EFL Championship,2001-02-11,25,ST,74,190,83,Right,3,3,74,85,71,65,73,67,85,88,70,78
1085401,David Zima,255687,David Zima,Slavia Praha,Česká Liga,2000-11-08,25,CB,74,190,80,Right,4,2,72,80,59,58,73,71,78,80,70,75
963965,Fabio Carvalho,256725,Fábio Carvalho,Brentford,Premier League,2002-08-30,23,CAM,74,170,62,Right,4,4,77,74,82,86,71,62,39,50,42,46
912342,Julien Le Cardinal,262344,Julien Le Cardinal,Stade Brestois 29,Ligue 1 McDonald's,1997-08-03,28,CB,74,184,74,Right,2,2,65,76,55,67,73,77,76,77,73,76
1288187,Gabriel Pereira,274187,Gabriel Pereira,F.C. København,3F Superliga,2000-05-07,26,CB,74,188,82,Right,4,2,65,68,65,62,74,72,84,84,78,80
509151,Oli McBurnie,220031,Oli McBurnie,Hull City,EFL Championship,1996-06-04,30,ST,74,188,79,Right,3,3,58,64,57,65,72,72,87,86,82,82
966021,Taylor Harwood-Bellis,252793,Taylor Harwood-Bellis,Southampton,EFL Championship,2002-01-30,24,CB,74,188,73,Right,3,2,64,66,60,64,73,74,76,83,75,76
1198712,Martin Vitík,259748,Martin Vitík,Bologna,Serie A Enilive,2003-01-21,23,CB,74,193,84,Right,3,2,71,75,48,45,71,63,81,88,72,75
1281107,Max Rosenfelder,263022,Max Rosenfelder,SC Freiburg,Bundesliga,2003-02-10,23,CB,74,186,76,Right,3,3,74,89,65,65,72,63,69,87,69,68
1311915,Ilias Akhomach,265578,Ilias Akhomach,Villarreal CF,LALIGA EA SPORTS,2004-04-16,22,RM,74,175,70,Left,4,4,78,78,80,72,70,68,54,57,51,57
561869,Haris Belkebla,224444,Haris Belkebla,Angers SCO,Ligue 1 McDonald's,1994-01-28,32,CDM,74,177,68,Right,3,3,51,42,59,67,70,86,67,62,77,74
740161,David Okereke,233732,David Okereke,Cremonese,Serie A Enilive,1997-08-29,28,ST,74,181,79,Right,4,3,79,86,84,68,70,70,67,81,48,65
1200630,Koni De Winter,265774,Koni De Winter,Milano FC,Serie A Enilive,2002-06-12,24,CB,74,191,75,Right,3,2,65,69,62,55,71,76,70,79,71,72
988769,Mojmír Chytil,274906,Mojmír Chytil,Slavia Praha,Česká Liga,1999-04-29,27,ST,74,187,82,Right,3,2,71,75,58,75,73,74,88,91,72,81
449241,Adnan Januzaj,208330,Adnan Januzaj,Sevilla FC,LALIGA EA SPORTS,1995-02-05,31,RW,74,186,76,Left,4,4,69,70,79,75,70,55,59,56,41,54
1177779,Alidu Seidu,257946,Alidu Seidu,Stade Rennais FC,Ligue 1 McDonald's,2000-06-04,26,CB,74,173,68,Right,3,2,64,58,63,69,75,51,70,75,75,67
951773,Vasil Kusej,241186,Vasil Kušej,Slavia Praha,Česká Liga,2000-05-24,26,LW,74,165,69,Right,3,3,82,74,83,81,65,67,64,74,43,61
922892,Sebastiaan Bornauw,242663,Sebastiaan Bornauw,Leeds United,Premier League,1999-03-22,27,CB,74,191,83,Right,3,2,66,71,48,52,70,53,81,89,78,74
845998,Antonio Blanco,261987,Antonio Blanco,D. Alavés,LALIGA EA SPORTS,2000-07-23,25,CDM,74,176,68,Right,3,3,51,42,58,56,73,73,54,51,72,62
1391209,Jair Cunha,79629,Jair Cunha,Nott'm Forest,Premier League,2005-03-07,21,CB,74,198,92,Right,4,2,64,69,44,42,72,70,86,85,75,80
509349,Asger Sørensen,221024,Asger Sørensen,Sparta Praha,Česká Liga,1996-06-05,30,CB,74,191,88,Right,3,2,39,71,52,48,76,66,85,75,64,76
574200,Eric Bailly,225508,Eric Bailly,R. Oviedo,LALIGA EA SPORTS,1994-04-12,32,CB,74,187,77,Right,3,3,58,69,59,60,70,45,79,78,76,70
1197039,Martín Satriano,264325,Martín Satriano,OL,Ligue 1 McDonald's,2001-02-20,25,ST,74,187,75,Right,3,3,64,62,58,57,74,65,73,78,62,69
1179331,Mohamed Abdelmonem,269164,Mohamed Abdelmonem,OGC Nice,Ligue 1 McDonald's,1999-02-01,27,CB,74,183,78,Right,3,2,63,62,61,68,68,63,77,83,77,74
942393,Ayase Ueda,252162,Ayase Ueda,Feyenoord,Eredivisie,1998-08-28,27,ST,74,183,76,Right,3,3,75,73,76,64,76,72,70,91,58,69
1407468,Santiago Mouriño,276493,Santiago Mouriño,Villarreal CF,LALIGA EA SPORTS,2002-02-13,24,CB,74,183,76,Right,3,2,65,69,66,70,69,71,80,82,76,77
1257305,Sorriso,70971,Sorriso,FC Famalicão,Liga Portugal,2001-02-22,25,RM,74,176,62,Right,3,4,79,80,76,80,72,66,45,60,29,48
115180,Domagoj Vida,199206,Domagoj Vida,AEK Athens,Hellas Liga,1989-04-29,37,CB,74,184,82,Right,3,2,61,64,61,61,67,72,75,81,80,76
1368557,Gift Orban,273564,Gift Orban,Hellas Verona,Serie A Enilive,2002-07-17,23,ST,74,178,70,Right,3,3,78,74,73,78,75,60,67,73,48,62
958232,Samuel Essende,245716,Samuel Essende,FC Augsburg,Bundesliga,1998-01-23,28,ST,74,192,87,Right,3,3,74,73,62,54,74,75,89,89,64,81
1186780,Alexandre Penetra,264288,Alexandre Penetra,AZ,Eredivisie,2001-09-09,24,CB,74,186,79,Right,2,2,64,69,56,65,75,75,76,76,72,75
1355636,Arthur Chaves,74871,Arthur Chaves,TSG Hoffenheim,Bundesliga,2001-01-29,25,CB,74,188,80,Right,4,2,74,81,58,64,72,79,70,83,71,73
1367924,Can Uzun,275328,Can Uzun,Frankfurt,Bundesliga,2005-11-11,20,CAM,74,186,70,Right,3,4,75,52,80,78,73,67,66,73,43,62
446392,Jon Gorenc-Stankovic,226129,Jon Gorenc Stanković,SK Sturm Graz,Ö. Bundesliga,1996-01-14,30,CDM,74,190,78,Right,3,2,41,37,51,54,70,84,84,75,69,81
760398,Cédric Kipré,235458,Cédric Kipré,Ipswich,EFL Championship,1996-12-09,29,CB,74,193,90,Right,2,2,64,71,42,33,71,76,94,86,83,87
858198,Sasa Kalajdzic,239901,Saša Kalajdžić,LASK,Ö. Bundesliga,1997-07-07,28,ST,74,200,90,Right,3,3,51,49,31,31,78,41,82,84,44,64
150389,Massimo Coda,185144,Massimo Coda,Sampdoria,Serie BKT,1988-11-10,37,ST,74,184,76,Right,4,3,68,53,60,64,74,68,78,82,51,70
821728,Jorge Cuenca,237522,Jorge Cuenca,Fulham,Premier League,1999-11-17,26,CB,74,190,75,Left,3,2,66,73,63,58,72,66,75,80,74,73
853108,Jean-Philippe Krasso,256731,Jean-Philippe Krasso,Paris FC,Ligue 1 McDonald's,1997-07-17,28,ST,74,187,80,Left,3,3,65,65,64,53,73,69,83,83,33,70
557799,Duje Caleta-Car,225263,Duje Ćaleta-Car,Real Sociedad,LALIGA EA SPORTS,1996-09-17,29,CB,74,192,89,Right,3,2,54,62,34,44,72,58,84,80,78,76
796504,Barnabás Varga,236510,Barnabás Varga,Ferencvárosi TC,Magyar Liga,1994-10-25,31,ST,74,181,74,Right,3,3,68,72,70,70,78,69,72,82,72,72
458976,Hauke Wahl,230855,Hauke Wahl,FC St. Pauli,Bundesliga,1994-04-15,32,CB,74,189,85,Right,3,2,41,64,60,63,73,79,79,69,65,76
864066,Ousseynou Ba,240064,Ousseynou Ba,Başakşehir,Trendyol Süper Lig,1995-11-11,30,CB,74,192,84,Right,3,2,68,69,64,65,64,72,83,84,79,80
750880,Ardian Ismajli,258782,Ardian Ismajli,Torino,Serie A Enilive,1996-09-30,29,CB,74,185,76,Right,3,2,66,68,66,70,74,72,66,76,75,70
197352,Juan Jesus,200752,Juan Jesus,SSC Napoli,Serie A Enilive,1991-06-10,35,CB,74,185,83,Left,3,2,63,53,64,60,69,66,72,78,81,73
1321562,Diego Coppola,269181,Diego Coppola,Brighton,Premier League,2003-12-28,22,CB,74,192,78,Right,3,2,52,52,42,46,74,68,72,74,76,72
1231677,Zeno Van Den Bosch,260931,Zeno Van Den Bosch,Royal Antwerp FC,1A Pro League,2003-07-06,22,CB,74,191,78,Right,4,2,52,66,44,50,71,61,80,80,68,73
690302,Rick van Drongelen,233097,Rick van Drongelen,Samsunspor,Trendyol Süper Lig,1998-12-20,27,CB,74,187,85,Left,4,2,57,66,61,59,69,69,83,81,79,79
530858,Marvin Friedrich,222493,Marvin Friedrich,M'gladbach,Bundesliga,1995-12-13,30,CB,74,193,84,Right,2,2,54,62,40,52,69,55,79,73,74,72
831474,Marin Pongracic,238370,Marin Pongračić,Fiorentina,Serie A Enilive,1997-09-11,28,CB,74,193,85,Right,3,2,56,65,62,52,71,63,82,83,76,76
1254217,Carlos Domínguez,262140,Carlos Domínguez,Celta,LALIGA EA SPORTS,2001-02-11,25,CB,74,187,81,Left,3,2,56,68,52,56,73,57,78,78,72,72
1206806,Kialonda Gaspar,275783,Kialonda Gaspar,Lecce,Serie A Enilive,1997-09-27,28,CB,74,193,88,Right,2,2,63,64,41,38,69,79,89,81,76,84
193927,Paulo Oliveira,210679,Paulo Oliveira,SC Braga,Liga Portugal,1992-01-08,34,CB,74,187,81,Right,2,2,52,54,49,42,72,67,75,83,69,72
205893,Jannik Vestergaard,202849,Jannik Vestergaard,Leicester City,EFL Championship,1992-08-03,33,CB,74,199,96,Right,4,2,29,34,30,29,72,54,90,70,86,79
299981,Pablo Marí,206654,Pablo Marí,Fiorentina,Serie A Enilive,1993-08-31,32,CB,74,193,87,Left,3,2,49,54,42,31,71,66,78,78,74,74
956921,Abdelkabir Abqar,245628,Abdelkabir Abqar,Getafe CF,LALIGA EA SPORTS,1999-03-10,27,CB,74,188,80,Right,3,2,35,60,40,33,74,63,72,69,71,69
1186444,Charlie Cresswell,254121,Charlie Cresswell,Toulouse FC,Ligue 1 McDonald's,2002-08-17,23,CB,74,191,77,Right,3,2,55,54,35,52,69,65,79,81,74,75
566425,Domingos Duarte,234835,Domingos Duarte,Getafe CF,LALIGA EA SPORTS,1995-03-10,31,CB,74,190,80,Right,3,2,50,36,31,34,73,66,78,79,75,74
1529222,Pietro Comuzzo,278340,Pietro Comuzzo,Fiorentina,Serie A Enilive,2005-02-20,21,CB,74,183,75,Right,2,2,53,61,44,60,76,69,63,69,79,68
420731,Gautier Lloris,222286,Gautier Lloris,Havre AC,Ligue 1 McDonald's,1995-07-18,30,CB,74,191,87,Left,3,2,36,38,53,38,75,71,84,77,71,78
193901,Stefan Bell,198352,Stefan Bell,1. FSV Mainz 05,Bundesliga,1991-08-24,34,CB,74,192,88,Right,2,2,33,50,34,33,73,49,85,71,73,73
817821,Darius Olaru,247972,Darius Olaru,FCSB,SUPERLIGA,1998-03-03,28,CM,73,177,71,Right,5,3,80,81,88,89,72,85,76,81,85,80
358936,Ozan Tufan,223154,Ozan Tufan,Trabzonspor,Trendyol Süper Lig,1995-03-23,31,CDM,73,184,88,Right,3,3,73,76,75,69,71,75,81,83,77,79
1091907,Fisayo Dele-Bashiru,258890,Fisayo Dele-Bashiru,Latium,Serie A Enilive,2001-02-06,25,CAM,73,186,80,Right,3,3,79,89,77,70,68,71,81,83,70,76
671159,Olivier Ntcham,218745,Olivier Ntcham,Samsunspor,Trendyol Süper Lig,1996-02-09,30,CDM,73,180,80,Right,3,3,70,75,78,78,69,77,76,75,68,75
887689,Claudio Gomes,245035,Claudio Gomes,Palermo,Serie BKT,2000-07-23,25,CDM,73,171,72,Right,4,4,87,81,87,84,75,85,74,83,73,77
1018564,Nicolás Capaldo,246885,Nicolás Capaldo,Hamburger SV,Bundesliga,1998-09-14,27,CM,73,177,73,Right,2,4,77,75,82,75,77,90,72,73,76,77
214570,Jeffrey Schlupp,200759,Jeffrey Schlupp,Norwich,EFL Championship,1992-12-23,33,LB,73,178,72,Left,2,3,74,77,73,73,74,73,74,78,76,74
686460,Santiago Colombatto,232770,Santiago Colombatto,R. Oviedo,LALIGA EA SPORTS,1997-01-17,29,CDM,73,179,71,Left,2,3,72,70,73,79,70,85,74,76,80,78
523193,Josh Laurent,217826,Josh Laurent,Burnley,Premier League,1995-05-06,31,CDM,73,188,76,Right,3,3,76,80,70,66,73,90,87,86,84,87
1215062,Matej Rynes,266374,Matěj Ryneš,Sparta Praha,Česká Liga,2001-05-30,25,LM,73,186,84,Left,3,3,75,78,73,67,71,74,76,85,74,76
1097009,Oliver Sørensen,257972,Oliver Sørensen,Parma,Serie A Enilive,2002-03-10,24,CM,73,184,78,Left,3,3,69,77,73,73,74,92,81,79,61,80
1354561,Diego Gómez,269278,Diego Gómez,Brighton,Premier League,2003-03-27,23,CM,73,183,77,Right,3,2,70,68,72,63,73,70,75,76,79,75
902969,Francisco Ortega,242287,Francisco Ortega,Olympiacos FC,Hellas Liga,1999-03-19,27,LB,73,176,75,Left,3,3,85,84,84,80,69,82,70,77,79,75
850288,Miguel Crespo,262411,Miguel Crespo,Başakşehir,Trendyol Süper Lig,1996-09-11,29,CM,73,186,73,Right,3,3,72,69,77,65,72,81,71,76,80,76
308841,Ivan Schranz,263287,Ivan Schranz,Slavia Praha,Česká Liga,1993-09-13,32,LM,73,185,73,Right,3,3,76,79,67,68,72,78,74,85,68,74
866570,Luke McCowan,262525,Luke McCowan,Celtic,Scottish Prem,1997-12-09,28,CM,73,177,72,Left,3,4,80,70,83,83,75,78,62,70,67,67
1477878,Anan Khalaili,70888,Anan Khalaili,R. Union St.-G.,1A Pro League,2004-09-03,21,RM,73,183,77,Right,4,4,78,83,80,79,65,82,66,73,72,72
947884,Wouter Burger,244050,Wouter Burger,TSG Hoffenheim,Bundesliga,2001-02-16,25,CDM,73,191,83,Left,4,3,74,76,64,61,73,82,81,81,78,81
1247323,David Jurasek,267594,David Jurásek,Beşiktaş,Trendyol Süper Lig,2000-08-07,25,LB,73,183,76,Left,2,3,84,83,71,74,71,75,74,82,73,74
861668,Dejan Ljubicic,240916,Dejan Ljubičić,Dinamo Zagreb,Liga Hrvatska,1997-10-08,28,CM,73,187,74,Right,3,3,67,68,71,66,74,80,74,75,75,76
1055327,Antonio Sánchez,252909,Antonio Sánchez,RCD Mallorca,LALIGA EA SPORTS,1997-04-22,29,RM,73,179,78,Right,3,3,71,72,82,76,68,85,75,72,64,75
1049004,Oliver Edvardsen,253399,Oliver Edvardsen,Ajax,Eredivisie,1999-03-19,27,LW,73,175,63,Right,3,3,88,81,91,92,72,78,72,92,77,76
556027,Maximilian Wittek,224423,Maximilian Wittek,VfL Bochum 1848,Bundesliga 2,1995-08-21,30,LB,73,173,68,Left,3,3,78,77,79,85,71,79,67,73,77,72
767716,Aurélio Buta,234573,Aurélio Buta,Frankfurt,Bundesliga,1997-02-10,29,RB,73,172,66,Right,4,4,90,85,88,84,72,74,60,66,73,66
958010,Amar Dedic,257345,Amar Dedić,SL Benfica,Liga Portugal,2002-08-18,23,RB,73,180,74,Right,4,3,83,83,78,74,64,88,69,76,68,74
1203528,Alvyn Sanches,260272,Alvyn Sanches,BSC Young Boys,Brack Super League,2003-02-12,23,CAM,73,183,68,Left,3,4,85,83,86,86,63,81,60,73,62,66
1300526,Nico O'Reilly,277427,Nico O'Reilly,Manchester City,Premier League,2005-03-21,21,LB,73,193,77,Left,2,3,71,74,72,69,70,72,68,75,70,70
166934,Stefan Schwab,204688,Stefan Schwab,Holstein Kiel,Bundesliga 2,1990-09-27,35,CM,73,183,83,Left,3,3,62,62,64,65,69,71,76,76,71,74
794393,Adrian Beck,253133,Adrian Beck,Heidenheim,Bundesliga,1997-06-09,29,CM,73,185,80,Right,3,2,65,61,60,60,75,79,74,78,74,75
1239749,Mandela Keita,261539,Mandela Keita,Parma,Serie A Enilive,2002-05-10,24,CDM,73,180,78,Right,3,3,78,76,78,73,68,79,74,80,74,76
1187240,Busanello,273694,Busanello,Malmö FF,Allsvenskan,1998-10-29,27,LB,73,180,75,Left,2,3,74,76,76,62,70,88,77,79,84,81
429955,John Lundstram,200746,John Lundstram,Hull City,EFL Championship,1994-02-18,32,CDM,73,181,74,Right,5,2,61,68,64,70,69,83,73,71,78,76
541933,Mama Baldé,237960,Mama Baldé,Stade Brestois 29,Ligue 1 McDonald's,1995-11-06,30,ST,73,176,69,Right,3,3,85,90,80,75,72,75,75,88,73,75
873559,Zian Flemming,239373,Zian Flemming,Burnley,Premier League,1998-08-01,27,ST,73,185,84,Right,4,3,65,74,67,70,73,82,78,81,77,79
1106599,Thibo Somers,251189,Thibo Somers,Royal Antwerp FC,1A Pro League,1999-03-16,27,RM,73,183,79,Right,4,3,81,80,74,75,71,89,77,88,72,80
1185609,Robin Fellhauer,269305,Robin Fellhauer,FC Augsburg,Bundesliga,1998-01-21,28,CDM,73,182,78,Right,3,2,72,86,67,73,71,90,70,74,70,75
586474,Kingsley Ehizibue,225669,Kingsley Ehizibue,Udinese,Serie A Enilive,1995-05-25,31,RB,73,189,78,Right,2,3,87,89,66,58,68,77,72,83,74,74
1111980,Youri Regeer,265390,Youri Regeer,Ajax,Eredivisie,2003-08-18,22,CM,73,178,68,Right,4,3,72,77,73,73,71,77,68,71,56,68
850295,Alessio Zerbin,237669,Alessio Zerbin,Cremonese,Serie A Enilive,1999-03-03,27,RM,73,182,80,Right,3,3,74,75,71,63,68,78,66,70,45,65
687868,Jeffrey De Lange,239559,Jeffrey de Lange,OM,Ligue 1 McDonald's,1998-04-01,28,GK,73,190,80,Right,4,1,58,54,40,39,70,26,51,54,17,73
632870,Håkon Evjen,242162,Håkon Evjen,FK Bodø/Glimt,Eliteserien,2000-02-14,26,CAM,73,178,68,Left,2,4,90,85,92,78,68,90,55,67,58,65
1081025,Mads Bidstrup,246402,Mads Bidstrup,RB Salzburg,Ö. Bundesliga,2001-02-25,25,CM,73,175,74,Right,3,3,67,72,70,84,72,85,73,75,70,76
1162410,Berkan Kutlu,259675,Berkan Kutlu,Galatasaray,Trendyol Süper Lig,1998-01-25,28,CDM,73,186,75,Left,2,2,75,75,71,63,70,79,73,71,77,75
978170,Tomi Horvat,270017,Tomi Horvat,SK Sturm Graz,Ö. Bundesliga,1999-03-24,27,CM,73,175,69,Left,3,4,72,77,76,79,73,79,68,65,62,69
1427819,Hugo Rincon,279026,Hugo Rincón,Girona FC,LALIGA EA SPORTS,2003-01-27,23,RB,73,183,75,Right,2,2,80,81,72,73,66,82,69,75,64,72
352023,Deniz Türüc,215531,Deniz Türüç,Başakşehir,Trendyol Süper Lig,1993-01-29,33,RM,73,177,75,Left,3,3,73,72,73,76,72,77,69,68,67,71
759801,Callum O'Hare,238058,Callum O'Hare,Sheffield Utd,EFL Championship,1998-05-01,28,CAM,73,173,65,Right,3,3,79,70,83,89,74,84,56,66,79,68
874621,Martín Payero,240970,Martín Payero,Cremonese,Serie A Enilive,1998-09-11,27,CM,73,182,80,Right,2,3,70,70,72,68,73,69,72,74,69,71
1000428,Isak Bergmann Johannesson,246814,Ísak Bergmann Jóhannesson,1. FC Köln,Bundesliga,2003-03-23,23,CM,73,180,72,Left,3,3,72,72,73,76,72,90,63,63,73,72
1051415,Jason Knight,252376,Jason Knight,Bristol City,EFL Championship,2001-02-13,25,CM,73,179,72,Right,3,2,73,71,76,78,73,93,64,72,68,72
1074967,Ramiz Zerrouki,252383,Ramiz Zerrouki,FC Twente,Eredivisie,1998-05-26,28,CDM,73,183,76,Right,2,3,65,59,74,71,68,80,80,70,81,80
1414777,Sebastián Boselli,273850,Sebastián Boselli,River Plate,LPF,2003-12-04,22,CB,73,183,81,Right,3,2,70,87,69,67,67,84,87,87,70,83
1430406,Andrés García,275468,Andrés García,Aston Villa,Premier League,2003-02-07,23,RB,73,183,82,Right,4,3,77,77,74,62,70,74,63,65,63,66
115512,David Simao,192636,David Simão,Arouca,Liga Portugal,1990-05-15,36,CM,73,183,74,Left,3,3,62,66,71,62,71,73,67,66,72,69
463284,Marko Grujic,232099,Marko Grujić,AEK Athens,Hellas Liga,1996-04-13,30,CM,73,191,78,Right,3,3,53,55,64,56,71,64,83,80,78,77
862716,Carlo Holse,240040,Carlo Holse,Samsunspor,Trendyol Süper Lig,1999-06-02,27,CAM,73,177,68,Left,3,3,81,80,88,91,74,82,62,70,58,67
923298,Pablo Martinez,243312,Pablo Martínez,Levante UD,LALIGA EA SPORTS,1998-02-22,28,LM,73,182,74,Right,3,3,72,71,74,75,69,84,71,73,55,71
1256178,Bjorn Meijer,262219,Björn Meijer,Club Brugge,1A Pro League,2003-03-18,23,LB,73,190,74,Left,3,3,63,72,65,59,63,77,86,84,65,79
1202883,Matej Jurásek,271296,Matěj Jurásek,Norwich,EFL Championship,2003-08-30,22,RW,73,181,73,Left,2,4,80,82,76,72,69,66,70,74,67,69
240236,Massadio Haïdara,201955,Massadio Haïdara,Kocaelispor,Trendyol Süper Lig,1992-12-02,33,LB,73,179,76,Left,3,3,74,76,69,72,68,78,77,81,77,77
448859,Mijat Gacinovic,230564,Mijat Gaćinović,AEK Athens,Hellas Liga,1995-02-08,31,LM,73,175,71,Right,3,4,80,80,81,80,71,75,60,68,68,66
841705,Arnaud Bodart,237525,Arnaud Bodart,LOSC Lille,Ligue 1 McDonald's,1998-03-11,28,GK,73,186,80,Right,2,1,58,50,58,48,66,20,55,65,15,73
955596,Berat Özdemir,248854,Berat Özdemir,Başakşehir,Trendyol Süper Lig,1998-05-23,28,CDM,73,188,84,Right,4,2,74,68,70,65,69,85,72,70,78,76
1130330,Josh Doig,255561,Josh Doig,Sassuolo,Serie A Enilive,2002-05-18,24,LB,73,189,71,Left,5,3,75,82,68,71,63,86,62,74,71,70
541565,Lukás Sadílek,270046,Lukáš Sadílek,Sparta Praha,Česká Liga,1996-05-23,30,CM,73,178,73,Right,3,2,70,69,77,74,72,88,61,64,70,70
915238,Antoine Makoumbou,270597,Antoine Makoumbou,Samsunspor,Trendyol Süper Lig,1998-07-18,27,CDM,73,185,77,Right,3,3,74,67,81,69,69,82,70,72,73,74
181433,Cláudio Ramos,198513,Cláudio Ramos,FC Porto,Liga Portugal,1991-11-16,34,GK,73,183,83,Right,3,1,55,54,62,65,68,44,75,74,27,72
538329,Ebou Adams,232412,Ebou Adams,Derby County,EFL Championship,1996-01-15,30,CDM,73,178,76,Right,3,2,75,67,75,71,72,92,76,79,88,83
639558,Amir Hadziahmetovic,233053,Amir Hadžiahmetović,Hull City,EFL Championship,1997-03-08,29,CDM,73,179,70,Right,3,2,66,64,68,70,68,80,71,65,71,73
977404,César Huerta,246289,César Huerta,RSC Anderlecht,1A Pro League,2000-12-03,25,LW,73,171,67,Right,3,3,83,84,91,77,55,79,72,82,51,70
1323510,Alberto Reina,275985,Alberto Reina,R. Oviedo,LALIGA EA SPORTS,1997-09-09,28,CM,73,179,71,Right,3,3,64,68,73,77,72,78,66,69,62,68
350472,Kevin Mbabu,210625,Kevin Mbabu,FC Midtjylland,3F Superliga,1995-04-19,31,RB,73,184,83,Right,3,3,83,79,75,70,64,75,76,83,77,76
300918,Ricardo Esgaio,212213,Ricardo Esgaio,Karagümrük SK,Trendyol Süper Lig,1993-05-16,33,RB,73,172,72,Right,4,3,67,68,74,80,69,66,59,66,68,63
667952,Samu,223302,Samu,Vitória SC,Liga Portugal,1996-04-21,30,CM,73,170,66,Left,3,3,72,73,77,82,67,82,57,61,63,65
658440,Tim Skarke,229286,Tim Skarke,Union Berlin,Bundesliga,1996-09-07,29,ST,73,181,79,Right,3,3,86,87,78,79,72,71,68,74,53,66
982394,Hayden Hackney,253054,Hayden Hackney,Middlesbrough,EFL Championship,2002-06-26,24,CDM,73,178,70,Right,3,3,65,69,73,75,73,84,66,66,82,74
154280,Jordan Ayew,197756,Jordan Ayew,Leicester City,EFL Championship,1991-09-11,34,RM,73,182,81,Right,3,4,68,65,75,71,74,68,71,78,74,71
877568,Jordan Holsgrove,237871,Jordan Holsgrove,Estoril Praia,Liga Portugal,1999-09-10,26,CM,73,180,73,Left,3,3,73,69,68,75,68,79,70,69,55,69
695405,Hervé Koffi,239342,Hervé Koffi,Angers SCO,Ligue 1 McDonald's,1996-10-16,29,GK,73,186,82,Right,3,1,58,53,63,64,73,30,71,71,30,67
588562,Mihailo Ristic,240223,Mihailo Ristić,Celta,LALIGA EA SPORTS,1995-10-31,30,LB,73,180,73,Left,3,3,72,73,65,60,69,77,66,73,62,68
622091,Borna Sosa,243388,Borna Sosa,Crystal Palace,Premier League,1998-01-21,28,LB,73,187,79,Left,3,3,72,70,72,65,70,74,69,74,65,70
1053685,Dion Lopy,259190,Dion Lopy,UD Almería,LALIGA HYPERMOTION,2002-02-02,24,CDM,73,186,79,Right,3,2,63,64,65,63,69,80,77,77,70,76
1254218,Hugo Sotelo,264095,Hugo Sotelo,Celta,LALIGA EA SPORTS,2003-12-19,22,CM,73,180,75,Right,3,3,74,65,64,59,73,72,65,71,63,67
1287941,Gabri Martínez,264438,Gabri Martínez,SC Braga,Liga Portugal,2003-01-22,23,LM,73,185,79,Right,3,4,82,84,83,69,74,82,65,65,50,66
1305787,Elias Jelert,265195,Elias Jelert,Southampton,EFL Championship,2003-06-12,23,RB,73,170,70,Right,3,3,83,85,82,72,68,79,50,62,76,63
1085674,Samuel Dahl,277252,Samuel Dahl,SL Benfica,Liga Portugal,2003-03-04,23,LB,73,171,68,Left,3,3,81,85,77,83,73,83,61,69,73,69
1331249,Adama Boiro,70344,Adama Boiro,Athletic Club,LALIGA EA SPORTS,2002-06-22,24,LB,73,183,76,Left,3,3,76,75,71,64,68,76,75,80,61,73
493468,Mamadou Fall,233897,Mamadou Fall,Kasımpaşa,Trendyol Süper Lig,1991-12-31,34,RM,73,184,72,Right,3,3,84,92,78,67,64,76,78,86,59,74
881558,Max Bird,241419,Max Bird,Bristol City,EFL Championship,2000-09-18,25,CM,73,183,77,Left,3,2,68,66,70,73,73,87,67,68,63,71
1276312,Antoni Milambo,263640,Antoni Milambo,Brentford,Premier League,2005-04-03,21,CM,73,179,68,Right,3,4,74,74,83,72,73,81,60,69,48,63
1553515,Djaoui Cissé,71114,Djaoui Cissé,Stade Rennais FC,Ligue 1 McDonald's,2004-01-31,22,CM,73,188,73,Right,3,3,64,62,63,66,70,74,69,69,53,67
181920,Francesco Bardi,193786,Francesco Bardi,Palermo,Serie BKT,1992-01-18,34,GK,73,188,80,Right,2,1,51,46,48,33,70,29,54,60,21,71
575780,Paddy McNair,213697,Paddy McNair,San Diego FC,MLS,1995-04-27,31,CB,73,187,72,Right,3,3,62,63,62,63,72,76,75,78,76,76
469701,Mahmoud Dahoud,218339,Mahmoud Dahoud,Frankfurt,Bundesliga,1996-01-01,30,CM,73,178,68,Right,4,4,75,54,81,81,71,70,59,59,73,65
609504,Oliver Burke,225632,Oliver Burke,Union Berlin,Bundesliga,1997-04-07,29,ST,73,188,82,Right,3,3,90,95,65,67,68,69,80,93,60,74
624596,Georgiy Dzhikiya,229773,Georgiy Dzhikiya,Antalyaspor,Trendyol Süper Lig,1993-11-21,32,CB,73,188,86,Left,3,2,78,75,55,65,72,71,78,83,79,77
769644,Abdelhamid Sabiri,237499,Abdelhamid Sabiri,Fiorentina,Serie A Enilive,1996-11-28,29,CAM,73,186,80,Right,4,3,68,51,77,63,72,74,76,77,68,74
1285528,João Mendes,244416,João Mendes,Kayserispor,Trendyol Süper Lig,1994-10-21,31,CAM,73,183,76,Right,3,3,67,71,64,62,74,74,70,63,57,68
1129081,Marcelino Núñez,256051,Marcelino Núñez,Ipswich,EFL Championship,2000-03-01,26,CM,73,173,70,Right,4,3,63,62,72,79,73,81,65,63,64,69
1049679,David Møller Wolfe,262135,David Møller Wolfe,Wolves,Premier League,2002-04-23,24,LB,73,185,78,Left,2,2,77,79,69,66,71,82,76,80,72,77
1218556,Kian Fitz-Jim,262218,Kian Fitz-Jim,Ajax,Eredivisie,2003-07-05,22,CM,73,174,68,Right,3,3,78,72,87,77,73,89,48,68,64,62
107917,Jason Steele,188836,Jason Steele,Brighton,Premier League,1990-08-18,35,GK,73,188,79,Right,2,1,41,36,36,44,65,29,55,63,39,73
186054,Joel Robles,195668,Joel Robles,Estoril Praia,Liga Portugal,1990-06-17,36,GK,73,195,90,Right,2,1,47,55,50,39,68,25,72,68,23,70
260470,Leonardo Bittencourt,203106,Leonardo Bittencourt,SV Werder Bremen,Bundesliga,1993-12-19,32,CAM,73,171,63,Right,4,3,75,72,86,89,72,73,46,55,75,59
264190,Thorgan Hazard,203486,Thorgan Hazard,RSC Anderlecht,1A Pro League,1993-03-29,33,LW,73,175,71,Right,4,4,75,58,83,89,70,76,65,62,57,66
291643,Paul Nardi,206218,Paul Nardi,QPR,EFL Championship,1994-05-18,32,GK,73,187,77,Right,3,1,54,43,35,52,71,20,54,62,24,72
793905,Dujon Sterling,238071,Dujon Sterling,Rangers,Scottish Prem,1999-10-24,26,LB,73,186,81,Right,3,3,72,78,71,62,71,67,75,78,80,74
1136097,Aidan Morris,255145,Aidan Morris,Middlesbrough,EFL Championship,2001-11-16,24,CDM,73,178,72,Right,4,2,69,77,72,79,70,81,82,78,79,81
1184663,Miguel Rodriguez,258730,Miguel Rodríguez,FC Utrecht,Eredivisie,2003-04-29,23,RW,73,178,73,Left,3,3,78,79,75,66,71,76,60,62,69,66
450739,Alexander Schlager,215522,Alexander Schlager,RB Salzburg,Ö. Bundesliga,1996-02-01,30,GK,73,184,77,Right,3,1,46,47,34,45,69,24,55,61,26,73
561164,Lucas Boye,222041,Lucas Boyé,D. Alavés,LALIGA EA SPORTS,1996-02-28,30,ST,73,183,79,Right,2,4,67,70,71,69,70,70,86,85,74,80
435513,Ryan Manning,226012,Ryan Manning,Southampton,EFL Championship,1996-06-14,30,LB,73,173,72,Left,3,3,69,67,73,78,71,84,57,66,70,67
816222,Tiago Esgaio,251994,Tiago Esgaio,Arouca,Liga Portugal,1995-08-01,30,RB,73,175,72,Right,4,3,73,71,66,77,69,80,60,78,69,68
1336582,Máximo Perrone,267991,Máximo Perrone,Como,Serie A Enilive,2003-01-07,23,CDM,73,178,64,Left,3,2,72,72,74,74,65,77,59,67,68,66
846023,Gabriel Batista,271571,Gabriel Batista,Santa Clara,Liga Portugal,1998-06-03,28,GK,73,190,83,Right,2,1,41,35,33,40,66,30,64,61,21,73
23354,Ashley Young,152908,Ashley Young,Ipswich,EFL Championship,1985-07-09,40,RB,73,175,65,Right,4,3,54,53,68,63,74,63,65,70,83,68
493196,Carlos Mané,216749,Carlos Mané,Kayserispor,Trendyol Süper Lig,1994-03-11,32,LM,73,173,63,Right,2,4,87,90,87,84,65,67,60,77,57,62
769335,Pol Lirola,235875,Pol Lirola,OM,Ligue 1 McDonald's,1997-08-13,28,RB,73,183,70,Right,3,3,70,73,65,63,71,73,61,69,70,66
864236,Patrick Soko,240047,Patrick Soko,UD Almería,LALIGA HYPERMOTION,1997-10-31,28,ST,73,176,68,Right,3,3,91,90,86,80,68,79,81,87,56,76
181873,Alexandros Paschalakis,240493,Alexandros Paschalakis,Olympiacos FC,Hellas Liga,1989-07-28,36,GK,73,197,92,Right,2,1,53,47,50,59,68,38,76,73,40,74
914401,Oriol Rey,242279,Oriol Rey,Levante UD,LALIGA EA SPORTS,1998-02-25,28,CM,73,180,71,Left,3,2,55,59,77,74,74,85,73,67,66,74
1067553,Philip Otele,266395,Philip Otele,FC Basel 1893,Brack Super League,1999-04-15,27,LM,73,178,80,Right,5,3,92,92,91,83,59,74,73,79,66,72
617396,Dereck Kutesa,233917,Dereck Kutesa,AEK Athens,Hellas Liga,1997-12-06,28,LM,73,177,69,Right,3,4,87,91,86,82,64,72,72,69,47,67
1301517,Enzo Leopold,262669,Enzo Leopold,Hannover 96,Bundesliga 2,2000-07-23,25,CM,73,174,76,Right,3,3,73,64,84,82,74,89,62,64,64,69
1241957,Matías Galarza,278020,Matías Galarza,River Plate,LPF,2002-02-11,24,CM,73,177,76,Left,4,2,59,67,51,78,72,61,48,59,78,58
282012,Dennis Praet,199652,Dennis Praet,Royal Antwerp FC,1A Pro League,1994-05-14,32,CAM,73,181,78,Right,4,4,67,56,70,66,71,72,65,67,64,67
940442,Tommy Doyle,254120,Tommy Doyle,Birmingham City,EFL Championship,2001-10-17,24,CM,73,172,73,Right,4,3,65,65,71,81,74,70,51,56,69,60
419207,John Souttar,212516,John Souttar,Rangers,Scottish Prem,1996-09-25,29,CB,73,186,75,Right,4,2,69,76,63,68,71,66,84,85,70,77
299875,Matteo Brunori,253019,Matteo Brunori,Palermo,Serie BKT,1994-11-01,31,ST,73,180,75,Right,4,3,81,76,80,73,70,80,73,82,64,73
1200631,Lesley Ugochukwu,257084,Lesley Ugochukwu,Burnley,Premier League,2004-03-26,22,CDM,73,191,88,Right,3,3,64,64,62,54,68,70,77,77,73,74
1050828,Mario Soriano,260463,Mario Soriano,RC Deportivo,LALIGA HYPERMOTION,2002-04-22,24,CAM,73,163,60,Right,3,3,81,82,84,90,65,64,74,69,58,68
169756,Adrián,194911,Adrián,Real Betis,LALIGA EA SPORTS,1987-01-03,39,GK,73,190,78,Right,2,1,44,42,53,48,71,38,63,63,38,75
488624,Alex Mowatt,213798,Alex Mowatt,West Brom,EFL Championship,1995-02-13,31,CDM,73,177,71,Left,2,3,51,50,68,76,72,92,66,59,69,73
508889,Naby Keïta,220971,Naby Keïta,Ferencvárosi TC,Magyar Liga,1995-02-10,31,CM,73,172,64,Right,4,4,70,52,80,83,73,50,52,52,75,56
530197,Manolis Saliakas,222542,Manolis Saliakas,FC St. Pauli,Bundesliga,1996-09-12,29,RB,73,177,74,Right,4,3,77,62,74,78,74,83,61,62,71,69
683473,Kelvin Amian,231235,Kelvin Amian,FC Nantes,Ligue 1 McDonald's,1998-02-08,28,RB,73,180,78,Right,3,2,77,77,71,76,61,81,79,82,72,78
674518,Toni Lato,232008,Toni Lato,RCD Mallorca,LALIGA EA SPORTS,1997-11-21,28,LB,73,171,64,Left,4,3,76,76,73,80,70,65,56,70,67,61
796398,Kjell Scherpen,243675,Kjell Scherpen,R. Union St.-G.,1A Pro League,2000-01-23,26,GK,73,206,85,Right,4,1,37,46,37,42,68,32,66,61,25,72
1293912,Pablo Marín,272455,Pablo Marín,Real Sociedad,LALIGA EA SPORTS,2003-07-03,22,CM,73,178,71,Right,3,3,67,67,69,67,71,63,59,62,54,59
704138,Abdülkadir Ömür,231777,Abdülkadir Ömür,Antalyaspor,Trendyol Süper Lig,1999-06-25,27,RM,73,166,65,Left,3,4,83,76,92,92,66,75,46,62,56,56
1042347,Diant Ramaj,248478,Diant Ramaj,Heidenheim,Bundesliga,2001-09-19,24,GK,73,188,82,Right,5,1,28,29,31,42,64,38,64,58,32,72
1328857,Caspar Jander,266422,Caspar Jander,Southampton,EFL Championship,2003-03-23,23,CM,73,183,75,Right,4,3,77,55,81,79,74,87,66,67,69,72
160447,Adam Smith,190885,Adam Smith,AFC Bournemouth,Premier League,1991-04-29,35,RB,73,180,78,Right,3,3,54,65,65,68,75,64,68,68,73,68
164246,Nick Viergever,193440,Nick Viergever,FC Utrecht,Eredivisie,1989-08-03,36,CB,73,183,77,Left,2,2,62,72,62,66,75,69,83,82,68,76
660132,Pantelis Hatzidiakos,229150,Pantelis Hatzidiakos,F.C. København,3F Superliga,1997-01-18,29,CB,73,185,78,Right,3,2,69,67,64,68,72,72,77,81,78,76
1109476,Jacob Ondrejka,255460,Jacob Ondrejka,Parma,Serie A Enilive,2002-09-02,23,LM,73,180,70,Right,4,4,79,77,80,80,68,58,56,63,55,57
949321,Daniel Peretz,277823,Daniel Peretz,Hamburger SV,Bundesliga,2000-07-10,25,GK,73,190,89,Right,3,1,30,42,35,39,68,30,71,62,22,66
120569,Robin Olsen,207557,Robin Olsen,Malmö FF,Allsvenskan,1990-01-08,36,GK,73,198,89,Right,2,1,31,40,32,33,68,37,75,65,27,75
655095,Isac Lidberg,228859,Isac Lidberg,SV Darmstadt 98,Bundesliga 2,1998-09-08,27,ST,73,185,83,Right,4,3,77,82,69,69,73,85,82,77,75,81
683476,Mathieu Cafaro,231236,Mathieu Cafaro,Paris FC,Ligue 1 McDonald's,1997-03-25,29,LM,73,178,74,Right,3,4,79,69,83,83,70,80,59,64,59,65
767014,Rémy Descamps,234371,Rémy Descamps,OL,Ligue 1 McDonald's,1996-06-25,30,GK,73,196,82,Left,3,1,45,39,29,24,69,28,63,63,29,73
640238,Nacho Vidal,238305,Nacho Vidal,R. Oviedo,LALIGA EA SPORTS,1995-01-24,31,RB,73,180,75,Right,3,3,73,73,69,65,72,63,63,74,72,65
748380,Abel Ruiz,239250,Abel Ruiz,Girona FC,LALIGA EA SPORTS,2000-01-28,26,ST,73,180,75,Right,3,4,71,77,74,72,76,79,73,78,55,71
307317,Vladimír Coufal,244470,Vladimír Coufal,TSG Hoffenheim,Bundesliga,1992-08-22,33,RB,73,175,76,Right,3,3,62,54,64,70,74,63,68,71,86,71
630168,Ignacio de Arruabarrena,259872,Ignacio De Arruabarrena,Barcelona SC,Libertadores,1997-01-16,29,GK,73,183,79,Right,2,1,40,32,35,50,72,22,59,59,27,73
38807,James Milner,138412,James Milner,Brighton,Premier League,1986-01-04,40,CM,73,175,70,Right,4,3,45,46,57,63,76,47,66,63,77,63
116750,Ricky van Wolfswinkel,184457,Ricky van Wolfswinkel,FC Twente,Eredivisie,1989-01-27,37,ST,73,185,68,Right,4,3,54,70,63,65,73,72,73,78,66,72
278814,Janis Blaswich,204092,Janis Blaswich,Leverkusen,Bundesliga,1991-05-02,35,GK,73,193,89,Right,3,1,47,38,31,33,71,31,74,69,39,76
361403,Karol Linetty,211408,Karol Linetty,Kocaelispor,Trendyol Süper Lig,1995-02-02,31,CDM,73,175,73,Right,3,3,69,45,72,79,70,69,55,63,78,64
530460,Ivi López,222467,Ivi López,Raków,PKO BP Ekstraklasa,1994-06-29,32,CAM,73,174,70,Right,3,3,72,74,79,81,72,71,67,71,58,66
993022,Imrân Louza,242794,Imrân Louza,Watford,EFL Championship,1999-05-01,27,CM,73,178,65,Left,3,4,54,65,69,77,69,73,57,54,72,64
792674,Oleksandr Tymchyk,258308,Oleksandr Tymchyk,Dynamo Kyiv,Ukrayina Liha,1997-01-20,29,RB,73,180,67,Right,3,2,85,89,74,70,67,74,53,70,57,60
1238058,Bashir Humphreys,272777,Bashir Humphreys,Burnley,Premier League,2003-03-15,23,LB,73,187,79,Left,5,2,75,71,68,74,71,74,76,81,74,75
210119,Jordan Ferri,206306,Jordan Ferri,Sampdoria,Serie BKT,1992-03-12,34,CDM,73,173,73,Right,2,3,58,47,70,84,70,80,67,62,84,73
992025,Aleksa Terzic,252573,Aleksa Terzić,RB Salzburg,Ö. Bundesliga,1999-08-17,26,LB,73,184,70,Left,2,3,84,80,70,61,68,75,59,74,69,66
1099974,Issa Kaboré,253052,Issa Kaboré,Wrexham,EFL Championship,2001-05-12,25,RB,73,180,72,Right,3,2,85,77,79,75,74,72,72,82,76,73
690332,Jan Kuchta,257536,Jan Kuchta,Sparta Praha,Česká Liga,1997-01-08,29,ST,73,185,81,Right,3,3,77,77,74,74,72,76,79,88,84,80
673045,Maurice Neubauer,269302,Maurice Neubauer,Hannover 96,Bundesliga 2,1996-04-29,30,LB,73,180,75,Left,3,2,73,79,69,70,68,93,62,67,66,71
1190371,Matija Frigan,275401,Matija Frigan,Parma,Serie A Enilive,2003-02-11,23,ST,73,185,78,Left,4,2,80,79,72,70,68,76,76,83,72,76
186748,Pizzi,197965,Pizzi,Estoril Praia,Liga Portugal,1989-10-06,36,CM,73,177,69,Right,4,3,53,62,57,61,79,53,58,60,63,58
212815,Timo Horn,200316,Timo Horn,VfL Bochum 1848,Bundesliga 2,1993-05-12,33,GK,73,192,90,Left,1,1,45,51,50,31,76,31,67,65,41,68
982692,Karl Hein,248732,Karl Hein,SV Werder Bremen,Bundesliga,2002-04-13,24,GK,73,193,76,Right,3,1,33,38,36,31,70,40,62,60,18,73
1081288,Morgan Whittaker,252796,Morgan Whittaker,Middlesbrough,EFL Championship,2001-01-07,25,RM,73,183,69,Left,2,3,76,78,74,68,73,77,67,69,53,67
1368654,Chemsdine Talbi,275048,Chemsdine Talbi,Sunderland,Premier League,2005-05-09,21,RM,73,175,64,Right,4,3,92,88,87,84,60,74,55,63,40,57
94841,Sven Ulreich,186569,Sven Ulreich,FC Bayern München,Bundesliga,1988-08-03,37,GK,73,192,87,Right,2,1,41,40,36,39,73,29,63,60,25,73
615411,Lawrence Ati-Zigi,229956,Lawrence Ati Zigi,FC St. Gallen,Brack Super League,1996-11-29,29,GK,73,188,87,Right,3,1,45,33,38,57,71,32,75,70,30,73
305132,Stefano Denswil,205756,Stefano Denswil,Kayserispor,Trendyol Süper Lig,1993-05-07,33,CB,73,188,82,Left,3,3,55,59,57,56,67,69,78,70,77,75
786630,Iván Villar,222572,Iván Villar,Celta,LALIGA EA SPORTS,1997-07-09,28,GK,73,186,76,Right,2,1,32,33,38,37,71,30,52,54,18,72
505059,Branco van den Boomen,229158,Branco van den Boomen,Ajax,Eredivisie,1995-07-21,30,CM,73,188,75,Right,4,3,49,30,55,39,65,67,74,67,75,72
760329,Nathan Broadhead,232545,Nathan Broadhead,Wrexham,EFL Championship,1998-04-05,28,LM,73,178,73,Right,4,3,79,74,76,75,70,68,66,76,68,67
767173,Jimmy Dunne,235156,Jimmy Dunne,QPR,EFL Championship,1997-10-19,28,RB,73,191,75,Right,4,2,62,65,58,60,69,80,82,88,73,80
768169,Phil Neumann,236217,Phil Neumann,Birmingham City,EFL Championship,1997-07-08,28,CB,73,192,91,Right,3,2,81,81,64,63,66,82,81,87,68,79
848268,Haji Wright,238743,Haji Wright,Coventry City,EFL Championship,1998-03-27,28,ST,73,191,90,Right,4,2,78,85,68,64,70,73,83,78,62,76
1421275,Hamza Igamane,73449,Hamza Igamane,LOSC Lille,Ligue 1 McDonald's,2002-11-02,23,ST,73,181,77,Right,4,4,83,77,80,76,72,65,70,81,72,70
92642,Taras Stepanenko,206413,Taras Stepanenko,Eyüpspor,Trendyol Süper Lig,1989-08-08,36,CDM,73,181,76,Left,3,3,52,55,63,73,68,69,74,74,79,74
305148,Okan Kocuk,223175,Okan Kocuk,Samsunspor,Trendyol Süper Lig,1995-07-27,30,GK,73,188,78,Right,2,1,31,36,44,30,64,23,55,54,15,70
643228,Alex Palmer,223909,Alex Palmer,Ipswich,EFL Championship,1996-08-10,29,GK,73,191,85,Right,3,1,26,37,34,34,68,27,63,57,20,72
799914,Carlos Protesoni,244948,Carlos Protesoni,D. Alavés,LALIGA EA SPORTS,1998-03-30,28,CDM,73,185,77,Right,3,2,67,64,61,59,71,69,69,72,80,71
1126769,Aral Simsir,256933,Aral Şimşir,FC Midtjylland,3F Superliga,2002-06-19,24,LW,73,177,71,Right,4,4,81,79,83,84,66,74,66,65,57,66
1092680,Morgan Guilavogui,257020,Morgan Guilavogui,RC Lens,Ligue 1 McDonald's,1998-03-10,28,ST,73,189,82,Right,2,3,77,71,78,39,73,74,74,85,59,72
1135820,Daniel Birligea,266728,Daniel Bîrligea,FCSB,SUPERLIGA,2000-04-19,26,ST,73,184,70,Right,4,3,81,83,72,71,70,79,79,85,80,80
1072317,Tiago Gouveia,268868,Tiago Gouveia,OGC Nice,Ligue 1 McDonald's,2001-06-18,25,RM,73,176,73,Right,3,3,84,82,81,71,68,64,50,55,62,56
1284464,Nediljko Labrovic,271949,Nediljko Labrović,FC Augsburg,Bundesliga,1999-10-10,26,GK,73,196,91,Right,2,1,41,39,46,51,70,28,78,68,31,73
1573126,Marc Bernal,74463,Marc Bernal,FC Barcelona,LALIGA EA SPORTS,2007-05-26,19,CDM,73,191,78,Left,3,2,57,65,73,72,73,54,66,61,69,63
259306,Emil Krafth,207650,Emil Krafth,Newcastle Utd,Premier League,1994-08-02,31,CB,73,184,83,Right,3,2,53,53,62,64,74,55,72,70,69,67
380858,Andreas Gianniotis,210327,Andreas Gianniotis,Kasımpaşa,Trendyol Süper Lig,1992-12-18,33,GK,73,192,85,Right,3,1,34,44,70,25,70,29,61,61,11,70
519835,Adam Armstrong,221841,Adam Armstrong,Southampton,EFL Championship,1997-02-10,29,ST,73,172,69,Right,4,3,84,70,80,80,74,68,63,79,78,68
562906,Patrick Pflucke,224252,Patrick Pflücke,Sp. Charleroi,1A Pro League,1996-11-30,29,RM,73,170,66,Left,3,4,82,75,85,90,65,80,46,52,53,56
690149,Axel Tuanzebe,231485,Axel Tuanzebe,Burnley,Premier League,1997-11-14,28,RB,73,185,75,Right,3,3,74,77,65,68,74,68,76,84,77,75
630036,Mateusz Lis,232007,Mateusz Lis,Göztepe,Trendyol Süper Lig,1997-02-27,29,GK,73,192,83,Right,2,1,27,27,37,35,57,26,70,59,19,75
1159181,Javi Lopez,256097,Javi López,R. Oviedo,LALIGA EA SPORTS,2002-03-25,24,LB,73,184,80,Left,3,2,71,72,74,55,70,74,68,74,66,69
839750,Kervin Arriaga,267873,Kervin Arriaga,Levante UD,LALIGA EA SPORTS,1998-01-05,28,CDM,73,191,82,Right,2,2,58,64,61,60,68,81,84,85,82,83
1429912,Michael Kayode,277869,Michael Kayode,Brentford,Premier League,2004-07-10,21,RB,73,179,70,Right,3,3,71,76,58,68,72,64,70,74,75,70
478527,Steve Mounié,224883,Steve Mounié,FC Augsburg,Bundesliga,1994-09-29,31,ST,73,190,83,Right,3,2,53,71,57,49,72,66,86,86,78,79
803343,Mads Roerslev,238157,Mads Roerslev,Southampton,EFL Championship,1999-06-24,27,RB,73,184,67,Right,3,3,66,70,69,68,72,77,67,70,64,69
968912,Anthony Patterson,246417,Anthony Patterson,Sunderland,Premier League,2000-05-10,26,GK,73,189,87,Right,3,1,29,32,40,37,68,30,58,55,28,70
990989,Giulian Biancone,246679,Giulian Biancone,Olympiacos FC,Hellas Liga,2000-03-31,26,CB,73,187,79,Right,4,3,64,69,55,56,71,69,78,80,71,74
844478,Mateu Morey,248820,Mateu Morey,RCD Mallorca,LALIGA EA SPORTS,2000-03-02,26,RB,73,173,67,Right,3,3,75,75,80,84,72,68,51,55,75,60
1124825,Tim Lemperle,256564,Tim Lemperle,TSG Hoffenheim,Bundesliga,2002-02-05,24,ST,73,187,78,Right,3,3,77,74,69,68,70,78,75,81,65,74
1044029,Nicolò Cambiaghi,268703,Nicolò Cambiaghi,Bologna,Serie A Enilive,2000-12-28,25,LM,73,173,74,Right,4,3,75,75,75,79,74,60,61,72,69,63
1319972,Mike Penders,270821,Mike Penders,Strasbourg,Ligue 1 McDonald's,2005-07-31,20,GK,73,200,95,Left,2,1,17,29,31,27,65,26,71,63,30,69
161415,Barry Bannan,183540,Barry Bannan,Sheffield Wed,EFL Championship,1989-12-01,36,CM,73,169,61,Left,3,3,64,51,91,93,73,84,44,45,78,61
155782,Aaron Cresswell,189615,Aaron Cresswell,Stoke City,EFL Championship,1989-12-15,36,CB,73,175,66,Left,3,2,52,48,63,65,75,48,63,74,73,62
443966,Jeremy Toljan,214622,Jeremy Toljan,Levante UD,LALIGA EA SPORTS,1994-08-08,31,RB,73,182,74,Right,5,3,84,81,72,69,68,75,59,67,62,64
825623,Miles Robinson,237255,Miles Robinson,FC Cincinnati,MLS,1997-03-14,29,CB,73,188,84,Right,4,2,83,81,74,39,74,78,80,86,76,79
979540,Tomás Vlcek,248169,Tomáš Vlček,Slavia Praha,Česká Liga,2001-02-28,25,CB,73,181,73,Right,3,2,74,75,76,60,69,64,80,85,75,75
1136099,Kevin Paredes,255272,Kevin Paredes,VfL Wolfsburg,Bundesliga,2003-05-07,23,LW,73,175,61,Left,3,4,85,80,87,91,71,48,34,49,68,45
1041426,Pedrinho,255472,Pedrinho,Shakhtar Donetsk,Ukrayina Liha,1998-04-13,28,RM,73,172,67,Left,3,4,83,81,86,82,70,60,51,68,44,53
1244924,Ismaël Gharbi,263194,Ismaël Gharbi,FC Augsburg,Bundesliga,2004-04-10,22,LM,73,173,66,Right,4,3,81,75,86,82,66,70,50,61,54,56
965349,Mohamed Daramy,246459,Mohamed Daramy,Stade de Reims,Ligue 2 BKT,2002-01-07,24,LM,73,180,71,Right,3,4,85,84,90,80,69,76,70,76,58,69
963983,Mike Tresor,253150,Mike Trésor,Burnley,Premier League,1999-05-28,27,LM,73,172,66,Right,3,4,80,81,82,76,70,63,52,54,58,56
1323403,Antoniu Roca,263133,Antoniu Roca,RCD Espanyol,LALIGA EA SPORTS,2002-09-05,23,RM,73,180,65,Right,3,3,78,81,82,63,70,62,58,70,63,61
1255855,Yassine Kechta,263468,Yassine Kechta,Havre AC,Ligue 1 McDonald's,2002-02-25,24,CM,73,174,68,Left,3,3,59,55,77,78,72,79,53,53,69,63
429697,Jiri Pavlenka,236583,Jiří Pavlenka,PAOK FC,Hellas Liga,1992-04-14,34,GK,73,196,81,Right,3,1,35,36,39,27,74,20,68,62,22,68
955139,Tariq Lamptey,242418,Tariq Lamptey,Fiorentina,Serie A Enilive,2000-09-30,25,RB,73,163,62,Right,2,2,89,80,90,95,71,61,34,59,67,49
1073402,Facundo Pellistri,253283,Facundo Pellistri,Panathinaikos,Hellas Liga,2001-12-20,24,RM,73,175,69,Right,2,3,84,81,84,90,73,74,56,71,67,63
1137364,Justin Njinmah,266183,Justin Njinmah,SV Werder Bremen,Bundesliga,2000-11-15,25,ST,73,184,75,Right,3,3,90,86,78,78,74,74,62,76,35,60
1443464,Kendry Páez,274559,Kendry Páez,Strasbourg,Ligue 1 McDonald's,2007-05-04,19,CAM,73,178,71,Left,3,4,77,81,82,75,69,70,49,58,44,54
556524,Lucas Höler,234875,Lucas Höler,SC Freiburg,Bundesliga,1994-07-10,31,ST,73,184,86,Right,2,2,63,71,65,63,78,80,80,85,72,79
883823,Elisha Owusu,238392,Elisha Owusu,AJ Auxerre,Ligue 1 McDonald's,1997-11-07,28,CDM,73,182,72,Right,3,2,62,50,68,70,71,76,68,63,71,70
1336918,Daniel,238604,Daniel,SJ Earthquakes,MLS,1994-05-06,32,GK,73,188,80,Right,2,1,24,22,40,55,58,20,62,55,28,74
1074642,Salis Abdul Samed,252059,Salis Abdul Samed,OGC Nice,Ligue 1 McDonald's,2000-03-26,26,CDM,73,179,69,Right,2,2,61,56,65,70,70,80,73,73,82,77
1127125,Obed Nkambadio,255266,Obed Nkambadio,Paris FC,Ligue 1 McDonald's,2003-02-07,23,GK,73,190,86,Right,2,1,31,28,39,41,69,20,47,49,20,71
1274470,Killian Corredor,262604,Killian Corredor,SV Darmstadt 98,Bundesliga 2,2000-12-04,25,LM,73,182,72,Right,3,4,83,76,79,61,69,84,73,80,41,70
1321125,Mexx Meerdink,267974,Mexx Meerdink,AZ,Eredivisie,2003-07-24,22,ST,73,183,68,Left,3,4,69,72,73,77,70,78,82,84,74,80
469763,Kenan Karaman,212240,Kenan Karaman,FC Schalke 04,Bundesliga 2,1994-03-05,32,CAM,73,189,84,Right,3,3,75,71,73,68,72,80,72,82,61,72
794244,Armando Obispo,241171,Armando Obispo,PSV,Eredivisie,1999-03-05,27,CB,73,185,79,Left,2,2,69,70,69,64,70,69,80,83,72,76
1248024,Álex Suárez,251337,Álex Suárez,UD Las Palmas,LALIGA HYPERMOTION,1993-03-10,33,CB,73,180,72,Right,3,2,74,82,64,71,66,71,80,85,74,77
1228273,Oussama Targhalline,263603,Oussama Targhalline,Feyenoord,Eredivisie,2002-05-20,24,CM,73,186,70,Right,3,3,50,49,69,59,72,68,60,62,68,64
1107648,James McAtee,264349,James McAtee,Nott'm Forest,Premier League,2002-10-18,23,RW,73,180,72,Left,3,3,72,72,77,72,72,65,62,60,43,59
665164,Sam Lammers,236498,Sam Lammers,FC Twente,Eredivisie,1997-04-30,29,ST,73,188,77,Left,5,4,76,56,75,68,73,76,72,72,51,69
317544,Lawrence Shankland,216218,Lawrence Shankland,Hearts,Scottish Prem,1995-08-10,30,ST,73,185,80,Right,4,2,65,62,73,77,71,82,82,83,72,80
688287,Fedor Chalov,235029,Fedor Chalov,PAOK FC,Hellas Liga,1998-04-10,28,ST,73,181,75,Right,3,3,74,74,74,74,74,74,67,75,36,63
817500,Mostafa Mohamed,254247,Mostafa Mohamed,FC Nantes,Ligue 1 McDonald's,1997-11-28,28,ST,73,185,78,Right,5,3,68,72,68,61,67,71,86,89,64,78
355356,Marc-Oliver Kempf,210719,Marc-Oliver Kempf,Como,Serie A Enilive,1995-01-28,31,CB,73,186,87,Left,4,2,69,74,62,61,70,80,80,83,71,78
1436270,Unai Gómez,277708,Unai Gómez,Athletic Club,LALIGA EA SPORTS,2003-05-25,23,CAM,73,183,74,Left,3,3,68,66,73,67,72,59,68,72,61,65
770340,Arnaud Nordin,236518,Arnaud Nordin,1. FSV Mainz 05,Bundesliga,1998-06-17,28,RM,73,170,70,Left,5,3,78,75,76,82,71,53,64,76,31,55
865010,Nicolas Cozza,239136,Nicolas Cozza,FC Nantes,Ligue 1 McDonald's,1999-01-08,27,LB,73,178,72,Left,2,2,72,67,69,74,73,67,66,74,73,68
953517,Marius Mouandilmadji,244685,Marius Mouandilmadji,Samsunspor,Trendyol Süper Lig,1998-01-22,28,ST,73,190,85,Right,3,3,70,77,74,58,72,79,87,86,68,81
1425206,Maroan Sannadi,76945,Maroan Sannadi,Athletic Club,LALIGA EA SPORTS,2001-02-01,25,ST,73,192,85,Right,3,3,68,70,62,54,68,69,91,88,71,81
192920,Benjamin Stambouli,198200,Benjamin Stambouli,FC Metz,Ligue 1 McDonald's,1990-08-13,35,CDM,73,180,80,Right,4,2,42,50,62,65,70,67,71,65,72,70
980422,Sergio Camello,248805,Sergio Camello,Rayo Vallecano,LALIGA EA SPORTS,2001-02-10,25,ST,73,182,77,Right,4,4,70,70,72,73,75,73,62,75,50,63
922722,Svetozar Markovic,252551,Svetozar Marković,Viktoria Plzeň,Česká Liga,2000-03-23,26,CB,73,186,79,Right,3,2,70,73,65,64,68,75,78,83,74,77
680031,Pedro Chirivella,224019,Pedro Chirivella,Panathinaikos,Hellas Liga,1997-05-23,29,CDM,73,178,66,Right,3,3,53,54,71,65,76,86,60,58,74,69
930035,Linton Maina,242997,Linton Maina,1. FC Köln,Bundesliga,1999-06-23,27,LM,73,173,70,Right,4,3,89,92,85,87,70,81,48,59,51,57
1133081,Sinaly Diomandé,257204,Sinaly Diomandé,AJ Auxerre,Ligue 1 McDonald's,2001-04-09,25,CB,73,184,74,Right,3,2,52,71,57,54,70,68,78,77,78,75
1385894,Soungoutou Magassa,275102,Soungoutou Magassa,West Ham,Premier League,2003-10-08,22,CDM,73,190,75,Right,3,2,51,57,52,53,71,68,77,75,72,74
435669,Rony Lopes,212692,Rony Lopes,CD Tondela,Liga Portugal,1995-12-28,30,RM,73,174,68,Left,3,4,75,70,77,82,67,67,57,57,39,56
536457,Manuel Benson,222724,Manuel Benson,Swansea City,EFL Championship,1997-03-28,29,RM,73,166,70,Left,4,4,85,79,90,84,65,64,34,54,41,44
860056,Moussa Sylla,237708,Moussa Sylla,FC Schalke 04,Bundesliga 2,1999-11-25,26,ST,73,181,75,Right,3,3,86,81,81,71,74,73,67,80,43,64
817724,Danny Namaso,239631,Danny Namaso,AJ Auxerre,Ligue 1 McDonald's,2000-08-28,25,ST,73,182,76,Right,3,3,79,79,80,73,74,72,76,78,42,68
1174708,Youssoufa Moukoko,240833,Youssoufa Moukoko,F.C. København,3F Superliga,2004-11-20,21,ST,73,179,72,Left,4,4,79,70,85,85,73,66,69,78,52,65
558136,Karol Swiderski,224301,Karol Świderski,Panathinaikos,Hellas Liga,1997-01-23,29,ST,73,184,78,Left,3,3,67,65,71,63,71,71,74,80,62,71
772193,Ragnar Ache,235360,Ragnar Ache,1. FC Köln,Bundesliga,1998-07-28,27,ST,73,183,81,Right,3,3,81,81,67,71,68,70,81,86,68,76
1202769,Léo Scienza,269964,Léo Scienza,Southampton,EFL Championship,1998-09-13,27,LM,73,175,69,Right,3,4,82,82,87,84,68,73,48,65,33,52
639241,Angelo,272829,Ângelo,Al Nassr,ROSHN Saudi League,2004-12-21,21,RM,73,180,78,Left,2,5,85,84,92,78,63,64,60,65,25,54
682385,Timo Hübers,234727,Timo Hübers,1. FC Köln,Bundesliga,1996-07-20,29,CB,73,190,82,Right,4,2,74,70,60,57,74,74,78,85,74,77
864154,Goduine Koyalipou,240209,Goduine Koyalipou,Levante UD,LALIGA EA SPORTS,2000-02-15,26,ST,73,184,82,Right,3,3,73,76,64,62,71,60,76,83,56,68
814869,Rafik Guitane,235955,Rafik Guitane,Estoril Praia,Liga Portugal,1999-05-26,27,RW,73,170,64,Left,3,3,80,80,87,88,65,62,51,56,47,53
873855,Emirhan Topçu,256033,Emirhan Topçu,Beşiktaş,Trendyol Süper Lig,2000-10-11,25,CB,73,188,78,Left,2,2,74,73,68,57,71,68,78,81,72,74
1379468,Albion Rrahmani,277565,Albion Rrahmani,Sparta Praha,Česká Liga,2000-08-31,25,ST,73,188,80,Right,4,2,72,74,70,60,68,67,75,83,61,71
931862,Danilo,239881,Danilo,Rangers,Scottish Prem,1999-04-07,27,ST,73,174,68,Right,4,3,79,70,77,80,69,83,70,75,53,70
866688,Luke Woolfenden,240500,Luke Woolfenden,Coventry City,EFL Championship,1998-10-21,27,CB,73,193,80,Right,3,2,67,64,48,59,70,66,85,84,70,77
1323207,Alex Sancris,275986,Álex Sancris,Getafe CF,LALIGA EA SPORTS,1997-01-01,29,RM,73,181,77,Right,5,3,78,79,72,64,70,77,59,61,33,58
161291,Youssef El Arabi,194209,Youssef El Arabi,FC Nantes,Ligue 1 McDonald's,1987-02-03,39,ST,73,182,84,Right,4,3,58,60,70,58,72,49,75,76,51,64
212865,Nicolas Höfler,199897,Nicolas Höfler,SC Freiburg,Bundesliga,1990-03-09,36,CDM,73,181,80,Right,3,2,51,51,67,69,74,74,70,66,69,71
814588,Siyabonga Ngezana,235442,Siyabonga Ngezana,FCSB,SUPERLIGA,1997-07-15,28,CB,73,188,77,Right,2,2,75,75,58,67,70,80,83,87,65,79
1285815,Filipe Relvas,263897,Filipe Relvas,AEK Athens,Hellas Liga,1999-09-20,26,CB,73,192,78,Left,2,2,63,65,48,34,73,77,79,77,66,76
1249665,Nicolas Valentini,267681,Nicolás Valentini,Hellas Verona,Serie A Enilive,2001-04-06,25,CB,73,187,79,Left,3,2,72,72,62,57,72,77,72,85,73,74
1573122,Fer López,75628,Fer López,Wolves,Premier League,2004-05-24,22,RW,73,188,76,Left,2,3,61,70,73,58,74,50,56,59,43,52
1366899,Joaquin,232132,Joaquín,Sporting KC,MLS,1996-05-31,30,CB,73,190,73,Right,3,2,60,66,47,33,73,67,84,82,78,78
1219540,Fisnik Asllani,265577,Fisnik Asllani,TSG Hoffenheim,Bundesliga,2002-08-08,23,ST,73,191,81,Right,4,3,66,65,75,67,73,79,76,80,60,74
526230,Cyriel Dessers,222262,Cyriel Dessers,Panathinaikos,Hellas Liga,1994-12-08,31,ST,73,185,87,Right,5,3,66,76,69,64,73,72,82,75,63,75
1054114,El Bilal Touré,255529,El Bilal Touré,Beşiktaş,Trendyol Süper Lig,2001-10-03,24,ST,73,185,77,Right,3,3,78,77,73,73,70,64,72,85,49,66
1127305,Eiran Cashin,263914,Eíran Cashin,Birmingham City,EFL Championship,2001-11-09,24,CB,73,180,86,Left,3,2,60,57,56,68,67,66,85,82,89,81
492116,Jordan Lefort,234515,Jordan Lefort,Angers SCO,Ligue 1 McDonald's,1993-08-09,32,CB,73,184,81,Left,3,2,62,65,56,56,75,78,76,76,72,76
782502,Malang Sarr,235454,Malang Sarr,RC Lens,Ligue 1 McDonald's,1999-01-23,27,CB,73,183,85,Left,2,2,53,51,63,62,72,55,77,76,70,70
245311,Abdon Prats,202716,Abdón Prats,RCD Mallorca,LALIGA EA SPORTS,1992-12-07,33,ST,73,181,81,Left,3,3,60,69,76,66,67,63,75,74,42,65
611991,Stratos Svarnas,245540,Stratos Svarnas,Raków,PKO BP Ekstraklasa,1997-11-11,28,CB,73,183,76,Right,3,2,71,73,64,60,69,81,86,83,74,82
174031,Pontus Jansson,194201,Pontus Jansson,Malmö FF,Allsvenskan,1991-02-13,35,CB,73,194,86,Right,3,2,45,66,48,34,72,71,89,75,77,81
557396,Adam Buksa,224438,Adam Buksa,Udinese,Serie A Enilive,1996-07-12,29,ST,73,191,84,Left,4,3,63,57,67,44,73,72,82,86,67,77
891373,Mohamed Bayo,241821,Mohamed Bayo,Gaziantep,Trendyol Süper Lig,1998-06-04,28,ST,73,188,76,Right,2,3,68,65,68,55,72,66,77,78,38,67
1050163,Lorenzo Colombo,256899,Lorenzo Colombo,Genoa,Serie A Enilive,2002-03-08,24,ST,73,183,74,Left,3,2,64,71,65,68,69,66,69,76,73,69
789509,Gabriel Osho,231185,Gabriel Osho,Cardiff City,EFL League One,1998-08-14,27,CB,73,185,70,Right,3,2,65,69,60,63,70,70,78,81,71,75
1094778,Raul Garcia,253416,Raúl García,CA Osasuna,LALIGA EA SPORTS,2000-11-03,25,ST,73,192,70,Right,3,3,61,70,58,43,68,61,74,81,60,68
1068482,Evan Ferguson,259608,Evan Ferguson,AS Roma,Serie A Enilive,2004-10-19,21,ST,73,188,78,Right,3,3,67,66,66,66,72,66,75,79,65,71
298933,Robin Pröpper,208462,Robin Pröpper,FC Twente,Eredivisie,1993-09-23,32,CB,73,191,78,Right,4,2,36,55,52,42,67,73,77,72,76,76
884272,Modibo Sagnan,241708,Modibo Sagnan,Çaykur Rizespor,Trendyol Süper Lig,1999-04-14,27,CB,73,187,85,Left,3,2,54,75,51,51,68,67,82,79,76,77
621182,Rob Dickie,223159,Rob Dickie,Bristol City,EFL Championship,1996-03-03,30,CB,73,195,74,Right,2,2,52,53,48,49,69,75,84,79,70,79
1202595,Warmed Omari,256854,Warmed Omari,Hamburger SV,Bundesliga,2000-04-23,26,CB,73,188,76,Right,3,2,56,64,53,53,71,63,77,78,72,73
388903,Haris Tabakovic,212002,Haris Tabaković,M'gladbach,Bundesliga,1994-06-20,32,ST,73,194,90,Right,3,2,50,69,60,55,79,78,87,84,65,80
545905,Dani Calvo,219180,Dani Calvo,R. Oviedo,LALIGA EA SPORTS,1994-04-01,32,CB,73,190,82,Right,3,2,47,54,44,32,69,77,84,78,75,80
740944,Leo Østigard,238516,Leo Østigård,Genoa,Serie A Enilive,1999-11-28,26,CB,73,182,80,Right,3,2,63,58,66,61,71,65,82,85,86,79
497352,Gustavo Velázquez,246696,Gustavo Velázquez,Cerro Porteño,Libertadores,1991-04-17,35,CB,73,179,83,Right,2,2,75,74,64,65,68,72,81,90,75,78
290410,Michael Keane,207599,Michael Keane,Everton,Premier League,1993-01-11,33,CB,73,191,82,Right,3,2,39,40,50,50,70,49,84,78,77,74
303800,Dominique Heintz,206198,Dominique Heintz,1. FC Köln,Bundesliga,1993-08-15,32,CB,73,188,89,Left,3,2,51,55,41,48,71,55,83,71,76,74
1186606,Dion Drena Beljo,271384,Dion Drena Beljo,Dinamo Zagreb,Liga Hrvatska,2002-03-01,24,ST,73,195,84,Left,3,4,55,63,52,40,69,67,84,83,61,75
1244272,Arouna Sangante,262237,Arouna Sangante,Havre AC,Ligue 1 McDonald's,2002-04-12,24,CB,73,189,76,Right,3,2,51,56,53,58,72,70,78,77,74,75
693678,Wout Faes,235036,Wout Faes,Leicester City,EFL Championship,1998-04-03,28,CB,73,187,82,Right,3,2,50,54,54,56,71,71,77,76,76,75
822789,Alberto Dossena,237586,Alberto Dossena,Como,Serie A Enilive,1998-10-13,27,CB,73,195,77,Right,3,2,47,53,56,42,75,73,75,73,74,74
845067,Facundo Garces,241031,Facundo Garcés,D. Alavés,LALIGA EA SPORTS,1999-09-05,26,CB,73,188,82,Right,4,2,50,54,60,48,69,69,81,78,75,77
974268,Daniel Ballard,243908,Daniel Ballard,Sunderland,Premier League,1999-09-22,26,CB,73,187,85,Right,3,2,55,64,50,48,68,68,88,82,79,81
1050822,Andrew Omobamidele,261647,Andrew Omobamidele,Strasbourg,Ligue 1 McDonald's,2002-06-23,24,CB,73,188,74,Right,3,2,65,72,52,52,71,67,81,75,70,75
198277,Nicolas Pallois,199393,Nicolas Pallois,Stade de Reims,Ligue 2 BKT,1987-09-19,38,CB,73,189,89,Left,2,2,33,34,34,33,67,48,86,74,87,76
490489,Robert Glatzel,236533,Robert Glatzel,Hamburger SV,Bundesliga,1994-01-08,32,ST,73,193,85,Right,4,2,63,50,53,41,75,65,85,89,59,75
564842,Cameron Burgess,216744,Cameron Burgess,Swansea City,EFL Championship,1995-10-21,30,CB,73,194,81,Left,3,2,43,52,45,55,68,65,86,77,72,78
819762,Chris Mepham,233201,Chris Mepham,West Brom,EFL Championship,1997-11-05,28,CB,73,190,84,Right,3,2,41,52,51,61,71,62,77,72,73,72
301023,Armando Izzo,216145,Armando Izzo,Monza,Serie BKT,1992-03-02,34,CB,73,183,78,Right,4,2,41,44,60,66,72,69,71,70,84,73
493185,Gregory Wüthrich,220665,Gregory Wüthrich,BSC Young Boys,Brack Super League,1994-12-04,31,CB,73,192,88,Right,3,2,43,46,56,36,69,73,91,75,76,83
568577,Jake Cooper,216481,Jake Cooper,Millwall,EFL Championship,1995-02-03,31,CB,73,199,85,Left,2,2,49,48,43,45,71,73,90,83,77,83
1287489,Bamo Meité,264401,Bamo Meïté,FC Lorient,Ligue 1 McDonald's,2001-12-03,24,CB,73,183,75,Right,3,2,46,55,31,60,69,68,72,72,78,72
846392,Montassar Talbi,245410,Montassar Talbi,FC Lorient,Ligue 1 McDonald's,1998-05-26,28,CB,73,190,81,Right,3,2,54,58,60,69,67,64,81,78,76,76
969711,Justin De Haas,248278,Justin de Haas,FC Famalicão,Liga Portugal,2000-02-01,26,CB,73,194,87,Left,3,2,60,63,48,52,65,63,87,80,78,79
958023,Mike Eerdhuijzen,269246,Mike Eerdhuijzen,FC Utrecht,Eredivisie,2000-07-13,25,CB,73,193,83,Left,4,2,38,63,47,49,68,66,90,77,65,78
246331,Willy Boly,202750,Willy Boly,Nott'm Forest,Premier League,1991-02-03,35,CB,73,195,97,Right,4,2,34,34,33,34,72,34,88,68,74,71
671518,Harry Souttar,229901,Harry Souttar,Leicester City,EFL Championship,1998-10-22,27,CB,73,198,101,Right,3,2,40,51,36,30,66,52,89,77,70,75
490868,Jan Bednarek,220570,Jan Bednarek,FC Porto,Liga Portugal,1996-04-12,30,CB,73,189,77,Right,2,2,48,38,53,59,71,65,81,80,79,77
861962,Toni Borevkovic,244377,Toni Borevković,Samsunspor,Trendyol Süper Lig,1997-06-18,29,CB,73,194,86,Right,3,2,38,51,32,32,68,75,85,74,74,80
716687,Joe Worrall,230708,Joe Worrall,Burnley,Premier League,1997-01-10,29,CB,73,190,90,Right,2,2,46,50,43,46,68,65,83,77,72,76
279489,Jamaal Lascelles,203487,Jamaal Lascelles,Newcastle Utd,Premier League,1993-11-11,32,CB,73,188,83,Right,3,2,38,37,47,45,68,34,84,83,81,71
604349,Julien Laporte,228290,Julien Laporte,Montpellier,Ligue 2 BKT,1993-11-04,32,CB,73,185,82,Right,3,2,43,35,34,51,66,67,83,76,76,77
625164,Olivier Kemen,220175,Olivier Kemen,Başakşehir,Trendyol Süper Lig,1996-07-20,29,CM,72,177,76,Right,3,3,74,80,75,76,75,84,82,82,75,81
837064,Hugo Vetlesen,238235,Hugo Vetlesen,Club Brugge,1A Pro League,2000-02-29,26,CDM,72,174,72,Right,4,3,86,76,92,87,70,89,65,78,67,72
787440,Lucas Robertone,235008,Lucas Robertone,UD Almería,LALIGA HYPERMOTION,1997-03-18,29,CM,72,169,66,Right,4,3,79,72,81,75,69,83,68,86,78,75
940440,Filippo Ranocchia,244874,Filippo Ranocchia,Palermo,Serie BKT,2001-05-14,25,CM,72,186,76,Right,3,3,82,73,74,67,69,81,72,79,71,74
180330,Patrick van Aanholt,186190,Patrick van Aanholt,Sparta Rotterdam,Eredivisie,1990-08-29,35,LB,72,176,67,Left,3,3,82,84,73,76,69,68,73,86,73,72
434498,Alan Browne,216464,Alan Browne,Middlesbrough,EFL Championship,1995-04-15,31,CM,72,179,74,Right,3,3,70,70,74,75,72,89,72,76,80,78
1040889,Junior Dina Ebimbe,248573,Junior Dina Ebimbe,Stade Brestois 29,Ligue 1 McDonald's,2000-11-21,25,RM,72,184,80,Right,3,3,80,79,76,75,75,66,76,79,77,74
783806,Deian Sorescu,246562,Deian Sorescu,Gaziantep,Trendyol Süper Lig,1997-08-29,28,RM,72,176,72,Right,3,3,86,86,82,84,63,90,65,75,72,73
914964,Marios Vrousai,244287,Marios Vrousai,Rio Ave FC,Liga Portugal,1998-07-02,27,RB,72,183,77,Right,2,4,78,75,80,68,68,80,69,74,66,71
1185211,Mamadou Sangaré,258601,Mamadou Sangaré,RC Lens,Ligue 1 McDonald's,2002-06-26,24,CM,72,178,63,Left,4,3,83,82,78,78,73,83,59,71,76,69
421768,Wes Burns,212484,Wes Burns,Ipswich,EFL Championship,1994-11-23,31,RM,72,179,68,Right,3,3,90,89,85,87,65,87,64,80,65,71
784225,Raphael Obermair,238363,Raphael Obermair,SC Paderborn 07,Bundesliga 2,1996-04-01,30,RM,72,182,77,Right,4,3,86,80,74,74,67,91,67,76,63,73
1336529,Oscar Højlund,274952,Oscar Højlund,Frankfurt,Bundesliga,2005-01-04,21,CM,72,184,76,Right,3,3,75,80,79,75,73,66,68,75,76,69
310763,Ulrik Saltnes,221001,Ulrik Saltnes,FK Bodø/Glimt,Eliteserien,1992-11-10,33,CM,72,187,78,Right,3,3,69,70,65,72,72,88,77,82,70,79
813428,Dani de Wit,239361,Dani de Wit,FC Utrecht,Eredivisie,1998-01-28,28,CAM,72,183,76,Right,3,3,66,44,60,68,75,86,80,80,87,83
939430,Robert Ljubicic,243525,Robert Ljubičić,AEK Athens,Hellas Liga,1999-07-14,26,CM,72,180,69,Left,2,3,75,78,75,72,74,83,66,74,76,73
249063,Jaroslav Zeleny,199323,Jaroslav Zelený,Sparta Praha,Česká Liga,1992-08-20,33,CB,72,190,79,Left,3,3,72,75,68,57,74,71,78,88,68,75
259439,Filip Mladenovic,221969,Filip Mladenović,Panathinaikos,Hellas Liga,1991-08-15,34,LB,72,180,64,Left,3,3,82,83,82,71,70,82,58,73,72,68
242711,Dimitri Bisoli,202489,Dimitri Bisoli,Cesena,Serie BKT,1994-03-25,32,CM,72,182,77,Right,4,3,71,73,71,72,70,90,61,71,75,72
1277343,Federico Redondo,269622,Federico Redondo,Elche CF,LALIGA EA SPORTS,2003-01-18,23,CM,72,188,75,Right,3,2,65,78,66,70,71,82,75,73,75,77
127209,Anders Christiansen,199792,Anders Christiansen,Malmö FF,Allsvenskan,1990-06-08,36,CAM,72,175,68,Right,3,4,72,65,85,84,76,77,64,72,82,71
488415,Hassane Kamara,220421,Hassane Kamara,Udinese,Serie A Enilive,1994-03-05,32,LB,72,170,67,Left,3,3,85,80,82,90,70,75,61,71,76,68
643577,Marcelo Saracchi,240976,Marcelo Saracchi,Celtic,Scottish Prem,1998-04-23,28,LB,72,172,68,Left,3,3,80,78,82,84,68,77,62,72,79,70
648393,Tomoki Iwata,246444,Tomoki Iwata,Birmingham City,EFL Championship,1997-04-07,29,CDM,72,178,77,Right,4,3,73,77,73,74,72,77,78,81,72,77
1025630,Adrian Sut,251076,Adrian Șut,FCSB,SUPERLIGA,1999-04-30,27,CDM,72,186,77,Right,2,2,71,71,69,70,72,81,77,78,73,77
1183512,Million Manhoef,258093,Million Manhoef,Stoke City,EFL Championship,2002-01-03,24,RM,72,170,69,Left,3,3,87,84,75,82,69,79,73,76,77,75
300239,Daniele Casiraghi,268756,Daniele Casiraghi,Südtirol,Serie BKT,1993-03-10,33,CM,72,177,73,Right,3,3,76,71,71,73,68,80,71,72,66,72
317156,Alfred Duncan,208535,Alfred Duncan,Venezia,Serie BKT,1993-03-10,33,CM,72,178,78,Left,3,3,68,66,70,71,74,73,72,76,85,75
275034,Silvan Widmer,216158,Silvan Widmer,1. FSV Mainz 05,Bundesliga,1993-03-05,33,RB,72,183,80,Right,3,3,72,74,75,67,75,67,76,84,67,72
721091,Finn Porath,229472,Finn Porath,FC Schalke 04,Bundesliga 2,1997-02-23,29,LM,72,180,75,Right,4,3,79,74,81,78,74,79,63,72,76,70
773062,Gaïus Makouta,235570,Gaius Makouta,Alanyaspor,Trendyol Süper Lig,1997-07-25,28,CDM,72,180,75,Right,3,3,62,67,67,59,67,86,80,77,74,80
864893,Melle Meulensteen,239512,Melle Meulensteen,Go Ahead Eagles,Eredivisie,1999-07-04,26,CDM,72,185,76,Right,3,3,68,69,68,72,69,84,74,83,67,76
931605,Benjamin Nygren,243646,Benjamin Nygren,Celtic,Scottish Prem,2001-07-08,24,CM,72,184,77,Left,3,3,73,70,72,63,69,81,68,76,66,71
554283,Nuno Santos,251438,Nuno Santos,Vitória SC,Liga Portugal,1999-03-02,27,LM,72,179,73,Right,3,3,75,77,76,72,73,72,69,70,56,67
1188890,Nicolai Remberg,276119,Nicolai Remberg,Hamburger SV,Bundesliga,2000-06-19,26,CM,72,187,88,Right,3,2,68,61,66,71,70,89,85,93,78,85
767013,Antoine Bernede,234795,Antoine Bernede,Hellas Verona,Serie A Enilive,1999-05-26,27,CM,72,178,73,Right,4,3,73,68,74,73,70,77,64,70,72,69
909030,Abdou Harroui,241937,Abdou Harroui,Hellas Verona,Serie A Enilive,1998-01-13,28,CM,72,182,76,Right,4,3,72,66,70,69,71,74,66,70,68,69
150573,Oscar Sielva,190199,Óscar Sielva,SD Huesca,LALIGA HYPERMOTION,1991-08-06,34,CM,72,178,78,Right,4,2,57,63,68,74,70,83,79,68,68,77
282437,Mirko Pigliacelli,205530,Mirko Pigliacelli,Catanzaro,Serie BKT,1993-06-30,33,GK,72,184,83,Right,4,1,49,47,35,37,67,35,60,63,23,70
466113,Jari Vandeputte,217338,Jari Vandeputte,Cremonese,Serie A Enilive,1996-02-14,30,CM,72,177,66,Right,4,3,81,79,84,72,70,75,60,66,60,64
729506,Richie Laryea,232081,Richie Laryea,Toronto FC,MLS,1995-01-07,31,RM,72,175,70,Right,4,4,79,83,80,69,66,81,65,70,74,71
824655,Ricardo Mangas,240020,Ricardo Mangas,Sporting CP,Liga Portugal,1998-03-19,28,LM,72,179,66,Left,3,3,77,77,80,71,74,83,69,76,73,74
882400,Jessy Deminguet,241238,Jessy Deminguet,FC Metz,Ligue 1 McDonald's,1998-01-07,28,CM,72,178,74,Left,3,3,68,72,80,78,69,88,68,71,68,73
936164,Michel Ndary Adopo,254982,Michel Ndary Adopo,Cagliari,Serie A Enilive,2000-07-19,25,CM,72,187,85,Right,3,3,66,74,69,60,72,77,79,77,74,77
1127054,Tomás Suslov,255233,Tomáš Suslov,Hellas Verona,Serie A Enilive,2002-06-07,24,CAM,72,173,72,Left,3,3,87,70,82,85,67,73,63,69,80,69
774716,Michele Collocolo,268576,Michele Collocolo,Cremonese,Serie A Enilive,1999-11-08,26,CM,72,188,79,Right,3,2,67,73,77,61,70,87,74,69,81,78
1280756,Lucas Cepeda,71013,Lucas Cepeda,Colo-Colo,Libertadores,2002-10-31,23,LW,72,177,73,Left,2,3,83,81,78,65,64,75,79,81,68,76
258226,Viktor Claesson,207554,Viktor Claesson,F.C. København,3F Superliga,1992-01-02,34,CAM,72,183,77,Right,3,3,70,68,68,78,72,80,72,76,68,73
438572,Simon Gustafson,213613,Simon Gustafson,BK Häcken,Allsvenskan,1995-01-11,31,CM,72,185,80,Left,3,3,55,64,69,64,71,81,79,73,64,76
480253,Luke O'Nien,215700,Luke O'Nien,Sunderland,Premier League,1994-11-21,31,CB,72,179,74,Right,4,2,75,70,77,81,70,92,75,87,85,82
568543,Théo Valls,225629,Théo Valls,Grenoble Foot 38,Ligue 2 BKT,1995-12-18,30,CM,72,178,71,Left,2,3,71,65,66,69,68,75,71,73,61,70
588337,Joël Drommel,228279,Joël Drommel,Sparta Rotterdam,Eredivisie,1996-11-16,29,GK,72,193,90,Right,3,1,50,52,62,49,64,43,70,69,22,71
671686,Aleix Febas,235522,Aleix Febas,Elche CF,LALIGA EA SPORTS,1996-02-02,30,CM,72,172,64,Right,3,3,73,75,90,81,70,83,65,59,70,70
469806,Amor Layouni,242166,Amor Layouni,BK Häcken,Allsvenskan,1992-10-03,33,RW,72,191,81,Left,4,3,91,93,73,60,67,78,80,84,65,77
163604,Karl Darlow,193331,Karl Darlow,Leeds United,Premier League,1990-10-08,35,GK,72,190,88,Right,2,1,60,54,64,64,66,44,60,67,13,72
1255860,Amir Richardson,262236,Amir Richardson,Fiorentina,Serie A Enilive,2002-01-24,24,CM,72,195,79,Left,3,3,63,81,67,53,71,66,71,69,72,70
1280198,Álex Sala,265732,Àlex Sala,Lecce,Serie A Enilive,2001-04-09,25,CDM,72,185,77,Right,3,2,65,65,65,55,73,72,77,74,75,75
160887,Jens Stryger Larsen,193133,Jens Stryger Larsen,Malmö FF,Allsvenskan,1991-02-21,35,RB,72,180,82,Right,3,3,72,74,71,74,72,82,77,78,78,79
600812,Ben Whiteman,225071,Ben Whiteman,Preston,EFL Championship,1996-06-17,30,CDM,72,185,77,Right,3,3,63,63,66,72,69,83,75,71,82,78
775246,Mads Emil Madsen,235636,Mads Emil Madsen,F.C. København,3F Superliga,1998-01-14,28,CM,72,186,84,Left,4,3,67,58,68,75,74,91,77,76,74,80
675327,Pasquale Mazzocchi,239679,Pasquale Mazzocchi,SSC Napoli,Serie A Enilive,1995-07-27,30,RB,72,180,74,Right,3,3,75,76,69,70,64,60,64,71,71,65
919671,Liberato Cacace,242429,Liberato Cacace,Wrexham,EFL Championship,2000-09-27,25,LB,72,183,81,Left,4,3,73,72,68,71,68,79,72,77,70,74
905460,Stefan Tarnovanu,248073,Ștefan Târnovanu,FCSB,SUPERLIGA,2000-05-09,26,GK,72,197,87,Right,2,1,56,57,57,48,66,32,55,63,16,74
1288119,Ismael Kone,264207,Ismaël Koné,Sassuolo,Serie A Enilive,2002-06-16,24,CM,72,188,76,Right,4,3,74,81,69,52,73,75,69,69,62,69
1068643,Connor Barron,253970,Connor Barron,Rangers,Scottish Prem,2002-08-29,23,CDM,72,175,66,Right,4,3,68,72,61,79,71,90,68,65,78,75
1329665,Anton Gaaei,269153,Anton Gaaei,Ajax,Eredivisie,2002-11-19,23,RB,72,183,73,Right,3,2,82,81,74,66,65,90,69,73,67,74
862467,Rúben Vinagre,235172,Rúben Vinagre,Legia Warszawa,PKO BP Ekstraklasa,1999-04-09,27,LB,72,174,66,Left,2,4,82,82,83,81,72,83,55,70,66,65
1003368,Junior Messias,240938,Junior Messias,Genoa,Serie A Enilive,1991-05-13,35,CM,72,179,70,Left,3,3,75,76,76,72,71,61,52,66,55,56
928692,Daam Foulon,242003,Daam Foulon,Royal Antwerp FC,1A Pro League,1999-03-23,27,LM,72,180,70,Left,4,3,74,71,71,73,65,82,70,69,68,73
1093003,Tobias Gulliksen,247025,Tobias Gulliksen,SK Rapid,Ö. Bundesliga,2003-07-09,22,CAM,72,177,70,Right,3,4,79,79,89,83,71,80,64,70,67,69
1104441,Niels Nkounkou,255150,Niels Nkounkou,Torino,Serie A Enilive,2000-11-01,25,LB,72,180,77,Left,2,3,82,84,76,75,67,69,73,78,65,71
914134,Lewis O'Brien,236530,Lewis O'Brien,Wrexham,EFL Championship,1998-10-14,27,CM,72,173,74,Left,2,3,72,61,79,85,75,91,60,66,78,72
798062,Owen Wijndal,236572,Owen Wijndal,Ajax,Eredivisie,1999-11-28,26,LB,72,176,65,Left,2,3,82,75,76,79,69,71,68,68,74,70
724875,Lucas Blondel,238331,Lucas Blondel,Boca Juniors,LPF,1996-09-14,29,RB,72,178,75,Right,2,3,75,82,71,71,68,83,65,67,65,70
1052977,Gonçalo Franco,258596,Gonçalo Franco,Swansea City,EFL Championship,2000-11-17,25,CDM,72,176,70,Right,3,2,67,64,66,74,70,76,71,65,76,73
1244640,Rodrigo Huescas,263711,Rodrigo Huescas,F.C. København,3F Superliga,2003-09-18,22,RB,72,174,69,Right,3,3,82,84,78,76,64,82,49,65,68,62
179873,Loïc Négo,188537,Loïc Négo,Havre AC,Ligue 1 McDonald's,1991-01-15,35,RB,72,181,71,Right,3,3,74,75,66,72,72,68,65,68,67,66
176953,Karim Onisiwo,229071,Karim Onisiwo,RB Salzburg,Ö. Bundesliga,1992-03-17,34,ST,72,188,85,Right,3,3,69,75,64,62,74,78,85,85,85,83
688991,Casper de Norre,231423,Casper De Norre,Millwall,EFL Championship,1997-02-07,29,CDM,72,175,75,Right,4,3,62,66,70,77,73,83,66,65,70,71
937397,Enzo Loiodice,243478,Enzo Loiodice,UD Las Palmas,LALIGA HYPERMOTION,2000-11-27,25,CM,72,177,71,Left,3,3,64,67,70,82,68,80,58,63,74,67
1709762,Alex Sola,247458,Álex Sola,Granada CF,LALIGA HYPERMOTION,1999-06-09,27,RM,72,178,75,Right,4,3,76,74,70,68,66,86,67,75,72,73
1119643,Jan Thielmann,254660,Jan Thielmann,1. FC Köln,Bundesliga,2002-05-26,24,RM,72,178,72,Right,3,3,84,78,76,79,72,82,58,74,71,67
1393542,Christian Ordonez,273884,Christian Ordoñez,Parma,Serie A Enilive,2004-07-24,21,CDM,72,177,65,Right,3,2,82,83,79,75,69,92,77,81,75,81
563058,Perry Ng,223905,Perry Ng,Cardiff City,EFL League One,1996-06-24,30,RB,72,180,77,Right,4,3,71,72,64,65,70,83,70,75,78,75
561219,Emmanuel Boateng,224540,Emmanuel Boateng,Gaziantep,Trendyol Süper Lig,1996-05-23,30,ST,72,175,62,Right,4,4,91,91,90,83,70,78,70,84,78,74
760752,Arijanet Muric,233164,Arijanet Murić,Sassuolo,Serie A Enilive,1998-11-07,27,GK,72,197,95,Right,2,1,44,46,38,40,66,29,71,65,24,71
396949,Miha Zajc,233478,Miha Zajc,Dinamo Zagreb,Liga Hrvatska,1994-07-01,32,CM,72,178,72,Right,3,3,64,60,77,77,67,76,61,67,55,64
740997,Ghislain Konan,235634,Ghislain Konan,Gil Vicente,Liga Portugal,1995-12-27,30,LB,72,176,71,Left,3,3,82,77,73,82,69,81,72,70,69,74
1209987,Warren Bondo,257353,Warren Bondo,Cremonese,Serie A Enilive,2003-09-15,22,CM,72,177,63,Right,2,3,75,73,78,76,69,79,53,61,67,63
1190059,Théo Leoni,259316,Théo Leoni,Stade de Reims,Ligue 2 BKT,2000-04-21,26,CM,72,174,60,Left,3,2,68,70,71,68,69,74,62,55,69,66
1279034,Aaron Zehnter,270013,Aaron Zehnter,VfL Wolfsburg,Bundesliga,2004-10-31,21,LM,72,180,70,Left,4,3,78,71,75,70,69,86,55,68,59,64
1384881,Álex Valle,273875,Álex Valle,Como,Serie A Enilive,2004-04-25,22,LB,72,183,57,Left,3,3,82,81,79,80,68,75,57,74,69,65
1281452,Shea Charles,276695,Shea Charles,Southampton,EFL Championship,2003-11-05,22,CM,72,189,77,Right,3,3,61,63,62,61,70,80,74,71,69,74
1525187,Ousmane Diao,73645,Ousmane Diao,FC Midtjylland,3F Superliga,2004-06-08,22,CB,72,187,79,Right,3,2,74,80,51,70,68,80,83,87,74,81
94550,Moussa Sissoko,183394,Moussa Sissoko,Watford,EFL Championship,1989-08-16,36,CM,72,187,90,Right,3,3,52,51,54,58,72,74,86,75,72,80
343763,Marcel Schuhen,209987,Marcel Schuhen,SV Darmstadt 98,Bundesliga 2,1993-01-13,33,GK,72,188,85,Right,3,1,55,50,47,48,71,40,78,74,26,71
281857,Ludwig Augustinsson,212678,Ludwig Augustinsson,RSC Anderlecht,1A Pro League,1994-04-21,32,LB,72,181,76,Left,2,3,67,63,73,74,67,77,72,73,72,73
262739,Lukas Lerager,217605,Lukas Lerager,F.C. København,3F Superliga,1993-07-12,32,CDM,72,188,82,Right,3,2,60,66,62,74,74,86,78,76,83,81
165952,Marco Silvestri,190745,Marco Silvestri,Cremonese,Serie A Enilive,1991-03-02,35,GK,72,191,87,Right,3,1,58,61,65,34,70,34,60,66,31,73
363318,Sam Byram,208892,Sam Byram,Leeds United,Premier League,1993-09-16,32,LB,72,183,72,Right,4,3,71,72,68,68,70,70,71,77,69,71
467495,Jorrit Hendrix,212755,Jorrit Hendrix,Preußen Münster,Bundesliga 2,1995-02-06,31,CDM,72,182,80,Left,2,2,66,69,69,73,66,74,77,77,75,76
760746,Angus Gunn,216325,Angus Gunn,Nott'm Forest,Premier League,1996-01-22,30,GK,72,196,77,Right,3,1,48,49,40,42,65,31,66,65,28,70
1198007,Anis Mehmeti,250816,Anis Mehmeti,Bristol City,EFL Championship,2001-01-09,25,LM,72,180,63,Right,3,3,78,75,81,78,70,74,63,69,63,66
1074476,Woyo Coulibaly,251335,Woyo Coulibaly,Sassuolo,Serie A Enilive,1999-05-26,27,RB,72,185,84,Right,3,2,72,77,71,52,67,67,77,84,70,73
1014688,Alexander Bernhardsson,255459,Alexander Bernhardsson,Holstein Kiel,Bundesliga 2,1998-09-08,27,ST,72,185,73,Right,3,3,87,76,75,65,70,75,67,79,65,69
1581053,Mathis Amougou,70020,Mathis Amougou,Strasbourg,Ligue 1 McDonald's,2006-01-18,20,CM,72,177,65,Right,3,3,74,69,75,75,70,70,65,71,70,68
861445,Michaël Cuisance,239744,Michaël Cuisance,Hertha BSC,Bundesliga 2,1999-08-16,26,CM,72,181,74,Left,3,4,74,64,83,77,67,86,60,63,57,66
895951,Álex Centelles,241470,Álex Centelles,UD Almería,LALIGA HYPERMOTION,1999-08-30,26,LB,72,185,73,Left,3,3,72,75,65,60,71,91,72,77,72,77
1025603,Tatsuhiro Sakamoto,254910,Tatsuhiro Sakamoto,Coventry City,EFL Championship,1996-10-22,29,RM,72,170,63,Left,4,3,79,74,81,90,67,85,45,60,65,60
1137106,Lucas Gourna-Douath,257271,Lucas Gourna-Douath,RB Salzburg,Ö. Bundesliga,2003-08-05,22,CDM,72,185,81,Right,3,2,78,73,71,66,68,75,74,80,72,74
1089922,Reda Khadra,260558,Reda Khadra,Havre AC,Ligue 1 McDonald's,2001-07-04,24,CAM,72,180,72,Right,3,3,87,84,86,81,70,50,67,76,64,63
1451196,Niccolò Pisilli,275291,Niccolò Pisilli,AS Roma,Serie A Enilive,2004-09-23,21,CM,72,180,75,Right,3,2,70,65,56,67,76,62,55,67,76,62
1561249,Charalampos Kostoulas,73885,Charalampos Kostoulas,Brighton,Premier League,2007-05-07,19,ST,72,185,75,Right,3,3,84,87,72,73,66,74,79,86,71,77
439148,Morten Thorsby,222475,Morten Thorsby,Genoa,Serie A Enilive,1996-05-05,30,CM,72,189,79,Right,3,2,62,50,64,62,74,78,70,82,81,75
464462,Emre Akbaba,230685,Emre Akbaba,Eyüpspor,Trendyol Süper Lig,1992-10-04,33,CAM,72,178,65,Left,2,3,65,66,68,67,69,74,60,67,58,63
716852,Callum Brittain,232185,Callum Brittain,Middlesbrough,EFL Championship,1998-03-12,28,RB,72,179,77,Right,4,3,77,81,79,73,71,81,69,71,70,72
789556,Lewis Travis,234319,Lewis Travis,Derby County,EFL Championship,1997-10-16,28,CDM,72,183,83,Right,3,3,67,63,65,74,70,87,72,73,85,78
629112,Lászlo Bénes,234728,László Bénes,Kayserispor,Trendyol Süper Lig,1997-09-09,28,CM,72,181,72,Left,3,3,67,67,76,76,74,76,64,56,53,64
625797,Grigoris Kastanos,237335,Grigoris Kastanos,Hellas Verona,Serie A Enilive,1998-01-30,28,CAM,72,179,71,Left,4,3,74,74,67,77,66,56,61,66,59,60
1057426,Armin Gigovic,251617,Armin Gigović,BSC Young Boys,Brack Super League,2002-04-06,24,CM,72,187,78,Right,4,3,69,61,78,69,69,80,74,72,65,74
1145717,Warren Kamanzi,257970,Warren Kamanzi,Toulouse FC,Ligue 1 McDonald's,2000-11-11,25,RB,72,177,70,Right,3,3,79,83,78,75,71,75,62,72,68,67
190851,Kenny McLean,201368,Kenny McLean,Norwich,EFL Championship,1992-01-08,34,CDM,72,183,70,Left,4,2,64,53,68,61,73,81,69,70,74,73
417067,George Saville,204412,George Saville,Luton Town,EFL League One,1993-06-01,33,CDM,72,182,73,Left,3,3,62,55,71,71,72,85,66,70,77,73
433675,Bartosz Kapustka,216003,Bartosz Kapustka,Legia Warszawa,PKO BP Ekstraklasa,1996-12-23,29,CM,72,180,72,Right,3,3,74,76,78,74,72,81,60,68,41,62
519134,Gyrano Kerk,225653,Gyrano Kerk,Royal Antwerp FC,1A Pro League,1995-12-02,30,RM,72,183,90,Right,2,3,81,84,74,78,70,71,82,84,63,76
658423,Marvin Mehlem,227978,Marvin Mehlem,Arminia Bielefeld,Bundesliga 2,1997-09-11,28,CM,72,176,67,Right,3,3,75,66,84,86,72,85,54,55,66,64
932308,Liam Millar,240925,Liam Millar,Hull City,EFL Championship,1999-09-27,26,LM,72,181,75,Right,3,4,86,85,84,79,63,72,54,69,55,59
688297,Luka Ivanusec,252931,Luka Ivanušec,PAOK FC,Hellas Liga,1998-11-26,27,LW,72,175,76,Right,3,4,79,39,81,91,74,72,70,72,72,71
1089686,Kaine Kesler-Hayden,261335,Kaine Kesler-Hayden,Coventry City,EFL Championship,2002-10-23,23,RB,72,178,62,Right,4,3,79,77,82,73,70,82,56,67,64,65
1329487,Jacopo Fazzini,266596,Jacopo Fazzini,Fiorentina,Serie A Enilive,2003-03-16,23,CAM,72,178,70,Right,3,3,70,66,73,73,70,73,52,59,68,61
73462,Kristoffer Nordfeldt,192129,Kristoffer Nordfeldt,AIK,Allsvenskan,1989-06-23,37,GK,72,188,87,Right,3,1,51,48,57,45,74,32,73,70,24,71
343766,Anthony Jung,207897,Anthony Jung,SC Freiburg,Bundesliga,1991-11-03,34,CB,72,185,81,Left,3,2,54,69,64,62,69,71,77,73,73,75
423223,Simone Scuffet,220048,Simone Scuffet,Pisa,Serie A Enilive,1996-05-31,30,GK,72,190,87,Right,2,1,50,50,60,45,69,40,65,67,35,71
916710,Alessandro Zanoli,268656,Alessandro Zanoli,Udinese,Serie A Enilive,2000-10-03,25,RB,72,188,76,Right,3,3,76,78,68,55,70,70,68,75,66,68
1235068,Denis Huseinbasic,269922,Denis Huseinbašić,1. FC Köln,Bundesliga,2001-07-03,24,CM,72,184,76,Right,3,2,67,67,68,70,71,77,67,65,74,71
480021,Patrick Ciurria,219812,Patrick Ciurria,Monza,Serie BKT,1995-02-09,31,CAM,72,178,67,Left,4,3,76,78,79,77,75,69,47,62,52,54
564794,Jack Stacey,221282,Jack Stacey,Norwich,EFL Championship,1996-04-06,30,RB,72,180,69,Right,3,3,73,69,69,70,68,82,71,76,65,73
637754,Niklas Schmidt,235022,Niklas Schmidt,Toulouse FC,Ligue 1 McDonald's,1998-03-01,28,CM,72,184,89,Right,5,3,50,59,62,70,70,60,78,62,53,68
1085744,Jakub Markovic,252179,Jakub Markovič,Slavia Praha,Česká Liga,2001-07-13,24,GK,72,187,78,Right,3,1,41,44,28,28,65,21,50,55,21,69
630494,Mats Deijl,262790,Mats Deijl,Go Ahead Eagles,Eredivisie,1997-07-15,28,RB,72,181,71,Right,3,2,67,70,62,71,72,81,74,71,75,76
1113724,Tyler Morton,265459,Tyler Morton,OL,Ligue 1 McDonald's,2002-10-31,23,CDM,72,178,73,Right,3,3,67,61,72,70,72,71,59,65,70,65
1296763,Lewis Miley,274246,Lewis Miley,Newcastle Utd,Premier League,2006-05-01,20,CM,72,189,68,Right,4,3,67,63,71,68,68,71,69,68,50,66
1300385,Amar Memic,76602,Amar Memić,Viktoria Plzeň,Česká Liga,2001-01-20,25,RM,72,176,72,Right,3,3,84,78,82,76,65,64,61,76,53,61
623982,Josan,229667,Josan,Elche CF,LALIGA EA SPORTS,1989-12-03,36,RM,72,175,68,Right,3,4,79,80,76,79,70,61,32,59,58,46
737365,Florian Müller,234833,Florian Müller,SC Freiburg,Bundesliga,1997-11-13,28,GK,72,190,88,Left,4,1,43,43,42,41,70,34,67,63,25,68
801213,Tete Morente,239671,Tete Morente,Lecce,Serie A Enilive,1996-12-04,29,LM,72,184,78,Right,3,3,83,77,82,60,64,72,67,76,57,67
672803,Joel Pereira,258276,Joel Pereira,Lech Poznań,PKO BP Ekstraklasa,1996-09-28,29,RB,72,178,73,Right,3,3,77,72,72,73,69,78,64,69,60,67
239061,Salih Uçan,216814,Salih Uçan,Beşiktaş,Trendyol Süper Lig,1994-01-06,32,CM,72,182,80,Right,4,3,55,51,73,74,68,60,60,64,67,62
746406,Scott Twine,237619,Scott Twine,Bristol City,EFL Championship,1999-07-14,26,RM,72,174,69,Right,4,3,79,75,86,84,69,77,45,60,42,53
956291,Federico Gattoni,241930,Federico Gattoni,River Plate,LPF,1999-02-16,27,CB,72,183,75,Right,4,2,68,73,62,69,69,68,73,79,72,72
1287837,Bruno Onyemaechi,271461,Bruno Onyemaechi,Olympiacos FC,Hellas Liga,1999-04-03,27,LB,72,183,80,Left,1,2,79,81,64,59,65,71,76,79,62,72
1329007,Darío Osorio,278012,Darío Osorio,FC Midtjylland,3F Superliga,2004-01-24,22,RW,72,184,67,Left,3,3,77,83,76,70,67,71,64,69,59,65
310785,Sondre Tronstad,212099,Sondre Tronstad,Blackburn Rovers,EFL Championship,1995-08-26,30,CDM,72,174,70,Right,4,3,62,50,74,80,71,79,69,66,75,73
465909,Josh Windass,219216,Josh Windass,Wrexham,EFL Championship,1994-01-09,32,CAM,72,176,68,Right,4,3,83,86,84,81,70,68,66,77,61,66
554979,Leart Paqarada,223633,Leart Paqarada,Heidenheim,Bundesliga,1994-10-08,31,LB,72,184,76,Left,3,3,74,64,73,67,72,84,66,71,65,71
640492,Rafa Mir,231628,Rafa Mir,Elche CF,LALIGA EA SPORTS,1997-06-18,29,ST,72,191,86,Right,3,3,69,76,62,64,68,63,84,88,67,76
881773,Gonzalo Villar,244393,Gonzalo Villar,Dinamo Zagreb,Liga Hrvatska,1998-03-23,28,CM,72,181,74,Right,3,3,50,59,77,80,74,71,67,57,73,69
978680,Han-Noah Massengo,246594,Han-Noah Massengo,FC Augsburg,Bundesliga,2001-07-07,24,CDM,72,175,70,Right,3,3,65,70,86,86,69,73,72,72,69,72
1107298,Marvin Keller,256726,Marvin Keller,BSC Young Boys,Brack Super League,2002-07-03,23,GK,72,189,87,Right,3,1,38,39,28,36,61,26,61,60,22,73
1078113,Walid Cheddira,268511,Walid Cheddira,Sassuolo,Serie A Enilive,1998-01-22,28,ST,72,187,80,Right,4,3,78,80,68,49,72,70,83,85,59,75
1503655,Gabriel Moscardo,279731,Gabriel Moscardo,SC Braga,Liga Portugal,2005-09-28,20,CDM,72,185,73,Right,3,3,62,68,78,63,64,70,80,83,77,77
605252,Jonjoe Kenny,224263,Jonjoe Kenny,PAOK FC,Hellas Liga,1997-03-15,29,RB,72,176,70,Right,2,3,72,66,68,74,67,86,64,70,70,71
731855,Mark Travers,232284,Mark Travers,Everton,Premier League,1999-05-18,27,GK,72,191,82,Right,2,1,41,38,39,47,68,30,60,61,23,72
782695,Luca Zanimacchia,235935,Luca Zanimacchia,Modena,Serie BKT,1998-07-19,27,RM,72,178,70,Right,2,3,66,78,60,62,68,78,51,54,50,58
658222,Victor Edvardsen,259921,Victor Edvardsen,Go Ahead Eagles,Eredivisie,1996-01-14,30,ST,72,185,73,Right,2,2,80,89,69,73,68,84,74,72,79,77
1118483,Tom Fellows,264371,Tom Fellows,Southampton,EFL Championship,2003-06-25,23,RM,72,183,73,Right,4,3,84,82,77,77,69,70,63,74,52,63
1338361,Besfort Zeneli,270919,Besfort Zeneli,IF Elfsborg,Allsvenskan,2002-11-21,23,CM,72,178,71,Right,3,3,74,69,77,73,73,73,65,68,63,67
1189791,Dmytro Kryskiv,274732,Dmytro Kryskiv,Shakhtar Donetsk,Ukrayina Liha,2000-10-06,25,CM,72,180,72,Right,3,2,68,67,71,75,72,69,58,61,67,63
1132355,Álvaro Núñez,276745,Álvaro Núñez,Elche CF,LALIGA EA SPORTS,2000-07-07,25,RB,72,177,74,Right,3,3,76,75,78,69,68,83,71,69,68,73
1353289,Ivan Smolcic,77163,Ivan Smolčić,Como,Serie A Enilive,2000-08-17,25,RB,72,181,78,Right,5,2,63,63,60,70,72,72,79,77,78,77
791677,Tomas Ladra,79948,Tomáš Ladra,Viktoria Plzeň,Česká Liga,1997-04-24,29,CAM,72,178,82,Right,3,3,76,72,74,75,66,71,61,68,60,64
293160,Elseid Hysaj,210864,Elseid Hysaj,Latium,Serie A Enilive,1994-02-02,32,LB,72,182,75,Right,3,3,69,72,69,68,72,62,62,70,79,66
304355,Odysseas Vlachodimos,211990,Odysseas Vlachodimos,Sevilla FC,LALIGA EA SPORTS,1994-04-26,32,GK,72,190,81,Right,3,1,41,43,61,37,70,37,67,70,32,72
675280,Henry Onyekuru,234045,Henry Onyekuru,Gençlerbirliği,Trendyol Süper Lig,1997-06-05,29,LM,72,176,70,Right,4,4,90,90,88,84,66,75,58,74,55,62
928696,Tomas Cvancara,246919,Tomáš Čvančara,Antalyaspor,Trendyol Süper Lig,2000-08-13,25,ST,72,190,86,Right,3,2,75,86,68,58,75,69,83,80,78,78
1155130,Luca Netz,256781,Luca Netz,M'gladbach,Bundesliga,2003-05-15,23,LB,72,184,83,Left,3,2,76,70,74,72,65,68,65,74,65,66
874318,João Mendes,266461,João Mendes,Vitória SC,Liga Portugal,2000-04-13,26,LB,72,179,71,Left,3,2,78,77,74,69,69,81,70,78,60,71
1432212,Mateo Chávez,78784,Mateo Chávez,AZ,Eredivisie,2004-05-12,22,LB,72,177,72,Left,3,3,81,83,79,72,67,80,58,67,77,68
358937,Dimitrios Pelkas,208053,Dimitrios Pelkas,PAOK FC,Hellas Liga,1993-10-26,32,CAM,72,177,73,Right,3,3,75,73,81,86,65,69,57,64,67,62
767790,Felix Götze,236467,Felix Götze,SC Paderborn 07,Bundesliga 2,1998-02-11,28,CB,72,185,80,Right,2,3,65,70,69,63,74,74,72,74,72,73
1118480,Dennis Cirkin,256831,Dennis Cirkin,Sunderland,Premier League,2002-04-06,24,LB,72,182,72,Left,3,3,77,78,68,65,70,75,57,72,63,63
1146500,Matteo Cancellieri,263929,Matteo Cancellieri,Latium,Serie A Enilive,2002-08-12,23,LM,72,180,79,Left,3,4,76,81,81,75,68,54,64,71,59,61
1106943,Zine,278660,Zine,AEK Athens,Hellas Liga,2002-07-03,23,ST,72,181,72,Right,3,3,93,93,80,80,80,70,66,83,68,68
1417581,Kees Smit,71532,Kees Smit,AZ,Eredivisie,2006-01-20,20,CAM,72,180,66,Right,4,4,69,54,77,73,68,75,64,64,56,65
1513910,Kosta Nedeljkovic,74207,Kosta Nedeljković,RB Leipzig,Bundesliga,2005-12-16,20,RB,72,184,72,Right,2,2,82,80,64,72,67,70,64,76,69,67
96618,Raul Fernández,186680,Raúl Fernández,D. Alavés,LALIGA EA SPORTS,1988-03-13,38,GK,72,195,92,Right,2,1,35,42,40,48,60,32,75,65,21,74
305219,Massimo Luongo,205347,Massimo Luongo,Millwall,EFL Championship,1992-09-25,33,CDM,72,176,76,Right,3,2,53,51,65,70,72,65,74,68,74,71
560584,Jordan Larsson,224389,Jordan Larsson,F.C. København,3F Superliga,1997-06-20,29,RM,72,175,68,Left,3,3,83,79,82,82,70,73,64,77,78,70
1186685,Devis Vásquez,233189,Devis Vásquez,AS Roma,Serie A Enilive,1998-05-12,28,GK,72,195,93,Right,3,1,36,40,38,47,70,19,68,62,22,70
728123,Hamza Choudhury,228332,Hamza Choudhury,Leicester City,EFL Championship,1997-10-01,28,RB,72,178,64,Right,3,2,65,64,74,71,65,69,70,71,88,73
770994,Bartosz Mrozek,235304,Bartosz Mrozek,Lech Poznań,PKO BP Ekstraklasa,2000-02-23,26,GK,72,191,82,Right,3,1,39,37,24,25,63,36,61,60,23,73
943059,Cezary Miszta,247866,Cezary Miszta,Rio Ave FC,Liga Portugal,2001-10-30,24,GK,72,192,80,Right,2,1,29,42,34,29,63,27,52,52,23,71
1097497,Darlin Yongwa,253490,Darlin Yongwa,FC Lorient,Ligue 1 McDonald's,2000-09-22,25,LB,72,174,65,Left,3,3,81,88,86,84,66,78,70,70,66,71
1169595,Ilyas Chaira,262300,Ilyas Chaira,R. Oviedo,LALIGA EA SPORTS,2001-02-02,25,LM,72,186,75,Right,3,4,80,78,85,56,69,73,65,75,43,63
1118192,Welington,265993,Welington,Southampton,EFL Championship,2001-02-19,25,LB,72,175,73,Left,2,2,76,75,77,65,70,68,59,70,66,63
210423,Florent Hanin,194846,Florent Hanin,Angers SCO,Ligue 1 McDonald's,1990-02-04,36,LB,72,177,73,Left,3,2,72,73,72,75,70,78,71,76,68,72
212982,Steven Skrzybski,200473,Steven Skrzybski,Holstein Kiel,Bundesliga 2,1992-11-18,33,ST,72,175,71,Right,3,3,75,77,77,79,74,83,57,67,65,66
643709,Kelechi Iheanacho,225719,Kelechi Iheanacho,Celtic,Scottish Prem,1996-10-03,29,ST,72,185,82,Left,3,4,71,70,71,67,71,66,74,77,68,71
800587,Dimitri Lavalée,236712,Dimitri Lavalée,SK Sturm Graz,Ö. Bundesliga,1997-01-13,29,LB,72,187,76,Left,2,2,58,73,63,62,68,74,76,78,76,76
881500,Lyle Foster,241173,Lyle Foster,Burnley,Premier League,2000-09-03,25,ST,72,185,70,Right,3,3,79,82,65,66,68,71,76,83,66,73
970550,José Gragera,250997,José Gragera,RC Deportivo,LALIGA HYPERMOTION,2000-05-14,26,CDM,72,186,78,Right,3,2,57,65,66,47,74,72,78,78,68,75
1421821,Elias Baum,278228,Elias Baum,Frankfurt,Bundesliga,2005-10-26,20,RB,72,180,73,Right,3,2,76,75,71,71,68,91,65,72,63,71
566681,Birger Meling,219466,Birger Meling,F.C. København,3F Superliga,1994-12-17,31,LB,72,173,67,Left,3,2,75,72,81,82,75,78,56,64,68,64
479217,David Costas,219848,David Costas,R. Oviedo,LALIGA EA SPORTS,1995-03-26,31,CB,72,184,71,Right,4,2,67,71,65,61,69,68,79,82,70,75
956621,Max Aarons,240060,Max Aarons,Rangers,Scottish Prem,2000-01-04,26,RB,72,171,69,Right,3,3,79,74,79,79,68,79,69,71,67,71
903133,Ersin Destanoglu,245370,Ersin Destanoğlu,Beşiktaş,Trendyol Süper Lig,2001-01-01,25,GK,72,195,88,Right,2,1,40,36,23,25,66,24,68,62,18,72
951040,Vladyslav Dubinchak,266755,Vladyslav Dubinchak,Dynamo Kyiv,Ukrayina Liha,1998-07-01,28,LB,72,173,62,Left,3,3,79,75,75,82,67,71,48,61,72,59
1374500,Franculino,277211,Franculino,FC Midtjylland,3F Superliga,2004-06-28,22,ST,72,186,70,Left,3,2,75,80,77,73,68,69,75,80,54,70
185566,James Forrest,200630,James Forrest,Celtic,Scottish Prem,1991-07-07,34,RW,72,175,77,Right,4,4,75,78,79,86,75,53,52,58,56,53
444000,Steven Moreira,212401,Steven Moreira,Columbus Crew,MLS,1994-08-13,31,CB,72,179,75,Right,2,2,74,73,76,69,72,81,71,78,74,74
784448,Thibault De Smet,237331,Thibault De Smet,Paris FC,Ligue 1 McDonald's,1998-06-05,28,LB,72,183,65,Left,3,2,63,68,61,69,71,80,68,71,73,72
862918,Nico Mantl,239816,Nico Mantl,Arouca,Liga Portugal,2000-02-06,26,GK,72,193,88,Right,3,1,36,29,34,42,60,33,69,62,18,70
770267,Ben Johnson,241842,Ben Johnson,Ipswich,EFL Championship,2000-01-24,26,RB,72,180,69,Right,4,2,68,70,66,69,66,70,70,72,67,70
887137,Ibrahim Sadiq,244513,Ibrahim Sadiq,AZ,Eredivisie,2000-05-07,26,RM,72,168,68,Right,3,3,91,81,91,90,70,77,67,69,63,69
1096389,Thierno Ballo,248356,Thierno Ballo,Millwall,EFL Championship,2002-01-02,24,LW,72,166,60,Right,3,4,89,86,87,83,62,78,31,51,59,49
1076975,Killian Sardella,252488,Killian Sardella,RSC Anderlecht,1A Pro League,2002-05-02,24,RB,72,174,64,Right,4,2,75,72,81,81,69,74,71,77,71,72
1198071,Manu Silva,274105,Manu Silva,SL Benfica,Liga Portugal,2001-06-12,25,CDM,72,189,83,Right,3,2,62,57,53,54,71,82,84,79,72,81
1425998,Leo Sauer,277482,Leo Sauer,Feyenoord,Eredivisie,2005-12-16,20,LW,72,184,74,Right,3,4,86,90,83,77,66,73,61,64,38,60
517663,Colby Bishop,221692,Colby Bishop,Portsmouth,EFL Championship,1996-11-04,29,ST,72,183,72,Right,3,3,64,67,66,74,72,88,85,83,72,83
1073471,Anouar Ait El Hadj,252108,Anouar Ait El Hadj,R. Union St.-G.,1A Pro League,2002-04-20,24,CAM,72,167,70,Right,3,4,78,64,83,90,63,69,61,58,53,61
1256180,Luciano Valente,262221,Luciano Valente,Feyenoord,Eredivisie,2003-10-04,22,CAM,72,189,78,Right,3,3,63,73,76,66,72,78,61,68,73,68
1387194,Kassoum Ouattara,273933,Kassoum Ouattara,AS Monaco,Ligue 1 McDonald's,2004-10-14,21,LB,72,176,73,Left,2,3,76,78,68,74,68,75,65,72,65,68
492586,Demarai Gray,220633,Demarai Gray,Birmingham City,EFL Championship,1996-06-28,30,LM,72,183,75,Right,4,4,82,81,76,70,62,65,62,61,40,58
639580,Marcus Mathisen,228757,Marcus Mathisen,1. FC Magdeburg,Bundesliga 2,1996-02-27,30,CB,72,185,79,Right,4,2,55,61,65,65,68,80,84,77,80,82
618774,Christian Fassnacht,234913,Christian Fassnacht,BSC Young Boys,Brack Super League,1993-11-11,32,RM,72,185,77,Right,3,3,76,76,74,68,67,71,76,86,43,69
861736,Afimico Pululu,239267,Afimico Pululu,Jagiellonia,PKO BP Ekstraklasa,1999-03-23,27,ST,72,175,80,Left,3,3,84,86,82,86,69,75,79,84,62,75
763214,Jonathan Levi,239669,Jonathan Levi,Ferencvárosi TC,Magyar Liga,1996-01-23,30,RW,72,185,75,Left,3,3,78,80,74,61,70,76,70,73,30,64
807728,Tyrese Campbell,240783,Tyrese Campbell,Sheffield Utd,EFL Championship,1999-12-28,26,ST,72,183,82,Left,4,3,82,81,76,70,69,73,74,82,60,71
994403,Cyril Ngonge,246457,Cyril Ngonge,Torino,Serie A Enilive,2000-05-26,26,RM,72,179,67,Left,3,4,87,77,79,73,66,54,58,77,60,58
1383070,Daniel Elfadli,269962,Daniel Elfadli,Hamburger SV,Bundesliga,1997-04-06,29,CB,72,188,78,Right,2,2,67,64,58,63,68,84,76,76,74,78
1293688,Karim Konate,274445,Karim Konaté,RB Salzburg,Ö. Bundesliga,2004-03-21,22,ST,72,178,68,Right,4,3,83,85,74,72,65,72,64,86,49,64
436075,Mikael Uhre,213815,Mikael Uhre,Philadelphia,MLS,1994-09-30,31,ST,72,188,86,Right,4,2,85,83,75,47,77,77,81,87,64,77
637746,Odsonne Édouard,233866,Odsonne Edouard,RC Lens,Ligue 1 McDonald's,1998-01-16,28,ST,72,187,83,Right,4,4,65,67,63,67,67,61,73,78,55,67
798608,Omar Richards,235026,Omar Richards,Rio Ave FC,Liga Portugal,1998-02-15,28,LB,72,174,69,Left,2,3,79,72,76,77,69,66,49,64,77,60
805463,Maarten Paes,236571,Maarten Paes,FC Dallas,MLS,1998-05-14,28,GK,72,192,82,Right,3,1,31,32,35,32,68,34,60,57,19,72
1011026,Jim Allevinah,251191,Jim Allevinah,Angers SCO,Ligue 1 McDonald's,1995-02-27,31,RM,72,172,70,Right,4,3,84,81,75,79,65,67,42,53,48,50
1192166,Rodrigo Gomes,259170,Rodrigo Gomes,Wolves,Premier League,2003-07-07,22,RW,72,175,67,Right,3,3,79,79,82,76,74,63,42,57,52,50
1281108,Jordy Makengo,262668,Jordy Makengo,SC Freiburg,Bundesliga,2001-08-03,24,LB,72,190,79,Left,3,2,80,84,61,62,70,67,76,82,66,72
502420,Harrison Reed,205990,Harrison Reed,Fulham,Premier League,1995-01-27,31,CDM,72,176,74,Right,3,2,55,52,62,70,73,43,66,61,82,63
950832,Tobias Lawal,244810,Tobias Lawal,KRC Genk,1A Pro League,2000-06-07,26,GK,72,195,84,Right,3,1,33,26,32,28,67,22,65,62,24,70
539546,Ivo Grbic,258390,Ivo Grbić,Karagümrük SK,Trendyol Süper Lig,1996-01-18,30,GK,72,195,93,Right,3,1,34,28,30,24,69,27,73,63,27,69
1186978,Lukás Hornícek,258936,Lukas Hornicek,SC Braga,Liga Portugal,2002-07-13,23,GK,72,194,90,Right,2,1,28,28,38,28,60,21,61,56,21,75
1282000,Soumaïla Coulibaly,261495,Soumaila Coulibaly,Strasbourg,Ligue 1 McDonald's,2003-10-14,22,CB,72,191,73,Left,3,2,82,87,79,54,65,69,81,90,76,77
1362622,Junior Mwanga,269184,Junior Mwanga,FC Nantes,Ligue 1 McDonald's,2003-05-11,23,CDM,72,184,80,Right,3,2,64,63,61,63,70,76,71,74,67,72
1489449,Joaquin Seys,71305,Joaquin Seys,Club Brugge,1A Pro League,2005-03-28,21,RB,72,178,63,Left,4,2,82,81,79,75,62,73,66,71,57,66
863708,Ignatius Ganago,241130,Ignatius Ganago,New England,MLS,1999-02-16,27,ST,72,176,78,Right,3,3,79,80,77,79,67,56,75,81,49,65
683761,Javi Sánchez,245238,Javi Sánchez,R. Valladolid CF,LALIGA HYPERMOTION,1997-03-14,29,CB,72,189,84,Right,4,2,62,67,44,53,71,65,83,78,71,76
988793,Yari Verschaeren,246419,Yari Verschaeren,RSC Anderlecht,1A Pro League,2001-07-12,24,CM,72,172,63,Right,3,4,71,66,89,85,66,70,44,47,43,50
887703,Wilson Isidor,247335,Wilson Isidor,Sunderland,Premier League,2000-08-27,25,ST,72,186,74,Right,3,3,77,84,70,64,70,68,73,80,72,72
890266,Valentin Mihaila,248060,Valentin Mihăilă,Çaykur Rizespor,Trendyol Süper Lig,2000-02-02,26,LM,72,173,68,Right,3,3,93,92,85,80,63,77,49,60,45,56
1076939,Giannis Michailidis,253136,Giannis Michailidis,PAOK FC,Hellas Liga,2000-02-18,26,CB,72,188,85,Left,3,2,60,64,63,59,68,68,75,77,75,73
502543,Dawid Kownacki,221168,Dawid Kownacki,Hertha BSC,Bundesliga 2,1997-03-14,29,ST,72,185,75,Right,3,3,76,71,75,68,68,69,68,81,63,68
664810,Benjamin Källman,245582,Benjamin Källman,Hannover 96,Bundesliga 2,1998-06-17,28,ST,72,182,91,Right,3,2,82,80,79,73,67,90,84,88,62,81
1327298,Saël Kumbedi,268312,Saël Kumbedi,VfL Wolfsburg,Bundesliga,2005-03-26,21,RB,72,175,63,Right,3,2,79,81,81,82,69,70,50,63,71,60
614912,Marwane Saadane,235890,Marwane Saadane,Al Fateh,ROSHN Saudi League,1992-01-17,34,CB,72,188,83,Right,3,2,55,54,63,52,65,86,84,80,85,85
470810,Xeka,236639,Xeka,Estoril Praia,Liga Portugal,1994-11-10,31,CM,72,186,80,Right,4,3,41,37,59,54,68,75,72,65,81,74
1077917,Arnau Puigmal,242369,Arnau Puigmal,UD Almería,LALIGA HYPERMOTION,2001-01-10,25,RM,72,174,69,Right,4,3,73,63,82,82,70,71,36,49,59,50
750033,George Hirst,233602,George Hirst,Ipswich,EFL Championship,1999-02-15,27,ST,72,191,81,Right,3,3,71,74,57,59,68,67,80,85,67,74
154441,Efecan Karaca,234870,Efecan Karaca,Alanyaspor,Trendyol Süper Lig,1989-11-16,36,CAM,72,170,56,Right,4,3,83,76,85,93,72,80,35,53,40,48
644459,Patson Daka,241202,Patson Daka,Leicester City,EFL Championship,1998-10-09,27,ST,72,183,71,Right,3,3,85,87,79,71,71,65,68,79,63,67
493647,Adama Traoré,245694,Adama Traoré,Gençlerbirliği,Trendyol Süper Lig,1995-06-05,31,RM,72,178,74,Left,2,3,84,87,77,74,74,69,64,77,41,61
1082930,Iker Losada,252865,Iker Losada,Levante UD,LALIGA EA SPORTS,2001-08-01,24,CAM,72,175,70,Right,3,3,72,72,77,83,72,55,58,70,50,56
1098780,Teden Mengi,253465,Teden Mengi,Luton Town,EFL League One,2002-04-30,24,CB,72,183,78,Right,3,2,71,83,69,53,71,65,79,84,69,74
1117908,Alexander Lind,256778,Alexander Lind,FC Nordsjælland,3F Superliga,2002-06-26,24,ST,72,185,78,Right,3,2,73,80,65,69,69,77,76,79,70,75
1381853,Tim Oermann,270033,Tim Oermann,SK Sturm Graz,Ö. Bundesliga,2003-10-06,22,CB,72,187,76,Right,2,2,71,92,64,58,66,75,79,84,66,76
1259576,Pedro Henrique,277193,Pedro Henrique,Shakhtar Donetsk,Ukrayina Liha,2002-07-11,23,LB,72,177,70,Left,3,2,83,81,78,74,65,76,58,74,66,65
921197,Lennard Maloney,240669,Lennard Maloney,1. FSV Mainz 05,Bundesliga,1999-10-08,26,CDM,72,187,88,Right,2,2,55,67,56,62,69,82,84,77,87,84
933639,Yanis Begraoui,243169,Yanis Begraoui,Estoril Praia,Liga Portugal,2001-07-04,24,ST,72,178,70,Right,5,3,75,75,71,80,71,79,70,75,34,65
1256650,Gustavo Garcia,73453,Gustavo Garcia,FC Famalicão,Liga Portugal,2002-01-04,24,RB,72,175,67,Right,2,2,77,80,81,77,70,82,48,61,64,60
724368,Keinan Davis,231743,Keinan Davis,Udinese,Serie A Enilive,1998-02-13,28,ST,72,189,68,Right,2,3,61,66,65,65,67,60,81,82,80,76
705484,Eray Cömert,233885,Eray Cömert,Valencia CF,LALIGA EA SPORTS,1998-02-04,28,CB,72,183,80,Right,4,2,61,70,68,67,71,75,77,80,75,76
1032824,Florian Kastenmeier,251292,Florian Kastenmeier,Düsseldorf,Bundesliga 2,1997-06-28,29,GK,72,192,85,Right,3,1,26,25,21,28,71,25,68,59,16,69
566644,Chiquinho,262416,Chiquinho,FC Alverca,Liga Portugal,2000-02-05,26,LM,72,179,73,Right,3,3,80,84,77,74,64,58,64,70,35,57
1083322,Tim Oberdorf,263649,Tim Oberdorf,Düsseldorf,Bundesliga 2,1996-08-16,29,CB,72,186,82,Right,3,2,65,62,65,65,75,75,77,76,67,74
846970,Bojan Miovski,269953,Bojan Miovski,Rangers,Scottish Prem,1999-06-24,27,ST,72,189,76,Left,4,3,70,76,67,74,74,79,70,78,67,72
1413996,Luka Vuskovic,275192,Luka Vušković,Hamburger SV,Bundesliga,2007-02-24,19,CB,72,193,86,Right,3,2,53,62,34,43,64,67,85,86,69,77
581131,Ibrahim Cissé,225532,Ibrahim Cissé,Ferencvárosi TC,Magyar Liga,1996-05-02,30,CB,72,185,70,Right,2,2,66,72,72,74,67,75,75,82,72,75
759563,Marc Bola,225775,Marc Bola,Watford,EFL Championship,1997-12-09,28,LB,72,185,78,Left,3,2,74,75,66,67,69,80,75,77,58,73
824747,Jari De Busser,244218,Jari De Busser,Go Ahead Eagles,Eredivisie,1999-10-21,26,GK,72,190,78,Right,4,1,23,25,22,26,68,28,42,44,15,71
1079056,Zaidu Sanusi,251528,Zaidu Sanusi,FC Porto,Liga Portugal,1997-06-13,29,LB,72,182,71,Left,2,2,82,88,74,69,68,62,68,84,68,67
1015128,Elias Achouri,263672,Elias Achouri,F.C. København,3F Superliga,1999-02-10,27,LM,72,177,70,Right,4,4,86,85,76,75,68,66,58,67,48,58
1675966,Gaoussou Diarra,79338,Gaoussou Diarra,Feyenoord,Eredivisie,2002-11-21,23,LW,72,183,74,Right,3,3,81,84,78,73,64,62,59,66,45,57
883824,Willem Geubbels,241266,Willem Geubbels,Paris FC,Ligue 1 McDonald's,2001-08-16,24,ST,72,185,81,Right,3,3,77,81,72,66,68,73,70,76,50,67
873529,Jasper Schendelaar,244676,Jasper Schendelaar,PEC Zwolle,Eredivisie,2000-09-02,25,GK,72,187,87,Right,3,1,21,32,26,45,68,17,50,57,28,69
950967,Cheikh Sabaly,244694,Cheikh Sabaly,FC Metz,Ligue 1 McDonald's,1999-03-04,27,ST,72,168,56,Right,3,3,84,88,90,91,69,66,49,67,37,52
875305,Denis Dragus,245770,Denis Drăguș,Eyüpspor,Trendyol Süper Lig,1999-07-06,26,ST,72,185,80,Right,4,4,78,81,80,73,62,71,71,84,67,71
971787,Haissem Hassan,245870,Haissem Hassan,R. Oviedo,LALIGA EA SPORTS,2002-02-08,24,RM,72,178,71,Left,3,3,92,90,92,87,66,68,59,65,36,57
1284430,Fran Pérez,271373,Fran Pérez,Rayo Vallecano,LALIGA EA SPORTS,2002-09-09,23,RM,72,176,67,Right,4,4,71,72,76,67,70,66,55,52,40,55
1215410,Ibrahim Osman,274516,Ibrahim Osman,AJ Auxerre,Ligue 1 McDonald's,2004-11-29,21,LM,72,178,63,Right,2,3,92,89,85,76,66,65,53,69,56,57
1402900,Samuel Mbangula,74566,Samuel Mbangula,SV Werder Bremen,Bundesliga,2004-01-16,22,LM,72,179,65,Right,3,3,75,80,70,75,68,73,46,61,55,55
178776,Cenk Tosun,192991,Cenk Tosun,Fenerbahçe,Trendyol Süper Lig,1991-06-07,35,ST,72,183,78,Right,4,3,62,55,66,66,68,56,72,81,74,69
469202,Kieffer Moore,216627,Kieffer Moore,Wrexham,EFL Championship,1992-08-08,33,ST,72,196,89,Right,3,3,50,70,51,43,71,61,90,88,73,79
556952,Krystian Bielik,224763,Krystian Bielik,West Brom,EFL Championship,1998-01-04,28,CB,72,192,78,Right,3,2,52,55,56,52,69,72,81,78,82,79
789593,Todd Cantwell,225748,Todd Cantwell,Blackburn Rovers,EFL Championship,1998-02-27,28,CAM,72,177,70,Right,3,4,72,68,78,74,70,66,46,51,48,52
1079892,Rayan Philippe,251961,Rayan Philippe,Hamburger SV,Bundesliga,2000-10-23,25,ST,72,182,78,Left,2,3,88,92,74,74,72,84,67,79,39,66
822589,Pontus Almqvist,236706,Pontus Almqvist,Parma,Serie A Enilive,1999-07-10,26,RM,72,183,67,Left,4,4,85,84,80,73,68,54,45,68,48,49
1086647,Cameron Archer,258930,Cameron Archer,Southampton,EFL Championship,2001-12-09,24,ST,72,176,72,Right,4,3,84,81,76,83,71,63,67,80,59,65
1327149,Paul Wanner,266237,Paul Wanner,PSV,Eredivisie,2005-12-23,20,CAM,72,185,75,Left,2,4,77,73,76,76,70,73,38,55,50,50
1285773,Elias Saad,274000,Elias Saad,FC Augsburg,Bundesliga,1999-12-27,26,LW,72,185,72,Right,3,5,82,67,86,83,68,69,59,62,45,59
109621,Steven Nzonzi,187936,Steven Nzonzi,Stoke City,EFL Championship,1988-12-15,37,CDM,72,196,89,Right,3,2,34,40,42,31,68,53,86,75,80,76
247761,Conor Coady,202048,Conor Coady,Wrexham,EFL Championship,1993-02-25,33,CB,72,186,80,Right,3,2,41,44,48,53,75,53,72,70,64,66
409818,Jonas Meffert,212321,Jonas Meffert,Hamburger SV,Bundesliga,1994-09-04,31,CDM,72,186,76,Right,4,2,53,49,63,65,65,77,75,70,74,75
791805,Josh Maja,235161,Josh Maja,West Brom,EFL Championship,1998-12-27,27,ST,72,181,76,Right,3,3,73,77,71,72,71,71,68,74,52,66
929835,Alejandro Marqués,243047,Alejandro Marqués,Estoril Praia,Liga Portugal,2000-08-04,25,ST,72,189,76,Right,3,2,68,69,66,68,62,63,71,85,45,65
1482729,Bence Dardai,259522,Bence Dárdai,VfL Wolfsburg,Bundesliga,2006-01-24,20,CAM,72,189,71,Right,3,3,65,66,73,73,73,66,57,63,50,58
1407250,Mikey Moore,72159,Mikey Moore,Rangers,Scottish Prem,2007-08-11,18,LW,72,180,75,Right,4,3,77,76,76,75,69,65,53,63,39,54
1171780,Leandro Andrade,72866,Leandro Andrade,Qarabağ FK,Liga Azerbaijan,1999-09-24,26,RW,72,176,70,Right,4,3,77,74,76,73,68,65,58,71,56,60
674498,Chris Willock,225785,Chris Willock,Cardiff City,EFL League One,1998-01-31,28,LM,72,178,67,Right,3,4,79,79,86,75,70,67,58,70,36,56
395651,Stefan Gartenmann,229436,Stefan Gartenmann,Ferencvárosi TC,Magyar Liga,1997-02-02,29,CB,72,185,75,Right,3,2,59,66,58,70,72,83,80,76,69,78
1166344,Kevin Carlos,252386,Kevin Carlos,OGC Nice,Ligue 1 McDonald's,2001-04-10,25,ST,72,186,98,Right,3,2,64,67,67,73,57,75,91,89,69,83
1032811,Federico Vinas,253385,Federico Viñas,R. Oviedo,LALIGA EA SPORTS,1998-06-30,28,ST,72,181,80,Left,3,3,71,74,67,77,72,71,81,85,68,76
1368318,Luca Koleosho,266041,Luca Koleosho,RCD Espanyol,LALIGA EA SPORTS,2004-09-15,21,LM,72,175,67,Right,4,3,92,91,86,79,66,67,40,59,56,51
1328540,Oumar Diakité,277178,Oumar Diakité,Cercle Brugge,1A Pro League,2003-12-20,22,ST,72,182,75,Right,3,2,83,81,73,68,69,66,74,87,66,71
299949,Pietro Iemmello,209613,Pietro Iemmello,Catanzaro,Serie BKT,1992-03-06,34,ST,72,179,74,Right,3,3,80,83,80,72,66,85,72,80,33,68
244816,Federico Ceccherini,210964,Federico Ceccherini,Cremonese,Serie A Enilive,1992-05-11,34,CB,72,187,75,Right,4,2,63,62,64,62,68,61,73,74,76,71
1187767,Urko González,260546,Urko González,RCD Espanyol,LALIGA EA SPORTS,2001-03-20,25,CDM,72,189,83,Right,3,2,52,60,59,53,70,60,75,74,70,70
1130774,Samuel Edozie,263953,Samuel Edozie,Southampton,EFL Championship,2003-01-28,23,LW,72,181,71,Right,2,3,83,85,78,78,69,71,57,60,38,57
1347567,Valentin Carboni,272602,Valentín Carboni,Genoa,Serie A Enilive,2005-03-05,21,CAM,72,185,78,Left,3,3,60,62,63,66,75,42,46,59,60,48
1238154,Pablo Ibánez,264160,Pablo Ibáñez,D. Alavés,LALIGA EA SPORTS,1998-09-20,27,CM,72,179,74,Right,3,2,51,51,59,69,70,73,50,52,57,57
1423616,Stefanos Tzimas,274699,Stefanos Tzimas,Brighton,Premier League,2006-01-06,20,ST,72,186,78,Right,3,3,79,74,69,67,67,69,76,86,63,72
1487877,Finn Jeltsch,278780,Finn Jeltsch,VfB Stuttgart,Bundesliga,2006-07-17,19,CB,72,187,86,Right,4,2,63,73,59,65,69,67,75,75,71,72
358148,Sergi Gómez,199577,Sergi Gómez,FC Alverca,Liga Portugal,1992-03-28,34,CB,72,185,80,Right,3,2,56,67,53,44,72,58,76,77,71,71
603808,João Carvalho,231391,João Carvalho,Estoril Praia,Liga Portugal,1997-03-09,29,CAM,72,172,64,Right,3,4,73,67,81,85,66,60,45,50,41,48
833641,Frantzdy Pierrot,244949,Frantzdy Pierrot,AEK Athens,Hellas Liga,1995-03-29,31,ST,72,194,85,Right,3,2,59,69,54,33,57,70,92,91,70,82
1359613,Abakar Sylla,269003,Abakar Sylla,Strasbourg,Ligue 1 McDonald's,2002-12-25,23,CB,72,188,79,Left,3,2,65,68,70,72,69,71,78,82,79,77
767256,Jacob Rasmussen,234827,Jacob Rasmussen,RB Salzburg,Ö. Bundesliga,1997-05-28,29,CB,72,190,81,Left,2,2,40,63,58,63,70,79,84,75,71,80
873227,Jerome Opoku,241710,Jerome Opoku,Başakşehir,Trendyol Süper Lig,1998-10-14,27,CB,72,197,79,Left,3,2,63,56,59,51,59,68,89,79,74,80
1226789,Jesurun Rak-Sakyi,264035,Jesurun Rak-Sakyi,Crystal Palace,Premier League,2002-10-05,23,RW,72,178,73,Left,4,3,82,85,81,84,64,66,49,56,35,51
1077975,Armando Broja,256268,Armando Broja,Burnley,Premier League,2001-09-10,24,ST,72,191,83,Right,3,3,61,76,64,63,68,59,78,76,65,71
1080520,Goncalo Borges,266453,Gonçalo Borges,Feyenoord,Eredivisie,2001-03-29,25,RW,72,184,77,Right,3,4,86,85,84,58,75,54,60,64,46,56
674242,Budu Zivzivadze,237633,Budu Zivzivadze,Heidenheim,Bundesliga,1994-05-10,32,ST,72,189,85,Right,4,2,62,65,52,62,72,66,78,80,62,72
939061,Giorgi Tsitaishvili,245131,Giorgi Tsitaishvili,FC Metz,Ligue 1 McDonald's,2000-11-18,25,RM,72,171,63,Left,4,4,90,83,88,91,61,70,32,49,55,47
1113790,Oscar Bobb,277295,Oscar Bobb,Manchester City,Premier League,2003-07-12,22,RW,72,174,70,Left,3,4,84,74,81,80,63,50,34,46,44,41
1186770,Parfait Guiagon,277975,Parfait Guiagon,Sp. Charleroi,1A Pro League,2001-02-20,25,LM,72,169,65,Right,3,3,76,68,79,87,63,65,63,63,36,58
527549,Patrick Roberts,221982,Patrick Roberts,Birmingham City,EFL Championship,1997-02-05,29,RM,72,167,66,Left,2,4,85,78,92,90,67,65,40,53,38,47
1042022,Mateusz Skrzypczak,248508,Mateusz Skrzypczak,Lech Poznań,PKO BP Ekstraklasa,2000-08-22,25,CB,72,186,77,Right,2,2,55,59,56,62,71,79,82,75,73,79
1324358,Frank Magri,266299,Frank Magri,Toulouse FC,Ligue 1 McDonald's,1999-09-04,26,ST,72,178,75,Right,3,2,78,77,73,74,65,72,69,78,34,63
1431516,George Ilenikhena,273546,George Ilenikhena,AS Monaco,Ligue 1 McDonald's,2006-08-16,19,ST,72,185,76,Left,3,3,76,81,76,65,68,62,73,81,28,62
1070617,Tanguy Nianzou,252961,Tanguy Nianzou,Sevilla FC,LALIGA EA SPORTS,2002-06-07,24,CB,72,191,83,Right,3,2,55,68,53,58,65,67,79,78,75,75
937412,Jay Idzes,262396,Jay Idzes,Sassuolo,Serie A Enilive,2000-06-02,26,CB,72,190,82,Right,3,2,62,38,55,57,67,84,77,83,72,78
1047670,Andrej Ilic,277799,Andrej Ilić,Union Berlin,Bundesliga,2000-04-03,26,ST,72,189,86,Right,3,2,70,71,53,50,71,65,83,88,74,77
877701,Christoph Klarer,242386,Christoph Klarer,Birmingham City,EFL Championship,2000-06-14,26,CB,72,191,82,Right,3,2,58,71,49,40,69,72,80,75,71,76
1103837,Issa Soumaré,253121,Issa Soumaré,Havre AC,Ligue 1 McDonald's,2000-10-10,25,LM,72,182,78,Right,2,3,83,83,78,79,69,69,62,82,30,58
361710,Aderllan Santos,213374,Aderllan Santos,AVS Futebol SAD,Liga Portugal,1989-04-09,37,CB,72,193,85,Right,2,2,42,62,48,34,68,68,79,76,79,76
772005,Maxim Leitsch,234843,Maxim Leitsch,1. FSV Mainz 05,Bundesliga,1998-05-16,28,CB,72,189,83,Left,2,2,77,68,58,58,74,36,72,76,67,62
149219,Christian Kabasele,190324,Christian Kabasele,Udinese,Serie A Enilive,1991-02-24,35,CB,72,187,84,Right,3,2,52,52,46,55,71,71,76,72,76,75
198444,Tim Ream,198261,Tim Ream,Charlotte FC,MLS,1987-10-05,38,CB,72,185,80,Left,3,2,38,39,40,63,70,79,73,62,67,73
387525,Cassiano,211561,Cassiano,Casa Pia AC,Liga Portugal,1989-06-16,37,ST,72,184,87,Right,2,2,64,66,63,67,69,63,85,80,66,75
938392,Maracás,251681,Maracás,Moreirense FC,Liga Portugal,1994-04-27,32,CB,72,184,71,Right,3,2,74,75,67,63,72,73,74,83,75,74
1173779,Tim Siersleben,258812,Tim Siersleben,Heidenheim,Bundesliga,2000-03-09,26,CB,72,187,84,Left,1,2,59,72,55,60,70,56,81,85,71,73
1274452,Paul Joly,263417,Paul Joly,Kaiserslautern,Bundesliga 2,2000-06-07,26,RB,72,182,75,Right,3,2,65,58,46,64,64,78,74,78,59,72
1344550,Willy Kambwala,268414,Willy Kambwala,Villarreal CF,LALIGA EA SPORTS,2004-08-25,21,CB,72,192,85,Right,3,2,62,70,63,52,64,56,78,77,72,71
1200657,Yerson Mosquera,256666,Yerson Mosquera,Wolves,Premier League,2001-05-02,25,CB,72,188,84,Right,3,2,76,83,57,55,68,61,78,83,75,73
1308600,Kota Takai,264702,Kota Takai,Spurs,Premier League,2004-09-04,21,CB,72,192,90,Right,3,2,64,68,51,54,70,55,76,81,68,69
633094,Jesper Daland,256459,Jesper Daland,Düsseldorf,Bundesliga 2,2000-01-06,26,CB,72,189,87,Right,2,2,48,67,52,57,69,72,80,76,70,76
630278,Tobias Lauritsen,230737,Tobias Lauritsen,Sparta Rotterdam,Eredivisie,1997-08-30,28,ST,72,194,85,Right,4,2,44,50,51,53,72,68,89,86,57,77
1279764,Ameen Al Dakhil,263573,Ameen Al Dakhil,VfB Stuttgart,Bundesliga,2002-03-06,24,CB,72,188,81,Right,3,2,69,68,58,60,69,68,76,81,74,74
295062,John Egan,204936,John Egan,Hull City,EFL Championship,1992-10-20,33,CB,72,185,75,Right,3,2,49,51,54,66,70,61,80,76,77,74
315235,Lautaro Giannetti,215147,Lautaro Giannetti,Antalyaspor,Trendyol Süper Lig,1993-11-13,32,CB,72,185,79,Right,4,2,63,66,49,59,66,68,76,76,74,74
1187506,Chadi Riad,258490,Chadi Riad,Crystal Palace,Premier League,2003-06-17,23,CB,72,190,78,Left,3,2,56,64,60,58,67,59,78,78,74,72
290201,Philipp Hofmann,206606,Philipp Hofmann,VfL Bochum 1848,Bundesliga 2,1993-03-30,33,ST,72,195,89,Left,2,2,34,51,45,35,75,55,91,82,81,80
555646,Mateusz Wieteska,224302,Mateusz Wieteska,Kocaelispor,Trendyol Süper Lig,1997-02-11,29,CB,72,187,80,Right,3,2,55,59,65,55,67,64,75,76,75,72
664826,Dael Fry,229682,Dael Fry,Middlesbrough,EFL Championship,1997-08-30,28,CB,72,191,72,Right,3,2,55,67,35,62,71,67,79,78,66,73
768266,Ross Sykes,235572,Ross Sykes,R. Union St.-G.,1A Pro League,1999-03-26,27,CB,72,196,73,Right,2,2,36,40,31,37,66,75,87,72,77,81
831044,Hjalmar Ekdal,252316,Hjalmar Ekdal,Burnley,Premier League,1998-10-21,27,CB,72,188,76,Right,2,2,49,56,69,55,70,67,81,74,74,76
1077685,Hrvoje Smolcic,269402,Hrvoje Smolčić,Kocaelispor,Trendyol Süper Lig,2000-08-17,25,CB,72,185,80,Left,3,2,66,69,66,65,68,70,79,82,69,75
114268,Dejan Lovren,195086,Dejan Lovren,PAOK FC,Hellas Liga,1989-07-05,36,CB,72,188,80,Right,4,2,43,53,46,40,66,55,80,74,77,73
282615,Dimitrios Goutas,229703,Dimitrios Goutas,Gençlerbirliği,Trendyol Süper Lig,1994-04-04,32,CB,72,189,81,Right,3,2,50,52,49,49,68,77,83,82,71,79
1178314,Nikola Stulic,273915,Nikola Štulić,Lecce,Serie A Enilive,2001-09-08,24,ST,72,188,80,Right,3,2,41,64,64,41,72,63,76,72,63,70
1116749,Mattia Viti,264044,Mattia Viti,Fiorentina,Serie A Enilive,2002-01-24,24,CB,72,190,82,Left,3,2,63,68,52,53,68,67,69,76,68,69
629493,Joris Kramer,228363,Joris Kramer,Go Ahead Eagles,Eredivisie,1996-08-02,29,CB,72,187,76,Left,4,2,48,74,58,50,65,72,78,79,75,76
1190029,Thomas Kristensen,261573,Thomas Kristensen,Udinese,Serie A Enilive,2002-01-17,24,CB,72,198,85,Right,3,2,60,64,35,52,66,71,78,79,74,76
1578176,Yoel Lago,72425,Yoel Lago,Celta,LALIGA EA SPORTS,2004-03-25,22,CB,72,185,70,Right,3,2,56,66,52,58,71,64,75,76,66,71
26552,José Fonte,171791,José Fonte,Casa Pia AC,Liga Portugal,1983-12-22,42,CB,72,191,81,Right,3,2,31,31,31,46,62,62,81,76,76,75
951765,Armel Bella-Kotchap,247497,Armel Bella-Kotchap,Hellas Verona,Serie A Enilive,2001-12-11,24,CB,72,190,87,Right,4,2,64,78,55,61,70,59,87,76,66,75
639454,Aitor Cordoba,262423,Aitor Córdoba,Burgos CF,LALIGA HYPERMOTION,1995-05-21,31,CB,72,191,80,Right,3,2,56,63,44,68,71,79,72,76,72,74
362121,Edoardo Goldaniga,223524,Edoardo Goldaniga,Como,Serie A Enilive,1993-11-02,32,CB,72,193,79,Right,3,2,51,55,65,51,71,74,77,76,75,76
1386006,Daniele Ghilardi,277695,Daniele Ghilardi,AS Roma,Serie A Enilive,2003-01-06,23,CB,72,189,80,Right,2,2,52,62,42,57,71,71,72,74,67,71
616170,Martin Erlic,244456,Martin Erlić,FC Midtjylland,3F Superliga,1998-01-24,28,CB,72,192,88,Right,2,2,44,65,34,39,71,50,80,74,78,72
1337979,Étienne Youté Kinkoué,264449,Étienne Youté Kinkoué,Havre AC,Ligue 1 McDonald's,2002-01-14,24,CB,72,195,91,Right,3,2,51,59,53,40,69,63,90,77,75,80
156013,Steve Cook,193011,Steve Cook,QPR,EFL Championship,1991-04-19,35,CB,72,185,82,Right,3,2,34,34,48,55,71,65,80,71,76,75
625528,Fran Tudor,254822,Fran Tudor,Raków,PKO BP Ekstraklasa,1995-09-27,30,RM,71,173,68,Right,3,3,88,86,80,82,65,83,71,83,73,75
670030,Inigo Cordoba,229764,Iñigo Córdoba,Burgos CF,LALIGA HYPERMOTION,1997-03-13,29,LM,71,177,73,Left,4,3,80,81,81,78,68,75,69,71,69,71
591529,Rayan Raveloson,225853,Rayan Raveloson,BSC Young Boys,Brack Super League,1997-01-16,29,CM,71,182,73,Right,3,3,74,73,77,71,68,84,74,86,66,76
909803,Edo Kayembe,242217,Edo Kayembe,Watford,EFL Championship,1998-06-03,28,CM,71,183,84,Left,3,3,70,73,66,70,69,80,80,78,72,78
559954,Nicusor Bancu,243000,Nicușor Bancu,Univ. Craiova,SUPERLIGA,1992-09-18,33,LB,71,181,72,Left,2,3,81,81,82,72,68,87,70,75,72,75
643168,Dorukhan Toköz,223717,Dorukhan Toköz,Kayserispor,Trendyol Süper Lig,1996-05-21,30,CM,71,180,75,Right,3,3,70,71,66,74,73,73,72,68,78,73
527563,Paulo Azzi,222388,Paulo Azzi,Monza,Serie BKT,1994-07-15,31,LB,71,189,86,Right,3,3,84,85,69,62,69,80,72,81,66,73
1202049,Dani Tasende,265671,Dani Tasende,Real Zaragoza,LALIGA HYPERMOTION,2000-07-06,25,LB,71,172,64,Left,3,3,78,76,78,67,65,74,55,72,82,66
359198,Oscar Plano,208621,Óscar Plano,CD Leganés,LALIGA HYPERMOTION,1991-02-11,35,ST,71,180,72,Left,4,3,79,82,81,77,64,69,79,84,70,75
668422,Anthony Ralston,234072,Anthony Ralston,Celtic,Scottish Prem,1998-11-16,27,RB,71,183,78,Right,3,2,74,77,73,76,70,81,77,81,76,78
532097,Kristoffer Zachariassen,237566,Kristoffer Zachariassen,Ferencvárosi TC,Magyar Liga,1994-01-27,32,CAM,71,180,74,Right,3,3,72,73,72,67,71,77,79,80,70,77
890500,Lawrence Ofori,247258,Lawrence Ofori,Moreirense FC,Liga Portugal,1998-06-28,28,CDM,71,169,69,Right,3,3,72,75,77,82,75,74,71,68,61,70
617219,George Honeyman,216270,George Honeyman,Blackpool,EFL League One,1994-09-08,31,CAM,71,173,72,Right,3,3,68,72,73,82,71,90,65,62,74,73
553556,Marlon Ritter,223755,Marlon Ritter,Kaiserslautern,Bundesliga 2,1994-10-15,31,CAM,71,173,72,Right,3,3,76,64,86,85,70,78,66,67,67,69
933635,Ryan Giles,243608,Ryan Giles,Hull City,EFL Championship,2000-01-26,26,LB,71,184,72,Left,2,3,84,88,80,76,70,82,63,66,56,67
491482,Juri Cisotti,216800,Juri Cisotti,FCSB,SUPERLIGA,1993-05-05,33,CM,71,175,62,Right,3,3,73,72,80,79,71,86,60,69,68,69
815366,Nahuel Estévez,240992,Nahuel Estévez,Parma,Serie A Enilive,1995-11-14,30,CDM,71,181,77,Right,3,3,70,66,79,69,67,69,58,66,74,64
1202114,Omri Gandelman,277840,Omri Gandelman,KAA Gent,1A Pro League,2000-05-16,26,CAM,71,188,84,Left,3,3,61,66,65,58,76,79,79,83,73,78
1080172,Levent Mercan,252544,Levent Mercan,Fenerbahçe,Trendyol Süper Lig,2000-12-10,25,LB,71,176,69,Left,4,2,76,73,78,77,63,69,66,73,66,67
1159233,Alieu Fadera,263882,Alieu Fadera,Sassuolo,Serie A Enilive,2001-11-03,24,LM,71,182,80,Right,4,3,80,83,83,73,64,70,67,71,72,69
1272349,Elliot Stroud,272712,Elliot Stroud,Mjällby AIF,Allsvenskan,2002-06-22,24,LB,71,180,75,Left,3,2,76,82,74,70,63,84,72,79,58,73
21414,Óscar Trejo,173030,Óscar Trejo,Rayo Vallecano,LALIGA EA SPORTS,1988-04-26,38,CAM,71,180,79,Right,4,3,51,64,73,78,69,70,72,68,68,71
562593,Cameron Brannagan,220940,Cameron Brannagan,Oxford United,EFL Championship,1996-05-09,30,CDM,71,180,71,Right,3,3,64,65,73,74,69,90,67,64,77,75
537853,Mathias Rasmussen,225266,Mathias Rasmussen,R. Union St.-G.,1A Pro League,1997-11-25,28,CM,71,180,68,Left,3,3,76,70,80,85,71,82,64,72,60,68
511399,Ahmet Oguz,225555,Ahmet Oğuz,Kocaelispor,Trendyol Süper Lig,1993-01-16,33,RB,71,176,83,Right,2,2,70,73,72,74,66,77,77,77,77,77
637753,Felix Passlack,228080,Felix Passlack,VfL Bochum 1848,Bundesliga 2,1998-05-29,28,RB,71,172,70,Right,4,3,76,67,75,84,70,77,65,63,80,71
731600,Idrissa Toure,233396,Idrissa Touré,Pisa,Serie A Enilive,1998-04-29,28,RM,71,188,76,Right,3,3,74,71,79,61,70,83,77,81,69,77
1436856,Victor Froholdt,279015,Victor Froholdt,FC Porto,Liga Portugal,2006-02-25,20,CM,71,180,74,Right,4,3,76,75,75,70,74,80,60,65,74,68
506776,Stefano Moreo,222959,Stefano Moreo,Pisa,Serie A Enilive,1993-06-30,33,CAM,71,191,85,Right,3,3,69,83,69,56,70,84,84,85,69,81
823209,Marcos López,246014,Marcos López,F.C. København,3F Superliga,1999-11-20,26,LB,71,175,67,Left,2,3,80,78,84,81,67,78,75,80,66,74
743720,Charles Pickel,233884,Charles Pickel,RCD Espanyol,LALIGA EA SPORTS,1997-05-15,29,CM,71,187,76,Right,3,3,65,62,67,67,71,86,81,79,71,80
889717,Mustafa Eskihellaç,244486,Mustafa Eskihellaç,Trabzonspor,Trendyol Süper Lig,1997-05-05,29,LB,71,175,72,Right,3,3,87,86,83,80,72,73,56,69,70,64
1041522,Fali Candé,256856,Fali Candé,Sassuolo,Serie A Enilive,1998-01-24,28,CB,71,184,82,Left,2,2,79,81,71,62,69,85,73,81,69,76
1225210,Cheick Souaré,257306,Cheick Souaré,Viktoria Plzeň,Česká Liga,2002-09-03,23,LM,71,179,74,Left,3,3,77,75,78,79,69,71,68,75,67,69
1113704,Archie Brown,262968,Archie Brown,Fenerbahçe,Trendyol Süper Lig,2002-05-28,24,LB,71,190,86,Left,3,3,79,89,67,49,70,79,81,78,72,79
198265,Ryan Leonard,200689,Ryan Leonard,Millwall,EFL Championship,1992-05-24,34,RB,71,185,82,Right,3,3,68,73,75,69,70,82,78,76,70,77
1007717,Unai Vencedor,247328,Unai Vencedor,Levante UD,LALIGA EA SPORTS,2000-11-15,25,CDM,71,176,71,Right,4,3,71,55,77,81,68,77,74,71,66,73
1139353,Alfonso Trezza,255876,Alfonso Trezza,Arouca,Liga Portugal,1999-06-22,27,RM,71,166,59,Right,2,3,86,89,89,92,72,90,54,58,76,68
1163501,Filippo Terracciano,271579,Filippo Terracciano,Cremonese,Serie A Enilive,2003-02-08,23,LB,71,186,68,Right,4,3,81,78,70,68,62,65,60,75,61,62
215390,Moses Odubajo,202113,Moses Odubajo,AEK Athens,Hellas Liga,1993-07-28,32,RB,71,177,69,Right,3,3,81,80,74,74,68,74,68,78,70,70
545026,Nikolas Ioannou,213685,Nikolas Ioannou,Sampdoria,Serie BKT,1995-11-10,30,LB,71,183,77,Left,3,2,71,80,75,71,68,83,78,80,72,78
622137,Calvin Verdonk,227794,Calvin Verdonk,LOSC Lille,Ligue 1 McDonald's,1997-04-26,29,LB,71,174,69,Left,2,2,74,78,70,80,66,67,75,78,77,74
1187364,Olé Pohlmann,263279,Ole Pohlmann,Rio Ave FC,Liga Portugal,2001-04-05,25,CAM,71,183,73,Right,3,3,75,70,78,74,69,77,71,81,58,70
1157236,Yehor Yarmoliuk,270608,Yehor Yarmoliuk,Brentford,Premier League,2004-03-01,22,CM,71,180,72,Right,3,3,68,65,62,69,70,68,68,68,70,68
670928,Giuseppe Pezzella,230681,Giuseppe Pezzella,Cremonese,Serie A Enilive,1997-11-29,28,LM,71,187,81,Left,3,3,67,69,62,62,74,80,67,71,74,72
88999,Mikkel Rygaard,234488,Mikkel Rygaard,BK Häcken,Allsvenskan,1990-12-25,35,CAM,71,176,69,Left,3,3,70,56,87,89,71,71,70,64,70,70
1209597,Marko Stamenic,259680,Marko Stamenić,Swansea City,EFL Championship,2002-02-19,24,CDM,71,188,80,Right,4,3,65,68,74,71,68,75,72,72,84,75
1396465,Marlon Gomes,70845,Marlon Gomes,Shakhtar Donetsk,Ukrayina Liha,2003-12-14,22,CM,71,184,72,Right,3,3,75,74,76,64,70,66,63,67,64,64
1336751,Justin Devenny,73895,Justin Devenny,Crystal Palace,Premier League,2003-10-11,22,CM,71,184,80,Left,3,3,64,66,67,66,70,69,67,64,72,68
414924,Francesco Zampano,219655,Francesco Zampano,Modena,Serie BKT,1993-09-30,32,LB,71,177,72,Right,4,3,84,82,84,80,64,78,66,76,65,69
917830,Nicolas Madsen,243223,Nicolas Madsen,QPR,EFL Championship,2000-03-17,26,CAM,71,192,81,Right,3,3,63,54,61,66,69,73,71,73,62,70
969856,Olivier Deman,247771,Olivier Deman,SV Werder Bremen,Bundesliga,2000-04-06,26,LB,71,181,70,Left,3,3,73,57,77,68,71,87,66,75,72,73
971258,Fabian Nürnberger,251287,Fabian Nürnberger,SV Darmstadt 98,Bundesliga 2,1999-07-28,26,LM,71,178,72,Left,3,3,76,73,79,77,70,74,56,68,69,64
25587,Lorenzo De Silvestri,170320,Lorenzo De Silvestri,Bologna,Serie A Enilive,1988-05-23,38,RB,71,187,92,Right,3,2,54,67,65,57,69,66,79,78,70,74
195206,Stefan Lainer,223724,Stefan Lainer,RB Salzburg,Ö. Bundesliga,1992-08-27,33,RB,71,175,73,Right,3,2,74,66,75,76,71,65,69,74,77,70
560940,Jessy Benet,224590,Jessy Benet,Grenoble Foot 38,Ligue 2 BKT,1995-06-24,31,CM,71,186,75,Left,3,3,56,63,73,65,67,89,80,72,63,78
1070813,Kamil Piatkowski,252018,Kamil Piątkowski,Legia Warszawa,PKO BP Ekstraklasa,2000-06-21,26,CB,71,191,87,Right,4,2,81,80,74,72,66,82,84,92,75,82
785739,Timo Becker,254245,Timo Becker,FC Schalke 04,Bundesliga 2,1997-03-25,29,CB,71,190,87,Right,3,2,72,75,51,58,68,79,82,83,68,79
1027740,Jean Onana,255934,Jean Onana,Genoa,Serie A Enilive,2000-01-08,26,CM,71,189,85,Right,3,3,53,54,56,55,67,64,83,75,77,77
1107423,Isaac Schmidt,256776,Isaac Schmidt,SV Werder Bremen,Bundesliga,1999-12-07,26,LB,71,172,68,Right,2,3,87,86,86,87,64,80,60,72,62,66
1089744,Zito Luvumbo,259011,Zito Luvumbo,Cagliari,Serie A Enilive,2002-03-09,24,ST,71,174,76,Left,2,3,89,83,89,82,70,71,60,77,73,66
1317611,Otto Rosengren,265696,Otto Rosengren,Malmö FF,Allsvenskan,2003-05-16,23,CM,71,178,68,Right,3,2,71,65,81,78,67,87,59,66,78,70
857141,Arbnor Muja,271219,Arbnor Muja,STVV,1A Pro League,1998-11-29,27,LM,71,179,69,Right,5,3,87,91,82,83,62,77,60,72,68,66
1396375,Ibrahim Sulemana,271577,Ibrahim Sulemana,Bologna,Serie A Enilive,2003-05-22,23,CDM,71,180,78,Right,3,2,75,67,74,75,72,69,66,73,78,70
1399969,Lennon Miller,275522,Lennon Miller,Udinese,Serie A Enilive,2006-08-25,19,CM,71,182,72,Right,4,2,70,75,64,68,70,77,62,67,66,67
163805,Leandro Chichizola,191628,Leandro Chichizola,Modena,Serie BKT,1990-03-27,36,GK,71,185,80,Right,3,1,49,54,64,44,67,31,52,59,15,74
461356,Julian Green,212192,Julian Green,Fürth,Bundesliga 2,1995-06-06,31,CM,71,173,70,Right,4,3,78,56,84,82,70,83,64,72,56,68
500759,Francesco Di Mariano,220517,Francesco Di Mariano,Modena,Serie BKT,1996-04-20,30,RM,71,177,68,Right,4,3,79,75,80,81,70,67,63,74,64,65
521838,Simone Bastoni,225189,Simone Bastoni,Cesena,Serie BKT,1996-11-05,29,CM,71,183,74,Left,2,3,65,67,71,70,68,76,62,68,59,65
545703,Nicolas Schiavi,229459,Nicolas Schiavi,Carrarese Calcio,Serie BKT,1995-02-01,31,CM,71,173,70,Right,5,3,69,68,81,82,69,71,52,57,67,60
751066,Tahith Chong,233510,Tahith Chong,Sheffield Utd,EFL Championship,1999-12-04,26,CAM,71,185,75,Left,3,4,75,78,71,58,69,69,59,65,65,63
959247,João Virgínia,237704,João Virgínia,Sporting CP,Liga Portugal,1999-10-10,26,GK,71,192,84,Left,3,1,54,50,30,33,60,16,57,62,29,67
1080660,Ringo Meerveld,264452,Ringo Meerveld,sc Heerenveen,Eredivisie,2002-12-21,23,CAM,71,177,74,Right,3,3,74,84,71,70,68,76,64,68,50,64
1113915,Kasey McAteer,265801,Kasey McAteer,Ipswich,EFL Championship,2001-11-22,24,RM,71,177,67,Right,3,3,83,80,74,76,67,68,61,76,65,64
362307,Zeki Yavru,223134,Zeki Yavru,Samsunspor,Trendyol Süper Lig,1991-09-05,34,RB,71,178,78,Right,2,2,66,64,69,77,69,73,62,54,67,65
593129,Pere Milla,225926,Pere Milla,RCD Espanyol,LALIGA EA SPORTS,1992-09-23,33,ST,71,184,72,Left,3,3,70,73,74,64,70,79,63,75,60,67
917628,Neto Borges,242181,Neto Borges,Bristol City,EFL Championship,1996-09-13,29,LB,71,185,84,Left,3,3,68,67,68,59,70,81,84,79,68,80
552625,Stoichkov,245157,Stoichkov,RC Deportivo,LALIGA HYPERMOTION,1993-11-05,32,LM,71,178,71,Right,3,4,74,69,82,70,69,74,76,79,61,73
1118697,Isaiah Jones,253055,Isaiah Jones,Luton Town,EFL League One,1999-06-26,27,RM,71,176,71,Right,3,3,82,85,77,77,69,78,58,66,48,61
841395,Aiyegun Tosin,253181,Aiyegun Tosin,FC Lorient,Ligue 1 McDonald's,1998-06-26,28,ST,71,179,75,Right,4,3,87,88,83,74,72,74,73,83,73,74
780816,Giannis Kotsiras,262815,Giannis Kotsiras,Panathinaikos,Hellas Liga,1992-12-16,33,RB,71,183,77,Right,3,2,75,76,69,67,69,77,69,74,68,71
1280328,Vicente Taborda,263693,Vicente Taborda,Panathinaikos,Hellas Liga,2001-06-14,25,CAM,71,175,71,Right,3,3,74,75,72,67,63,76,69,74,50,67
643670,Jean Carlos,235398,Jean Carlos,Raków,PKO BP Ekstraklasa,1996-05-10,30,LM,71,185,77,Right,4,3,89,84,82,65,60,83,63,76,50,66
1082597,Ignace Van Der Brempt,251464,Ignace Van der Brempt,Como,Serie A Enilive,2002-04-01,24,RB,71,187,76,Right,3,3,74,73,69,61,67,73,70,72,73,71
812982,Sorba Thomas,260478,Sorba Thomas,Stoke City,EFL Championship,1999-01-25,27,RM,71,185,75,Right,2,3,86,88,76,71,63,77,65,67,74,70
1396089,Matteo Prati,272725,Matteo Prati,Cagliari,Serie A Enilive,2003-12-28,22,CDM,71,185,77,Right,3,3,59,62,69,64,70,68,64,68,63,65
159882,Kevin Theophile-Catherine,190868,Kévin Théophile-Catherine,Dinamo Zagreb,Liga Hrvatska,1989-10-28,36,CB,71,183,86,Right,3,3,74,71,67,72,65,68,80,81,84,78
722983,Fabio Depaoli,235834,Fabio Depaoli,Sampdoria,Serie BKT,1997-04-24,29,RM,71,182,74,Right,3,3,75,70,74,76,72,77,55,70,68,64
921594,Domagoj Bradaric,252000,Domagoj Bradarić,Hellas Verona,Serie A Enilive,1999-12-10,26,LB,71,178,69,Left,3,3,76,72,73,73,69,72,55,70,72,63
364107,Anthony Partipilo,210671,Anthony Partipilo,Bari,Serie BKT,1994-10-27,31,ST,71,181,74,Left,2,3,84,86,76,74,72,78,62,78,50,64
520342,Paul Seguin,221885,Paul Seguin,Hertha BSC,Bundesliga 2,1995-03-29,31,CDM,71,186,82,Right,3,3,64,52,68,65,72,84,70,71,68,73
281866,Jure Balkovec,238941,Jure Balkovec,Karagümrük SK,Trendyol Süper Lig,1994-09-09,31,LB,71,185,74,Left,3,2,66,66,62,63,66,70,75,73,68,72
1003288,Jon Morcillo,258602,Jon Morcillo,Albacete BP,LALIGA HYPERMOTION,1998-09-15,27,LM,71,183,72,Left,4,3,82,77,78,71,66,74,65,77,51,65
1227397,Antoni Kozubal,261108,Antoni Kozubal,Lech Poznań,PKO BP Ekstraklasa,2004-08-18,21,CM,71,176,68,Right,3,2,72,65,79,73,68,91,69,68,66,74
267000,Thomas Delaine,203741,Thomas Delaine,Havre AC,Ligue 1 McDonald's,1992-03-24,34,LB,71,180,75,Left,5,2,68,75,70,66,70,67,69,71,72,69
492589,Max Lowe,212100,Max Lowe,Sheffield Wed,EFL Championship,1997-05-11,29,LB,71,175,74,Left,3,3,78,78,74,68,69,69,66,77,63,67
789243,Youssef Maleh,236838,Youssef Maleh,Lecce,Serie A Enilive,1998-08-22,27,CM,71,177,74,Left,3,3,66,53,74,74,69,75,56,59,68,63
1106916,Oier Zarraga,258615,Oier Zarraga,Udinese,Serie A Enilive,1999-01-04,27,CM,71,175,76,Right,3,3,74,65,79,81,68,63,58,67,58,60
1574198,Christos Mouzakitis,73884,Christos Mouzakitis,Olympiacos FC,Hellas Liga,2006-12-25,19,CM,71,175,67,Left,3,3,70,68,77,76,70,69,58,61,57,61
309631,César Falletti,220084,César Falletti,Mantova,Serie BKT,1992-12-02,33,CAM,71,174,65,Right,3,4,90,90,90,90,64,78,61,70,50,64
806972,Oliver Christensen,236758,Oliver Christensen,SK Sturm Graz,Ö. Bundesliga,1999-03-22,27,GK,71,190,82,Right,2,1,45,43,33,34,63,42,64,62,32,69
1217265,Nicolas Milanovic,257326,Nicolas Milanović,Aberdeen,Scottish Prem,2001-11-14,24,LM,71,185,76,Left,3,3,86,89,78,66,62,91,70,72,61,74
950596,Marco Brescianini,257785,Marco Brescianini,Bergamo Calcio,Serie A Enilive,2000-01-20,26,CM,71,188,80,Left,3,2,58,55,55,54,71,69,73,71,73,72
1021302,Mattia Felici,248857,Mattia Felici,Cagliari,Serie A Enilive,2001-04-17,25,LM,71,181,70,Right,3,3,84,86,85,71,67,65,51,62,69,59
944385,Isak Jansson,252960,Isak Jansson,OGC Nice,Ligue 1 McDonald's,2002-01-31,24,LW,71,174,71,Right,3,3,87,84,84,84,63,84,63,76,60,68
1483508,Kauã Elias,77760,Kauã Elias,Shakhtar Donetsk,Ukrayina Liha,2006-03-28,20,ST,71,181,71,Right,3,4,79,81,65,72,62,64,75,86,71,72
189103,Daniel Bentley,198350,Daniel Bentley,Wolves,Premier League,1993-07-13,32,GK,71,188,73,Right,3,1,48,43,51,41,69,31,67,64,24,70
561844,Tyronne Ebuehi,224213,Tyronne Ebuehi,Empoli,Serie BKT,1995-12-16,30,RB,71,187,72,Right,3,2,76,90,74,64,74,59,63,73,73,65
798654,Ephron Mason-Clark,236784,Ephron Mason-Clark,Coventry City,EFL Championship,1999-08-25,26,LM,71,177,78,Right,4,4,82,84,83,81,68,69,79,85,61,73
720649,Nicholas Pierini,241628,Nicholas Pierini,Sassuolo,Serie A Enilive,1998-08-06,27,ST,71,176,70,Right,3,3,89,85,81,81,70,66,57,74,51,59
464020,Milan Havel,244787,Milan Havel,Viktoria Plzeň,Česká Liga,1994-08-07,31,RB,71,183,77,Right,3,2,68,69,65,69,68,70,72,79,72,72
1054122,Boubacar Traoré,252975,Boubacar Traoré,FC Metz,Ligue 1 McDonald's,2001-08-20,24,CDM,71,183,67,Right,2,2,65,67,71,68,68,63,73,70,75,71
1134467,Yuito Suzuki,255185,Yuito Suzuki,SC Freiburg,Bundesliga,2001-10-25,24,CAM,71,175,66,Right,4,3,84,83,83,81,67,81,45,59,56,57
1137664,Patrick de Paula,259427,Patrick de Paula,Estoril Praia,Liga Portugal,1999-09-08,26,CDM,71,182,78,Left,2,2,73,68,65,69,64,79,62,69,66,67
1134759,Sota Kawasaki,266061,Sota Kawasaki,1. FSV Mainz 05,Bundesliga,2001-07-30,24,CM,71,172,68,Right,4,3,79,65,81,82,72,83,52,67,59,62
1433032,Jhon Solís,267894,Jhon Solís,Girona FC,LALIGA EA SPORTS,2004-10-03,21,CDM,71,189,80,Right,3,3,59,61,51,53,70,78,76,73,68,75
1460591,Wagner Pina,276909,Wagner Pina,Trabzonspor,Trendyol Süper Lig,2002-11-03,23,RM,71,180,72,Right,2,3,83,79,72,76,73,81,60,70,57,65
182893,Matthias Zimmermann,192567,Matthias Zimmermann,Düsseldorf,Bundesliga 2,1992-06-16,34,CDM,71,177,76,Right,2,2,73,59,74,77,71,75,66,68,71,69
560564,Taras Romanczuk,224336,Taras Romanczuk,Jagiellonia,PKO BP Ekstraklasa,1991-11-14,34,CDM,71,186,73,Left,3,2,55,53,67,62,70,76,85,76,75,80
1136403,John Tolkin,251834,John Tolkin,Holstein Kiel,Bundesliga 2,2002-07-31,23,LB,71,170,61,Left,3,3,83,79,80,83,65,83,62,71,68,69
1199382,Josué Casimir,260943,Josué Casimir,AJ Auxerre,Ligue 1 McDonald's,2001-09-24,24,RM,71,180,72,Right,3,3,80,84,68,73,70,75,68,77,51,67
1050838,Anass Salah-Eddine,268728,Anass Salah-Eddine,PSV,Eredivisie,2002-01-18,24,LB,71,181,66,Left,3,3,80,84,79,72,68,71,59,68,65,64
812839,Martijn Kaars,269264,Martijn Kaars,FC St. Pauli,Bundesliga,1999-03-05,27,ST,71,183,73,Right,3,3,78,85,69,66,70,94,62,74,65,71
1228840,Alessandro Bianco,271477,Alessandro Bianco,PAOK FC,Hellas Liga,2002-10-01,23,CM,71,173,67,Right,3,2,74,64,78,82,70,74,49,62,63,59
1459265,Frans Krätzig,277668,Frans Krätzig,RB Salzburg,Ö. Bundesliga,2003-01-14,23,LM,71,177,70,Left,3,3,75,67,80,77,74,66,47,52,65,56
815220,Mamadou Sylla,224967,Mamadou Sylla,Al Riyadh,ROSHN Saudi League,1994-03-20,32,ST,71,184,84,Right,4,3,80,76,73,66,66,76,80,89,59,75
795285,Antoine Léautey,237198,Antoine Leautey,Stade de Reims,Ligue 2 BKT,1996-04-14,30,RM,71,172,66,Right,3,3,91,90,89,85,63,90,47,54,48,58
823681,Iddrisu Baba,245598,Iddrisu Baba,UD Almería,LALIGA HYPERMOTION,1996-01-22,30,CDM,71,182,77,Right,4,2,55,60,51,60,71,78,76,71,71,75
1017745,Horatiu Moldovan,251136,Horațiu Moldovan,R. Oviedo,LALIGA EA SPORTS,1998-01-20,28,GK,71,189,72,Right,2,1,45,40,55,49,68,37,55,59,31,71
1463448,Tom Louchet,278187,Tom Louchet,OGC Nice,Ligue 1 McDonald's,2003-05-04,23,RM,71,178,66,Right,4,3,73,68,67,73,70,71,52,64,62,59
634110,Carlens Arcus,228591,Carlens Arcus,Angers SCO,Ligue 1 McDonald's,1996-06-28,30,RB,71,180,73,Right,2,2,73,76,66,76,67,79,74,77,71,75
1019947,Leonidas Stergiou,247360,Leonidas Stergiou,VfB Stuttgart,Bundesliga,2002-03-03,24,CB,71,180,75,Right,3,2,77,78,77,72,72,76,77,82,69,75
1391722,Mehdi Dorval,270084,Mehdi Dorval,Bari,Serie BKT,2001-02-09,25,LB,71,176,73,Right,4,3,75,84,81,66,68,89,59,62,61,67
1204447,Luismi Cruz,277069,Luismi Cruz,RC Deportivo,LALIGA HYPERMOTION,2001-05-23,25,RM,71,166,62,Left,3,3,87,81,85,92,62,65,58,64,45,57
1184745,Zeidane Inoussa,261035,Zeidane Inoussa,Swansea City,EFL Championship,2002-05-13,24,LW,71,177,67,Right,3,4,82,85,86,81,61,74,64,63,63,66
271031,Patrik Carlgren,216750,Patrik Carlgren,FC Nantes,Ligue 1 McDonald's,1992-01-08,34,GK,71,188,84,Right,3,1,42,42,52,52,73,34,64,62,29,66
746018,Ali Gholizadeh,243551,Ali Gholizadeh,Lech Poznań,PKO BP Ekstraklasa,1996-03-10,30,RM,71,176,72,Left,3,4,74,69,76,79,65,74,62,58,63,65
1332850,Enzo Tchato,270518,Enzo Tchato,Montpellier,Ligue 2 BKT,2002-11-23,23,RB,71,182,75,Right,2,2,84,86,60,67,68,69,67,76,62,67
1402621,Joao Costa,278567,João Costa,Al Ettifaq,ROSHN Saudi League,2005-03-28,21,RM,71,178,69,Left,3,3,88,86,71,62,63,68,58,68,38,57
1526689,Álex Jiménez,278928,Álex Jiménez,AFC Bournemouth,Premier League,2005-05-08,21,RB,71,171,66,Right,4,2,87,81,77,81,68,66,46,69,61,55
1611068,Karel Spacil,79991,Karel Spáčil,Viktoria Plzeň,Česká Liga,2003-05-18,23,CB,71,189,85,Left,2,2,65,68,61,66,73,70,76,80,65,73
245395,Mattijs Branderhorst,210832,Mattijs Branderhorst,Fortuna Sittard,Eredivisie,1993-12-31,32,GK,71,192,87,Right,3,1,40,39,37,41,69,31,65,61,21,70
582276,Freddie Woodman,222514,Freddie Woodman,Liverpool,Premier League,1997-03-04,29,GK,71,188,83,Right,2,1,45,50,47,39,70,34,46,56,34,68
586467,Karlan Grant,225668,Karlan Grant,West Brom,EFL Championship,1997-09-18,28,LM,71,182,70,Right,3,3,80,83,76,66,70,76,72,79,48,69
789596,Yan Valery,236316,Yan Valery,Sheffield Wed,EFL Championship,1999-02-22,27,RB,71,185,85,Right,2,3,69,56,65,67,71,81,70,73,73,74
920861,Adrian Benedyczak,243154,Adrian Benedyczak,Parma,Serie A Enilive,2000-11-24,25,LM,71,190,78,Right,3,3,85,84,67,59,64,61,75,84,63,70
651435,Toma Basic,245275,Toma Bašić,Latium,Serie A Enilive,1996-11-25,29,CM,71,190,82,Right,3,3,46,35,61,60,70,59,74,73,71,70
1112684,Nathan Patterson,257896,Nathan Patterson,Everton,Premier League,2001-10-16,24,RB,71,183,80,Right,2,2,68,73,73,75,68,66,68,71,74,69
1097361,Luca Sirch,73135,Luca Sirch,Kaiserslautern,Bundesliga 2,1999-06-14,27,CB,71,185,81,Right,3,2,65,74,63,62,67,76,73,74,70,73
186919,Serdar Gürler,196318,Serdar Gürler,Eyüpspor,Trendyol Süper Lig,1991-09-14,34,LM,71,175,65,Right,3,3,83,81,81,82,66,71,59,72,35,58
1072913,Tanguy Coulibaly,251401,Tanguy Coulibaly,Samsunspor,Trendyol Süper Lig,2001-02-18,25,LM,71,179,78,Left,3,4,81,78,90,84,58,65,69,65,63,67
906919,Sergio Lozano,252598,Sergio Lozano,Jagiellonia,PKO BP Ekstraklasa,1999-03-24,27,CM,71,176,70,Right,3,3,61,60,66,76,58,74,46,46,45,53
1332540,Enzo Bardeli,267973,Enzo Bardeli,USL Dunkerque,Ligue 2 BKT,2001-04-11,25,CM,71,173,61,Right,3,3,75,62,74,83,74,91,45,55,36,55
1457626,Ibrahim Maza,275029,Ibrahim Maza,Leverkusen,Bundesliga,2005-11-24,20,CAM,71,180,70,Right,3,4,74,76,84,79,67,70,62,66,49,62
1618860,Maher Carrizo,279841,Maher Carrizo,Vélez Sarsfield,LPF,2006-02-19,20,RM,71,180,67,Left,3,3,86,88,65,82,66,68,74,84,48,68
35453,Ricardo Batista,157970,Ricardo Batista,Casa Pia AC,Liga Portugal,1986-11-19,39,GK,71,193,86,Left,3,1,39,37,46,39,68,24,70,62,45,71
190666,Luke Ayling,186156,Luke Ayling,Middlesbrough,EFL Championship,1991-08-25,34,RB,71,185,72,Right,3,3,53,53,64,59,70,74,72,69,67,71
768505,Daan Heymans,235242,Daan Heymans,KRC Genk,1A Pro League,1999-06-15,27,CAM,71,186,73,Right,3,3,44,52,65,53,76,75,72,71,59,70
787258,Sergio Ruiz,250881,Sergio Ruiz,Granada CF,LALIGA HYPERMOTION,1994-12-16,31,CDM,71,176,75,Right,3,2,54,55,59,82,65,85,67,60,69,72
652295,Emir Sahiti,263056,Emir Sahiti,Hamburger SV,Bundesliga,1998-11-29,27,RW,71,174,65,Right,4,3,83,69,85,84,69,66,56,68,78,64
1391052,Eliezer Mayenda,271248,Eliezer Mayenda,Sunderland,Premier League,2005-05-08,21,ST,71,180,75,Left,2,2,85,85,71,68,68,75,70,80,59,70
1513317,Adama Camara,276398,Adama Camara,Paris FC,Ligue 1 McDonald's,1996-10-18,29,CM,71,180,70,Right,3,3,62,60,73,68,73,70,54,59,50,57
424614,Caleb Ekuban,239795,Caleb Ekuban,Genoa,Serie A Enilive,1994-03-23,32,ST,71,182,80,Right,3,3,79,82,71,64,67,66,78,84,71,74
770880,Luca Zidane,240311,Luca Zidane,Granada CF,LALIGA HYPERMOTION,1998-05-13,28,GK,71,183,78,Right,3,1,29,50,40,49,65,38,50,51,16,71
959045,Kai Klefisch,251373,Kai Klefisch,SV Darmstadt 98,Bundesliga 2,1999-12-03,26,CDM,71,188,81,Right,2,3,65,55,66,65,68,79,78,76,78,78
1081230,Jean Hugonet,251519,Jean Hugonet,1. FC Magdeburg,Bundesliga 2,1999-11-24,26,CB,71,186,82,Right,3,2,61,71,60,61,71,85,77,76,70,78
1083342,Semih Sahin,269307,Semih Sahin,Kaiserslautern,Bundesliga 2,1999-12-22,26,CDM,71,177,70,Right,3,2,70,55,72,74,71,75,58,59,65,64
432605,Jonathan Osorio,213439,Jonathan Osorio,Toronto FC,MLS,1992-06-12,34,CM,71,175,68,Right,5,3,53,48,76,75,70,78,61,60,58,65
164519,Aleksandar Pesic,223489,Aleksandar Pešić,Ferencvárosi TC,Magyar Liga,1992-05-21,34,ST,71,190,87,Right,4,3,69,68,62,46,70,66,82,84,72,76
522236,Fabian Bredlow,223603,Fabian Bredlow,VfB Stuttgart,Bundesliga,1995-03-02,31,GK,71,190,87,Left,4,1,41,36,50,39,68,20,62,60,18,68
1022688,Léo Leroy,247599,Léo Leroy,FC Basel 1893,Brack Super League,2000-02-14,26,CDM,71,187,82,Right,3,3,50,54,61,61,66,72,67,62,59,66
1120443,Thibaut Vargas,254996,Thibaut Vargas,Laval MFC,Ligue 2 BKT,2000-05-22,26,RB,71,175,68,Right,4,2,80,76,76,72,67,92,64,73,64,71
1156568,Amin Sarr,256453,Amin Sarr,Hellas Verona,Serie A Enilive,2001-03-11,25,ST,71,188,83,Right,4,3,86,84,78,55,65,67,71,82,49,66
1196355,Keigo Tsunemoto,258880,Keigo Tsunemoto,FC Basel 1893,Brack Super League,1998-10-21,27,RB,71,173,69,Right,3,2,79,77,82,80,62,87,48,66,59,61
1283407,Bilal Nadir,263602,Bilal Nadir,OM,Ligue 1 McDonald's,2003-11-28,22,CM,71,179,65,Left,3,3,59,53,68,63,73,65,62,61,72,65
1190033,Lamare Bogarde,264209,Lamare Bogarde,Aston Villa,Premier League,2004-01-05,22,CDM,71,183,70,Right,4,2,65,68,58,65,70,65,70,70,71,69
1106821,Carlos Marin,254099,Carlos Marín,Córdoba CF,LALIGA HYPERMOTION,1997-02-20,29,GK,71,187,79,Right,3,1,26,33,25,37,52,26,54,52,22,71
1135609,William Bøving,256127,William Bøving,1. FSV Mainz 05,Bundesliga,2003-03-01,23,ST,71,176,69,Right,4,4,81,81,90,85,72,74,61,76,53,63
1132116,Kacper Trelowski,258311,Kacper Trelowski,Raków,PKO BP Ekstraklasa,2003-08-19,22,GK,71,190,77,Right,2,1,35,33,33,24,63,19,56,56,23,71
1390336,Robin Risser,271918,Robin Risser,RC Lens,Ligue 1 McDonald's,2004-12-02,21,GK,71,193,82,Right,3,1,36,44,31,25,67,36,71,62,32,67
1276078,Matthias Seidl,275638,Matthias Seidl,SK Rapid,Ö. Bundesliga,2001-01-24,25,CAM,71,175,68,Right,4,4,62,73,62,75,68,88,60,66,63,68
491798,Alessandro Bellemo,220933,Alessandro Bellemo,Sampdoria,Serie BKT,1995-08-07,30,CM,71,184,72,Right,2,2,51,49,65,70,66,92,58,59,65,68
543172,Lorenzo Dickmann,229456,Lorenzo Dickmann,Bari,Serie BKT,1996-09-24,29,RB,71,173,70,Right,3,2,70,69,71,83,64,88,56,61,64,66
770402,Siebe Horemans,235222,Siebe Horemans,FC Utrecht,Eredivisie,1998-06-02,28,RB,71,186,68,Right,3,2,76,74,71,72,66,75,80,82,77,78
1014602,Jacob Widell Zetterström,247022,Jacob Widell Zetterström,Derby County,EFL Championship,1998-07-11,27,GK,71,197,82,Right,3,1,36,40,35,36,66,36,60,59,28,67
1134825,Patrik Wålemark,254148,Patrik Wålemark,Lech Poznań,PKO BP Ekstraklasa,2001-10-14,24,LM,71,184,75,Left,2,4,80,84,84,69,64,74,64,54,50,63
1160392,Niklas Hedl,256938,Niklas Hedl,SK Rapid,Ö. Bundesliga,2001-03-17,25,GK,71,188,78,Right,2,1,28,30,36,42,60,25,64,58,17,69
881626,Luis Palma,278069,Luis Palma,Lech Poznań,PKO BP Ekstraklasa,2000-01-17,26,LW,71,179,71,Right,4,4,73,76,69,73,66,64,61,68,59,62
814153,Muhammed Sengezer,235931,Muhammed Şengezer,Başakşehir,Trendyol Süper Lig,1997-01-05,29,GK,71,192,80,Right,2,1,34,36,42,32,66,22,58,56,19,70
820712,Koffi Kouao,239919,Koffi Kouao,FC Metz,Ligue 1 McDonald's,1998-05-20,28,RB,71,173,65,Right,3,2,74,85,74,85,65,80,70,67,78,74
797132,Paul Akouokou,246947,Paul Akouokou,Real Zaragoza,LALIGA HYPERMOTION,1997-12-20,28,CDM,71,181,68,Right,2,2,54,56,69,62,68,53,70,66,75,67
844431,Yannik Keitel,256118,Yannik Keitel,VfB Stuttgart,Bundesliga,2000-02-15,26,CDM,71,186,84,Right,4,2,63,63,66,65,70,65,73,79,79,73
1024432,Andrea Adorante,259107,Andrea Adorante,Venezia,Serie BKT,2000-02-05,26,ST,71,184,70,Right,4,2,72,70,64,63,65,70,76,84,70,74
737073,Jonatan Braut Brunes,262314,Jonatan Braut-Brunes,Raków,PKO BP Ekstraklasa,2000-08-07,25,ST,71,189,80,Left,3,3,75,75,65,63,69,77,83,84,67,78
930047,Naatan Skyttä,263343,Naatan Skyttä,Kaiserslautern,Bundesliga 2,2002-05-07,24,CM,71,170,69,Left,2,3,60,73,66,81,67,77,47,46,40,53
1353457,Arthur,275028,Arthur,Leverkusen,Bundesliga,2003-03-01,23,RB,71,174,69,Right,3,4,80,85,78,75,71,65,49,66,63,57
1116942,Mirko Topic,276302,Mirko Topić,Norwich,EFL Championship,2001-02-05,25,CDM,71,190,84,Right,3,2,66,65,57,50,67,65,80,76,74,75
156556,Nélson Oliveira,189303,Nélson Oliveira,Vitória SC,Liga Portugal,1991-08-08,34,ST,71,185,82,Right,4,3,64,68,65,64,71,68,77,68,73,74
320672,Younes Namli,226539,Younes Namli,Havre AC,Ligue 1 McDonald's,1994-06-20,32,RM,71,180,70,Left,1,3,72,64,81,67,66,73,60,59,42,60
798641,Harry Darling,236551,Harry Darling,Norwich,EFL Championship,1999-08-08,26,CB,71,188,82,Right,4,2,67,68,52,66,68,78,80,79,70,77
741561,Erik Botheim,239125,Erik Botheim,Malmö FF,Allsvenskan,2000-01-10,26,ST,71,187,70,Right,3,3,71,72,71,61,71,73,78,80,57,73
1026833,Pelle Mattsson,250853,Pelle Mattsson,Norwich,EFL Championship,2001-08-04,24,CDM,71,181,74,Right,3,2,59,58,65,64,69,77,71,67,66,71
1199714,Marco Pasalic,262740,Marco Pašalić,Orlando City,MLS,2000-09-14,25,RM,71,177,74,Left,3,3,78,74,79,85,67,65,57,59,42,56
1323863,Iker Munoz,274355,Iker Muñoz,CA Osasuna,LALIGA EA SPORTS,2002-11-05,23,CM,71,180,73,Right,3,3,51,58,58,68,70,65,60,62,62,62
1339581,Taha Sahin,277217,Taha Şahin,Çaykur Rizespor,Trendyol Süper Lig,2000-10-22,25,RB,71,178,74,Right,2,2,77,77,58,76,65,78,57,69,55,62
1412137,Marc Guiu,278813,Marc Guiu,Chelsea,Premier League,2006-01-04,20,ST,71,187,82,Right,4,3,73,78,67,65,70,66,76,81,82,75
1123947,Romaine Mundle,268903,Romaine Mundle,Sunderland,Premier League,2003-04-24,23,LM,71,177,61,Right,3,3,83,78,80,77,67,67,56,61,50,58
1482209,Andrija Maksimovic,79107,Andrija Maksimović,RB Leipzig,Bundesliga,2007-06-05,19,RW,71,182,70,Left,3,4,70,71,71,73,70,71,65,58,31,59
425255,Calum Chambers,205989,Calum Chambers,Cardiff City,EFL League One,1995-01-20,31,CB,71,182,77,Right,3,2,51,49,56,60,70,54,75,71,77,70
538112,Matt Targett,218659,Matt Targett,Middlesbrough,EFL Championship,1995-09-18,30,LB,71,183,70,Left,2,3,63,61,62,63,70,42,64,69,63,59
747079,Adrian Semper,244274,Adrian Šemper,Pisa,Serie A Enilive,1998-01-12,28,GK,71,194,89,Right,2,1,30,32,31,22,68,21,51,51,28,70
956576,Aiham Ousou,245018,Aiham Ousou,Sp. Charleroi,1A Pro League,2000-01-09,26,CB,71,186,78,Right,3,2,71,80,70,68,68,69,82,86,69,76
1135655,Adam Karabec,256970,Adam Karabec,OL,Ligue 1 McDonald's,2003-07-02,22,CAM,71,185,74,Left,3,3,74,73,79,72,68,76,64,65,51,64
1191741,Armindo Sieb,259162,Armindo Sieb,1. FSV Mainz 05,Bundesliga,2003-02-17,23,ST,71,175,82,Right,4,3,84,82,85,81,72,67,70,77,53,66
1049665,Joel Mvuka,264010,Joel Mvuka,FC Lorient,Ligue 1 McDonald's,2002-11-12,23,RM,71,178,66,Right,3,4,92,88,91,88,59,72,39,58,47,50
1289054,Gerard Yepes,266069,Gerard Yepes,Empoli,Serie BKT,2002-08-25,23,CDM,71,170,66,Right,3,2,66,60,80,87,68,78,40,50,67,55
1385177,Mohammed Fuseini,270905,Mohammed Fuseini,R. Union St.-G.,1A Pro League,2002-05-16,24,ST,71,169,60,Right,3,3,90,89,83,92,71,66,46,65,66,56
1331703,Charlie Hughes,272895,Charlie Hughes,Hull City,EFL Championship,2003-10-16,22,CB,71,189,80,Right,3,2,71,69,65,62,65,73,79,81,79,78
586719,Murilo,225696,Murilo,Gil Vicente,Liga Portugal,1994-10-31,31,RM,71,177,68,Left,3,3,86,84,84,70,62,78,67,77,32,63
305202,Halil Akbunar,239048,Halil Akbunar,Eyüpspor,Trendyol Süper Lig,1993-11-09,32,RM,71,167,68,Left,4,3,82,77,82,87,71,76,45,53,57,56
850858,Lassina Traoré,246728,Lassina Traoré,Shakhtar Donetsk,Ukrayina Liha,2001-01-12,25,ST,71,183,90,Right,3,3,76,79,68,67,68,61,85,90,63,75
1363660,Gianluca Prestianni,269292,Gianluca Prestianni,SL Benfica,Liga Portugal,2006-01-31,20,RM,71,166,63,Right,3,4,91,83,92,93,73,68,33,47,68,49
213299,Nicola Leali,201299,Nicola Leali,Genoa,Serie A Enilive,1993-02-17,33,GK,71,188,78,Right,2,1,33,32,34,32,65,27,65,59,30,65
425950,Abdellah Zoubir,212934,Abdellah Zoubir,Qarabağ FK,Liga Azerbaijan,1991-12-05,34,LW,71,180,75,Right,4,3,75,73,77,66,65,70,62,73,37,60
620134,Kevin Nisbet,225317,Kevin Nisbet,Aberdeen,Scottish Prem,1997-03-08,29,ST,71,180,75,Right,3,3,66,64,71,70,70,74,73,75,63,71
614571,Matthias Bader,225692,Matthias Bader,SV Darmstadt 98,Bundesliga 2,1997-06-17,29,RB,71,176,73,Right,3,3,74,66,76,77,70,83,63,64,67,69
640225,Joan Sastre,231588,Joan Sastre,PAOK FC,Hellas Liga,1997-04-30,29,RB,71,174,68,Right,3,3,76,72,67,69,64,70,61,73,58,63
923222,Samuele Mulattieri,243200,Samuele Mulattieri,RC Deportivo,LALIGA HYPERMOTION,2000-10-07,25,ST,71,183,77,Right,4,2,72,71,68,65,72,71,70,75,53,67
1130691,Kamaldeen Sulemana,256035,Kamaldeen Sulemana,Bergamo Calcio,Serie A Enilive,2002-02-15,24,LM,71,175,70,Right,4,4,90,86,88,87,64,62,60,66,50,59
1292369,Jean-Baptiste Gorby,264418,Jean Baptiste Gorby,SC Braga,Liga Portugal,2002-07-25,23,CDM,71,181,66,Right,3,2,53,55,57,73,69,72,70,63,74,71
1280112,Sebastiano Desplanches,276839,Sebastiano Desplanches,Pescara,Serie BKT,2003-03-11,23,GK,71,189,80,Right,3,1,21,34,60,40,65,22,68,57,30,70
150747,Etrit Berisha,189296,Etrit Berisha,BK Häcken,Allsvenskan,1989-03-10,37,GK,71,194,92,Left,2,1,28,28,33,30,72,39,64,57,24,71
310355,Fabian Holland,208470,Fabian Holland,SV Darmstadt 98,Bundesliga 2,1990-07-11,35,CDM,71,172,74,Left,2,3,70,37,76,82,71,70,65,70,70,68
748456,Sam Field,233957,Sam Field,QPR,EFL Championship,1998-05-08,28,CDM,71,191,65,Left,3,2,60,52,59,68,68,78,63,68,66,68
1125232,Bright Arrey-Mbi,258315,Bright Arrey-Mbi,SC Braga,Liga Portugal,2003-03-26,23,CB,71,187,80,Left,3,2,76,90,70,68,70,80,82,84,71,79
1087476,Mathias Kjølø,259478,Mathias Kjølø,FC Twente,Eredivisie,2001-06-27,25,CDM,71,175,67,Right,3,3,65,37,72,74,67,83,62,65,65,68
1132319,Razvan Sava,266803,Răzvan Sava,Udinese,Serie A Enilive,2002-06-21,24,GK,71,197,83,Right,2,1,23,29,32,22,65,28,58,53,25,71
1285926,Nicolas Kristof,269301,Nicolas Kristof,SV Elversberg,Bundesliga 2,1999-12-20,26,GK,71,185,87,Right,5,1,26,18,30,30,60,19,64,56,23,70
1428671,João Marques,274465,João Marques,SC Braga,Liga Portugal,2002-02-13,24,LW,71,179,73,Right,3,3,74,67,76,68,68,64,50,58,52,54
1424875,Tyrique George,71998,Tyrique George,Chelsea,Premier League,2006-02-04,20,LM,71,185,80,Right,4,4,80,78,85,84,68,67,50,63,50,55
319305,Florian Tardieu,209618,Florian Tardieu,AS Saint-Étienne,Ligue 2 BKT,1992-04-22,34,CDM,71,181,70,Right,3,3,44,37,62,70,67,85,67,63,76,73
513982,Luca Mazzitelli,221331,Luca Mazzitelli,Cagliari,Serie A Enilive,1995-11-15,30,CM,71,184,76,Right,4,3,44,36,58,67,68,65,63,58,74,65
642534,Jonas Föhrenbach,229277,Jonas Föhrenbach,Heidenheim,Bundesliga,1996-01-26,30,LB,71,184,81,Left,2,2,66,75,56,61,64,75,75,75,66,73
1357723,Lucas Rosa,272357,Lucas Rosa,Ajax,Eredivisie,2000-04-03,26,RB,71,177,73,Right,4,3,76,72,69,72,64,81,63,72,54,66
258245,Branimir Hrgota,209504,Branimir Hrgota,Fürth,Bundesliga 2,1993-01-12,33,CAM,71,185,76,Left,4,3,76,65,76,67,71,82,67,70,45,67
496045,Antonio Colak,220785,Antonio Čolak,Legia Warszawa,PKO BP Ekstraklasa,1993-09-17,32,ST,71,188,77,Right,3,3,65,67,69,64,68,68,79,82,71,75
1011022,Cheikh Niasse,248661,Cheikh Niasse,Hellas Verona,Serie A Enilive,2000-01-19,26,CDM,71,188,73,Right,3,2,63,59,60,60,68,75,72,73,65,71
231521,Gianluca Lapadula,211302,Gianluca Lapadula,Spezia,Serie BKT,1990-02-07,36,ST,71,178,79,Left,4,3,65,67,73,73,69,61,65,71,83,68
554285,Rochinha,222461,Rochinha,FC Famalicão,Liga Portugal,1995-05-03,31,LM,71,169,63,Right,3,4,77,76,78,84,70,71,42,47,60,53
667788,Benedikt Gimber,228883,Benedikt Gimber,Heidenheim,Bundesliga,1997-02-19,29,CB,71,187,84,Left,3,2,65,57,65,63,64,74,78,78,78,77
1622290,Nicolò Savona,74310,Nicolò Savona,Nott'm Forest,Premier League,2003-03-19,23,RB,71,192,85,Right,3,2,68,68,60,53,66,69,69,69,67,69
424609,Ben Davies,213017,Ben Davies,Oxford United,EFL Championship,1995-08-11,30,CB,71,185,74,Left,3,2,64,67,65,62,71,65,78,77,62,72
769168,Jean-Kevin Duverne,229705,Jean-Kévin Duverne,KAA Gent,1A Pro League,1997-07-12,28,LB,71,184,71,Right,3,3,57,62,65,65,69,73,75,73,68,73
1165477,Telmo Arcanjo,257194,Telmo Arcanjo,Vitória SC,Liga Portugal,2001-06-21,25,RM,71,180,79,Left,3,3,75,73,66,62,70,71,61,60,44,60
1150871,Kiko Bondoso,262430,Kiko Bondoso,Moreirense FC,Liga Portugal,1995-11-17,30,LM,71,171,66,Right,4,3,78,77,73,83,69,67,47,65,45,53
1358598,Djeidi Gassama,271716,Djeidi Gassama,Rangers,Scottish Prem,2003-09-10,22,LM,71,177,70,Right,4,4,81,85,78,82,65,64,66,74,46,62
1053675,Formose Mendy,259215,Formose Mendy,Watford,EFL Championship,2001-01-02,25,CB,71,191,79,Right,3,2,66,78,60,50,63,73,78,81,68,75
1230848,Bamba Dieng,261084,Bamba Dieng,FC Lorient,Ligue 1 McDonald's,2000-03-23,26,ST,71,178,72,Right,3,3,79,78,67,71,69,60,65,77,42,60
1242198,Marin Ljubicic,262587,Marin Ljubičić,Union Berlin,Bundesliga,2002-02-28,24,ST,71,183,77,Right,4,3,74,70,77,65,72,75,73,78,75,74
789598,Alfie Jones,236315,Alfie Jones,Middlesbrough,EFL Championship,1997-10-07,28,CB,71,191,87,Right,3,2,63,65,52,61,68,78,78,72,75,77
959407,James Hill,248492,James Hill,AFC Bournemouth,Premier League,2002-01-10,24,CB,71,184,73,Right,3,2,65,67,57,64,70,65,75,75,70,72
1073007,Filip Bilbija,252073,Filip Bilbija,SC Paderborn 07,Bundesliga 2,2000-04-24,26,CAM,71,189,78,Right,3,3,68,62,73,64,69,87,69,62,39,67
690223,Rodrigo Abascal,253276,Rodrigo Abascal,Vitória SC,Liga Portugal,1994-01-14,32,CB,71,186,82,Left,3,2,56,68,56,65,65,71,81,76,78,78
1699018,Lucas Ferreira,274046,Lucas Ferreira,Defensa,LPF,2000-06-16,26,CB,71,189,80,Right,2,2,52,67,57,54,64,65,87,76,70,78
1226756,Alfie Gilchrist,278286,Alfie Gilchrist,West Brom,EFL Championship,2003-11-28,22,RB,71,184,78,Right,2,2,59,62,57,57,70,70,72,64,70,71
1458757,Luis Guilherme,72754,Luis Guilherme,West Ham,Premier League,2006-02-09,20,RM,71,175,71,Left,4,4,75,76,75,64,74,55,66,70,38,58
573780,Jorge Sáenz,225106,Jorge Sáenz,CD Leganés,LALIGA HYPERMOTION,1996-11-17,29,CB,71,188,82,Right,3,2,53,70,59,60,65,78,78,77,74,77
859752,Ron-Thorben Hoffmann,241859,Ron-Thorben Hoffmann,Braunschweig,Bundesliga 2,1999-04-04,27,GK,71,192,86,Right,3,1,23,29,31,24,68,15,52,50,19,71
1315511,Ermal Krasniqi,273100,Ermal Krasniqi,Legia Warszawa,PKO BP Ekstraklasa,1998-09-07,27,LW,71,188,74,Right,3,3,82,81,74,68,68,74,61,64,42,61
664964,Bruno Viana,234226,Bruno Viana,Alanyaspor,Trendyol Süper Lig,1995-02-05,31,CB,71,187,79,Right,3,2,68,65,53,55,70,77,80,75,74,78
880095,James Sands,242214,James Sands,FC St. Pauli,Bundesliga,2000-07-06,25,CDM,71,186,76,Right,3,2,48,49,58,66,72,74,70,74,74,72
957181,Kikas,245240,Kikas,Estrela Amadora,Liga Portugal,1998-09-17,27,ST,71,177,71,Right,4,3,82,78,75,75,73,81,66,78,52,68
1210893,Igor Matanovic,259750,Igor Matanović,SC Freiburg,Bundesliga,2003-03-31,23,ST,71,194,90,Right,4,2,62,73,54,47,69,61,84,83,62,74
1229804,Johannes Schenk,260978,Johannes Schenk,Preußen Münster,Bundesliga 2,2003-01-13,23,GK,71,191,85,Right,3,1,17,16,25,35,70,21,58,52,30,70
172615,Ryan Mendes,194847,Ryan Mendes,Kocaelispor,Trendyol Süper Lig,1990-01-08,36,LM,71,178,73,Right,4,3,76,73,77,77,70,58,55,59,45,54
1304120,Alex Forés,269643,Alex Forés,R. Oviedo,LALIGA EA SPORTS,2001-04-12,25,ST,71,180,68,Right,3,3,70,71,70,74,73,76,62,75,40,62
202181,Jack Robinson,199027,Jack Robinson,Birmingham City,EFL Championship,1993-09-01,32,CB,71,180,67,Left,3,2,66,50,68,70,68,71,73,75,81,74
1161885,Bobby Thomas,257253,Bobby Thomas,Coventry City,EFL Championship,2001-01-30,25,CB,71,193,77,Right,3,2,56,64,45,47,65,72,84,81,85,81
1237425,Adamo Nagalo,261422,Adamo Nagalo,PSV,Eredivisie,2002-09-22,23,CB,71,185,75,Right,3,2,68,72,60,68,63,72,85,81,73,79
1367618,Francesco Pio Esposito,277327,Francesco Pio Esposito,Lombardia FC,Serie A Enilive,2005-06-28,21,ST,71,191,76,Right,3,3,60,67,60,47,71,65,75,77,51,68
560900,Alexandre Mendy,223510,Alexandre Mendy,Montpellier,Ligue 2 BKT,1994-03-20,32,ST,71,185,96,Right,3,2,70,72,72,57,67,74,86,87,64,79
822716,Hannes Delcroix,237440,Hannes Delcroix,Burnley,Premier League,1999-02-28,27,CB,71,183,78,Left,2,2,64,68,65,67,69,63,73,75,69,70
1203212,Daniel Fila,267593,Daniel Fila,Venezia,Serie BKT,2002-08-21,23,ST,71,190,88,Left,2,2,69,73,61,56,67,60,78,79,68,72
896377,Lameck Banda,271197,Lameck Banda,Lecce,Serie A Enilive,2001-01-29,25,LM,71,162,69,Right,4,3,88,88,76,89,70,56,35,56,41,43
364104,Stefano Sabelli,206159,Stefano Sabelli,Genoa,Serie A Enilive,1993-01-13,33,RB,71,176,70,Right,3,3,68,72,69,78,70,78,55,65,64,63
1178453,Romeo Vermant,275051,Romeo Vermant,Club Brugge,1A Pro League,2004-01-24,22,ST,71,184,76,Right,3,3,79,80,71,75,69,73,69,77,54,67
1676905,Coba da Costa,74403,Coba da Costa,Getafe CF,LALIGA EA SPORTS,2002-07-26,23,LM,71,182,73,Right,4,3,80,77,78,64,68,55,42,48,49,47
540929,Jostein Gundersen,228238,Jostein Gundersen,FK Bodø/Glimt,Eliteserien,1996-04-02,30,CB,71,186,82,Right,4,2,55,53,59,70,71,75,81,76,69,77
848666,Florent Muslija,239696,Florent Muslija,Düsseldorf,Bundesliga 2,1998-07-06,27,CAM,71,172,65,Right,3,4,78,68,86,91,68,59,40,48,48,47
1130732,Daniel Mosquera,266585,Daniel Mosquera,Hellas Verona,Serie A Enilive,1999-10-20,26,ST,71,181,85,Right,4,3,64,73,61,75,64,59,82,83,70,74
1225995,Robin Hranac,276646,Robin Hranáč,TSG Hoffenheim,Bundesliga,2000-01-29,26,CB,71,189,87,Right,2,2,65,84,55,42,69,64,84,84,70,76
1372179,Wesley,74913,Wesley,Al Nassr,ROSHN Saudi League,2005-03-05,21,LW,71,180,70,Right,4,4,76,70,76,67,75,59,67,64,34,58
1054522,Moussa Diarra,250725,Moussa Diarra,D. Alavés,LALIGA EA SPORTS,2000-11-10,25,CB,71,185,73,Left,2,2,66,62,58,63,69,73,70,72,74,72
239911,Diego Demme,202325,Diego Demme,Hertha BSC,Bundesliga 2,1991-11-21,34,CDM,71,172,71,Right,4,3,52,30,70,86,68,74,58,58,77,66
776159,Ross Stewart,244319,Ross Stewart,Southampton,EFL Championship,1996-07-11,29,ST,71,188,81,Right,3,2,70,67,55,49,67,54,79,83,64,70
972117,Kalidou Sidibé,246298,Kalidou Sidibé,En Avant Guingamp,Ligue 2 BKT,1999-01-28,27,CDM,71,202,85,Right,3,2,44,40,46,30,64,72,85,80,72,79
1356310,Youssef Chermiti,270866,Youssef Chermiti,Rangers,Scottish Prem,2004-05-24,22,ST,71,192,81,Right,3,2,63,66,56,52,72,61,78,73,61,70
1123505,Amine El Ouazzani,272668,Amine El Ouazzani,SC Braga,Liga Portugal,2001-07-15,24,ST,71,188,82,Left,2,3,69,67,62,68,71,78,75,80,57,72
520664,Alexander Jeremejeff,221605,Alexander Jeremejeff,Panathinaikos,Hellas Liga,1993-10-12,32,ST,71,192,82,Right,3,2,65,69,54,40,69,68,80,83,36,68
1510854,Dominik Prpic,271300,Dominik Prpić,FC Porto,Liga Portugal,2004-05-19,22,CB,71,188,78,Left,2,2,67,75,56,53,73,70,78,77,72,75
605848,Alexis Blin,222982,Alexis Blin,Palermo,Serie BKT,1996-09-16,29,CDM,71,186,78,Right,3,2,31,31,64,69,72,89,72,59,78,77
860609,Boris Tomiak,262119,Boris Tomiak,Hannover 96,Bundesliga 2,1998-09-11,27,CB,71,191,82,Right,3,2,67,77,59,47,67,77,86,85,70,81
636565,Jon Bautista,233231,Jon Bautista,SD Eibar,LALIGA HYPERMOTION,1995-07-03,30,ST,71,180,72,Right,3,3,66,68,66,72,67,57,69,72,50,62
834641,Duplexe Tchamba,240728,Duplexe Tchamba,Casa Pia AC,Liga Portugal,1998-07-10,27,CB,71,191,79,Left,2,2,65,72,52,60,59,72,80,89,79,78
1123587,Sambou Soumano,257978,Sambou Soumano,FC Lorient,Ligue 1 McDonald's,2001-01-13,25,ST,71,182,75,Right,3,3,71,70,64,63,58,58,61,76,35,56
1543415,Hiroki Sekine,76449,Hiroki Sekine,Stade de Reims,Ligue 2 BKT,2002-08-11,23,RB,71,187,78,Right,3,2,74,68,69,58,68,80,69,72,56,69
861541,David Zec,76106,David Zec,Holstein Kiel,Bundesliga 2,2000-01-05,26,CB,71,188,82,Right,3,2,56,73,60,46,68,68,78,78,79,76
395154,Alen Halilovic,216349,Alen Halilović,Fortuna Sittard,Eredivisie,1996-06-18,30,CAM,71,169,69,Left,2,4,64,48,76,82,68,62,34,37,42,43
314437,Christopher Jullien,208615,Christopher Jullien,Montpellier,Ligue 2 BKT,1993-03-22,33,CB,71,196,88,Right,3,2,52,44,32,32,62,31,92,87,76,73
298941,Antonio Milic,226518,Antonio Milić,Lech Poznań,PKO BP Ekstraklasa,1994-03-10,32,CB,71,190,81,Left,3,2,42,46,40,45,67,82,90,78,70,83
1185294,Ahmetcan Kaplan,264728,Ahmetcan Kaplan,N.E.C. Nijmegen,Eredivisie,2003-01-16,23,CB,71,189,75,Left,2,2,61,64,54,43,70,64,79,77,67,73
1256692,Zé Vítor,73128,Zé Vitor,Nacional,Liga Portugal,2001-02-09,25,CB,71,189,89,Left,2,2,62,68,41,42,68,76,90,86,76,84
1184043,Bernardo Vital,263670,Bernardo Vital,Jagiellonia,PKO BP Ekstraklasa,2000-12-29,25,CB,71,187,77,Right,3,2,68,69,61,67,70,73,75,77,70,74
276711,Philipp Ziereis,209196,Philipp Ziereis,Fürth,Bundesliga 2,1993-03-14,33,CB,71,189,82,Right,3,2,53,60,59,58,69,81,80,78,73,79
1132814,Steve Kapuadi,269507,Steve Kapuadi,Legia Warszawa,PKO BP Ekstraklasa,1998-04-30,28,CB,71,196,88,Left,2,2,63,67,50,42,65,81,90,81,69,83
279820,Matteo Bianchetti,205363,Matteo Bianchetti,Cremonese,Serie A Enilive,1993-03-17,33,CB,71,189,81,Right,3,2,50,52,67,47,71,70,75,74,70,73
768325,Jordan Storey,235464,Jordan Storey,Preston,EFL Championship,1997-09-02,28,CB,71,188,75,Right,3,2,51,55,49,54,69,71,78,76,70,75
1318686,Alessandro Circati,268913,Alessandro Circati,Parma,Serie A Enilive,2003-10-10,22,CB,71,190,84,Right,3,2,54,63,37,55,71,74,80,78,72,77
1192393,Victor Chust,259173,Víctor Chust,Elche CF,LALIGA EA SPORTS,2000-03-05,26,CB,71,184,76,Right,5,2,64,70,34,57,67,54,73,75,70,68
1112763,Rayyan Baniya,264284,Rayyan Baniya,Trabzonspor,Trendyol Süper Lig,1999-02-18,27,CB,71,194,84,Right,2,2,63,66,53,47,70,74,82,71,77,78
694558,Dominic Hyam,221281,Dominic Hyam,Wrexham,EFL Championship,1995-12-20,30,CB,71,188,79,Right,3,2,50,52,56,50,69,74,79,76,71,76
553288,Giovanni Zaro,268754,Giovanni Zaro,Cesena,Serie BKT,1994-05-12,32,CB,71,193,80,Right,2,2,35,57,43,40,70,68,82,73,68,75
934854,Nenad Cvetkovic,275918,Nenad Cvetković,SK Rapid,Ö. Bundesliga,1996-01-06,30,CB,71,195,85,Right,4,2,61,47,68,58,61,68,83,83,78,78
195416,Antonio Caracciolo,199174,Antonio Caracciolo,Pisa,Serie A Enilive,1990-06-30,36,CB,71,185,83,Right,3,2,57,47,68,71,68,71,82,77,69,76
361379,Frederico Venâncio,211107,Frederico Venâncio,Santa Clara,Liga Portugal,1993-02-04,33,CB,71,186,82,Right,3,2,60,53,54,54,70,58,79,80,75,73
860592,Sebastian Walukiewicz,243497,Sebastian Walukiewicz,Sassuolo,Serie A Enilive,2000-04-05,26,CB,71,188,80,Right,2,2,59,43,44,53,62,68,75,77,70,72
1257648,Aurèle Amenda,270846,Aurèle Amenda,Frankfurt,Bundesliga,2003-07-31,22,CB,71,194,90,Right,3,2,71,65,35,35,66,39,90,83,78,75
1285540,Sidney Lima,73349,Sidney Lima,Santa Clara,Liga Portugal,1997-01-17,29,CB,71,182,72,Right,3,2,56,64,55,61,69,71,70,74,72,71
763313,Erhan Masovic,238473,Erhan Mašović,VfL Bochum 1848,Bundesliga 2,1998-11-22,27,CB,71,189,82,Right,3,2,63,54,56,55,65,59,73,74,67,68
1002668,David Nemeth,252317,David Nemeth,FC St. Pauli,Bundesliga,2001-03-18,25,CB,71,191,89,Right,4,2,49,66,64,49,65,70,90,76,66,80
948555,Ben Cabango,248687,Ben Cabango,Swansea City,EFL Championship,2000-05-30,26,CB,71,186,81,Right,2,2,55,65,45,55,69,68,81,75,72,76
415017,Mattia Bani,224378,Mattia Bani,Palermo,Serie BKT,1993-12-10,32,CB,71,188,81,Right,3,2,45,46,52,54,72,70,73,71,67,71
98843,Alberto,263725,Alberto,Mohun Bagan SG,ISL,1992-12-31,33,CB,71,191,92,Right,4,2,53,48,55,57,71,64,75,76,70,71
259296,Robin Knoche,203030,Robin Knoche,1. FC Nürnberg,Bundesliga 2,1992-05-22,34,CB,71,189,77,Right,4,2,31,60,46,48,70,52,78,70,74,70
202180,Grant Hanley,198904,Grant Hanley,Hibernian,Scottish Prem,1991-11-20,34,CB,71,187,81,Right,3,2,51,52,44,51,68,65,83,78,80,78
445511,Liam Lindsay,215638,Liam Lindsay,Preston,EFL Championship,1995-10-12,30,CB,71,193,89,Left,2,2,34,37,36,33,67,77,83,74,81,81
208243,Marcel Franke,203161,Marcel Franke,Karlsruher SC,Bundesliga 2,1993-04-05,33,CB,71,193,90,Right,2,2,50,52,37,39,67,70,89,77,75,81
210443,Vincent Sasso,188538,Vincent Sasso,USL Dunkerque,Ligue 2 BKT,1991-02-16,35,CB,71,190,83,Right,3,2,35,38,31,43,65,69,82,77,78,78
770271,Mickaël Nadé,238749,Mickaël Nadé,AS Saint-Étienne,Ligue 2 BKT,1999-03-04,27,CB,71,188,80,Left,2,2,36,35,39,65,69,73,90,72,76,82
936140,Sebastian Sebulonsen,254638,Sebastian Sebulonsen,1. FC Köln,Bundesliga,2000-01-27,26,RB,70,187,78,Right,2,2,87,90,71,68,66,82,71,83,67,74
1338495,Romeo Amané,265738,Romeo Amane,SK Rapid,Ö. Bundesliga,2003-02-20,23,CM,70,176,72,Right,3,3,82,79,84,85,64,86,68,75,64,72
1201004,Samuel Soares,270060,Samuel Soares,SL Benfica,Liga Portugal,2002-06-15,24,GK,70,190,94,Right,2,1,60,57,57,27,67,33,75,73,31,68
820792,Kevin Van Den Kerkhof,269956,Kévin Van Den Kerkhof,Sp. Charleroi,1A Pro League,1996-03-14,30,RM,70,190,79,Right,2,3,80,82,66,57,66,83,75,80,58,74
1226189,Martim Neto,270109,Martim Neto,Elche CF,LALIGA EA SPORTS,2003-01-14,23,CM,70,184,82,Right,3,3,77,76,78,67,70,75,63,66,76,69
538499,Lewis Baker,211504,Lewis Baker,Stoke City,EFL Championship,1995-04-25,31,CM,70,182,72,Right,5,3,65,64,72,73,70,76,69,68,68,71
469939,Liam Henderson,219952,Liam Henderson,Sampdoria,Serie BKT,1996-04-25,30,CM,70,183,76,Right,3,3,67,75,80,73,72,80,70,68,76,74
659742,Sandro Lauper,229900,Sandro Lauper,BSC Young Boys,Brack Super League,1996-10-25,29,CB,70,185,77,Right,3,2,73,73,70,72,68,75,76,81,55,72
785377,Aiden O'Neill,230888,Aiden O'Neill,New York City FC,MLS,1998-07-04,27,CDM,70,178,70,Right,3,3,74,78,78,80,68,79,77,77,75,77
1358568,Patrik Vydra,275241,Patrik Vydra,Sparta Praha,Česká Liga,2003-06-20,23,CM,70,190,87,Right,3,2,67,69,52,56,71,72,84,84,71,78
1449690,Alex Toth,70903,Alex Tóth,Ferencvárosi TC,Magyar Liga,2005-10-23,20,CDM,70,181,70,Right,3,2,65,70,62,61,68,71,68,64,70,69
848573,Ousseynou Niang,74963,Ousseynou Niang,R. Union St.-G.,1A Pro League,2001-10-12,24,LM,70,168,72,Right,4,3,83,81,82,86,68,79,65,64,72,70
1025560,Magnus Knudsen,248175,Magnus Knudsen,Holstein Kiel,Bundesliga 2,2001-06-15,25,CM,70,186,76,Right,4,2,74,71,78,79,67,77,68,71,77,72
560413,Arno Verschueren,224163,Arno Verschueren,FC Twente,Eredivisie,1997-04-08,29,CAM,70,183,73,Right,3,2,64,78,66,68,72,84,66,79,74,73
1129082,Jamie Roche,256874,Jamie Roche,Lausanne-Sport,Brack Super League,2001-04-05,25,CM,70,191,84,Left,3,2,69,70,65,64,69,85,80,77,60,77
1189442,Salim Diakite,270133,Salim Diakité,Palermo,Serie BKT,2000-06-03,26,RB,70,186,79,Right,3,2,77,82,61,61,65,76,81,85,70,78
289138,Kal Naismith,205054,Kal Naismith,Luton Town,EFL League One,1992-02-18,34,CB,70,185,78,Left,3,2,67,64,73,74,69,77,78,78,73,77
574186,Agus Medina,223853,Agus Medina,Albacete BP,LALIGA HYPERMOTION,1994-09-08,31,CM,70,176,72,Right,3,3,69,66,71,79,70,90,73,72,57,74
665170,Etienne Vaessen,250916,Etienne Vaessen,FC Groningen,Eredivisie,1995-07-26,30,GK,70,189,84,Right,2,1,62,64,47,38,62,30,55,64,28,70
1202888,Hugo Siquet,259586,Hugo Siquet,Club Brugge,1A Pro League,2002-07-09,23,RM,70,180,70,Right,4,3,76,74,72,75,64,73,65,74,67,68
1614804,Anthony Dennis,72888,Anthony Dennis,Göztepe,Trendyol Süper Lig,2004-06-21,22,CM,70,179,70,Right,3,2,71,76,72,72,64,79,71,77,74,74
700683,Ross McCrorie,234229,Ross McCrorie,Bristol City,EFL Championship,1998-03-18,28,RB,70,187,80,Right,3,2,74,79,67,70,65,90,81,82,82,84
980424,Kylian Kaiboué,244542,Kylian Kaïboué,Amiens SC,Ligue 2 BKT,1998-08-20,27,CDM,70,182,65,Left,3,2,62,79,71,71,64,85,68,70,69,73
915264,Randy Nteka,251756,Randy Nteka,Rayo Vallecano,LALIGA EA SPORTS,1997-12-06,28,ST,70,189,75,Left,3,3,70,69,76,78,65,78,88,87,80,84
95870,Güray Vural,186651,Güray Vural,Antalyaspor,Trendyol Süper Lig,1988-06-11,38,LB,70,177,65,Left,3,3,69,75,70,80,70,63,62,66,65,63
180274,Graeme Shinnie,200302,Graeme Shinnie,Aberdeen,Scottish Prem,1991-08-04,34,CDM,70,175,72,Left,3,2,63,66,73,79,74,82,73,73,83,77
789507,Jack Taylor,233851,Jack Taylor,Ipswich,EFL Championship,1998-06-23,28,CDM,70,185,70,Right,4,3,67,67,71,74,70,77,67,72,72,71
955947,Demba Thiam,237127,Demba Thiam,Monza,Serie BKT,1998-03-05,28,GK,70,202,87,Right,1,1,64,58,60,40,65,40,62,69,16,66
807930,Regan Slater,241953,Regan Slater,Hull City,EFL Championship,1999-09-10,26,CM,70,171,66,Right,3,3,74,69,81,84,69,86,60,69,73,70
945841,Emil Kornvig,254084,Emil Kornvig,SK Brann,Eliteserien,2000-04-28,26,CM,70,187,70,Right,4,2,70,68,69,76,72,85,64,70,70,71
697190,Jérémy Livolant,231753,Jérémy Livolant,Casa Pia AC,Liga Portugal,1998-01-09,28,RW,70,175,70,Right,3,3,83,80,81,80,59,74,69,73,58,68
872963,Tom Dele-Bashiru,233048,Tom Dele-Bashiru,Watford,EFL Championship,1999-09-17,26,CM,70,178,68,Right,3,3,79,75,80,84,67,77,60,66,58,64
1020807,Tom Ducrocq,247369,Tom Ducrocq,SC Bastia,Ligue 2 BKT,1999-08-25,26,CDM,70,176,62,Right,3,2,71,76,87,80,63,91,64,72,61,71
1185902,Jens Castrop,264194,Jens Castrop,M'gladbach,Bundesliga,2003-07-29,22,CM,70,177,71,Right,3,3,79,80,88,79,71,79,57,64,86,69
1202048,Cristian Gutiérrez,272305,Cristian Gutiérrez,UD Las Palmas,LALIGA HYPERMOTION,2000-11-30,25,LB,70,177,70,Left,3,3,82,80,75,75,66,66,63,74,59,64
574451,Dimitar Mitov,225280,Dimitar Mitov,Aberdeen,Scottish Prem,1997-01-22,29,GK,70,188,76,Right,3,1,61,60,58,55,63,35,68,71,45,71
1391753,Yaimar Medina,271417,Yaimar Medina,KRC Genk,1A Pro League,2004-11-05,21,LB,70,175,70,Left,2,3,91,91,77,77,68,71,64,71,55,64
1097446,Noah Cadiou,276594,Noah Cadiou,FC Lorient,Ligue 1 McDonald's,1998-10-26,27,CDM,70,191,84,Right,2,2,67,67,57,59,66,90,89,83,58,83
1032157,Bence Ötvös,79091,Bence Ötvös,Ferencvárosi TC,Magyar Liga,1998-03-13,28,CDM,70,182,74,Right,3,2,60,67,64,64,71,73,71,65,72,71
287894,Loris Karius,203775,Loris Karius,FC Schalke 04,Bundesliga 2,1993-06-22,33,GK,70,189,90,Right,3,1,55,54,51,43,67,36,75,72,21,70
845985,Victor Torp,241645,Victor Torp,Coventry City,EFL Championship,1999-07-30,26,CM,70,178,68,Right,4,3,64,62,76,76,67,74,67,67,63,68
1039566,Brian De Keersmaecker,250913,Brian De Keersmaecker,Oxford United,EFL Championship,2000-05-06,26,CDM,70,182,75,Right,3,2,72,80,68,67,62,73,70,72,73,71
1179835,Giorgi Gocholeishvili,274722,Giorgi Gocholeishvili,Hamburger SV,Bundesliga,2001-02-14,25,RB,70,178,70,Right,3,3,84,85,78,75,65,78,68,71,76,72
566467,Gil Dias,229453,Gil Dias,FC Famalicão,Liga Portugal,1996-09-28,29,RM,70,185,75,Left,4,4,75,69,74,75,70,71,64,70,62,66
344093,Josip Misic,231007,Josip Mišić,Dinamo Zagreb,Liga Hrvatska,1994-06-28,32,CDM,70,187,79,Right,4,2,67,71,52,56,52,75,70,69,80,73
878296,Daiki Hashioka,242006,Daiki Hashioka,Slavia Praha,Česká Liga,1999-05-17,27,RB,70,182,73,Right,3,3,66,74,61,59,70,90,74,74,66,76
902693,Liziero,245319,Liziero,Nacional,Liga Portugal,1998-02-07,28,CM,70,175,74,Left,3,3,71,72,71,78,67,71,61,68,64,64
249510,Risto Radunovic,248095,Risto Radunović,FCSB,SUPERLIGA,1992-05-04,34,LB,70,183,77,Left,3,2,71,74,72,68,70,80,78,78,74,78
1494508,Niko Sigur,275238,Niko Sigur,Hajduk Split,Liga Hrvatska,2003-09-09,22,RB,70,180,68,Right,3,2,69,72,75,72,75,81,56,58,82,68
722741,Josh Tymon,232759,Josh Tymon,Swansea City,EFL Championship,1999-05-22,27,LB,70,180,75,Left,3,2,78,74,69,74,66,80,67,73,67,71
532947,Vetle Dragsnes,247009,Vetle Dragsnes,SK Brann,Eliteserien,1994-02-06,32,LB,70,187,82,Right,3,2,80,82,70,67,65,89,77,80,58,76
1329461,Danley Jean Jacques,268805,Danley Jean Jacques,Philadelphia,MLS,2000-05-20,26,CM,70,182,72,Left,3,2,68,69,68,68,68,76,73,74,73,74
1393748,Joel da Silva,271289,Joel Silva,Nacional,Liga Portugal,2003-02-11,23,CM,70,185,80,Right,4,2,74,75,70,65,74,77,67,60,70,70
1227590,Kyriani Sabbe,275050,Kyriani Sabbe,Club Brugge,1A Pro League,2005-01-26,21,RB,70,172,68,Right,3,2,79,72,74,88,65,77,65,70,70,69
298676,Joe Bryan,203505,Joe Bryan,Millwall,EFL Championship,1993-09-17,32,LB,70,173,75,Left,4,3,74,70,75,77,67,72,71,77,70,71
288319,Adrián Ortolá,204966,Adrián Ortolá,En Avant Guingamp,Ligue 2 BKT,1993-08-20,32,GK,70,187,74,Left,4,1,49,52,54,62,59,39,54,59,38,67
289254,Rafa Soares,218936,Rafa Soares,FC Famalicão,Liga Portugal,1995-05-09,31,LB,70,177,72,Left,3,3,75,74,72,72,64,72,64,71,60,66
625091,Gerrit Holtmann,228614,Gerrit Holtmann,VfL Bochum 1848,Bundesliga 2,1995-03-25,31,LM,70,185,77,Left,2,3,90,95,79,71,69,65,65,71,34,59
863359,Andy Irving,242271,Andy Irving,West Ham,Premier League,2000-05-13,26,CM,70,190,78,Left,2,3,53,55,67,62,62,63,77,71,67,71
814400,Antonio Candela,252315,Antonio Candela,Spezia,Serie BKT,2000-04-27,26,RB,70,185,74,Right,3,2,77,83,74,64,66,79,74,79,65,74
1039403,Santiago Pierotti,253139,Santiago Pierotti,Lecce,Serie A Enilive,2001-04-03,25,RM,70,189,83,Right,3,3,69,69,69,62,70,62,71,71,70,69
1222175,Luís Esteves,267633,Luís Esteves,Gil Vicente,Liga Portugal,1998-04-09,28,CM,70,169,62,Right,3,3,78,76,85,90,71,85,42,47,73,59
1187623,Matheus Pereira,271017,Matheus Pereira,Santa Clara,Liga Portugal,2000-12-21,25,LB,70,172,68,Left,3,2,76,78,61,81,65,77,70,71,68,71
740171,Kasey Palmer,225441,Kasey Palmer,Hull City,EFL Championship,1996-11-09,29,CAM,70,181,80,Right,4,3,68,66,77,77,62,56,77,73,70,70
614176,Keshi Anderson,227686,Keshi Anderson,Birmingham City,EFL Championship,1995-04-06,31,LM,70,175,71,Right,3,3,81,80,76,78,64,76,73,79,43,68
874613,Lewis Wing,238839,Lewis Wing,Reading,EFL League One,1995-06-23,31,CM,70,185,83,Right,2,3,58,53,62,64,67,83,76,69,66,75
950286,Brian Ocampo,253293,Brian Ocampo,Cádiz CF,LALIGA HYPERMOTION,1999-06-25,27,LM,70,175,74,Right,3,4,85,80,81,78,61,71,64,70,68,67
1427808,Panos Katseris,276007,Panos Katseris,FC Lorient,Ligue 1 McDonald's,2001-07-05,24,RM,70,175,70,Right,4,3,79,79,72,72,65,84,56,67,62,65
1400216,Josh Acheampong,71651,Josh Acheampong,Chelsea,Premier League,2006-05-05,20,RB,70,190,85,Right,3,2,75,76,66,63,67,67,76,80,70,73
1093782,Lukas Petkov,260925,Lukas Petkov,SV Elversberg,Bundesliga 2,2000-11-01,25,RM,70,183,76,Right,4,3,78,82,73,71,67,72,62,66,53,63
1036235,Pedro Ortiz,264175,Pedro Ortiz,Córdoba CF,LALIGA HYPERMOTION,2000-08-19,25,CM,70,184,76,Left,3,2,70,70,73,64,68,75,60,63,60,64
1355526,Maxi Oyedele,269262,Maxi Oyedele,Strasbourg,Ligue 1 McDonald's,2004-11-07,21,CM,70,183,75,Right,3,2,68,71,70,73,71,63,68,68,68,67
627499,Vaclav Jurecka,269510,Václav Jurečka,Çaykur Rizespor,Trendyol Süper Lig,1994-06-26,32,ST,70,182,76,Right,3,2,72,75,69,70,70,84,74,78,70,76
1420818,Sydie Peck,279572,Sydie Peck,Sheffield Utd,EFL Championship,2004-09-13,21,CDM,70,185,75,Right,3,2,68,68,71,70,68,78,67,65,80,72
1241301,João Paulo,205953,João Paulo,Sounders FC,MLS,1991-03-08,35,CDM,70,171,71,Right,3,3,64,51,62,73,69,64,73,67,70,70
709148,Lewie Coyle,224099,Lewie Coyle,Hull City,EFL Championship,1995-10-15,30,RB,70,177,80,Right,3,2,74,72,75,77,65,82,71,76,76,75
962000,Josh Eccles,251555,Josh Eccles,Coventry City,EFL Championship,2000-04-06,26,CDM,70,181,66,Right,3,2,73,68,75,72,67,76,64,70,74,69
1222166,Luca Kerber,260369,Luca Kerber,Heidenheim,Bundesliga,2002-03-10,24,CDM,70,183,82,Right,3,3,69,60,75,78,68,79,69,72,70,72
1180694,Dean James,269247,Dean James,Go Ahead Eagles,Eredivisie,2000-04-30,26,LB,70,177,71,Left,3,3,80,84,75,74,62,75,59,71,67,65
410411,Andrea Fulignati,220720,Andrea Fulignati,Empoli,Serie BKT,1994-10-31,31,GK,70,190,88,Right,3,1,51,44,52,54,68,17,60,63,30,72
792653,Ahmed Touba,236535,Ahmed Touba,Panathinaikos,Hellas Liga,1998-03-13,28,CB,70,190,81,Left,3,2,64,75,64,65,64,77,85,78,80,82
816434,Alfie May,237332,Alfie May,Huddersfield,EFL League One,1993-07-03,32,ST,70,175,72,Right,4,3,85,84,84,85,70,90,63,67,68,71
1206287,Freddie Potts,264579,Freddie Potts,West Ham,Premier League,2003-09-12,22,CDM,70,183,79,Right,3,2,67,65,75,74,69,78,67,69,73,71
237541,Felix Klaus,202088,Felix Klaus,Fürth,Bundesliga 2,1992-09-13,33,RM,70,179,79,Right,3,3,77,94,74,77,67,79,66,70,63,69
471271,Amari'i Bell,207804,Amari'i Bell,Charlton Ath,EFL Championship,1994-05-05,32,CB,70,180,76,Left,3,3,74,76,63,71,70,80,72,87,65,73
466436,Mory Diaw,220820,Mory Diaw,Havre AC,Ligue 1 McDonald's,1993-06-22,33,GK,70,197,98,Right,2,1,44,42,33,36,59,29,72,69,29,70
742405,Tom Davies,230005,Tom Davies,Sheffield Utd,EFL Championship,1998-06-30,28,CM,70,180,70,Right,3,3,63,56,63,69,70,63,65,68,82,68
643986,Ádám Nagy,230936,Ádám Nagy,Spezia,Serie BKT,1995-06-17,31,CM,70,178,70,Right,4,3,69,65,83,83,71,83,55,61,65,64
748856,Callum Styles,234087,Callum Styles,West Brom,EFL Championship,2000-03-27,26,LB,70,170,64,Left,4,3,68,68,81,89,69,85,57,60,66,66
614956,Yuri Ribeiro,237211,Yuri Ribeiro,Blackburn Rovers,EFL Championship,1997-01-24,29,LB,70,180,77,Left,3,3,76,76,81,78,65,70,64,74,69,67
517274,Ales Mateju,240282,Aleš Matějů,Spezia,Serie BKT,1996-06-03,30,CB,70,184,79,Right,3,2,68,71,66,69,65,87,81,84,78,82
956161,Joe Gelhardt,246053,Joe Gelhardt,Hull City,EFL Championship,2002-05-04,24,ST,70,175,72,Left,3,3,77,74,81,81,65,72,70,76,68,70
1075065,Braian Ojeda,248870,Braian Ojeda,Real Salt Lake,MLS,2000-06-27,26,CDM,70,173,68,Right,3,4,72,63,76,79,65,77,67,71,81,73
1082954,Gonzalo Crettaz,253211,Gonzalo Crettaz,N.E.C. Nijmegen,Eredivisie,2000-02-28,26,GK,70,184,78,Right,3,1,43,40,45,46,57,38,64,62,23,70
1358149,Luka Stojkovic,277901,Luka Stojković,Dinamo Zagreb,Liga Hrvatska,2003-10-28,22,CAM,70,182,75,Right,4,4,74,71,76,64,62,80,63,59,79,70
343316,Emiliano Marcondes,210644,Emiliano Marcondes,Norwich,EFL Championship,1995-03-09,31,CM,70,182,75,Right,3,3,70,70,76,69,72,70,65,65,62,66
574448,Joe Lumley,217096,Joe Lumley,Bristol City,EFL Championship,1995-02-15,31,GK,70,191,73,Right,3,1,43,46,30,51,64,35,65,64,33,68
1073905,Rassoul Ndiaye,251926,Rassoul Ndiaye,Havre AC,Ligue 1 McDonald's,2001-12-11,24,CM,70,179,70,Right,3,2,74,64,74,77,70,76,70,75,67,71
1337282,Kodai Sano,277809,Kodai Sano,N.E.C. Nijmegen,Eredivisie,2003-09-25,22,CM,70,176,66,Right,3,3,79,58,83,75,67,81,58,66,57,64
1622889,Louis Leroux,74473,Louis Leroux,FC Nantes,Ligue 1 McDonald's,2006-01-23,20,CM,70,184,75,Left,2,3,71,64,64,68,69,77,54,58,62,62
369754,Jamal Lowe,211384,Jamal Lowe,Sheffield Wed,EFL Championship,1994-07-21,31,ST,70,183,79,Right,3,4,81,86,88,70,66,67,73,81,58,69
719578,James Penrice,232212,James Penrice,AEK Athens,Hellas Liga,1998-12-22,27,LB,70,177,73,Left,2,2,75,80,77,78,65,73,59,67,60,63
785716,Jovane Cabral,244193,Jovane Cabral,Estrela Amadora,Liga Portugal,1998-06-14,28,LW,70,174,81,Right,4,3,78,76,76,74,66,62,74,77,59,68
1314657,Vinícius Tobias,268411,Vinícius Tobías,Shakhtar Donetsk,Ukrayina Liha,2004-02-23,22,RB,70,175,66,Right,3,3,79,78,70,76,68,70,65,75,63,66
1431281,James Beadle,273621,James Beadle,Birmingham City,EFL Championship,2004-07-16,21,GK,70,201,85,Right,3,1,47,45,55,45,60,40,67,65,25,70
422121,Joris van Overeem,210010,Joris van Overeem,sc Heerenveen,Eredivisie,1994-06-01,32,CM,70,181,73,Right,2,3,70,60,77,79,70,72,59,64,58,62
496728,David Gil,225868,David Gil,Cádiz CF,LALIGA HYPERMOTION,1994-01-11,32,GK,70,186,81,Left,2,1,48,46,32,55,63,41,66,66,25,69
890346,Cameron Pring,234941,Cameron Pring,Bristol City,EFL Championship,1998-01-22,28,LB,70,185,71,Left,2,2,81,79,70,67,63,74,71,80,64,71
1185509,Andreas Müller,257283,Andreas Müller,Karlsruher SC,Bundesliga 2,2000-07-20,25,CDM,70,173,70,Right,2,2,71,61,82,90,66,78,45,59,71,59
1478148,Leon Avdullahu,276969,Leon Avdullahu,TSG Hoffenheim,Bundesliga,2004-02-23,22,CDM,70,185,79,Right,3,2,64,57,59,58,66,88,67,58,57,70
1617161,Jorthy Mokio,71351,Jorthy Mokio,Ajax,Eredivisie,2008-02-29,18,CDM,70,182,72,Left,3,2,69,70,64,64,66,59,74,72,51,66
184360,Andreas Weimann,194017,Andreas Weimann,Derby County,EFL Championship,1991-08-05,34,CAM,70,178,76,Right,3,3,73,66,75,68,71,79,65,75,74,71
760747,Kjetil Haug,224322,Kjetil Haug,Toulouse FC,Ligue 1 McDonald's,1998-06-12,28,GK,70,191,83,Right,2,1,43,49,47,41,64,27,59,62,26,69
639133,José Arnáiz,231530,José Arnáiz,Granada CF,LALIGA HYPERMOTION,1995-04-15,31,LM,70,173,69,Right,4,4,81,75,83,77,65,74,67,79,52,66
766957,Luis Pérez,235088,Luis Pérez,Gaziantep,Trendyol Süper Lig,1995-02-04,31,RB,70,174,71,Right,2,3,84,85,81,77,64,86,72,78,65,74
723564,Igor Silva,242054,Igor Silva,FC Lorient,Ligue 1 McDonald's,1996-08-21,29,RB,70,173,66,Right,2,3,73,75,79,80,63,74,53,64,69,62
1072710,Bartol Franjic,254928,Bartol Franjić,Venezia,Serie BKT,2000-01-14,26,CDM,70,188,78,Left,3,2,75,63,58,60,69,77,74,80,73,75
1274400,Alan Minda,263397,Alan Minda,Cercle Brugge,1A Pro League,2003-05-14,23,RM,70,171,67,Right,3,4,82,85,80,76,63,61,56,65,60,59
1042086,Ibrahim Olawoyin,275691,Ibrahim Olawoyin,Çaykur Rizespor,Trendyol Süper Lig,1997-12-01,28,CAM,70,178,72,Right,3,3,81,82,80,67,68,75,66,78,48,65
1310001,Ezechiel Banzuzi,276216,Ezechiel Banzuzi,RB Leipzig,Bundesliga,2005-02-16,21,CM,70,191,80,Right,3,2,67,66,56,53,69,74,74,76,65,72
1520506,Livan Burcu,276583,Livan Burcu,Union Berlin,Bundesliga,2004-09-28,21,LM,70,178,68,Right,3,3,80,77,83,73,64,72,52,66,57,59
77690,Seamus Coleman,180216,Séamus Coleman,Everton,Premier League,1988-10-11,37,RB,70,177,77,Right,3,3,49,52,62,65,73,35,67,65,78,61
202639,Sergio Álvarez,199158,Sergio Álvarez,SD Eibar,LALIGA HYPERMOTION,1992-01-23,34,CDM,70,183,74,Right,3,2,54,53,63,53,66,80,80,70,74,78
541822,John Swift,211506,John Swift,Portsmouth,EFL Championship,1995-06-23,31,CAM,70,182,73,Right,2,3,65,55,81,75,65,61,68,64,32,59
688285,Alec Georgen,229194,Alec Georgen,USL Dunkerque,Ligue 2 BKT,1998-09-17,27,RB,70,172,69,Right,3,2,79,76,77,83,64,83,62,72,53,66
750845,David Turnbull,234111,David Turnbull,Cardiff City,EFL League One,1999-07-10,26,CM,70,185,75,Right,4,3,56,53,63,76,66,64,69,59,50,63
678812,Efkan Bekiroglu,243914,Efkan Bekiroğlu,Göztepe,Trendyol Süper Lig,1995-09-14,30,CAM,70,185,84,Right,2,3,68,69,71,69,65,68,73,63,60,69
945883,Antoine Bernier,243953,Antoine Bernier,Sp. Charleroi,1A Pro League,1997-09-10,28,RM,70,170,68,Right,4,3,82,78,87,86,61,90,63,74,65,71
981048,Giuseppe Sibilli,258475,Giuseppe Sibilli,Bari,Serie BKT,1996-08-07,29,ST,70,180,76,Right,3,3,77,80,79,72,66,77,63,74,59,66
938682,Jackson Muleka,258685,Jackson Muleka,Konyaspor,Trendyol Süper Lig,1999-10-04,26,ST,70,180,80,Right,3,3,82,81,82,74,63,74,78,82,67,75
982633,Jordan Zemura,259634,Jordan Zemura,Udinese,Serie A Enilive,1999-11-14,26,LB,70,179,63,Left,3,2,80,68,70,78,68,73,50,57,61,58
496732,Max O'Leary,220807,Max O'Leary,Bristol City,EFL Championship,1996-10-10,29,GK,70,185,78,Right,3,1,39,48,30,48,65,43,54,54,26,69
513503,Pascal Stenzel,229584,Pascal Stenzel,VfB Stuttgart,Bundesliga,1996-03-20,30,RB,70,183,78,Right,3,2,51,54,61,59,66,69,67,65,73,69
955203,Thomas van den Belt,245338,Thomas van den Belt,FC Twente,Eredivisie,2001-06-18,25,CM,70,181,72,Right,3,3,52,55,68,72,69,80,65,61,66,69
776584,Pedro Amaral,251469,Pedro Amaral,Estoril Praia,Liga Portugal,1997-08-25,28,LB,70,178,73,Left,4,3,71,74,64,70,69,73,63,62,65,66
1096630,Leighton Clarkson,252134,Leighton Clarkson,Aberdeen,Scottish Prem,2001-10-19,24,CAM,70,175,66,Right,2,3,71,62,79,82,69,70,48,54,57,56
1108603,Timothée Pembélé,257270,Timothée Pembélé,Sunderland,Premier League,2002-09-09,23,RB,70,182,76,Right,3,2,78,79,78,67,67,66,60,74,59,62
1329255,Louis Mouton,269725,Louis Mouton,Angers SCO,Ligue 1 McDonald's,2002-06-03,24,CM,70,180,75,Right,3,2,67,65,62,64,69,85,70,66,65,73
1327319,Chris Rigg,273459,Chris Rigg,Sunderland,Premier League,2007-06-18,19,CAM,70,177,67,Left,3,3,67,69,77,76,70,73,57,57,55,61
176680,Loris Benito,193468,Loris Benito,BSC Young Boys,Brack Super League,1992-01-07,34,CB,70,186,85,Left,3,2,65,66,70,55,70,85,77,76,69,77
531047,Florin Tanase,223231,Florin Tănase,FCSB,SUPERLIGA,1994-12-30,31,CAM,70,185,71,Right,3,3,76,75,79,61,67,79,62,71,55,65
660887,Fabien Centonze,229971,Fabien Centonze,FC Nantes,Ligue 1 McDonald's,1996-01-16,30,RB,70,182,75,Right,3,2,65,67,65,72,58,68,70,68,71,70
1096327,Jakub Stolarczyk,239772,Jakub Stolarczyk,Leicester City,EFL Championship,2000-12-19,25,GK,70,194,89,Right,2,1,31,43,29,42,57,40,73,63,18,70
1068920,Vítezslav Jaros,253428,Vítězslav Jaroš,Ajax,Eredivisie,2001-07-23,24,GK,70,190,88,Right,3,1,39,38,50,41,65,40,58,57,23,68
857434,Vladan Kovacevic,263032,Vladan Kovacević,Norwich,EFL Championship,1998-04-11,28,GK,70,192,83,Right,2,1,33,42,38,37,54,18,59,56,24,71
119079,Alex McCarthy,189324,Alex McCarthy,Southampton,EFL Championship,1989-12-03,36,GK,70,193,79,Right,2,1,45,46,34,41,65,34,63,63,35,68
167065,Sebastian Jung,192658,Sebastian Jung,Karlsruher SC,Bundesliga 2,1990-06-22,36,RB,70,179,72,Right,4,3,66,65,67,73,64,69,67,68,78,70
617763,Daniel Iversen,228410,Daniel Iversen,Preston,EFL Championship,1997-07-19,28,GK,70,193,80,Right,2,1,43,47,42,54,68,44,72,67,19,68
623366,Nathan Trott,238060,Nathan Trott,Cardiff City,EFL League One,1998-11-21,27,GK,70,188,78,Left,2,1,39,40,42,38,59,36,48,52,25,68
694060,Meschack Elia,251532,Meschack Elia,BSC Young Boys,Brack Super League,1997-08-06,28,ST,70,173,67,Right,4,3,86,79,82,87,69,80,70,75,58,70
1159539,Taylor Booth,256887,Taylor Booth,FC Twente,Eredivisie,2001-05-31,25,RM,70,173,66,Right,3,4,78,80,81,80,64,69,48,53,54,55
725462,Ivan Nevistic,261144,Ivan Nevistić,Dinamo Zagreb,Liga Hrvatska,1998-07-31,27,GK,70,193,88,Right,2,1,41,38,53,22,66,22,77,67,23,68
1300329,Calvin Brackelmann,269912,Calvin Brackelmann,SC Paderborn 07,Bundesliga 2,1999-08-22,26,CB,70,196,86,Left,3,2,73,90,58,56,66,72,87,85,66,79
1174002,Benjamin Bouchouari,271452,Benjamin Bouchouari,Trabzonspor,Trendyol Süper Lig,2001-11-13,24,CM,70,165,65,Right,3,3,70,63,89,90,69,74,54,52,65,61
287892,Jed Wallace,205970,Jed Wallace,West Brom,EFL Championship,1994-03-26,32,RM,70,178,70,Right,4,3,75,72,75,74,67,66,61,64,58,62
354136,Mathias Dyngeland,208573,Mathias Dyngeland,SK Brann,Eliteserien,1995-10-07,30,GK,70,187,81,Right,3,1,44,42,40,48,65,35,59,60,24,70
640284,Ali Lajami,228783,Ali Lajami,Al Hilal,ROSHN Saudi League,1996-04-24,30,CB,70,178,75,Right,4,2,78,74,79,73,66,78,74,80,80,77
793041,Federico Ravaglia,240657,Federico Ravaglia,Bologna,Serie A Enilive,1999-11-11,26,GK,70,196,88,Right,3,1,35,39,41,34,60,43,48,50,18,69
1310103,Anton Kade,266433,Anton Kade,FC Augsburg,Bundesliga,2004-01-17,22,RM,70,185,72,Right,3,3,76,76,80,73,60,64,69,64,47,63
1433070,Oscar Cortés,266673,Óscar Cortés,R. Sporting,LALIGA HYPERMOTION,2003-12-03,22,LM,70,178,76,Right,3,4,77,79,78,78,69,59,56,59,55,57
1381103,Martin Delavallee,269795,Martin Delavallée,Sp. Charleroi,1A Pro League,2004-03-18,22,GK,70,180,77,Right,2,1,47,44,51,44,69,20,52,58,30,68
1015750,Stavros Pilios,279064,Stavros Pilios,AEK Athens,Hellas Liga,2000-12-10,25,LB,70,177,60,Left,2,2,79,78,80,75,72,78,58,64,67,65
564571,Bingourou Kamara,224442,Bingourou Kamara,FC Lorient,Ligue 1 McDonald's,1996-10-21,29,GK,70,196,92,Right,3,1,37,41,28,42,65,32,77,69,17,70
916916,Andy Pelmard,247412,Andy Pelmard,Jagiellonia,PKO BP Ekstraklasa,2000-03-12,26,CB,70,180,68,Right,4,2,79,82,76,77,64,80,75,80,72,76
924519,Jusuf Gazibegovic,259101,Jusuf Gazibegović,1. FC Köln,Bundesliga,2000-03-11,26,RB,70,174,67,Right,4,3,76,73,82,82,68,59,65,69,73,65
1209441,Ivan Romero,264173,Iván Romero,Levante UD,LALIGA EA SPORTS,2001-04-10,25,ST,70,172,72,Right,3,3,85,84,82,83,66,74,59,76,48,61
1425101,Silas Andersen,70007,Silas Andersen,BK Häcken,Allsvenskan,2004-06-13,22,CDM,70,190,76,Right,3,2,64,67,55,53,68,76,84,79,68,79
1252373,Roberto Fernández,193241,Roberto Fernández,Cerro Porteño,Libertadores,1988-03-29,38,GK,70,191,80,Right,2,1,44,44,58,29,73,34,64,62,31,69
604579,Andrea Cistana,226260,Andrea Cistana,Spezia,Serie BKT,1997-04-01,29,CB,70,183,78,Right,3,2,62,73,73,73,68,83,71,77,71,74
632342,Jeff Reine-Adélaide,228509,Jeff Reine-Adélaïde,Heracles Almelo,Eredivisie,1998-01-17,28,CAM,70,184,75,Right,3,4,66,65,73,66,65,63,61,66,53,60
635947,Alfons Sampsted,237511,Alfons Sampsted,Birmingham City,EFL Championship,1998-04-06,28,RB,70,180,72,Right,3,3,78,68,77,76,67,84,67,81,66,72
934742,Maurice Malone,251431,Maurice Malone,SK Sturm Graz,Ö. Bundesliga,2000-08-17,25,ST,70,187,87,Left,3,3,79,76,68,69,63,70,81,85,63,75
182836,Marco D'Alessandro,192071,Marco D'Alessandro,Catanzaro,Serie BKT,1991-02-17,35,LM,70,173,65,Right,3,3,86,81,89,84,65,66,34,51,38,44
287898,Ahmad Benali,203782,Ahmad Benali,Entella,Serie BKT,1992-02-07,34,CM,70,173,66,Right,3,4,85,69,92,86,69,84,52,58,54,61
467480,Bas Kuipers,217585,Bas Kuipers,FC Twente,Eredivisie,1994-08-17,31,LB,70,180,73,Left,3,2,68,67,74,75,64,80,73,79,71,75
922622,Róbert Bozeník,255409,Róbert Boženík,Stoke City,EFL Championship,1999-11-18,26,ST,70,188,80,Right,4,3,74,75,66,63,66,71,77,81,70,74
1060617,Oliver Sonne,262794,Oliver Sonne,Burnley,Premier League,2000-11-10,25,RB,70,184,76,Right,3,2,77,77,66,64,67,79,62,68,58,66
1113670,Aaron Ramsey,266270,Aaron Ramsey,Leicester City,EFL Championship,2003-01-21,23,LM,70,181,73,Right,3,4,76,69,78,74,62,67,59,59,53,60
1246009,Cher Ndour,276682,Cher Ndour,Fiorentina,Serie A Enilive,2004-07-27,21,CM,70,190,84,Right,4,3,49,60,57,52,70,57,78,69,61,69
128827,Lewis Holtby,188154,Lewis Holtby,NAC Breda,Eredivisie,1990-09-18,35,CM,70,176,76,Left,3,3,64,35,73,78,67,55,64,63,68,63
310836,Pierrick Capelle,209781,Pierrick Capelle,Angers SCO,Ligue 1 McDonald's,1987-04-15,39,CDM,70,181,73,Left,4,2,39,48,57,64,72,51,61,53,71,60
820132,Silas Gnaka,237155,Silas Gnaka,1. FC Magdeburg,Bundesliga 2,1998-12-18,27,CDM,70,179,73,Left,3,3,70,59,79,76,70,77,60,69,70,67
770566,Leon Jensen,238792,Leon Jensen,Hertha BSC,Bundesliga 2,1997-05-19,29,CM,70,175,70,Right,4,3,68,61,76,84,70,80,52,50,49,58
859764,Luka Ilic,243834,Luka Ilić,R. Oviedo,LALIGA EA SPORTS,1999-07-02,26,CAM,70,182,73,Left,2,4,75,73,76,60,69,62,59,62,57,60
824717,Jakov Medic,251288,Jakov Medić,Norwich,EFL Championship,1998-09-07,27,CB,70,193,91,Right,3,2,62,65,57,53,66,73,90,81,78,83
1070908,Darian Males,252526,Darian Males,BSC Young Boys,Brack Super League,2001-05-03,25,RM,70,188,76,Left,3,3,77,78,73,71,62,71,73,73,40,66
157838,Nathaniel Clyne,190456,Nathaniel Clyne,Crystal Palace,Premier League,1991-04-05,35,RB,70,175,67,Right,2,3,54,64,65,60,72,38,58,71,69,56
289137,Charlie Taylor,204760,Charlie Taylor,West Brom,EFL Championship,1993-09-18,32,LB,70,185,70,Left,2,3,55,53,67,66,69,55,75,72,78,70
1077922,George Tanner,242800,George Tanner,Bristol City,EFL Championship,1999-11-16,26,RB,70,181,71,Right,2,2,73,69,74,70,65,75,66,70,70,69
1392232,Marc Aguado,246809,Marc Aguado,Elche CF,LALIGA EA SPORTS,2000-02-22,26,CDM,70,178,68,Left,3,2,61,69,69,71,66,72,60,60,57,62
957122,Ianis Stoica,247955,Ianis Stoica,Estrela Amadora,Liga Portugal,2002-12-08,23,LM,70,180,68,Right,3,3,87,90,80,81,68,76,62,75,63,66
749648,Attila Szalai,253170,Attila Szalai,Kasımpaşa,Trendyol Süper Lig,1998-01-20,28,CB,70,192,83,Left,3,2,66,74,66,48,70,73,83,72,70,77
936603,Milutin Osmajic,263230,Milutin Osmajić,Preston,EFL Championship,1999-07-25,26,ST,70,186,80,Right,5,2,79,77,61,73,68,67,83,86,74,77
1178263,Alfie Devine,264180,Alfie Devine,Preston,EFL Championship,2004-08-01,21,CAM,70,182,75,Right,3,3,65,65,69,69,65,60,60,65,61,60
1344677,Mateo Joseph,270206,Mateo Joseph,RCD Mallorca,LALIGA EA SPORTS,2003-10-19,22,ST,70,185,74,Right,3,2,79,84,75,75,69,71,71,81,59,69
1428401,Romain Esse,273616,Romain Esse,Crystal Palace,Premier League,2005-05-13,21,RW,70,178,65,Left,2,3,79,76,85,81,67,66,55,63,55,58
1315319,Oliver Scarles,274102,Oliver Scarles,West Ham,Premier League,2005-12-12,20,LB,70,180,75,Left,3,2,74,71,72,74,68,67,66,73,53,64
726956,Cedric Itten,233139,Cedric Itten,Düsseldorf,Bundesliga 2,1996-12-27,29,ST,70,190,84,Right,3,3,68,68,64,63,70,72,84,85,73,79
659047,Niklas Hauptmann,234385,Niklas Hauptmann,Dynamo Dresden,Bundesliga 2,1996-06-27,30,CM,70,176,63,Left,3,3,61,72,84,83,67,84,37,38,70,55
529869,Ramzi Safuri,278159,Ramzi Safuri,Antalyaspor,Trendyol Süper Lig,1995-10-21,30,CAM,70,184,74,Right,3,4,69,67,76,77,68,67,70,59,58,66
243132,Nahki Wells,202686,Nahki Wells,Luton Town,EFL League One,1990-06-01,36,ST,70,170,69,Right,3,3,71,69,77,76,70,65,61,72,68,64
881124,Diego Pampin,241055,Diego Pampín,Levante UD,LALIGA EA SPORTS,2000-03-15,26,LB,70,173,65,Left,3,2,77,78,76,76,65,77,58,69,62,64
925325,João Moutinho,242629,João Moutinho,Lech Poznań,PKO BP Ekstraklasa,1998-01-12,28,LB,70,183,71,Left,2,2,77,74,73,64,65,76,69,77,63,70
916332,Luke Thomas,254470,Luke Thomas,Leicester City,EFL Championship,2001-06-10,25,LB,70,177,68,Left,2,2,75,70,69,71,66,75,65,73,67,68
1220187,Jesus Vázquez,260082,Jesús Vázquez,Valencia CF,LALIGA EA SPORTS,2003-01-02,23,LB,70,172,73,Left,2,2,67,71,65,62,68,63,60,68,63,62
480014,Pietro Ceccaroni,219956,Pietro Ceccaroni,Palermo,Serie BKT,1995-12-21,30,CB,70,188,76,Left,3,2,59,70,61,70,67,74,74,77,65,72
673749,Miguel Cardoso,224890,Miguel Cardoso,Kayserispor,Trendyol Süper Lig,1994-06-19,32,LM,70,176,76,Right,4,4,73,74,71,74,68,59,65,61,46,60
1289961,Adam Obert,266636,Adam Obert,Cagliari,Serie A Enilive,2002-08-23,23,LB,70,187,82,Left,2,2,68,64,68,63,68,63,68,72,61,66
1347791,Yassin Belkhdim,269729,Yassin Belkhdim,Angers SCO,Ligue 1 McDonald's,2002-02-14,24,CM,70,175,70,Right,3,2,56,53,65,69,66,72,62,62,71,66
1494947,Aaron Anselmino,278455,Aaron Anselmino,Borussia Dortmund,Bundesliga,2005-04-29,21,CB,70,186,83,Right,3,2,67,67,63,63,65,62,75,75,76,72
1526221,Cyriaque Irié,74431,Cyriaque Irié,SC Freiburg,Bundesliga,2005-06-20,21,RM,70,185,78,Left,2,3,88,85,72,54,62,81,78,74,47,72
180259,Andre Gray,194138,Andre Gray,Karagümrük SK,Trendyol Süper Lig,1991-06-26,35,ST,70,178,78,Right,3,3,75,80,75,71,70,69,72,77,70,71
171250,Denis Alibec,197971,Denis Alibec,FCSB,SUPERLIGA,1991-01-05,35,ST,70,187,84,Left,3,4,63,61,64,63,66,69,80,72,89,79
575364,Alberto Grassi,220475,Alberto Grassi,Cremonese,Serie A Enilive,1995-03-07,31,CM,70,183,75,Right,3,2,62,37,64,66,68,75,56,64,67,63
872996,Liam Cullen,233941,Liam Cullen,Swansea City,EFL Championship,1999-04-23,27,CAM,70,178,66,Left,3,3,77,76,74,80,68,75,64,75,58,66
845368,John Yeboah,242755,John Yeboah,Venezia,Serie BKT,2000-06-23,26,ST,70,170,66,Left,3,3,91,92,92,88,70,79,52,73,40,57
863130,Pedro Mendes,254824,Pedro Mendes,Modena,Serie BKT,1999-08-01,26,ST,70,187,84,Right,4,3,69,74,77,65,66,69,82,81,72,77
531913,Orlando Mosquera,263976,Orlando Mosquera,Al Fayha,ROSHN Saudi League,1994-12-25,31,GK,70,191,91,Right,3,1,32,32,37,26,64,21,68,60,25,65
1403332,Aljoscha Kemlein,271659,Aljoscha Kemlein,Union Berlin,Bundesliga,2004-08-02,21,CM,70,185,78,Right,3,3,66,39,68,72,71,71,68,70,61,67
462863,Karol Mets,226506,Karol Mets,FC St. Pauli,Bundesliga,1993-05-16,33,CB,70,191,82,Left,3,2,54,74,59,57,64,74,84,75,76,79
640725,Curro Sánchez,231733,Curro Sánchez,Burgos CF,LALIGA HYPERMOTION,1996-01-03,30,CAM,70,174,71,Left,3,3,77,74,76,79,68,76,47,66,40,54
1153342,Marton Dardai,256780,Márton Dárdai,Hertha BSC,Bundesliga 2,2002-02-12,24,CB,70,188,77,Left,3,2,66,70,65,64,69,74,75,75,65,73
1097467,Dirk Proper,262334,Dirk Proper,N.E.C. Nijmegen,Eredivisie,2002-02-24,24,CDM,70,168,63,Right,4,2,75,41,75,84,70,81,49,59,66,61
1280560,Lukas Pinckert,262591,Lukas Pinckert,SV Elversberg,Bundesliga 2,2000-01-22,26,CB,70,185,86,Right,2,2,69,79,57,57,69,72,77,78,75,75
934495,Godfried Frimpong,263255,Godfried Frimpong,Kasımpaşa,Trendyol Süper Lig,1999-04-21,27,LB,70,180,66,Left,2,2,80,79,68,74,69,69,65,68,67,67
1251666,Ernest Poku,264219,Ernest Poku,Leverkusen,Bundesliga,2004-01-28,22,RM,70,173,63,Right,5,3,93,95,86,83,66,74,56,68,52,60
1439394,Pau Sans,274212,Pau Sans,Real Zaragoza,LALIGA HYPERMOTION,2004-11-24,21,RM,70,177,71,Right,3,3,84,80,82,70,67,68,59,76,60,62
1186529,Carlos Forbs,277426,Carlos Forbs,Club Brugge,1A Pro League,2004-03-19,22,LW,70,169,58,Left,2,3,90,90,83,85,68,65,43,61,58,52
1506829,Raul Florucz,79334,Raul Florucz,R. Union St.-G.,1A Pro League,2001-06-10,25,RW,70,182,74,Left,4,3,75,70,77,68,61,67,62,72,57,63
230916,Ryan Fraser,207807,Ryan Fraser,Southampton,EFL Championship,1994-02-24,32,LM,70,163,70,Right,4,3,73,69,86,90,68,52,33,41,70,46
610267,Ben Pearson,213689,Ben Pearson,Stoke City,EFL Championship,1995-01-04,31,CDM,70,176,71,Right,3,3,64,48,67,78,65,74,71,67,91,76
866163,Conor Shaughnessy,219551,Conor Shaughnessy,Portsmouth,EFL Championship,1996-06-30,30,CB,70,192,87,Right,4,2,56,66,49,53,65,75,83,80,71,78
581132,Chris Bedia,225533,Chris Bedia,BSC Young Boys,Brack Super League,1996-03-05,30,ST,70,190,85,Left,2,2,66,74,68,56,68,70,84,81,81,80
789574,Jayson Molumby,236344,Jayson Molumby,West Brom,EFL Championship,1999-08-06,26,CDM,70,176,68,Right,3,2,63,57,67,66,70,74,57,59,74,65
833979,Bebeto,239875,Bebeto,CD Tondela,Liga Portugal,1990-01-01,36,RB,70,174,62,Right,2,3,70,70,78,74,69,77,57,64,69,65
938537,Fatih Kaya,243445,Fatih Kaya,Wehen Wiesbaden,3. Liga,1999-11-13,26,ST,70,183,78,Right,4,3,76,72,73,70,62,67,80,82,64,74
762028,Ylber Ramadani,243787,Ylber Ramadani,Lecce,Serie A Enilive,1996-04-12,30,CDM,70,185,72,Right,3,2,62,47,57,69,65,85,66,66,72,72
1269497,Yannik Engelhardt,262906,Yannik Engelhardt,M'gladbach,Bundesliga,2001-02-07,25,CDM,70,184,74,Right,4,2,68,63,64,64,69,75,66,68,67,69
1298925,Jeremy Sarmiento,263522,Jeremy Sarmiento,Cremonese,Serie A Enilive,2002-06-16,24,LM,70,178,73,Right,3,3,80,77,75,83,60,58,62,66,51,59
1388749,Khalil Fayad,271306,Khalil Fayad,Montpellier,Ligue 2 BKT,2004-06-09,22,CM,70,172,61,Right,3,3,69,62,76,85,69,58,34,42,59,45
1109100,John Mercado,72656,John Mercado,Sparta Praha,Česká Liga,2002-06-03,24,LW,70,186,74,Left,2,3,87,86,82,57,55,72,61,65,54,63
1309634,Dailon Livramento,73853,Dailon Livramento,Casa Pia AC,Liga Portugal,2001-05-04,25,ST,70,185,75,Right,3,2,79,84,78,64,65,55,68,82,61,64
253120,Virgil Misidjan,203725,Virgil Misidjan,N.E.C. Nijmegen,Eredivisie,1993-07-24,32,LM,70,173,70,Right,4,3,82,80,85,83,63,64,59,63,66,62
466216,Zoran Arsenic,239179,Zoran Arsenić,Raków,PKO BP Ekstraklasa,1994-06-02,32,CB,70,187,75,Right,3,2,70,68,67,55,67,74,86,82,76,81
1160390,Jose Fontán,258728,José Fontán,Arouca,Liga Portugal,2000-02-11,26,CB,70,183,76,Left,3,2,64,62,60,63,63,73,69,76,84,73
1054132,Eduardo Guerrero,74978,Eduardo Guerrero,Dynamo Kyiv,Ukrayina Liha,2000-02-21,26,ST,70,180,72,Right,3,3,79,76,77,70,70,71,62,74,67,66
1190350,Niko Galesic,76227,Niko Galešić,Dinamo Zagreb,Liga Hrvatska,2001-03-26,25,CB,70,187,82,Right,3,2,62,70,52,53,68,72,79,80,73,76
1068880,Stefan Baiaram,251880,Ștefan Baiaram,Univ. Craiova,SUPERLIGA,2002-12-31,23,RM,70,185,70,Right,3,3,83,86,82,69,63,77,54,71,60,62
1132158,Zé Carlos,258786,Zé Carlos,Gil Vicente,Liga Portugal,1998-07-31,27,RB,70,177,72,Right,3,2,78,76,64,71,68,80,57,63,66,65
1329406,Jeanuël Belocian,268622,Jeanuël Belocian,Leverkusen,Bundesliga,2005-02-17,21,CB,70,182,73,Left,3,2,65,69,67,68,66,54,72,75,71,67
1338740,Tani Oluwaseyi,271108,Tani Oluwaseyi,Villarreal CF,LALIGA EA SPORTS,2000-05-15,26,ST,70,188,77,Right,4,3,82,88,74,64,63,62,69,84,62,67
1351569,Hugo Bolin,272931,Hugo Bolin,Malmö FF,Allsvenskan,2003-07-24,22,LM,70,179,64,Right,3,3,78,74,83,82,64,74,50,55,52,57
107280,Ashley Barnes,186905,Ashley Barnes,Burnley,Premier League,1989-10-30,36,ST,70,185,84,Right,4,3,43,39,64,66,74,65,81,75,88,78
265924,Gregoire Defrel,202851,Grégoire Defrel,Modena,Serie BKT,1991-06-17,35,ST,70,179,79,Left,3,3,78,69,77,71,70,41,60,73,53,55
727379,Lazar Carevic,240834,Lazar Carević,FC Famalicão,Liga Portugal,1999-03-16,27,GK,70,195,88,Right,3,1,22,30,21,29,65,26,57,52,19,69
789585,Marcus Forss,241523,Marcus Forss,Bolton,EFL League One,1999-06-18,27,ST,70,182,76,Right,3,2,75,73,60,72,70,65,70,75,72,69
816368,Ciaron Brown,242541,Ciaron Brown,Oxford United,EFL Championship,1998-01-14,28,CB,70,185,76,Left,2,2,63,67,63,57,68,72,79,77,68,75
1188087,Brandon Domingues,257396,Brandon Domingues,R. Oviedo,LALIGA EA SPORTS,2000-06-06,26,LM,70,172,63,Right,3,3,78,74,77,79,62,64,50,60,58,56
1033114,Anthony Musaba,258165,Anthony Musaba,Samsunspor,Trendyol Süper Lig,2000-12-06,25,RM,70,182,72,Right,5,3,86,90,80,69,64,65,70,78,39,63
1184693,Couhaib Driouech,258753,Couhaib Driouech,PSV,Eredivisie,2002-04-17,24,LW,70,175,73,Right,4,3,91,93,84,87,68,77,58,56,58,63
523380,Myenty Abena,212546,Myenty Abena,Gaziantep,Trendyol Süper Lig,1994-12-12,31,CB,70,191,79,Right,2,2,67,71,53,55,68,75,87,82,75,81
1052689,Karamoko Dembélé,246682,Karamoko Dembélé,QPR,EFL Championship,2003-02-22,23,RM,70,167,65,Left,3,4,86,81,92,94,65,64,33,47,42,43
982284,Ellis Simms,251198,Ellis Simms,Coventry City,EFL Championship,2001-01-05,25,ST,70,191,73,Right,4,3,67,77,58,56,68,72,83,81,66,77
1366006,Umut Tohumcu,269084,Umut Tohumcu,TSG Hoffenheim,Bundesliga,2004-08-11,21,CAM,70,175,71,Right,4,3,71,65,77,79,72,63,46,49,59,53
1244356,Daisuke Yokota,274191,Daisuke Yokota,Hannover 96,Bundesliga 2,2000-06-15,26,CAM,70,171,69,Left,3,4,81,78,90,90,67,75,34,45,53,49
1202239,Mohamed Bamba,277216,Mohamed Bamba,FC Lorient,Ligue 1 McDonald's,2001-12-10,24,ST,70,185,72,Right,3,3,78,78,76,70,66,70,73,81,63,71
46518,Asmir Begovic,172723,Asmir Begović,Leicester City,EFL Championship,1987-06-20,39,GK,70,199,101,Right,2,1,25,28,30,35,65,29,76,62,42,73
212304,Andrew Hughes,214906,Andrew Hughes,Preston,EFL Championship,1992-06-05,34,CB,70,186,81,Left,2,2,55,62,61,56,68,82,78,78,74,78
614194,Sead Haksabanovic,226430,Sead Hakšabanović,Malmö FF,Allsvenskan,1999-05-04,27,LM,70,173,74,Right,4,4,80,74,84,81,66,69,66,62,37,61
926659,Joyskim Dawa,252675,Joyskim Dawa,FCSB,SUPERLIGA,1996-04-09,30,CB,70,192,92,Right,2,2,77,79,55,36,67,81,83,86,80,82
1156148,Matheo Raab,257480,Matheo Raab,Union Berlin,Bundesliga,1998-12-18,27,GK,70,186,82,Right,3,1,30,18,24,34,60,30,45,47,27,70
813225,Daniel Figueira,262417,Daniel Figueira,Gil Vicente,Liga Portugal,1998-07-20,27,GK,70,189,84,Right,3,1,26,29,36,32,70,24,70,59,22,70
1187260,Prince Ampem,72825,Prince Ampem,Eyüpspor,Trendyol Süper Lig,1998-04-13,28,LM,70,169,65,Right,3,3,90,88,88,87,60,66,46,69,42,51
265006,Benjamin Siegrist,202886,Benjamin Siegrist,Genoa,Serie A Enilive,1992-01-31,34,GK,70,196,85,Right,3,1,34,33,32,30,69,34,69,60,38,72
308131,Aníbal Godoy,217047,Aníbal Godoy,San Diego FC,MLS,1990-02-10,36,CM,70,183,82,Left,2,3,43,43,61,62,66,74,73,59,85,75
605262,Kieran Dowell,226401,Kieran Dowell,Rangers,Scottish Prem,1997-10-10,28,RM,70,185,70,Left,3,3,61,63,69,68,70,62,56,58,45,55
820133,Christian Früchtl,235266,Christian Früchtl,Lecce,Serie A Enilive,2000-01-28,26,GK,70,193,88,Left,2,1,25,23,26,23,62,19,63,56,26,66
865184,Siriki Dembélé,239350,Siriki Dembélé,Oxford United,EFL Championship,1996-09-07,29,LM,70,173,67,Right,5,4,91,85,87,91,66,69,49,70,45,54
1125187,Ramon Hendriks,251829,Ramon Hendriks,VfB Stuttgart,Bundesliga,2001-07-18,24,CB,70,189,83,Left,4,2,75,85,66,59,61,66,75,79,68,72
553401,Davide Adorni,208146,Davide Adorni,Modena,Serie BKT,1992-08-09,33,CB,70,189,78,Right,3,2,71,76,69,65,70,79,69,76,71,72
519890,Emil Hansson,222165,Emil Hansson,Blackpool,EFL League One,1998-06-15,28,LM,70,172,68,Right,3,3,80,68,83,85,67,68,49,59,38,52
585237,Daniele Verde,225844,Daniele Verde,Spezia,Serie BKT,1996-06-20,30,RW,70,168,63,Left,3,4,77,72,81,83,63,70,34,50,58,49
807955,Louis Mafouta,266586,Louis Mafouta,En Avant Guingamp,Ligue 2 BKT,1994-07-02,31,ST,70,181,70,Right,3,2,83,80,76,67,59,78,73,87,41,69
1395882,Nazar Voloshyn,274726,Nazar Voloshyn,Dynamo Kyiv,Ukrayina Liha,2003-06-17,23,LM,70,175,62,Right,4,3,84,81,80,79,66,61,46,65,66,55
1647524,Emmanuel Uchenna,76097,Emmanuel Uchenna,Sparta Praha,Česká Liga,2003-12-04,22,CB,70,186,76,Right,3,2,67,68,51,63,66,68,78,82,74,75
987139,Giovanni Haag,246550,Giovanni Haag,Red Star FC,Ligue 2 BKT,2000-05-30,26,CDM,70,187,80,Right,3,3,73,46,70,66,64,91,70,74,82,78
1387741,Ibrahim Salah,270828,Ibrahim Salah,FC Basel 1893,Brack Super League,2001-08-30,24,LW,70,186,70,Right,4,3,65,76,69,70,69,65,71,69,61,67
1389450,Eguinaldo,277448,Eguinaldo,Shakhtar Donetsk,Ukrayina Liha,2004-08-09,21,LM,70,175,69,Right,4,3,90,87,82,81,68,62,51,72,57,56
638120,Sergi Guardiola,229624,Sergi Guardiola,Córdoba CF,LALIGA HYPERMOTION,1991-05-29,35,ST,70,185,78,Left,2,3,67,68,69,66,66,53,77,82,70,70
666954,Chidozie Awaziem,232693,Chidozie Awaziem,FC Nantes,Ligue 1 McDonald's,1997-01-01,29,CB,70,189,78,Right,3,2,70,73,69,51,70,72,77,79,77,76
834602,Virgil Ghita,248105,Virgil Ghiță,Hannover 96,Bundesliga 2,1998-06-04,28,CB,70,186,82,Right,2,2,70,70,66,73,67,81,84,86,73,81
1049799,Nathanaël Mbuku,253036,Nathanaël Mbuku,Montpellier,Ligue 2 BKT,2002-03-16,24,RM,70,170,68,Left,2,4,78,69,85,88,63,60,51,62,48,53
1254147,Antoine Mendy,272515,Antoine Mendy,OGC Nice,Ligue 1 McDonald's,2004-05-27,22,CB,70,187,75,Right,3,2,63,65,64,67,67,69,72,73,73,72
1280137,Cristian Shpendi,72852,Cristian Shpendi,Cesena,Serie BKT,2003-05-19,23,ST,70,181,70,Right,3,2,68,74,76,69,69,81,59,69,57,65
1290962,Ashley Phillips,264731,Ashley Phillips,Stoke City,EFL Championship,2005-06-26,21,CB,70,192,90,Right,3,2,64,66,58,68,67,69,79,78,70,75
1282015,Carlos Martin,265396,Carlos Martín,Atlético de Madrid,LALIGA EA SPORTS,2002-04-22,24,ST,70,180,74,Right,4,3,70,78,72,66,67,52,67,71,58,62
210400,Abdoulaye Bamba,199313,Abdoulaye Bamba,Angers SCO,Ligue 1 McDonald's,1990-04-25,36,CB,70,182,72,Right,3,2,63,56,66,64,69,67,69,72,65,68
897315,Simone Canestrelli,264480,Simone Canestrelli,Pisa,Serie A Enilive,2000-09-11,25,CB,70,192,85,Right,3,2,63,67,46,48,65,88,76,76,68,77
1280203,Loic Williams,264736,Loïc Williams,Granada CF,LALIGA HYPERMOTION,2002-01-07,24,CB,70,188,74,Left,3,2,62,72,64,54,65,76,83,79,70,78
1410340,Taras Mykhavko,71330,Taras Mykhavko,Dynamo Kyiv,Ukrayina Liha,2005-05-30,21,CB,70,187,78,Left,3,2,66,67,60,63,68,65,72,78,61,68
719581,Zak Vyner,225072,Zak Vyner,Bristol City,EFL Championship,1997-05-14,29,CB,70,187,73,Right,3,2,66,69,64,56,66,73,75,76,63,72
715303,Marc Gual,236692,Marc Gual,Rio Ave FC,Liga Portugal,1996-03-13,30,ST,70,184,73,Right,3,3,80,82,75,66,61,73,70,77,36,64
631757,Egil Selvik,247611,Egil Selvik,Watford,EFL Championship,1997-07-30,28,GK,70,187,75,Left,2,1,20,18,35,34,64,22,52,48,26,69
1624586,Bazoumana Touré,71418,Bazoumana Touré,TSG Hoffenheim,Bundesliga,2006-03-02,20,LM,70,175,68,Left,2,4,90,92,80,80,60,65,50,60,35,51
808155,Fabian Kunze,251429,Fabian Kunze,Kaiserslautern,Bundesliga 2,1998-06-14,28,CDM,70,193,78,Right,3,2,64,55,55,39,71,81,76,80,82,79
1121314,Ronnie Edwards,258167,Ronnie Edwards,Southampton,EFL Championship,2003-03-28,23,CB,70,185,76,Right,4,2,67,70,66,65,69,75,75,76,68,74
1436275,Ibrahima Sory Bangoura,277206,Ibrahima Sory Bangoura,KRC Genk,1A Pro League,2004-01-05,22,CDM,70,190,79,Right,3,2,59,67,39,45,61,75,82,77,65,77
1309372,Mory Gbane,277659,Mory Gbane,Stade de Reims,Ligue 2 BKT,2000-12-25,25,CDM,70,188,80,Right,2,2,49,54,43,40,66,85,88,73,67,82
793933,Mihai Popescu,246561,Mihai Popescu,FCSB,SUPERLIGA,1993-05-07,33,CB,70,188,83,Right,3,2,68,66,59,61,67,73,80,79,78,78
1127480,Tommy Conway,261283,Tommy Conway,Middlesbrough,EFL Championship,2002-08-06,23,ST,70,178,67,Right,3,2,82,81,72,72,72,66,60,76,47,60
1203614,Nico Serrano,259422,Nico Serrano,Athletic Club,LALIGA EA SPORTS,2003-03-05,23,LM,70,176,72,Left,2,3,84,82,85,85,62,74,46,59,38,52
1120002,Arnau Comas,266159,Arnau Comas,RC Deportivo,LALIGA HYPERMOTION,2000-04-11,26,CB,70,191,79,Right,3,2,72,72,64,60,65,63,81,82,70,74
1199243,Nikolas Sattlberger,270995,Nikolas Sattlberger,KRC Genk,1A Pro League,2004-01-18,22,CDM,70,191,73,Right,3,2,57,50,62,56,60,66,76,72,66,71
1428420,Emmanuel Biumla,275878,Emmanuel Biumla,Angers SCO,Ligue 1 McDonald's,2005-05-08,21,CB,70,185,75,Right,3,2,54,68,53,51,68,67,75,72,62,70
708457,Léo Pétrot,248559,Léo Pétrot,Elche CF,LALIGA EA SPORTS,1997-04-15,29,LB,70,188,81,Left,2,2,64,66,61,55,67,79,81,79,67,78
1580952,Vitor Reis,76624,Vitor Reis,Girona FC,LALIGA EA SPORTS,2006-01-12,20,CB,70,186,77,Right,3,2,64,65,61,56,69,62,71,74,67,68
543306,Federico Bonazzoli,223137,Federico Bonazzoli,Cremonese,Serie A Enilive,1997-05-21,29,ST,70,185,79,Left,3,3,68,63,70,56,68,62,69,73,43,62
914399,Liam Kitching,246873,Liam Kitching,Coventry City,EFL Championship,1999-09-25,26,CB,70,191,80,Left,3,2,61,65,46,44,64,68,83,79,82,79
1177312,Sékou Mara,257612,Sékou Mara,AJ Auxerre,Ligue 1 McDonald's,2002-07-30,23,ST,70,183,74,Right,3,3,77,75,67,58,66,65,73,85,49,67
1192386,Henrique Araújo,266905,Henrique Araújo,SL Benfica,Liga Portugal,2002-01-19,24,ST,70,182,78,Right,2,3,72,68,50,67,71,67,75,79,61,70
1664722,Jaydee Canvot,74133,Jaydee Canvot,Crystal Palace,Premier League,2006-07-29,19,CB,70,188,79,Right,3,2,64,75,47,48,62,69,76,77,70,73
1531887,Pau Navarro,278659,Pau Navarro,Villarreal CF,LALIGA EA SPORTS,2005-04-25,21,CB,70,185,72,Right,3,2,59,58,63,59,69,64,59,70,68,63
1536436,Konstantinos Karetsas,70497,Konstantinos Karetsas,KRC Genk,1A Pro League,2007-11-19,18,CAM,70,171,62,Left,4,3,85,64,88,89,52,59,48,51,24,46
1288146,Stepán Chaloupek,73456,Štěpán Chaloupek,Slavia Praha,Česká Liga,2003-03-01,23,CB,70,188,68,Right,3,2,65,73,51,55,66,65,81,83,75,76
1367614,Nelson Weiper,268259,Nelson Weiper,1. FSV Mainz 05,Bundesliga,2005-03-17,21,ST,70,192,83,Right,3,3,64,84,61,56,68,65,78,81,66,73
1516203,Newerton,277194,Newerton,Shakhtar Donetsk,Ukrayina Liha,2005-06-03,21,LW,70,167,60,Right,3,4,85,82,87,92,65,65,44,52,31,47
749564,Fraser Hornby,242965,Fraser Hornby,SV Darmstadt 98,Bundesliga 2,1999-09-13,26,ST,70,195,85,Right,2,2,54,75,41,34,62,61,88,86,65,77
1185260,Jamil Siebert,259299,Jamil Siebert,Lecce,Serie A Enilive,2002-04-02,24,CB,70,193,86,Right,3,2,69,72,51,51,65,72,88,75,74,81
172034,Brede Mathias Moe,212938,Brede Mathias Moe,FK Bodø/Glimt,Eliteserien,1991-12-15,34,CB,70,184,80,Right,3,2,53,52,49,65,70,75,82,75,69,77
797896,Guilherme Schettine,236555,Guilherme Schettine,Moreirense FC,Liga Portugal,1995-10-10,30,ST,70,180,82,Right,3,3,62,63,67,65,69,66,69,75,57,66
1131220,Janis Antiste,255839,Janis Antiste,SK Rapid,Ö. Bundesliga,2002-08-18,23,ST,70,183,75,Right,3,4,81,73,81,56,63,67,71,80,34,63
1107951,Cenk Özkacar,258396,Cenk Özkacar,1. FC Köln,Bundesliga,2000-10-06,25,CB,70,190,85,Left,3,2,55,59,61,55,66,68,78,78,70,74
794619,Hasan Kurucay,225487,Hasan Kuruçay,FC Schalke 04,Bundesliga 2,1997-08-31,28,CB,70,188,87,Right,3,2,61,67,57,56,64,76,83,79,77,80
1039217,Shinta Appelkamp,252903,Shinta Appelkamp,Düsseldorf,Bundesliga 2,2000-11-01,25,CAM,70,175,70,Right,3,3,79,50,90,85,66,70,39,46,36,47
1199391,Rav van den Berg,259442,Rav van den Berg,1. FC Köln,Bundesliga,2004-07-07,21,CB,70,190,73,Right,3,2,67,64,53,53,70,68,76,77,61,71
1138725,Noel Futkeu,276660,Noel Futkeu,Fürth,Bundesliga 2,2002-12-06,23,ST,70,183,76,Right,3,3,65,76,73,61,66,76,72,75,42,67
1313884,Rafa Marin,277244,Rafa Marín,Villarreal CF,LALIGA EA SPORTS,2002-05-19,24,CB,70,191,78,Right,3,2,66,67,65,62,66,64,69,76,68,68
1324045,Juan Gutiérrez,277519,Juan Gutiérrez,CD Mirandés,LALIGA HYPERMOTION,2000-01-28,26,CB,70,188,82,Right,3,2,72,72,55,54,60,76,83,82,73,79
1276626,Samson Baidoo,270997,Samson Baidoo,RC Lens,Ligue 1 McDonald's,2004-03-31,22,CB,70,187,86,Right,3,2,72,69,54,56,62,58,81,82,71,73
491148,Anthony Carter,271522,Anthony Carter,Santa Clara,Liga Portugal,1994-08-31,31,ST,70,192,86,Right,3,2,64,66,61,61,71,66,83,84,69,76
1363536,Damion Downs,274944,Damion Downs,Southampton,EFL Championship,2004-07-06,21,ST,70,192,80,Right,3,2,67,74,55,50,69,71,75,80,43,68
667962,Rodrigo Pinho,229683,Rodrigo Pinho,Estrela Amadora,Liga Portugal,1991-05-30,35,ST,70,185,80,Left,3,3,62,54,65,59,67,68,67,69,36,61
1523208,Sadibou Sané,278065,Sadibou Sané,FC Metz,Ligue 1 McDonald's,2004-06-10,22,CB,70,182,77,Right,3,2,63,69,45,60,64,66,77,77,67,72
1435397,Chibuike Nwaiwu,74981,Chibuike Nwaiwu,Wolfsberger AC,Ö. Bundesliga,2003-07-23,22,CB,70,193,84,Right,3,2,66,58,58,42,62,68,82,84,68,76
848600,Abdulelah Al Amri,241197,Abdulelah Al Amri,Al Nassr,ROSHN Saudi League,1997-01-15,29,CB,70,184,75,Right,2,2,63,73,55,51,65,76,80,93,85,81
979963,Xavier Mbuyamba,271658,Xavier Mbuyamba,FC Volendam,Eredivisie,2001-12-31,24,CB,70,195,85,Right,3,2,62,71,59,38,65,70,83,71,66,76
1109477,Mark McGuinness,248405,Mark McGuinness,Sheffield Utd,EFL Championship,2001-01-05,25,CB,70,194,70,Right,3,2,51,53,50,49,63,69,87,77,72,79
1136396,Daryl Dike,255043,Daryl Dike,West Brom,EFL Championship,2000-06-03,26,ST,70,188,100,Right,4,2,58,70,53,46,67,60,95,86,57,78
1273707,Nasser Djiga,263157,Nasser Djiga,Rangers,Scottish Prem,2002-11-15,23,CB,70,192,80,Right,2,2,66,67,57,51,68,62,76,77,78,73
919848,Gustaf Lagerbielke,264191,Gustaf Lagerbielke,SC Braga,Liga Portugal,2000-04-10,26,CB,70,193,83,Right,3,2,40,59,44,38,67,64,82,75,68,74
913560,Donatien Gomis,271050,Donatien Gomis,En Avant Guingamp,Ligue 2 BKT,1994-11-07,31,CB,70,188,85,Right,3,2,63,75,36,43,50,74,84,84,60,77
792308,Pablo Vázquez,236573,Pablo Vázquez,R. Sporting,LALIGA HYPERMOTION,1994-10-07,31,CB,70,189,83,Right,3,2,65,68,33,49,68,40,82,79,73,70
808148,Aleksandar Vukotic,243628,Aleksandar Vukotić,SV Darmstadt 98,Bundesliga 2,1995-07-22,30,CB,70,201,95,Left,3,2,37,66,32,30,59,61,95,74,77,82
844954,Luca Ravanelli,245091,Luca Ravanelli,Monza,Serie BKT,1997-01-06,29,CB,70,187,75,Right,3,2,52,67,47,62,70,53,73,71,72,68
1186015,Albian Hajdari,259074,Albian Hajdari,TSG Hoffenheim,Bundesliga,2003-05-18,23,CB,70,189,80,Left,3,2,62,58,51,50,63,71,82,77,77,78
265588,Toni Leistner,204776,Toni Leistner,Hertha BSC,Bundesliga 2,1990-08-19,35,CB,70,190,87,Right,3,2,40,49,37,50,65,61,87,76,77,78
704664,Adil Demirbag,258777,Adil Demirbağ,Konyaspor,Trendyol Süper Lig,1997-12-10,28,CB,70,185,78,Right,3,2,58,51,52,61,68,65,73,72,71,71
632305,Francisco Sierralta,228681,Francisco Sierralta,AJ Auxerre,Ligue 1 McDonald's,1997-05-06,29,CB,70,190,83,Right,3,2,49,51,48,33,68,50,84,74,77,74
664562,Gerrit Nauber,192559,Gerrit Nauber,Go Ahead Eagles,Eredivisie,1992-04-13,34,CB,70,185,73,Right,3,2,36,64,58,61,64,61,83,78,74,75
1250485,Tarik Muharemovic,262027,Tarik Muharemović,Sassuolo,Serie A Enilive,2003-02-28,23,CB,70,187,76,Left,3,2,54,63,53,60,70,65,65,66,73,67
1188577,João Goulart,73163,João Goulart,Casa Pia AC,Liga Portugal,2000-01-27,26,CB,70,191,88,Right,2,2,52,55,52,34,61,71,88,77,75,81
1117306,Botond Balogh,258708,Botond Balogh,Kocaelispor,Trendyol Süper Lig,2002-06-06,24,CB,70,189,77,Right,3,2,45,54,43,51,69,61,72,72,63,67
528440,Filippo Romagna,226108,Filippo Romagna,Sassuolo,Serie A Enilive,1997-05-26,29,CB,70,186,75,Right,3,2,44,44,63,60,70,53,68,63,72,65
726959,Petko Hristov,239998,Petko Hristov,Spezia,Serie BKT,1999-03-01,27,CB,70,191,85,Right,3,2,52,33,35,34,67,58,81,75,76,74
1157634,Stefan Mitrovic,209547,Stefan Mitrović,KAA Gent,1A Pro League,1990-05-22,36,CB,70,189,84,Right,4,2,33,32,32,33,66,68,86,71,78,79
185008,Danny Batth,195037,Danny Batth,Derby County,EFL Championship,1990-09-21,35,CB,70,191,90,Right,2,2,32,35,31,32,64,60,91,75,81,80
1179319,Marko Bulat,261143,Marko Bulat,Raków,PKO BP Ekstraklasa,2001-09-26,24,CM,69,179,68,Right,3,3,78,84,78,72,65,78,62,74,67,68
1521234,Diogo Travassos,279769,Diogo Travassos,Moreirense FC,Liga Portugal,2004-03-31,22,RB,69,175,65,Right,5,3,88,84,78,80,62,74,67,74,75,71
614574,Juninho Bacuna,226677,Juninho Bacuna,Gaziantep,Trendyol Süper Lig,1997-08-07,28,CDM,69,178,74,Right,4,4,75,71,73,71,66,72,74,77,84,76
761834,Oliver Rathbone,235496,Oliver Rathbone,Wrexham,EFL Championship,1996-10-10,29,CM,69,176,76,Right,3,3,81,82,83,85,68,89,66,65,86,76
818162,Jacopo Segre,244836,Jacopo Segre,Palermo,Serie BKT,1997-02-17,29,CM,69,185,75,Right,3,3,74,73,68,71,68,91,73,88,70,78
363345,Brad Potts,206653,Brad Potts,Preston,EFL Championship,1994-07-03,31,RB,69,188,81,Right,2,3,66,74,62,65,68,88,76,73,72,78
1316930,Jordan Bos,260521,Jordan Bos,Feyenoord,Eredivisie,2002-10-29,23,LB,69,180,70,Left,3,3,83,90,78,84,66,84,81,84,68,79
879064,Simone Santoro,242411,Simone Santoro,Modena,Serie BKT,1999-09-20,26,CM,69,181,74,Right,4,3,77,83,79,70,68,81,61,74,68,68
689987,Jakub Piotrowski,229973,Jakub Piotrowski,Udinese,Serie A Enilive,1997-10-04,28,CM,69,188,79,Right,4,3,66,72,66,59,66,70,78,76,73,75
902675,Joshua Kitolano,242531,Joshua Kitolano,Sparta Rotterdam,Eredivisie,2001-08-03,24,CM,69,170,71,Right,3,3,85,72,84,83,67,86,70,79,70,74
1060654,Festy Ebosele,263571,Festy Ebosele,Başakşehir,Trendyol Süper Lig,2002-08-02,23,RM,69,180,64,Right,3,2,89,88,83,79,64,78,73,80,70,74
982599,Adam Randell,251306,Adam Randell,Bristol City,EFL Championship,2000-10-01,25,CM,69,175,69,Right,3,2,76,70,81,84,69,81,64,74,74,71
1093264,Cedric Teguia,258536,Cedric Teguia,Moreirense FC,Liga Portugal,2001-10-01,24,RM,69,180,74,Left,3,3,85,82,81,74,60,76,77,84,70,76
559287,Brice Wembangomo,224793,Brice Wembangomo,BK Häcken,Allsvenskan,1996-12-18,29,RB,69,180,75,Right,3,3,90,90,80,81,63,81,72,81,64,73
866417,Paulinho,251847,Paulinho,FC Midtjylland,3F Superliga,1995-01-03,31,LB,69,178,71,Left,3,3,81,80,79,74,65,77,64,76,58,67
942193,Mikael Egill Ellertsson,264436,Mikael Egill Ellertsson,Genoa,Serie A Enilive,2002-03-11,24,CM,69,182,74,Left,3,3,66,72,73,68,62,75,59,61,74,66
824623,Martin Frese,238009,Martin Frese,Hellas Verona,Serie A Enilive,1998-01-04,28,LB,69,179,75,Left,3,3,75,79,75,73,65,66,65,70,61,65
660136,Thomas Ouwejan,229155,Thomas Ouwejan,N.E.C. Nijmegen,Eredivisie,1996-09-30,29,LB,69,183,76,Left,2,3,68,72,71,73,69,73,69,68,61,68
1288115,Fabio Ronaldo,269489,Fábio Ronaldo,Motor Lublin,PKO BP Ekstraklasa,2001-04-28,25,LW,69,178,72,Right,3,3,84,81,82,73,63,71,61,74,45,61
921067,Yohan Demoncy,234799,Yohan Demoncy,Stade de Reims,Ligue 2 BKT,1996-04-07,30,CAM,69,181,75,Right,2,3,65,64,67,70,68,91,76,74,74,79
885870,Connor Metcalfe,240648,Connor Metcalfe,FC St. Pauli,Bundesliga,1999-11-05,26,CM,69,178,70,Left,4,3,75,69,73,76,71,78,75,75,72,75
937066,Bali Mumba,243353,Bali Mumba,Plymouth Argyle,EFL League One,2001-10-08,24,LB,69,163,61,Right,5,3,85,82,87,90,66,75,54,66,61,61
934873,Salvatore Elia,251762,Salvatore Elia,Empoli,Serie BKT,1999-06-30,27,RB,69,183,70,Right,3,3,84,79,73,73,68,81,55,66,61,63
1178319,Louis Patris,261312,Louis Patris,R. Union St.-G.,1A Pro League,2001-06-07,25,RM,69,187,75,Right,3,3,69,79,67,62,67,69,71,74,75,71
280507,Matt Crooks,202693,Matt Crooks,Hull City,EFL Championship,1994-01-20,32,CAM,69,192,80,Right,2,3,54,55,61,47,72,83,84,80,80,83
415004,Gianluca Di Chiara,216799,Gianluca Di Chiara,Catanzaro,Serie BKT,1993-12-26,32,LB,69,186,78,Left,2,3,72,80,65,59,63,72,79,77,62,74
1077905,Ethan Laird,246159,Ethan Laird,Birmingham City,EFL Championship,2001-08-05,24,RB,69,177,66,Right,3,3,87,84,78,70,69,66,71,83,72,71
893399,Jaume Grau,246918,Jaume Grau,AVS Futebol SAD,Liga Portugal,1997-05-05,29,CM,69,182,67,Left,3,2,64,66,62,66,69,80,71,72,73,74
866164,Herbert Bockhorn,252014,Herbert Bockhorn,1. FC Magdeburg,Bundesliga 2,1995-01-31,31,RB,69,177,76,Right,4,3,75,81,75,81,58,77,65,73,60,67
812549,Marius Marin,252313,Marius Marin,Pisa,Serie A Enilive,1998-08-30,27,CM,69,180,75,Right,3,2,76,74,76,74,66,88,61,73,72,71
1021931,Juergen Elitim,257956,Juergen Elitim,Legia Warszawa,PKO BP Ekstraklasa,1998-07-13,27,CM,69,173,72,Left,3,3,78,80,82,83,66,74,56,60,72,64
1300387,Niccolo Pierozzi,270926,Niccolò Pierozzi,Palermo,Serie BKT,2001-09-12,24,RB,69,184,75,Right,3,3,74,72,78,72,62,75,62,67,61,65
1473998,Ilay Camara,278107,Ilay Camara,RSC Anderlecht,1A Pro League,2003-01-18,23,LB,69,174,72,Right,4,2,85,74,77,80,68,78,60,71,73,68
564816,Kenneth Paal,228120,Kenneth Paal,Antalyaspor,Trendyol Süper Lig,1997-06-24,29,LB,69,175,68,Left,3,3,83,79,80,80,65,76,70,76,65,71
657504,Philipp Hercher,229267,Philipp Hercher,1. FC Magdeburg,Bundesliga 2,1996-03-21,30,RM,69,182,81,Right,3,3,74,72,65,71,67,77,72,74,64,72
938542,Maxime Bernauer,243595,Maxime Bernauer,AS Saint-Étienne,Ligue 2 BKT,1998-07-01,28,CB,69,186,77,Right,3,2,69,64,64,59,63,71,80,79,69,76
864770,Pietro Beruatto,245491,Pietro Beruatto,Spezia,Serie BKT,1998-12-21,27,LM,69,185,76,Left,3,3,75,80,71,56,69,80,68,75,61,70
1385154,Marius Wörl,270403,Marius Wörl,Arminia Bielefeld,Bundesliga 2,2004-04-05,22,CM,69,178,74,Right,3,3,75,74,78,76,67,84,59,64,59,66
1417802,Pape Demba Diop,271721,Pape Demba Diop,1. FC Nürnberg,Bundesliga 2,2003-09-04,22,CDM,69,182,70,Right,3,2,78,77,67,69,69,68,64,75,70,67
1342983,Antoine Mille,73085,Antoine Mille,ESTAC Troyes,Ligue 2 BKT,1997-08-14,28,CAM,69,181,71,Left,3,3,74,63,57,63,66,84,64,71,70,71
470301,Joao Novais,229406,João Novais,Rio Ave FC,Liga Portugal,1993-07-10,32,CM,69,183,77,Right,3,4,65,55,64,72,63,64,74,64,59,68
767015,Kane Wilson,235618,Kane Wilson,MK Dons,EFL League Two,2000-03-11,26,RB,69,178,71,Right,4,3,86,84,80,74,64,89,65,73,58,70
789547,Joe Rankin-Costello,238336,Joe Rankin-Costello,Charlton Ath,EFL Championship,1999-07-26,26,RB,69,183,74,Right,4,3,77,71,69,66,69,65,72,75,72,70
552569,Mark Sykes,246847,Mark Sykes,Bristol City,EFL Championship,1997-08-04,28,RM,69,182,74,Right,2,3,75,72,77,71,66,79,64,71,62,68
1055141,Manolo Portanova,259331,Manolo Portanova,Reggiana,Serie BKT,2000-06-02,26,CM,69,183,79,Right,4,2,75,75,71,64,68,77,63,74,57,66
1335102,Ugo Raghouber,74774,Ugo Raghouber,LOSC Lille,Ligue 1 McDonald's,2003-07-13,22,CDM,69,180,68,Left,3,3,69,74,63,62,62,74,67,72,68,69
792754,Morgan Poaty,231307,Morgan Poaty,Lausanne-Sport,Brack Super League,1997-07-15,28,LB,69,177,80,Left,2,3,87,86,86,72,61,90,71,82,65,75
763998,Bakery Jatta,234640,Bakery Jatta,Hamburger SV,Bundesliga,1998-06-06,28,RW,69,184,79,Right,3,3,83,75,67,59,64,75,77,82,62,74
1302813,Martín Fernández,255879,Martín Fernández,Newell's,LPF,2001-05-08,25,CDM,69,183,75,Right,3,3,66,70,66,70,67,72,66,67,71,69
1330035,Rubén Sánchez,262479,Rubén Sánchez,RCD Espanyol,LALIGA EA SPORTS,2001-02-04,25,RB,69,185,73,Right,3,3,81,78,74,65,65,82,64,76,65,69
712132,Mortadha Ben Ouanes,263432,Mortadha Ben Ouanes,Kasımpaşa,Trendyol Süper Lig,1994-07-02,31,LB,69,182,75,Left,3,3,73,72,68,63,63,70,63,70,64,65
1114874,Denso Kasius,267446,Denso Kasius,AZ,Eredivisie,2002-10-06,23,RB,69,185,73,Right,3,3,86,90,78,65,63,74,63,64,74,68
1428426,Arthur Atta,272783,Arthur Atta,Udinese,Serie A Enilive,2003-01-14,23,CM,69,189,77,Right,3,3,70,73,71,63,68,64,70,71,70,69
1343374,Felipe Loyola,71230,Felipe Loyola,Independiente,LPF,2000-11-09,25,CM,69,180,77,Right,3,2,73,72,66,62,73,84,74,71,56,73
699461,Jean-Victor Makengo,230686,Jean-Victor Makengo,FC Lorient,Ligue 1 McDonald's,1998-06-12,28,CM,69,177,75,Left,3,3,64,53,64,71,67,68,66,71,68,67
777103,Berkay Özcan,235717,Berkay Özcan,Karagümrük SK,Trendyol Süper Lig,1998-02-15,28,CM,69,178,72,Right,3,3,72,68,71,75,68,80,69,62,59,69
1178324,Jaouen Hadjam,258230,Jaouen Hadjam,BSC Young Boys,Brack Super League,2003-03-26,23,LB,69,185,83,Left,3,3,77,80,71,65,60,74,74,74,66,72
982361,Taylor Gardner-Hickman,263678,Taylor Gardner-Hickman,Blackburn Rovers,EFL Championship,2001-12-30,24,CM,69,178,72,Right,3,3,70,76,61,68,67,71,59,62,59,62
1180299,Zico Buurmeester,265741,Zico Buurmeester,PEC Zwolle,Eredivisie,2002-06-07,24,CM,69,183,63,Right,3,3,67,63,74,70,68,86,63,68,67,70
1246270,Isaac Price,268630,Isaac Price,West Brom,EFL Championship,2003-09-26,22,CM,69,188,75,Right,3,2,67,66,70,69,64,76,66,67,70,69
103468,Johny Placide,178363,Johny Placide,SC Bastia,Ligue 2 BKT,1988-01-29,38,GK,69,181,84,Right,2,1,53,56,38,38,68,27,70,68,29,72
201689,Nicky Devlin,204033,Nicky Devlin,Aberdeen,Scottish Prem,1993-10-17,32,RB,69,183,73,Right,3,2,77,81,73,67,66,87,74,79,83,79
1030840,John Buckley,242749,John Buckley,Al Kholood,ROSHN Saudi League,1999-10-13,26,CDM,69,173,63,Right,4,3,78,65,80,82,70,75,61,68,65,66
962002,Sam McCallum,246155,Sam McCallum,Sheffield Utd,EFL Championship,2000-09-02,25,LB,69,177,80,Left,4,3,80,78,65,58,66,71,69,76,64,69
814892,Alexander Nollenberger,250947,Alexander Nollenberger,1. FC Magdeburg,Bundesliga 2,1997-06-04,29,LM,69,180,72,Right,3,3,85,89,79,76,57,76,67,73,55,67
1665129,Alonzo Engwanda,262025,Alonzo Engwanda,FC Utrecht,Eredivisie,2003-01-27,23,CDM,69,169,59,Right,3,3,80,76,85,91,66,76,72,74,75,74
150236,Jeroen Zoet,190778,Jeroen Zoet,AZ,Eredivisie,1991-01-06,35,GK,69,188,87,Right,4,1,55,45,54,42,64,40,67,69,18,69
161665,Soner Aydogdu,200713,Soner Aydoğdu,Samsunspor,Trendyol Süper Lig,1991-01-05,35,CM,69,180,72,Left,3,3,66,54,67,71,65,65,62,67,62,63
693591,Emil Bohinen,234894,Emil Bohinen,Venezia,Serie BKT,1999-03-12,27,CM,69,189,81,Left,3,3,62,54,69,73,66,79,68,66,70,71
935623,Evert Linthorst,244725,Evert Linthorst,Go Ahead Eagles,Eredivisie,2000-03-03,26,CDM,69,185,82,Right,3,3,66,66,65,67,68,80,78,77,68,76
1079558,Sam Sanna,252599,Sam Sanna,Laval MFC,Ligue 2 BKT,1999-03-08,27,CM,69,170,65,Right,3,2,76,70,77,82,64,90,46,59,65,61
688449,Andrés Andrade,252873,Andrés Andrade,LASK,Ö. Bundesliga,1998-10-16,27,CB,69,187,78,Left,3,2,73,74,61,59,66,85,78,81,71,79
1109757,Marc Leonard,264139,Marc Leonard,Birmingham City,EFL Championship,2001-12-19,24,CM,69,178,70,Right,3,3,72,70,66,75,67,87,55,62,72,67
1021336,Brandon Aguilera,268719,Brandon Aguilera,Rio Ave FC,Liga Portugal,2003-06-28,23,CM,69,179,73,Left,3,3,69,72,70,79,66,71,68,58,58,66
573744,Nicolas Ratti,223558,Nicolás Ratti,FC Andorra,LALIGA HYPERMOTION,1993-09-18,32,GK,69,179,72,Right,3,1,50,60,45,69,67,44,45,54,21,66
562055,Dominik Reimann,228607,Dominik Reimann,1. FC Magdeburg,Bundesliga 2,1997-06-18,29,GK,69,186,82,Right,3,1,44,46,53,50,60,31,47,51,24,71
680905,Jamiro Monteiro,231150,Jamiro Monteiro,PEC Zwolle,Eredivisie,1993-11-23,32,CAM,69,175,72,Right,4,3,68,75,82,83,69,83,60,62,70,68
887139,Ahmed Kutucu,245762,Ahmed Kutucu,Galatasaray,Trendyol Süper Lig,2000-03-01,26,LM,69,181,76,Right,4,3,79,75,72,68,67,68,71,79,70,70
1145714,Sander Tangvik,257568,Sander Tangvik,Rosenborg BK,Eliteserien,2002-11-29,23,GK,69,193,80,Right,2,1,56,58,49,46,66,26,61,65,23,67
1067806,Dario Spikic,261145,Dario Špikić,Rio Ave FC,Liga Portugal,1999-03-22,27,RW,69,183,79,Right,4,4,81,85,72,65,59,67,64,69,38,60
1256694,Metinho,262062,Metinho,FC Basel 1893,Brack Super League,2003-04-23,23,CDM,69,178,69,Right,2,3,69,70,72,71,62,77,67,72,63,69
1663855,João Simões,75150,João Simões,Sporting CP,Liga Portugal,2007-01-06,19,CM,69,175,71,Left,3,3,70,72,70,70,68,75,64,61,58,65
766935,Clément Michelin,236466,Clément Michelin,R. Racing Club,LALIGA HYPERMOTION,1997-05-11,29,RB,69,179,70,Right,3,3,70,77,73,72,63,79,61,69,68,67
877763,Josh Key,244870,Josh Key,Swansea City,EFL Championship,1999-11-19,26,RB,69,178,69,Right,3,3,85,83,78,75,66,83,70,73,58,71
1185617,Leon Flach,252859,Leon Flach,Jagiellonia,PKO BP Ekstraklasa,2001-02-28,25,CDM,69,178,75,Left,3,2,78,82,76,70,68,65,65,69,65,65
1116736,Gaspar Campos,256885,Gaspar Campos,R. Sporting,LALIGA HYPERMOTION,2000-03-27,26,LM,69,175,73,Right,4,3,82,80,84,81,65,83,74,73,58,73
1073496,Matthias Braunöder,258505,Matthias Braunöder,Bari,Serie BKT,2002-03-27,24,CM,69,174,67,Right,3,3,79,74,86,82,72,78,42,53,71,57
965666,Tuomas Ollila,272599,Tuomas Ollila,Paris FC,Ligue 1 McDonald's,2000-04-25,26,LB,69,174,68,Left,2,2,78,80,62,76,64,69,66,78,58,66
953590,Simone Zanon,72916,Simone Zanon,Carrarese Calcio,Serie BKT,2001-08-30,24,RM,69,178,69,Right,3,3,82,81,75,72,68,76,52,56,64,61
737084,Samuel Leach Holm,227882,Samuel Leach Holm,BK Häcken,Allsvenskan,1997-10-09,28,CDM,69,185,75,Right,3,2,63,63,61,61,66,73,67,64,66,68
664607,Luca Vignali,232439,Luca Vignali,Spezia,Serie BKT,1996-01-11,30,RB,69,186,75,Right,3,3,70,80,63,64,65,81,60,69,61,66
803203,Fran Gámez,243756,Fran Gámez,Albacete BP,LALIGA HYPERMOTION,1991-07-27,34,RB,69,174,71,Right,3,3,77,81,71,68,66,83,71,75,65,73
1092731,Joel Chima Fujita,260464,Joel Chima Fujita,FC St. Pauli,Bundesliga,2002-02-16,24,CM,69,175,70,Right,3,2,76,59,73,80,61,72,69,70,70,70
1188665,Rui Modesto,274270,Rui Modesto,Udinese,Serie A Enilive,1999-10-07,26,RM,69,181,72,Right,4,3,84,85,77,74,60,68,55,61,58,59
1206846,Stije Resink,275867,Stije Resink,FC Groningen,Eredivisie,2003-05-28,23,CDM,69,179,74,Right,3,3,66,71,66,68,68,91,63,68,69,71
188557,Jens Toornstra,198006,Jens Toornstra,Sparta Rotterdam,Eredivisie,1989-04-04,37,CAM,69,180,74,Right,3,3,34,52,56,75,73,82,65,50,72,70
716230,Liam Walsh,227995,Liam Walsh,Luton Town,EFL League One,1997-09-15,28,CM,69,168,65,Right,3,3,64,61,90,92,67,68,55,61,86,65
825593,Francis De Vries,237268,Francis de Vries,Auckland FC,A-League,1994-11-28,31,LB,69,188,80,Left,3,2,66,63,55,59,64,86,90,79,63,83
1123949,Eric Bocat,255446,Éric Bocat,Stoke City,EFL Championship,1999-07-16,26,LB,69,182,71,Left,3,2,76,79,69,73,68,76,64,71,61,67
1336754,Nikolas Veratschnig,267862,Nikolas Veratschnig,1. FSV Mainz 05,Bundesliga,2003-01-24,23,RB,69,180,75,Right,3,2,77,87,72,70,65,66,66,77,67,67
1306664,Danilo Veiga,271539,Danilo Veiga,Lecce,Serie A Enilive,2002-09-25,23,RB,69,183,83,Right,3,2,73,72,68,63,64,58,71,77,67,67
436563,Jesse Joronen,199904,Jesse Joronen,Palermo,Serie BKT,1993-03-21,33,GK,69,197,89,Right,3,1,48,45,50,36,66,33,64,65,39,69
640292,Vincent Marchetti,228774,Vincent Marchetti,Paris FC,Ligue 1 McDonald's,1997-07-04,28,CM,69,178,71,Left,3,3,64,59,76,68,70,77,70,70,68,71
309410,Gökhan Akkan,229637,Gökhan Akkan,Gençlerbirliği,Trendyol Süper Lig,1995-01-01,31,GK,69,188,80,Right,2,1,48,48,49,59,63,35,69,57,20,69
827247,Harry Pickering,235770,Harry Pickering,Blackburn Rovers,EFL Championship,1998-12-29,27,LB,69,183,78,Left,2,2,74,73,72,69,65,81,71,73,61,72
948371,Oskar Repka,243870,Oskar Repka,Raków,PKO BP Ekstraklasa,1999-01-03,27,CM,69,190,88,Right,2,2,54,55,65,63,69,89,83,75,69,81
1174300,Calebe,264842,Calebe,D. Alavés,LALIGA EA SPORTS,2000-04-30,26,CAM,69,173,67,Left,2,3,67,70,73,72,63,64,55,63,57,58
1326043,Joel Roca,272718,Joel Roca,Girona FC,LALIGA EA SPORTS,2005-06-07,21,ST,69,176,67,Right,3,3,84,82,84,78,68,58,55,71,60,58
1280172,Giuseppe Leone,72834,Giuseppe Leone,SS Juve Stabia,Serie BKT,2001-05-05,25,CM,69,183,76,Right,3,2,64,70,69,61,63,79,63,62,65,67
951919,Timon Weiner,244001,Timon Weiner,Holstein Kiel,Bundesliga 2,1999-01-18,27,GK,69,190,84,Right,4,1,50,51,30,35,62,45,65,67,18,65
1097853,Nilton Varela,254258,Nilton Varela,Estrela Amadora,Liga Portugal,2001-05-25,25,LB,69,182,76,Left,3,3,79,75,72,69,65,67,71,77,67,70
960415,Matheus Silva,257265,Matheus Silva,Qarabağ FK,Liga Azerbaijan,1997-10-03,28,RB,69,182,73,Right,3,3,83,82,72,68,66,70,65,78,72,68
1601917,Richard Kone,279857,Richard Kone,QPR,EFL Championship,2003-07-15,22,ST,69,185,77,Right,4,3,81,83,73,77,65,69,83,87,80,79
477498,Raul Lizoain,199101,Raúl Lizoain,Albacete BP,LALIGA HYPERMOTION,1991-01-27,35,GK,69,188,83,Left,2,1,47,55,67,58,67,42,52,57,24,70
304662,Andreas Linde,207926,Andreas Linde,BK Häcken,Allsvenskan,1993-07-24,32,GK,69,196,93,Right,2,1,48,49,30,32,62,25,70,65,18,70
471274,Ethan Horvath,219736,Ethan Horvath,Sheffield Wed,EFL Championship,1995-06-09,31,GK,69,193,83,Right,3,1,48,49,54,32,67,30,64,63,27,67
664506,Ryan Wintle,227929,Ryan Wintle,Cardiff City,EFL League One,1997-06-13,29,CDM,69,180,64,Right,3,2,66,67,73,72,66,78,65,64,66,68
801477,Jamie Cumming,238070,Jamie Cumming,Oxford United,EFL Championship,1999-09-04,26,GK,69,185,79,Right,3,1,47,46,52,50,64,40,61,65,29,68
1195744,Henri Koudossou,270012,Henri Koudossou,1. FC Nürnberg,Bundesliga 2,1999-09-03,26,RB,69,180,76,Right,3,2,67,83,50,66,70,68,63,66,71,66
1387439,Alberto Costa,270674,Alberto Costa,FC Porto,Liga Portugal,2003-09-29,22,RB,69,186,79,Right,2,2,70,67,54,58,72,59,71,74,63,67
361770,André Gomes,273998,André Gomes,FC Alverca,Liga Portugal,2004-10-20,21,GK,69,182,80,Left,3,1,46,34,51,43,70,21,44,57,24,64
1470001,Santi García,277878,Santi García,Gil Vicente,Liga Portugal,2001-08-29,24,CM,69,184,77,Right,3,3,67,66,64,60,73,74,66,67,71,69
163815,Ivo Pinto,197860,Ivo Pinto,Fortuna Sittard,Eredivisie,1990-01-07,36,RB,69,182,73,Right,3,2,76,80,68,63,68,74,72,76,68,72
282059,Luca Lezzerini,219584,Luca Lezzerini,Fiorentina,Serie A Enilive,1995-03-24,31,GK,69,195,86,Right,2,1,46,50,41,44,63,32,66,63,24,70
311016,Petar Stojanovic,225995,Petar Stojanović,Legia Warszawa,PKO BP Ekstraklasa,1995-10-07,30,RB,69,178,69,Right,3,3,76,77,69,73,62,83,58,71,79,69
574234,Hidde ter Avest,226436,Hidde ter Avest,Oxford United,EFL Championship,1997-05-20,29,RB,69,182,78,Right,3,3,68,70,65,65,68,77,72,74,66,72
776184,Brandon Thomas-Asante,235744,Brandon Thomas-Asante,Coventry City,EFL Championship,1998-12-29,27,ST,69,180,83,Right,4,3,84,83,84,83,67,77,76,84,71,76
920095,Pejino,242489,Pejiño,UD Las Palmas,LALIGA HYPERMOTION,1996-07-29,29,RM,69,178,69,Left,3,4,89,92,82,72,62,62,62,66,50,60
926446,Simon Asta,242850,Simon Asta,Kaiserslautern,Bundesliga 2,2001-01-25,25,RM,69,178,75,Right,3,3,83,84,74,72,65,87,69,70,59,72
1315048,Oleksandr Yatsyk,271544,Oleksandr Yatsyk,Dynamo Kyiv,Ukrayina Liha,2003-01-03,23,CM,69,182,70,Right,3,2,63,68,69,66,68,73,61,64,65,65
1100598,Niklas Pyyhtiä,274089,Niklas Pyyhtiä,Modena,Serie BKT,2003-09-25,22,CM,69,188,78,Left,3,2,57,63,58,57,61,69,75,71,54,69
464919,Maxime Crépeau,213536,Maxime Crépeau,Portland Timbers,MLS,1994-05-11,32,GK,69,180,88,Right,2,1,46,44,43,40,62,33,68,64,38,66
492132,Florent Hadërgjonaj,220620,Florent Hadergjonaj,Alanyaspor,Trendyol Süper Lig,1994-07-31,31,RB,69,182,73,Right,4,2,73,76,70,71,60,77,64,65,64,67
746829,Giacomo Calo,251769,Giacomo Calò,Frosinone,Serie BKT,1997-02-05,29,CDM,69,180,74,Right,3,2,65,64,57,74,68,84,71,66,67,73
1281021,Fredrik Sjøvold,268375,Fredrik Sjøvold,FK Bodø/Glimt,Eliteserien,2003-08-17,22,RB,69,168,62,Right,4,2,83,78,82,90,64,80,53,68,58,62
864524,Davis Mensah,268704,Davis Mensah,Mantova,Serie BKT,1991-08-02,34,ST,69,186,79,Right,4,3,72,81,70,67,65,90,65,74,65,72
1387092,Kostyantyn Vivcharenko,271542,Kostyantyn Vivcharenko,Dynamo Kyiv,Ukrayina Liha,2002-06-10,24,LB,69,178,76,Left,3,2,74,71,66,67,68,68,66,71,68,67
1536941,Tommaso Fumagalli,70650,Tommaso Fumagalli,Entella,Serie BKT,2000-02-20,26,ST,69,185,78,Right,4,3,81,81,78,71,66,68,74,82,47,68
440647,Sander Svendsen,215195,Sander Svendsen,Viking FK,Eliteserien,1997-08-06,28,RW,69,172,67,Right,4,3,85,81,83,91,65,80,60,74,60,66
636949,Samuele Perisan,230858,Samuele Perisan,Empoli,Serie BKT,1997-08-21,28,GK,69,192,83,Left,3,1,47,45,34,48,66,40,62,63,24,67
864556,Alexis Antunes,250764,Alexis Antunes,Servette FC,Brack Super League,2000-07-31,25,CAM,69,181,71,Right,3,3,70,69,74,67,63,81,61,57,59,65
948745,Kwasi Sibo,253114,Kwasi Sibo,R. Oviedo,LALIGA EA SPORTS,1998-06-24,28,CDM,69,182,72,Right,4,2,59,66,62,67,65,80,80,74,77,79
1055183,Andrea Ghion,257164,Andrea Ghion,Empoli,Serie BKT,2000-02-23,26,CM,69,174,70,Right,2,2,65,60,80,82,69,73,60,64,66,65
1310253,Martin Suchomel,267720,Martin Suchomel,Sparta Praha,Česká Liga,2002-09-11,23,RB,69,182,77,Right,4,2,70,74,67,52,65,69,76,82,83,76
1019567,Dani Silva,270686,Dani Silva,FC Midtjylland,3F Superliga,2000-04-11,26,CDM,69,180,73,Right,4,3,69,57,74,73,66,71,69,59,71,69
1393980,Yasin Özcan,271362,Yasin Özcan,RSC Anderlecht,1A Pro League,2006-04-20,20,CB,69,185,75,Left,2,2,74,74,62,53,62,70,66,74,71,68
1333066,Rahim Alhassane,73502,Rahim Alhassane,R. Oviedo,LALIGA EA SPORTS,2002-01-01,24,LB,69,184,75,Left,2,3,82,84,68,69,64,80,69,78,66,72
415404,Leonardo Mancuso,224508,Leonardo Mancuso,Mantova,Serie BKT,1992-05-26,34,CAM,69,182,80,Right,3,3,75,78,79,75,65,79,67,74,50,67
718867,Melih Kabasakal,233465,Melih Kabasakal,Gaziantep,Trendyol Süper Lig,1996-02-19,30,CDM,69,178,72,Right,3,3,67,68,76,72,65,75,66,64,69,69
673432,Sirlord Conteh,251002,Sirlord Conteh,Heidenheim,Bundesliga,1996-07-20,29,ST,69,179,78,Right,2,3,94,96,85,77,70,72,60,77,58,63
1323022,Iker Benito,264159,Iker Benito,CA Osasuna,LALIGA EA SPORTS,2002-08-10,23,LM,69,176,71,Right,3,3,82,78,73,71,65,64,60,66,55,60
1426809,Ethan Mbappé,278172,Ethan Mbappé,LOSC Lille,Ligue 1 McDonald's,2006-12-29,19,CM,69,180,70,Left,2,3,70,75,65,65,67,67,48,56,52,54
562799,Joe Wildsmith,220944,Joe Wildsmith,West Brom,EFL Championship,1995-12-28,30,GK,69,189,77,Right,3,1,40,44,36,68,60,36,76,69,20,69
961994,Arthur Okonkwo,246671,Arthur Okonkwo,Wrexham,EFL Championship,2001-09-09,24,GK,69,196,84,Right,2,1,44,44,40,31,63,29,57,58,20,69
962046,Cody Drameh,254529,Cody Drameh,Hull City,EFL Championship,2001-12-08,24,RB,69,181,73,Right,3,2,82,84,79,69,60,75,69,76,72,71
1217550,Daijiro Chirino,260098,Daijiro Chirino,UD Almería,LALIGA HYPERMOTION,2002-01-24,24,CB,69,185,72,Right,3,2,78,78,71,62,65,84,68,78,71,73
1075429,Jonathan Fischer,70118,Jonathan Fischer,FC Metz,Ligue 1 McDonald's,2001-11-09,24,GK,69,197,90,Left,3,1,42,46,45,22,63,31,73,65,24,69
1284492,Samed Bazdar,72360,Samed Baždar,Real Zaragoza,LALIGA HYPERMOTION,2004-01-31,22,ST,69,186,74,Right,3,3,69,70,67,68,60,65,70,73,40,63
528436,Connor Ogilvie,222399,Connor Ogilvie,Portsmouth,EFL Championship,1996-02-14,30,LB,69,184,82,Left,3,2,72,69,63,66,65,82,77,89,71,78
642418,Marco Richter,238068,Marco Richter,SV Darmstadt 98,Bundesliga 2,1997-11-24,28,CAM,69,176,74,Right,4,4,84,58,80,82,70,63,65,79,41,60
1014983,Diogo Calila,246974,Diogo Calila,Santa Clara,Liga Portugal,1998-10-10,27,RB,69,180,76,Right,3,3,76,74,72,68,67,67,68,66,69,68
1086650,Haydon Roberts,258931,Haydon Roberts,Bristol City,EFL Championship,2002-05-10,24,LB,69,175,68,Left,3,2,73,69,70,72,65,76,71,76,59,70
1254394,Obed Vargas,263701,Obed Vargas,Sounders FC,MLS,2005-08-05,20,CM,69,175,68,Right,3,3,76,73,79,78,79,78,43,53,68,57
1525007,Maestro,70937,Maestro,Alanyaspor,Trendyol Süper Lig,2003-08-04,22,CDM,69,173,63,Right,2,2,64,67,65,74,62,69,70,70,69,70
147594,Bryan Linssen,199386,Bryan Linssen,N.E.C. Nijmegen,Eredivisie,1990-10-08,35,ST,69,170,64,Right,2,3,71,53,71,81,65,74,62,81,77,69
977618,Victor Garcia,246011,Víctor García,Levante UD,LALIGA EA SPORTS,1997-01-01,29,RM,69,180,79,Right,3,3,69,73,63,66,61,74,62,71,45,62
974593,Dennis Politic,247674,Dennis Politic,FCSB,SUPERLIGA,2000-03-05,26,LW,69,185,78,Right,4,3,81,80,84,71,65,76,72,68,64,71
1052987,Japhet Sery Larsen,248855,Japhet Sery Larsen,SK Brann,Eliteserien,2000-04-10,26,CB,69,185,78,Right,4,2,76,80,75,77,68,74,79,83,69,76
1159237,Pau Víctor,259070,Pau Víctor,SC Braga,Liga Portugal,2001-11-26,24,ST,69,184,77,Right,3,3,73,70,76,63,67,59,66,74,69,65
150021,Karl-Johan Johnsson,190120,Karl-Johan Johnsson,Strasbourg,Ligue 1 McDonald's,1990-01-28,36,GK,69,188,84,Right,2,1,40,41,41,38,64,28,64,62,30,70
277845,Hendrik van Crombrugge,204308,Hendrik Van Crombrugge,KRC Genk,1A Pro League,1993-04-30,33,GK,69,188,86,Left,2,1,37,37,53,43,59,37,76,66,34,70
526241,Luca Valzania,222355,Luca Valzania,Pescara,Serie BKT,1996-03-05,30,CM,69,184,77,Right,3,3,75,56,61,66,67,73,58,61,59,62
660170,George Dobson,225769,George Dobson,Wrexham,EFL Championship,1997-11-15,28,CDM,69,185,75,Right,4,2,56,52,61,64,68,84,72,69,80,76
759814,Jay Dasilva,232755,Jay Dasilva,Coventry City,EFL Championship,1998-04-22,28,LB,69,170,64,Left,3,3,85,80,85,84,64,69,52,63,57,58
630366,Niklas Castro,233379,Niklas Castro,SK Brann,Eliteserien,1996-01-08,30,LW,69,173,72,Right,3,4,76,73,74,78,64,77,57,65,65,64
825806,Lars Ritzka,237884,Lars Ritzka,FC St. Pauli,Bundesliga,1998-05-07,28,LB,69,182,78,Left,3,2,73,76,66,70,62,77,68,68,53,67
521471,Vito van Crooij,237895,Vito van Crooij,N.E.C. Nijmegen,Eredivisie,1996-01-29,30,CAM,69,179,70,Right,3,3,75,64,70,71,69,82,57,66,72,67
557807,Lukas Grgic,239091,Lukas Grgić,SK Rapid,Ö. Bundesliga,1995-08-17,30,CDM,69,183,79,Left,3,2,63,70,56,62,63,84,83,77,78,82
310765,Marius Lode,242160,Marius Lode,BK Häcken,Allsvenskan,1993-03-11,33,CB,69,185,77,Right,3,2,71,72,69,63,71,79,83,82,63,78
848296,Edward Chilufya,242612,Edward Chilufya,FC Midtjylland,3F Superliga,1999-09-17,26,RW,69,171,65,Right,2,3,88,88,91,87,63,76,54,67,57,61
1190208,Rares Ilie,262480,Rareș Ilie,Empoli,Serie BKT,2003-04-19,23,LM,69,185,75,Right,3,3,74,81,80,76,64,68,62,70,58,63
1396784,Andre Brooks,271816,Andre Brooks,Sheffield Utd,EFL Championship,2003-08-20,22,RM,69,180,70,Left,2,3,75,74,75,71,66,64,56,64,59,59
1541825,Adrián Liso,277269,Adrián Liso,Getafe CF,LALIGA EA SPORTS,2005-04-02,21,LM,69,182,72,Left,3,3,80,80,74,74,53,73,75,72,57,71
1529161,Max Finkgrafe,277887,Max Finkgräfe,RB Leipzig,Bundesliga,2004-03-27,22,LB,69,183,77,Left,3,2,75,75,75,73,67,59,67,68,69,65
1609064,Rabby Nzingoula,70768,Rabby Nzingoula,Strasbourg,Ligue 1 McDonald's,2005-11-25,20,CDM,69,183,73,Right,3,3,70,66,70,61,67,78,71,72,72,73
1178641,Jiri Letacek,73373,Jiří Letáček,Getafe CF,LALIGA EA SPORTS,1999-01-09,27,GK,69,196,98,Right,2,1,42,30,45,34,58,39,81,71,24,69
402975,Jean-Paul Boëtius,205402,Jean-Paul Boëtius,SV Darmstadt 98,Bundesliga 2,1994-03-22,32,CM,69,178,76,Right,4,4,73,54,77,74,71,73,60,68,43,60
282114,Lukas Zima,205554,Lukáš Zima,FCSB,SUPERLIGA,1994-01-09,32,GK,69,197,80,Right,2,1,43,41,34,36,65,34,77,69,23,70
510399,Kristoffer Peterson,210386,Kristoffer Peterson,Fortuna Sittard,Eredivisie,1994-11-28,31,LM,69,185,78,Right,3,4,79,77,81,71,65,71,58,70,52,61
502421,Sam Gallagher,213905,Sam Gallagher,Stoke City,EFL Championship,1995-09-15,30,ST,69,193,84,Right,3,3,57,73,57,53,67,72,82,81,75,78
465719,Adrien Monfray,215708,Adrien Monfray,ESTAC Troyes,Ligue 2 BKT,1990-12-20,35,CB,69,185,76,Right,3,2,59,68,63,64,65,72,84,77,70,78
764841,Houboulang Mendes,234856,Houboulang Mendes,Fortuna Sittard,Eredivisie,1998-05-04,28,RB,69,184,76,Right,3,2,74,77,58,56,58,67,77,82,65,72
823113,Sandro Kulenovic,236413,Sandro Kulenović,Dinamo Zagreb,Liga Hrvatska,1999-12-04,26,ST,69,190,83,Right,4,2,79,78,65,57,64,73,78,89,83,78
955366,Jonathan Panzo,252001,Jonathan Panzo,Rio Ave FC,Liga Portugal,2000-10-25,25,CB,69,185,72,Left,3,2,66,70,62,66,61,66,77,81,69,73
1169322,Alban Ajdini,257692,Alban Ajdini,Lausanne-Sport,Brack Super League,1999-07-09,26,ST,69,180,72,Right,3,3,76,74,78,74,67,75,70,73,48,67
1193815,Julian Niehues,262754,Julian Niehues,Heidenheim,Bundesliga,2001-04-17,25,CDM,69,195,88,Right,3,2,57,55,53,42,68,72,84,77,71,78
1200941,Abderrahman Rebbach,270834,Abderrahman Rebbach,D. Alavés,LALIGA EA SPORTS,1998-08-11,27,LM,69,176,70,Right,3,3,69,76,64,69,59,63,73,71,63,68
1518436,Djibril Soumaré,277598,Djibril Soumaré,Sheffield Utd,EFL Championship,2003-01-07,23,CDM,69,185,73,Left,2,2,58,61,49,59,71,78,72,70,67,72
26427,Régis Gurtner,176994,Régis Gurtner,RC Lens,Ligue 1 McDonald's,1986-12-08,39,GK,69,182,82,Right,2,1,39,46,32,32,81,38,68,61,35,70
504085,Callum Robinson,206518,Callum Robinson,Cardiff City,EFL League One,1995-02-02,31,ST,69,178,75,Right,3,3,77,80,79,68,68,70,67,76,46,64
824642,Pedro Ferreira,258365,Pedro Ferreira,Santa Clara,Liga Portugal,1998-01-05,28,CDM,69,183,76,Right,3,3,65,67,56,68,64,81,77,70,73,77
1460862,Lamine Fanne,275067,Lamine Fanne,Luton Town,EFL League One,2004-01-30,22,CDM,69,187,77,Right,3,2,75,78,64,64,66,68,71,77,78,72
1072056,Tommaso Barbieri,275162,Tommaso Barbieri,Cremonese,Serie A Enilive,2002-08-26,23,RB,69,181,72,Right,3,2,80,81,67,69,68,75,59,71,68,65
419774,Sven Michel,212879,Sven Michel,SC Paderborn 07,Bundesliga 2,1990-07-15,35,ST,69,177,78,Left,3,3,76,63,76,75,71,68,70,71,68,69
1083890,Neraysho Kasanwirjo,261652,Neraysho Kasanwirjo,Molde FK,Eliteserien,2002-02-18,24,RB,69,185,68,Right,3,2,76,84,63,58,59,78,73,87,71,75
1412933,Maurice Krattenmacher,268916,Maurice Krattenmacher,Hertha BSC,Bundesliga 2,2005-08-11,20,CAM,69,180,75,Right,5,3,78,72,85,84,66,77,59,60,39,60
1289942,Samuele Angori,270658,Samuele Angori,Pisa,Serie A Enilive,2003-10-07,22,LM,69,184,72,Left,3,3,69,66,65,61,68,73,57,61,64,63
1118178,Juan,73864,Juan,Göztepe,Trendyol Süper Lig,2002-03-07,24,ST,69,177,72,Right,3,4,84,80,83,79,63,68,53,72,53,58
512013,Christian Walton,206561,Christian Walton,Ipswich,EFL Championship,1995-11-09,30,GK,69,195,72,Left,2,1,37,33,32,41,65,30,56,57,22,68
731338,Robert Gumny,233409,Robert Gumny,Lech Poznań,PKO BP Ekstraklasa,1998-06-04,28,RB,69,182,71,Right,2,2,77,73,77,72,67,75,68,71,63,69
904710,Delano Burgzorg,243619,Delano Burgzorg,Middlesbrough,EFL Championship,1998-11-07,27,LM,69,188,80,Right,3,4,78,84,77,70,66,73,74,79,61,71
1083717,Jessic Ngankam,256658,Jessic Ngankam,Frankfurt,Bundesliga,2000-07-20,25,ST,69,184,84,Right,4,3,80,80,70,75,67,70,78,82,62,73
1181101,Tyrhys Dolan,257063,Tyrhys Dolan,RCD Espanyol,LALIGA EA SPORTS,2001-12-28,24,RM,69,164,63,Right,3,4,84,74,93,91,65,68,46,59,80,59
1662379,Pablo García,258766,Pablo García,R. Sporting,LALIGA HYPERMOTION,2000-06-05,26,LB,69,178,68,Left,2,3,79,78,74,80,65,82,64,75,72,71
1100266,Pablo Rodríguez,259105,Pablo Rodríguez,Lech Poznań,PKO BP Ekstraklasa,2001-08-04,24,CAM,69,178,70,Right,4,3,79,84,77,70,65,73,63,74,45,62
1395694,Kellen Fisher,275988,Kellen Fisher,Norwich,EFL Championship,2004-05-05,22,RB,69,183,73,Right,3,2,74,73,70,68,67,75,65,68,80,71
1019589,Amine Boutrah,276022,Amine Boutrah,SC Bastia,Ligue 2 BKT,2000-10-26,25,LM,69,171,60,Right,3,3,89,90,79,82,63,79,56,76,63,64
209503,André Geraldes,221750,André Geraldes,Casa Pia AC,Liga Portugal,1991-05-02,35,RB,69,180,70,Right,3,2,68,74,69,72,60,70,71,72,69,70
539939,James Bree,222156,James Bree,Charlton Ath,EFL Championship,1997-12-11,28,RB,69,178,74,Right,3,2,67,67,64,64,66,62,69,70,52,64
555654,Tolcay Cigerci,224518,Tolcay Ciğerci,Energie Cottbus,3. Liga,1995-01-24,31,CAM,69,180,84,Left,4,4,73,55,82,82,67,83,65,65,50,67
953080,Julian Krahl,244417,Julian Krahl,Kaiserslautern,Bundesliga 2,2000-01-22,26,GK,69,194,82,Right,3,1,27,36,32,33,53,19,68,58,31,69
1154332,Mateusz Kochalski,258239,Mateusz Kochalski,Qarabağ FK,Liga Azerbaijan,2000-07-25,25,GK,69,190,88,Right,2,1,43,32,32,43,60,34,47,52,30,69
1206523,Julian Hettwer,259627,Julian Hettwer,Düsseldorf,Bundesliga 2,2003-06-15,23,LW,69,184,73,Right,4,3,92,89,77,79,63,73,54,66,69,62
1281111,Robert Wagner,263076,Robert Wagner,Holstein Kiel,Bundesliga 2,2003-07-14,22,CM,69,182,83,Right,3,2,69,55,69,72,70,78,73,68,73,74
1368049,Lasse Rosenboom,275754,Lasse Rosenboom,Holstein Kiel,Bundesliga 2,2002-01-19,24,RB,69,190,84,Right,2,2,65,74,53,54,60,72,74,75,73,73
1559202,Zakaria Ariss,74049,Zakaria Ariss,SC Bastia,Ligue 2 BKT,2004-06-17,22,LB,69,178,68,Left,3,2,78,73,67,75,59,71,57,68,62,62
521964,Gabriele Moncini,220915,Gabriele Moncini,Bari,Serie BKT,1996-04-26,30,ST,69,183,75,Right,3,3,82,78,78,66,67,73,63,79,57,65
459010,Luca Schnellbacher,238631,Luca Schnellbacher,SV Elversberg,Bundesliga 2,1994-05-06,32,ST,69,180,82,Right,4,3,85,60,76,76,67,83,69,82,66,73
880618,Théo Sainte-Luce,241157,Théo Sainte-Luce,Montpellier,Ligue 2 BKT,1998-10-20,27,LB,69,176,69,Left,2,3,71,76,72,72,63,73,61,62,53,62
936618,Moritz Broschinski,243960,Moritz Broschinski,FC Basel 1893,Brack Super League,2000-09-23,25,ST,69,190,80,Right,3,3,74,82,64,66,66,80,72,78,50,70
1026065,Matt Freese,247506,Matt Freese,New York City FC,MLS,1998-09-02,27,GK,69,191,88,Right,2,1,27,31,32,50,61,18,55,52,22,69
1178330,Simon Elisor,258526,Simon Elisor,FC Famalicão,Liga Portugal,1999-07-22,26,ST,69,186,75,Left,3,2,74,74,66,61,61,72,71,83,57,69
1203946,Iván Azon,259423,Iván Azón,Ipswich,EFL Championship,2002-12-24,23,ST,69,181,84,Right,2,2,73,74,58,74,59,74,84,89,76,80
1276934,Marius Broholm,268738,Marius Broholm,LOSC Lille,Ligue 1 McDonald's,2004-12-26,21,RM,69,176,69,Left,3,3,78,72,80,76,65,81,44,53,54,56
1098243,Yanis Zouaoui,72374,Yanis Zouaoui,Havre AC,Ligue 1 McDonald's,1998-04-28,28,LB,69,183,75,Left,3,2,67,60,68,59,67,73,62,66,59,64
163919,Pedro Obiang,200054,Pedro Obiang,Monza,Serie BKT,1992-03-27,34,CDM,69,185,75,Right,3,3,48,39,63,60,64,50,68,65,68,63
210389,Maxime Colin,201136,Maxime Colin,FC Metz,Ligue 1 McDonald's,1991-11-15,34,RB,69,180,76,Right,4,2,66,69,69,68,67,72,68,72,71,70
532738,Maximilian Philipp,216497,Maximilian Philipp,SC Freiburg,Bundesliga,1994-03-01,32,ST,69,183,79,Right,4,3,71,56,74,74,70,53,64,66,36,56
791915,Umut Bozok,239043,Umut Bozok,Eyüpspor,Trendyol Süper Lig,1996-09-19,29,ST,69,178,75,Right,4,3,71,74,77,75,64,68,66,74,61,66
1070808,Karol Struski,251411,Karol Struski,Raków,PKO BP Ekstraklasa,2001-01-18,25,CM,69,178,72,Right,3,3,66,68,72,73,65,76,51,49,52,57
1101030,Kai Trewin,252700,Kai Trewin,Melbourne City,A-League,2001-05-18,25,CB,69,178,72,Right,4,2,64,68,67,67,70,90,80,74,64,79
1113816,Jay Stansfield,255206,Jay Stansfield,Birmingham City,EFL Championship,2002-11-24,23,ST,69,179,75,Right,4,2,77,81,74,71,67,78,58,71,76,67
967093,Youssef El Kachati,255579,Youssef El Kachati,N.E.C. Nijmegen,Eredivisie,1999-11-30,26,ST,69,185,70,Right,3,3,91,88,82,71,59,67,51,70,53,56
560410,Jan Elvedi,256705,Jan Elvedi,Kaiserslautern,Bundesliga 2,1996-09-30,29,CB,69,187,83,Right,3,2,73,80,66,65,64,82,81,81,69,79
675023,Danel Sinani,258626,Danel Sinani,FC St. Pauli,Bundesliga,1997-04-05,29,CAM,69,185,77,Left,3,3,67,56,68,72,70,60,70,57,59,65
1185782,Viljami Sinisalo,258928,Viljami Sinisalo,Celtic,Scottish Prem,2001-10-11,24,GK,69,196,78,Right,3,1,29,23,46,25,59,27,64,57,45,67
1515977,Ilyas Ansah,276372,Ilyas Ansah,Union Berlin,Bundesliga,2004-11-08,21,ST,69,194,84,Right,3,4,82,83,72,47,67,74,80,77,53,73
289253,João Costa,231474,João Costa,FC Porto,Liga Portugal,1996-02-02,30,GK,69,185,80,Right,1,1,18,35,34,48,55,23,58,50,19,70
798661,Anfernee Dijksteel,232413,Anfernee Dijksteel,Kocaelispor,Trendyol Süper Lig,1996-10-27,29,RB,69,183,72,Right,2,2,75,70,67,69,68,68,76,72,74,73
463591,Marko Jevtovic,244709,Marko Jevtović,Konyaspor,Trendyol Süper Lig,1993-07-24,32,CDM,69,194,82,Right,3,2,42,46,54,33,67,66,85,77,70,77
1215735,Luis Vázquez,251651,Luis Vázquez,RSC Anderlecht,1A Pro League,2001-04-24,25,ST,69,190,85,Right,4,3,70,69,69,57,66,73,80,84,66,76
844473,Umut Günes,255293,Umut Güneş,Başakşehir,Trendyol Süper Lig,2000-03-16,26,CDM,69,177,74,Left,3,2,56,68,56,70,68,70,64,63,68,66
1186010,Ivan Brnic,262586,Ivan Brnić,Başakşehir,Trendyol Süper Lig,2001-08-23,24,LM,69,173,65,Right,3,3,79,74,75,81,59,57,51,60,46,52
1308909,Cristian Volpato,265761,Cristian Volpato,Sassuolo,Serie A Enilive,2003-11-15,22,RW,69,187,78,Left,3,3,69,74,55,60,67,66,63,61,47,60
1167610,Sayfallah Ltaief,269562,Sayfallah Ltaief,Sparta Rotterdam,Eredivisie,2000-04-22,26,LM,69,178,77,Right,3,4,83,85,81,72,54,74,61,64,56,63
823626,Simone Ghidotti,270756,Simone Ghidotti,Sampdoria,Serie BKT,2000-03-19,26,GK,69,193,81,Right,1,1,35,36,36,29,67,25,57,55,18,68
909433,Carlo Sickinger,242525,Carlo Sickinger,SV Elversberg,Bundesliga 2,1997-07-29,28,CDM,69,183,78,Right,4,2,64,58,67,65,70,71,67,76,66,68
1093297,Álex Millán,260086,Alex Millán,CD Leganés,LALIGA HYPERMOTION,1999-11-07,26,ST,69,185,74,Right,3,3,71,77,70,63,64,59,72,77,65,68
1269404,Taichi Fukui,264188,Taichi Fukui,Arouca,Liga Portugal,2004-07-14,21,CM,69,172,65,Right,3,3,78,75,88,86,63,64,34,46,55,46
1080508,Rodrigo Pinheiro,277322,Rodrigo Pinheiro,FC Famalicão,Liga Portugal,2002-08-28,23,RB,69,183,80,Right,3,2,79,80,58,59,61,71,70,75,60,69
313825,Bård Finne,209264,Bård Finne,SK Brann,Eliteserien,1995-02-13,31,ST,69,173,70,Right,3,3,80,74,84,84,67,79,60,74,66,67
686112,Fabian Schleusener,231624,Fabian Schleusener,Karlsruher SC,Bundesliga 2,1991-10-24,34,ST,69,186,81,Right,4,3,75,75,68,67,69,74,75,79,74,75
539198,Karlo Letica,243538,Karlo Letica,Lausanne-Sport,Brack Super League,1997-02-11,29,GK,69,201,96,Right,3,1,30,34,31,27,67,18,74,61,24,70
1079220,Joao Goncalves,251995,João Gonçalves,AVS Futebol SAD,Liga Portugal,2000-11-05,25,GK,69,188,80,Right,2,1,28,29,22,32,65,24,54,51,26,70
1209260,Max Bruns,259673,Max Bruns,FC Twente,Eredivisie,2002-11-06,23,CB,69,183,67,Right,3,2,64,68,68,67,69,67,68,71,71,69
1199713,Marcel Beifus,263273,Marcel Beifus,Karlsruher SC,Bundesliga 2,2002-10-27,23,CB,69,187,80,Right,2,2,63,65,62,62,65,64,77,75,70,72
1292354,Théo Le Bris,265544,Théo Le Bris,FC Lorient,Ligue 1 McDonald's,2002-10-01,23,LM,69,170,65,Right,3,3,65,63,62,93,70,71,38,54,68,53
1302666,Derry Scherhant,269705,Derry Scherhant,SC Freiburg,Bundesliga,2002-11-10,23,ST,69,185,78,Right,3,4,78,87,75,69,67,67,66,73,56,65
1494913,Robert,74233,Robert,F.C. København,3F Superliga,2005-04-13,21,LM,69,174,68,Right,3,4,85,84,85,82,58,68,55,65,58,59
608535,Jerry Yates,226507,Jerry Yates,Luton Town,EFL League One,1996-11-10,29,ST,69,175,80,Right,3,3,75,76,74,80,68,80,66,75,54,68
612212,Assane Dioussé,230144,Assane Dioussé,AJ Auxerre,Ligue 1 McDonald's,1997-09-20,28,CDM,69,175,68,Left,3,3,64,51,79,75,69,70,60,66,68,64
620543,Maryan Shved,230559,Maryan Shved,Shakhtar Donetsk,Ukrayina Liha,1997-07-16,28,RM,69,171,63,Left,3,3,74,75,73,83,62,62,50,63,45,53
1050160,Sontje Hansen,254752,Sontje Hansen,Middlesbrough,EFL Championship,2002-05-18,24,LM,69,173,69,Right,4,4,87,87,80,80,60,66,55,64,50,57
464251,Mahir Emreli,262800,Mahir Emreli,Kaiserslautern,Bundesliga 2,1997-07-01,29,ST,69,187,75,Left,3,3,76,75,72,55,54,73,74,78,55,70
1201760,Marvin Senaya,263112,Marvin Senaya,AJ Auxerre,Ligue 1 McDonald's,2001-01-28,25,RB,69,181,65,Right,3,2,70,70,63,69,68,72,63,67,56,64
1283034,Loum Tchaouna,264880,Loum Tchaouna,Burnley,Premier League,2003-09-08,22,RM,69,180,67,Left,3,3,71,78,66,72,65,54,56,62,47,54
1514456,Pathé Mboup,271689,Pathé Mboup,Stade Brestois 29,Ligue 1 McDonald's,2003-10-19,22,LM,69,175,65,Right,3,3,90,84,85,83,62,82,59,62,32,60
988074,Yuki Ohashi,245766,Yuki Ohashi,Blackburn Rovers,EFL Championship,1996-07-27,29,ST,69,181,74,Right,3,3,68,73,67,68,70,75,68,72,64,69
1336731,Tjark Ernst,262931,Tjark Ernst,Hertha BSC,Bundesliga 2,2003-03-15,23,GK,69,193,87,Right,3,1,31,27,26,49,52,25,54,51,26,67
1325525,Dinis Pinto,271451,Dinis Pinto,Moreirense FC,Liga Portugal,2000-08-24,25,RB,69,178,73,Right,3,2,76,74,74,70,67,61,58,69,58,59
1668089,Marvin Young,74344,Marvin Young,Sparta Rotterdam,Eredivisie,2005-10-02,20,CB,69,182,78,Right,3,2,70,69,63,64,69,70,73,74,64,71
193224,Sergi Enrich,194879,Sergi Enrich,SD Huesca,LALIGA HYPERMOTION,1990-02-26,36,ST,69,181,77,Right,4,3,51,49,65,68,71,74,77,80,72,75
1077665,Lucas Soares,251891,Lucas Soares,Santa Clara,Liga Portugal,1998-05-04,28,RB,69,174,66,Right,3,2,80,82,73,80,66,71,57,59,50,59
1100248,Ruslan Neshcheret,252789,Ruslan Neshcheret,Dynamo Kyiv,Ukrayina Liha,2002-01-22,24,GK,69,190,81,Right,3,1,29,24,29,28,59,26,65,58,27,65
1188247,Jacob Trenskow,259131,Jacob Trenskow,sc Heerenveen,Eredivisie,2000-11-26,25,RM,69,178,64,Left,1,3,68,70,85,72,64,70,39,46,60,51
1201408,Julián Malatini,261182,Julián Malatini,SV Werder Bremen,Bundesliga,2001-05-31,25,CB,69,191,84,Right,2,2,68,74,67,61,68,72,75,76,74,74
634142,Vinko Sapina,262902,Vinko Šapina,Dynamo Dresden,Bundesliga 2,1995-06-29,31,CDM,69,194,84,Right,3,2,54,49,50,55,69,85,85,75,66,81
603529,Semih Güler,263020,Semih Güler,Gaziantep,Trendyol Süper Lig,1994-11-30,31,CB,69,188,85,Right,3,2,70,73,66,53,61,74,81,79,75,78
1524716,Tyler Bindon,277552,Tyler Bindon,Sheffield Utd,EFL Championship,2005-01-27,21,CB,69,190,76,Right,3,2,57,59,59,62,66,65,78,75,71,73
759823,Ike Ugbo,233045,Iké Ugbo,Sheffield Wed,EFL Championship,1998-09-21,27,ST,69,185,73,Right,3,2,73,76,69,63,70,61,77,81,61,70
967085,Roberto Lopez,246169,Roberto López,CD Leganés,LALIGA HYPERMOTION,2000-04-24,26,CAM,69,178,69,Left,2,3,50,47,70,74,64,80,64,46,30,60
644738,Vakoun Issouf Bayo,246832,Vakoun Issouf Bayo,Udinese,Serie A Enilive,1997-01-10,29,ST,69,184,72,Right,3,3,76,76,69,53,66,65,82,85,78,77
1186446,Nik Prelec,271005,Nik Prelec,Oxford United,EFL Championship,2001-06-10,25,ST,69,187,80,Left,3,3,62,72,66,58,62,62,82,83,61,73
960491,Mileta Rajovic,272853,Mileta Rajović,Legia Warszawa,PKO BP Ekstraklasa,1999-07-17,26,ST,69,192,83,Right,3,2,77,76,64,62,63,68,83,90,68,77
1375810,Terry Yegbe,70160,Terry Yegbe,FC Metz,Ligue 1 McDonald's,2001-01-25,25,CB,69,195,87,Left,3,2,78,79,46,37,63,68,91,89,63,80
267361,Charles,229255,Charles,Vitória SC,Liga Portugal,1994-02-04,32,GK,69,186,80,Right,2,1,28,32,48,34,65,30,52,53,25,68
765158,Alimami Gory,234158,Alimami Gory,Paris FC,Ligue 1 McDonald's,1996-08-30,29,ST,69,182,75,Right,3,3,86,88,87,70,68,65,63,79,39,60
841150,Rhian Brewster,238460,Rhian Brewster,Derby County,EFL Championship,2000-04-01,26,ST,69,180,75,Right,3,3,79,76,76,75,66,64,64,75,51,62
1077977,Giacomo Quagliata,255580,Giacomo Quagliata,RC Deportivo,LALIGA HYPERMOTION,2000-02-19,26,LB,69,180,69,Left,3,2,86,76,81,74,65,81,49,61,73,62
1160496,Michael Ameyaw,263208,Michael Ameyaw,Raków,PKO BP Ekstraklasa,2000-09-16,25,RM,69,175,75,Right,3,3,83,88,81,80,54,75,57,65,34,57
560990,Marco Komenda,224093,Marco Komenda,Holstein Kiel,Bundesliga 2,1996-11-26,29,CB,69,183,83,Left,4,2,71,69,66,64,59,65,75,78,71,72
1071178,Immanuel Pherai,243904,Immanuel Pherai,Hamburger SV,Bundesliga,2001-04-25,25,CAM,69,175,74,Right,3,4,78,84,89,86,69,61,50,56,34,50
891747,Daniel Hanslik,248434,Daniel Hanslik,Kaiserslautern,Bundesliga 2,1996-10-06,29,ST,69,186,81,Left,2,3,72,64,65,64,69,86,74,78,59,74
940015,Tom Zimmerschied,262978,Tom Zimmerschied,SV Elversberg,Bundesliga 2,1998-09-22,27,LM,69,180,69,Right,4,3,73,71,79,68,64,80,55,60,55,62
1284944,André Luiz,278025,André Luiz,Rio Ave FC,Liga Portugal,2002-02-23,24,RM,69,185,79,Left,3,3,85,86,76,61,67,74,65,78,47,64
787484,Phillip Menzel,235141,Phillip Menzel,Saarbrücken,3. Liga,1998-08-18,27,GK,69,192,84,Right,3,1,20,26,36,29,62,30,69,55,26,69
982624,Jeremy Ngakia,247623,Jeremy Ngakia,Watford,EFL Championship,2000-09-07,25,RB,69,178,73,Right,2,2,74,68,63,73,68,67,60,69,63,63
716443,Diego Fernández,255866,Diego Fernández,Guaraní,Sudamericana,2002-09-02,23,LM,69,171,66,Right,3,3,67,73,70,65,60,69,44,42,50,51
1270001,Lewin Blum,267485,Lewin Blum,Sp. Charleroi,1A Pro League,2001-07-27,24,RB,69,181,75,Right,3,2,75,73,73,74,61,74,65,67,58,66
1392225,Nariman Akhundzada,72870,Nariman Akhundzada,Qarabağ FK,Liga Azerbaijan,2004-04-23,22,RW,69,185,78,Right,3,3,78,77,70,63,67,64,60,74,52,60
584825,Ryan Hardie,226084,Ryan Hardie,Wrexham,EFL Championship,1997-03-17,29,ST,69,188,73,Right,3,3,80,84,82,69,67,73,68,78,45,65
709734,Mitchell van Bergen,231864,Mitchell van Bergen,Sparta Rotterdam,Eredivisie,1999-08-27,26,RM,69,170,62,Right,3,3,93,94,87,77,66,84,33,49,54,51
874617,Aaron Connolly,237286,Aaron Connolly,Leyton Orient,EFL League One,2000-01-28,26,ST,69,175,73,Right,3,3,77,73,78,78,68,67,62,75,68,65
864304,Orest Lebedenko,247040,Orest Lebedenko,Vitória SC,Liga Portugal,1998-09-23,27,LB,69,176,69,Left,3,2,74,69,60,87,59,76,51,66,59,60
1292334,Nordine Kandil,263107,Nordine Kandil,Amiens SC,Ligue 2 BKT,2001-10-31,24,LM,69,165,55,Left,2,3,73,74,88,91,61,84,32,51,46,49
1285532,Vasco Sousa,274078,Vasco Sousa,Moreirense FC,Liga Portugal,2003-04-03,23,CAM,69,164,63,Right,3,3,73,68,75,89,76,68,32,41,52,45
1353490,Munashe Garananga,70730,Munashe Garananga,F.C. København,3F Superliga,2001-01-18,25,CB,69,186,82,Right,3,2,64,69,58,57,64,65,80,81,75,75
600513,Silvère Ganvoula,235513,Silvère Ganvoula,Al Fayha,ROSHN Saudi League,1996-06-29,30,ST,69,191,90,Right,4,2,75,79,61,52,61,62,83,88,65,74
749500,Marco Meyerhofer,251325,Marco Meyerhöfer,Preußen Münster,Bundesliga 2,1995-11-18,30,RB,69,179,72,Right,2,2,70,50,77,74,66,73,66,69,63,67
981120,Kaique Rocha,253146,Kaique Rocha,Casa Pia AC,Liga Portugal,2001-02-28,25,CB,69,195,90,Right,3,2,61,64,60,41,65,64,85,79,66,76
1070331,Calegari,262998,Calegari,Eyüpspor,Trendyol Süper Lig,2002-02-27,24,RB,69,171,70,Right,2,2,81,83,80,81,57,78,46,64,67,59
1211610,Augustine Boakye,264441,Augustine Boakye,AS Saint-Étienne,Ligue 2 BKT,2000-11-03,25,RW,69,178,70,Left,3,3,85,87,90,81,62,72,58,61,33,57
210971,Oliver Norwood,186143,Oliver Norwood,Stockport,EFL League One,1991-04-12,35,CDM,69,175,69,Right,3,2,35,34,65,67,67,76,56,52,68,63
313981,Andreas Cornelius,201943,Andreas Cornelius,F.C. København,3F Superliga,1993-03-16,33,ST,69,193,91,Left,3,2,62,64,46,42,66,68,90,86,69,80
523731,Shogo Taniguchi,233225,Shogo Taniguchi,STVV,1A Pro League,1991-07-15,34,CB,69,183,75,Right,3,2,48,66,59,61,68,78,73,69,63,72
1187392,Tiago Morais,259054,Tiago Morais,Casa Pia AC,Liga Portugal,2003-09-03,22,LM,69,168,63,Right,5,3,80,81,85,85,68,73,46,64,41,53
1233418,Jorne Spileers,271917,Jorne Spileers,Club Brugge,1A Pro League,2005-01-21,21,CB,69,188,79,Right,3,2,68,76,61,61,68,73,75,76,65,73
1364042,Lewis Koumas,70994,Lewis Koumas,Birmingham City,EFL Championship,2005-09-19,20,RM,69,182,68,Right,4,3,81,76,72,70,66,64,55,70,70,61
575731,Jacopo Petriccione,225381,Jacopo Petriccione,Catanzaro,Serie BKT,1995-02-22,31,CDM,69,176,75,Right,3,3,55,38,63,81,70,65,60,62,61,62
1217043,Unai Marrero,265520,Unai Marrero,Real Sociedad,LALIGA EA SPORTS,2001-10-09,24,GK,69,189,82,Right,3,1,26,24,31,38,67,24,59,53,16,66
1433034,Óscar Perea,274231,Óscar Perea,AVS Futebol SAD,Liga Portugal,2005-09-27,20,LM,69,174,75,Right,3,4,84,78,75,78,64,57,70,70,45,62
128949,Michael Boxall,202170,Michael Boxall,Minnesota United,MLS,1988-08-18,37,CB,69,191,95,Right,2,2,40,62,47,50,64,67,91,74,69,80
309505,Amin Younes,205966,Amin Younes,FC Schalke 04,Bundesliga 2,1993-08-06,32,CAM,69,170,71,Right,2,4,74,59,88,88,67,55,52,50,65,55
884276,Moritz-Broni Kwarteng,243970,Moritz-Broni Kwarteng,VfL Bochum 1848,Bundesliga 2,1998-04-28,28,RW,69,175,69,Right,3,4,73,77,84,82,65,66,45,54,36,49
949483,Makhtar Gueye,245652,Makhtar Gueye,Blackburn Rovers,EFL Championship,1997-12-04,28,ST,69,195,90,Right,2,2,51,71,47,32,67,71,91,86,80,84
921919,Sebastian Tounekti,256383,Sebastian Tounekti,Celtic,Scottish Prem,2002-07-13,23,LM,69,170,68,Right,3,3,79,77,81,80,61,75,60,59,56,63
1243571,Andreas Hountondji,261766,Andréas Hountondji,FC St. Pauli,Bundesliga,2002-07-11,23,ST,69,190,86,Right,3,3,73,76,75,80,66,69,76,79,33,66
1270002,Luca Jaquez,266685,Luca Jaquez,VfB Stuttgart,Bundesliga,2003-06-02,23,CB,69,187,80,Right,3,2,60,68,59,61,68,59,79,75,65,71
1439831,Mihailo Ivanovic,74865,Mihailo Ivanović,Millwall,EFL Championship,2004-11-29,21,ST,69,191,79,Right,3,2,70,71,62,59,68,66,73,77,54,68
361747,Lucas João,210556,Lucas João,Nacional,Liga Portugal,1993-09-04,32,ST,69,193,88,Right,4,4,64,74,68,48,60,46,83,79,40,65
415000,Francesco Galuppini,268760,Francesco Galuppini,Mantova,Serie BKT,1993-10-17,32,RM,69,181,75,Left,2,3,70,62,60,62,68,70,55,68,40,56
1419287,Joshua Quarshie,272497,Joshua Quarshie,Southampton,EFL Championship,2004-07-26,21,CB,69,196,91,Right,3,2,63,96,47,42,53,65,87,80,62,76
512723,Théo Pellenard,221271,Théo Pellenard,Laval MFC,Ligue 2 BKT,1994-03-04,32,CB,69,182,78,Left,3,3,51,46,61,60,66,68,80,73,66,74
657054,Joshua Mees,229702,Joshua Mees,Preußen Münster,Bundesliga 2,1996-04-15,30,CAM,69,180,73,Right,4,3,74,62,78,70,64,63,53,62,52,56
844937,Josh Bowler,237809,Josh Bowler,Blackpool,EFL League One,1999-03-05,27,RM,69,184,80,Left,2,3,78,68,83,80,65,66,46,50,40,50
150869,Timothée Kolodziejczak,190034,Timothée Kolodziejczak,Paris FC,Ligue 1 McDonald's,1991-10-01,34,CB,69,183,75,Left,2,2,55,54,54,52,68,61,76,73,72,71
616917,Nicolai Rapp,227511,Nicolai Rapp,Karlsruher SC,Bundesliga 2,1996-12-13,29,CDM,69,186,81,Right,3,2,55,56,57,63,69,73,75,71,71,74
1134292,Assad Al Hamlawi,255969,Assad Al Hamlawi,Univ. Craiova,SUPERLIGA,2000-10-27,25,ST,69,188,82,Right,3,2,67,72,63,70,67,70,74,75,56,69
889153,German Onugkha,260896,German Onugkha,F.C. København,3F Superliga,1996-07-06,29,ST,69,190,94,Right,3,2,65,68,58,55,66,66,88,81,62,77
1315475,Roony Bardghji,265600,Roony Bardghji,FC Barcelona,LALIGA EA SPORTS,2005-11-15,20,RM,69,173,70,Left,4,4,75,71,87,86,64,62,51,48,48,53
1185750,Jakob Golz,269269,Jakob Golz,Rot-Weiss Essen,3. Liga,1998-08-16,27,GK,69,187,85,Right,3,1,19,18,31,39,66,17,60,53,26,68
303935,Juanto Ortuno,208157,Juanto Ortuño,AD Ceuta FC,LALIGA HYPERMOTION,1992-02-11,34,ST,69,179,72,Right,3,3,69,69,71,68,67,71,73,75,38,66
661929,Raphael Odogwu,268759,Raphael Odogwu,Südtirol,Serie BKT,1991-01-28,35,ST,69,188,86,Left,4,3,63,82,45,56,66,65,86,80,50,73
1436942,Lucas Høgsberg,276377,Lucas Høgsberg,Strasbourg,Ligue 1 McDonald's,2006-06-23,20,CB,69,182,70,Right,3,2,65,68,65,67,67,67,73,74,68,71
1275291,Phil Harres,262946,Phil Harres,Holstein Kiel,Bundesliga 2,2002-03-25,24,ST,69,193,90,Right,3,2,73,72,59,53,64,60,85,89,58,74
645697,Ivan Prtajin,271395,Ivan Prtajin,Kaiserslautern,Bundesliga 2,1996-05-14,30,ST,69,189,89,Right,3,3,65,64,56,53,67,67,82,83,63,75
675095,Mario Gonzalez,235970,Mario González,Burgos CF,LALIGA HYPERMOTION,1996-02-25,30,ST,69,183,76,Right,3,3,63,67,71,70,67,55,74,78,41,63
1277587,Tomasz Pienko,263245,Tomasz Pieńko,Raków,PKO BP Ekstraklasa,2004-01-05,22,LM,69,185,79,Right,2,3,85,87,77,54,61,80,64,75,31,62
1321603,Estanis Pedrola,266158,Estanis Pedrola,Sampdoria,Serie BKT,2003-08-24,22,LM,69,185,78,Right,5,4,74,75,75,64,56,43,50,63,45,48
1648518,Gonzalo Petit,70333,Gonzalo Petit,CD Mirandés,LALIGA HYPERMOTION,2006-09-21,19,ST,69,191,74,Right,3,3,63,61,75,67,71,68,74,82,35,65
1072817,Dominik Kother,248575,Dominik Kother,Dynamo Dresden,Bundesliga 2,2000-03-16,26,LW,69,180,72,Right,3,4,86,81,85,72,65,81,48,60,33,54
1075463,Maksym Talovierov,266180,Maksym Talovierov,Stoke City,EFL Championship,2000-06-28,26,CB,69,195,84,Right,3,2,59,63,55,37,64,68,83,81,75,78
719946,Riccardo Marchizza,236308,Riccardo Marchizza,Frosinone,Serie BKT,1998-03-26,28,LB,69,186,80,Left,3,2,51,59,58,59,68,66,69,66,64,67
813429,Kaj Sierhuis,239378,Kaj Sierhuis,Fortuna Sittard,Eredivisie,1998-04-27,28,ST,69,180,83,Right,4,3,45,74,52,70,67,59,75,69,62,68
1217644,John Donald,260083,John Donald,Elche CF,LALIGA EA SPORTS,2000-09-25,25,CB,69,182,77,Right,3,2,50,53,55,61,70,57,63,65,70,63
1334552,Nicolò Tresoldi,266895,Nicolò Tresoldi,Club Brugge,1A Pro League,2004-08-20,21,ST,69,183,77,Right,3,3,75,80,71,70,69,80,71,78,43,68
863822,Joel Latibeaudiere,233047,Joel Latibeaudiere,Coventry City,EFL Championship,2000-01-06,26,CB,69,180,81,Right,3,2,53,53,53,64,68,71,71,70,75,72
1201713,Tim Breithaupt,259559,Tim Breithaupt,Düsseldorf,Bundesliga 2,2002-02-07,24,CDM,69,186,70,Right,3,2,45,59,57,41,64,71,71,63,58,68
1079501,Cas Odenthal,262474,Cas Odenthal,Sassuolo,Serie A Enilive,2000-09-26,25,CB,69,190,79,Right,3,2,53,68,59,58,68,68,76,72,69,72
1559639,Ayden Heaven,75087,Ayden Heaven,Man Utd,Premier League,2006-09-22,19,CB,69,189,84,Left,3,2,69,69,56,51,67,61,76,77,70,71
199276,Michael Smith,190583,Michael Smith,Preston,EFL Championship,1991-10-17,34,ST,69,194,86,Right,3,2,52,51,39,38,69,66,90,83,72,80
750026,Dylan Vente,237807,Dylan Vente,sc Heerenveen,Eredivisie,1999-05-09,27,ST,69,181,70,Right,4,3,70,77,68,64,68,70,59,68,32,57
447488,Alex Ferrari,219852,Alex Ferrari,Sampdoria,Serie BKT,1994-07-01,32,CB,69,191,80,Right,2,2,59,53,65,60,69,76,70,70,73,72
798603,Ben Wilmot,238389,Ben Wilmot,Stoke City,EFL Championship,1999-11-04,26,CB,69,188,80,Right,3,2,53,51,42,52,67,71,74,71,69,72
769167,Enzo Ebosse,241007,Enzo Ebosse,Hellas Verona,Serie A Enilive,1999-03-11,27,CB,69,185,75,Left,3,2,55,56,46,62,63,66,75,72,67,71
958401,Alessandro Vogliacco,245566,Alessandro Vogliacco,PAOK FC,Hellas Liga,1998-09-14,27,CB,69,186,78,Right,3,2,60,69,46,58,67,63,67,70,70,67
1028586,Davide Merola,247887,Davide Merola,Pescara,Serie BKT,2000-03-27,26,RW,69,181,76,Left,3,3,68,75,64,60,59,53,58,68,35,53
1289171,Gábor Szalai,275644,Gábor Szalai,Ferencvárosi TC,Magyar Liga,2000-06-09,26,CB,69,191,87,Left,2,2,54,55,49,65,68,68,77,74,80,75
793048,Manuel De Luca,237391,Manuel De Luca,Cremonese,Serie A Enilive,1998-07-17,27,ST,69,192,82,Right,5,2,53,52,50,48,68,73,81,80,48,72
790725,Marco Curto,268762,Marco Curto,Empoli,Serie BKT,1999-01-05,27,CB,69,191,80,Right,2,2,60,66,40,38,68,78,80,75,70,77
1432421,Antoine Joujou,274442,Antoine Joujou,FC Famalicão,Liga Portugal,2003-03-12,23,LM,69,189,75,Right,3,3,66,73,63,61,66,53,56,60,42,53
926447,Paul Jaeckel,242958,Paul Jaeckel,Preußen Münster,Bundesliga 2,1998-07-22,27,CB,69,186,83,Right,3,2,66,69,62,59,68,53,74,76,72,68
765563,Scott Wharton,231540,Scott Wharton,Blackburn Rovers,EFL Championship,1997-10-03,28,CB,69,182,78,Left,3,2,55,50,58,62,64,68,80,75,70,75
1218243,Adilson Malanda,262597,Adilson Malanda,Charlotte FC,MLS,2001-10-29,24,CB,69,185,75,Right,2,2,59,65,56,58,62,78,71,72,71,73
884262,Oier Luengo,263178,Oier Luengo,R. Oviedo,LALIGA EA SPORTS,1997-11-11,28,CB,69,185,82,Right,2,2,54,64,53,49,66,76,80,75,74,78
1235431,Kévin Keben,271983,Kévin Keben,Watford,EFL Championship,2004-01-26,22,CB,69,190,86,Right,2,2,66,64,40,44,64,62,77,81,59,70
1367915,Tobias Slotsager,273628,Tobias Slotsager,Hellas Verona,Serie A Enilive,2006-01-01,20,CB,69,189,79,Right,3,2,68,70,57,56,68,60,67,73,71,66
639782,Iván Márquez,220385,Iván Márquez,Fortuna Sittard,Eredivisie,1994-06-09,32,CB,69,191,80,Right,2,2,39,61,56,57,65,64,86,72,76,78
1282298,Linus Gechter,264589,Linus Gechter,Hertha BSC,Bundesliga 2,2004-02-27,22,CB,69,191,81,Right,3,2,58,69,52,51,62,65,80,80,73,75
1418073,Samuel Amo-Ameyaw,277561,Samuel Amo-Ameyaw,Strasbourg,Ligue 1 McDonald's,2006-07-18,19,RM,69,174,64,Left,3,3,78,77,81,84,66,58,34,47,36,41
41879,Andrea Masiello,169115,Andrea Masiello,Südtirol,Serie BKT,1986-02-05,40,CB,69,185,85,Right,4,2,34,36,55,54,65,54,72,64,74,68
872974,Lewis Gibson,240496,Lewis Gibson,Preston,EFL Championship,2000-07-19,25,CB,69,185,73,Left,3,2,54,52,58,68,66,64,78,73,67,72
920436,Philipp Strompf,264442,Philipp Strompf,VfL Bochum 1848,Bundesliga 2,1998-04-23,28,CB,69,194,91,Left,3,2,58,75,40,34,64,81,92,85,68,84
251855,Badavi Hüseynov,72873,Badavi Hüseynov,Qarabağ FK,Liga Azerbaijan,1991-07-11,34,CB,69,185,81,Right,3,2,60,62,55,57,69,61,74,73,60,68
1359465,Luka Kulenovic,73949,Luka Kulenović,Heracles Almelo,Eredivisie,1999-09-29,26,ST,69,190,85,Right,3,2,55,68,55,49,67,65,83,85,52,72
541825,Lubomír Satka,209232,Ľubomír Šatka,Samsunspor,Trendyol Süper Lig,1995-12-02,30,CB,69,188,78,Right,3,2,63,63,64,55,69,61,75,74,64,69
1350681,Dylan Nandín,279919,Dylan Nandín,Arouca,Liga Portugal,2002-02-28,24,ST,69,186,78,Right,3,2,64,69,57,74,70,60,75,75,40,64
860890,José Canale,253238,José Canale,Lanús,LPF,1996-07-20,29,CB,69,185,80,Left,2,2,68,59,49,66,62,61,80,84,70,73
1279557,Clemens Riedel,263575,Clemens Riedel,RCD Espanyol,LALIGA EA SPORTS,2003-07-19,22,CB,69,186,73,Right,3,2,55,64,62,64,68,58,74,80,70,70
1050190,Marco Ruggero,73989,Marco Ruggero,SS Juve Stabia,Serie BKT,2000-06-01,26,CB,69,185,80,Right,3,2,55,66,48,54,64,66,73,75,71,71
280865,Michael Ihiekwe,205584,Michael Ihiekwe,Blackpool,EFL League One,1992-11-20,33,CB,69,185,80,Right,3,2,51,62,55,51,66,70,84,76,69,77
492129,Malik Tchokounté,240133,Malik Tchokounté,Laval MFC,Ligue 2 BKT,1988-09-11,37,ST,69,186,80,Right,2,2,35,45,60,53,65,73,88,82,67,80
863856,Lucas Perrin,243449,Lucas Perrin,R. Sporting,LALIGA HYPERMOTION,1998-11-19,27,CB,69,188,81,Right,2,2,43,46,34,50,70,75,78,74,66,75
725655,Nikola Katic,244204,Nikola Katić,FC Schalke 04,Bundesliga 2,1996-10-10,29,CB,69,194,90,Right,2,2,44,56,33,39,64,69,85,77,77,79
951498,Felix Bacher,262404,Felix Bacher,Estoril Praia,Liga Portugal,2000-05-25,26,CB,69,190,82,Right,3,2,64,52,52,49,58,75,84,78,73,79
867796,Marco Bellich,72831,Marco Bellich,SS Juve Stabia,Serie BKT,1999-05-05,27,CB,69,188,83,Left,2,2,51,62,51,52,62,64,74,74,71,71
447418,Lloyd Jones,215301,Lloyd Jones,Charlton Ath,EFL Championship,1995-10-07,30,CB,69,191,78,Right,3,2,52,57,43,60,67,73,85,88,74,80
1362306,Bernardo Schappo,79505,Bernardo Schappo,Estrela Amadora,Liga Portugal,1998-03-22,28,CB,69,191,85,Left,2,2,52,55,51,61,68,75,82,79,65,77
491810,Jack Whatmough,211166,Jack Whatmough,Huddersfield,EFL League One,1996-08-19,29,CB,69,190,82,Right,4,2,47,50,60,44,67,72,83,81,74,78
980672,Leo Greiml,250813,Leo Greiml,NAC Breda,Eredivisie,2001-07-03,24,CB,69,187,84,Right,2,2,43,55,47,62,64,63,81,84,88,78
687106,Fatih Kurucuk,257804,Fatih Kuruçuk,Karagümrük SK,Trendyol Süper Lig,1998-01-21,28,CB,69,192,85,Right,2,2,54,53,46,42,68,65,83,80,75,77
178758,Bram Nuytinck,193091,Bram Nuytinck,N.E.C. Nijmegen,Eredivisie,1990-05-04,36,CB,69,190,82,Left,2,2,38,41,43,55,65,60,83,66,77,75
594886,Florian Le Joncour,229200,Florian Le Joncour,SV Elversberg,Bundesliga 2,1995-02-03,31,CB,69,193,89,Left,2,2,43,71,38,43,67,69,83,76,68,76
1187370,Cristian Devenish,259053,Cristian Devenish,AVS Futebol SAD,Liga Portugal,2001-01-25,25,CB,69,192,84,Right,2,2,46,54,46,35,66,62,83,72,68,74
568911,João Afonso,223818,João Afonso,CD Tondela,Liga Portugal,1990-05-28,36,CB,69,188,84,Right,3,2,44,36,37,63,64,58,80,75,72,73
1057949,Nikola Stevanovic,266564,Nikola Stevanović,Univ. Craiova,SUPERLIGA,1998-09-13,27,CB,69,190,80,Right,3,2,53,56,52,48,63,83,85,80,70,81
1187644,Kévin Boma,258457,Kévin Boma,Estoril Praia,Liga Portugal,2002-11-20,23,CB,69,187,73,Right,3,2,39,44,33,52,63,65,76,67,63,70
793507,Aleksandar Radovanovic,244135,Aleksandar Radovanović,Real Zaragoza,LALIGA HYPERMOTION,1993-11-11,32,CB,69,190,83,Left,2,2,45,32,31,40,60,68,85,74,85,80
1609209,Giovanni Leoni,70824,Giovanni Leoni,Liverpool,Premier League,2006-12-21,19,CB,69,193,79,Right,3,2,51,54,48,40,65,65,70,67,68,68
1507697,Saba Goglichidze,70252,Saba Goglichidze,Udinese,Serie A Enilive,2004-06-25,22,CB,69,192,82,Right,3,2,56,53,40,55,65,66,63,71,72,66
723574,Dimitrios Nikolaou,237040,Dimitrios Nikolaou,Bari,Serie BKT,1998-08-13,27,CB,69,188,82,Left,2,2,38,35,35,45,66,69,84,71,74,78
784175,Luka Lochoshvili,258464,Luka Lochoshvili,1. FC Nürnberg,Bundesliga 2,1998-05-29,28,CB,69,191,84,Left,2,2,40,38,36,40,64,68,89,73,78,81
938564,Miguel Rubio,243431,Miguel Rubio,RCD Espanyol,LALIGA EA SPORTS,1998-03-11,28,CB,69,191,86,Right,3,2,37,44,32,30,67,32,83,70,70,67
244355,Luis Rocha,234992,Luís Rocha,Santa Clara,Liga Portugal,1986-08-13,39,CB,69,186,85,Right,2,2,32,35,34,51,69,50,84,74,78,74
498532,Pelly-Ruddock Mpanzu,207956,Pelly-Ruddock Mpanzu,Cambridge Utd,EFL League Two,1994-03-22,32,CM,68,175,74,Right,3,3,77,77,72,82,67,84,84,86,68,81
1056689,Harvey Knibbs,241428,Harvey Knibbs,Charlton Ath,EFL Championship,1999-04-26,27,CM,68,188,83,Right,3,3,74,70,60,59,70,88,82,83,76,82
668793,Svante Ingelsson,229910,Svante Ingelsson,Sheffield Wed,EFL Championship,1998-06-14,28,CM,68,189,83,Left,3,3,73,73,73,56,65,89,76,70,75,79
1165232,Giuseppe Aurelio,273917,Giuseppe Aurelio,Spezia,Serie BKT,2000-03-22,26,LB,68,183,80,Left,3,3,82,84,80,67,65,74,76,89,66,74
552040,Marko Rog,236311,Marko Rog,Cagliari,Serie A Enilive,1995-07-19,30,CM,68,180,73,Right,3,3,77,67,76,79,58,60,63,66,80,66
942834,Ibrahim Bayesh,74514,Ibrahim Bayesh,Al Riyadh,ROSHN Saudi League,2000-05-01,26,LM,68,177,74,Right,3,3,78,80,73,66,64,82,71,80,77,75
303187,Ömer Ali Sahiner,223017,Ömer Ali Şahiner,Başakşehir,Trendyol Süper Lig,1992-01-02,34,RB,68,175,70,Right,3,3,76,73,80,81,67,79,63,68,73,69
354785,Luke Leahy,239119,Luke Leahy,Wycombe,EFL League One,1992-11-19,33,LB,68,178,73,Left,2,3,69,70,72,73,65,84,69,77,75,74
983199,Tino Anjorin,248474,Tino Anjorin,Torino,Serie A Enilive,2001-11-23,24,CM,68,185,81,Right,3,3,73,76,74,73,65,67,73,71,63,69
1066264,Abu Francis,251845,Abu Francis,Toulouse FC,Ligue 1 McDonald's,2001-04-27,25,CM,68,184,72,Right,3,3,72,72,74,70,65,66,71,75,77,71
426180,Jamie Allen,213147,Jamie Allen,Coventry City,EFL Championship,1995-01-29,31,CM,68,170,66,Right,3,3,76,74,82,86,69,86,59,66,82,71
846686,Demetri Mitchell,237310,Demetri Mitchell,Leyton Orient,EFL League One,1997-01-11,29,LM,68,176,70,Left,4,3,88,89,77,72,62,74,64,74,62,67
1227376,Youssouf Diarra,73282,Youssouf Diarra,Cádiz CF,LALIGA HYPERMOTION,1998-09-13,27,CM,68,175,71,Right,3,2,82,80,78,78,67,81,71,83,70,74
620124,Lynden Gooch,222528,Lynden Gooch,Huddersfield,EFL League One,1995-12-24,30,RB,68,173,75,Right,4,3,79,77,76,80,67,73,73,74,79,74
754621,Mael Corboz,231897,Mael Corboz,Arminia Bielefeld,Bundesliga 2,1994-09-06,31,CM,68,180,76,Right,4,2,76,78,75,70,70,86,65,69,71,72
1087658,Tochi Chukwuani,252148,Tochi Chukwuani,SK Sturm Graz,Ö. Bundesliga,2003-03-24,23,CM,68,187,65,Right,4,2,68,71,78,77,65,82,73,71,61,73
1093025,Sotiris Alexandropoulos,252567,Sotiris Alexandropoulos,Düsseldorf,Bundesliga 2,2001-11-26,24,CM,68,186,71,Right,2,2,76,74,67,68,64,76,71,78,68,72
1520422,Chris-Kevin Nadje,73617,Chris-Kévin Nadje,Excelsior,Eredivisie,2001-08-14,24,CM,68,190,82,Right,3,2,77,75,63,62,68,69,84,85,76,79
561204,Dylan Louiserre,225174,Dylan Louiserre,En Avant Guingamp,Ligue 2 BKT,1995-02-02,31,CM,68,173,63,Right,3,3,74,63,91,87,66,91,64,73,64,71
1230595,Malik Sellouki,261141,Malik Sellouki,Laval MFC,Ligue 2 BKT,2000-03-21,26,CM,68,177,67,Left,3,3,72,73,75,71,62,66,66,67,57,64
746408,David Kasumu,233938,David Kasumu,Huddersfield,EFL League One,1999-10-05,26,CDM,68,180,70,Right,3,3,79,75,79,75,65,85,76,79,79,79
1662406,Moussa Baradji,73427,Moussa Baradji,Blackburn Rovers,EFL Championship,2000-11-20,25,CM,68,182,80,Right,3,2,67,67,62,61,65,73,72,76,73,73
58484,Dávid Gróf,189146,Dávid Gróf,Ferencvárosi TC,Magyar Liga,1989-04-17,37,GK,68,193,90,Right,3,1,63,60,64,52,62,42,68,70,25,62
317713,Onur Bulut,205939,Onur Bulut,Başakşehir,Trendyol Süper Lig,1994-04-16,32,RB,68,179,80,Right,4,3,75,77,71,73,65,67,65,67,70,67
438115,Callum O'Dowda,212454,Callum O'Dowda,Ferencvárosi TC,Magyar Liga,1995-04-23,31,LB,68,180,75,Left,3,3,81,82,80,72,66,74,67,75,47,65
445226,Jean-Philippe Gbamin,214947,Jean-Philippe Gbamin,FC Metz,Ligue 1 McDonald's,1995-09-25,30,CDM,68,186,83,Right,3,3,65,73,64,63,64,56,80,78,76,73
586199,Erwin Koffi,225685,Erwin Koffi,En Avant Guingamp,Ligue 2 BKT,1995-01-10,31,RB,68,175,68,Right,3,2,85,82,78,72,56,90,75,81,70,78
929613,Kevin Sessa,242974,Kevin Sessa,Hertha BSC,Bundesliga 2,2000-07-06,25,CM,68,175,70,Right,3,3,84,76,85,80,65,73,45,65,64,57
888904,Bendegúz Bolla,263233,Bendegúz Bolla,SK Rapid,Ö. Bundesliga,1999-11-22,26,RB,68,180,72,Right,3,3,79,77,68,64,65,79,68,64,65,70
1514591,Rafael Lubach,73161,Rafael Lubach,1. FC Nürnberg,Bundesliga 2,2005-01-11,21,CM,68,175,68,Right,3,3,76,77,85,81,67,69,68,70,52,65
414232,Ridgeciano Haps,210384,Ridgeciano Haps,Venezia,Serie BKT,1993-06-12,33,LB,68,175,66,Left,3,3,76,81,81,81,64,69,56,69,68,62
660148,Dzenis Burnic,228082,Dženis Burnić,Karlsruher SC,Bundesliga 2,1998-05-22,28,CM,68,181,73,Left,3,3,75,76,77,74,69,77,64,65,63,67
698500,Bailey Peacock-Farrell,229091,Bailey Peacock-Farrell,Blackpool,EFL League One,1996-10-29,29,GK,68,193,73,Left,3,1,60,61,40,59,59,40,67,70,40,66
964579,Kevin Appin,239451,Kévin Appin,Burgos CF,LALIGA HYPERMOTION,1998-01-20,28,CM,68,177,71,Right,3,3,72,69,70,76,65,75,71,77,63,71
1077926,Ethan Galbraith,243640,Ethan Galbraith,Swansea City,EFL Championship,2001-05-11,25,RB,68,175,67,Right,3,3,75,70,81,84,66,84,58,65,63,66
1132117,Kacper Chodyna,255779,Kacper Chodyna,Legia Warszawa,PKO BP Ekstraklasa,1999-05-24,27,RM,68,176,68,Right,2,3,84,85,83,79,64,71,60,71,62,64
1359536,Ali Ahmed,272604,Ali Ahmed,Whitecaps FC,MLS,2000-10-10,25,CM,68,180,70,Right,3,3,78,78,76,75,65,75,62,66,59,65
1463266,Louis Oppie,276610,Louis Oppie,FC St. Pauli,Bundesliga,2002-05-17,24,LB,68,184,81,Left,3,2,70,82,66,64,64,88,78,77,66,78
1078707,Emanuele Adamo,72850,Emanuele Adamo,Cesena,Serie BKT,1998-07-19,27,RB,68,177,72,Right,3,3,78,79,76,72,66,74,59,64,61,63
848612,Nasser Al-Dawsari,241938,Nasser Al Dawsari,Al Hilal,ROSHN Saudi League,1998-12-19,27,CM,68,178,68,Left,3,3,66,69,79,69,63,67,71,64,72,70
546190,Lubambo Musonda,246959,Lubambo Musonda,1. FC Magdeburg,Bundesliga 2,1995-03-01,31,RM,68,171,66,Right,5,3,90,82,90,90,61,72,61,72,52,63
950396,Jordy Alcívar,254039,Jordy Alcívar,IDV,Libertadores,1999-08-05,26,CDM,68,168,63,Right,3,2,68,65,70,81,69,81,70,66,60,71
819874,Luca Magnino,259058,Luca Magnino,Modena,Serie BKT,1997-08-13,28,CDM,68,185,82,Right,3,3,74,79,65,72,69,75,72,77,75,74
1284559,Novatus Miroshi,269899,Novatus Miroshi,Göztepe,Trendyol Süper Lig,2002-09-02,23,CDM,68,185,74,Left,2,2,74,76,71,70,64,74,73,78,76,74
780414,Josh Dacres-Cogley,229073,Josh Dacres-Cogley,Bolton,EFL League One,1996-03-12,30,RB,68,174,68,Right,3,2,87,91,81,81,61,91,67,76,61,72
784847,Giannis Papanikolaou,258040,Giannis Papanikolaou,Çaykur Rizespor,Trendyol Süper Lig,1998-11-18,27,CDM,68,182,73,Right,3,2,76,69,72,74,67,81,73,76,75,76
175947,James McClean,198489,James McClean,Wrexham,EFL Championship,1989-04-22,37,LB,68,180,70,Left,2,3,58,63,64,70,69,81,74,70,91,79
355739,Callum Paterson,210724,Callum Paterson,MK Dons,EFL League Two,1994-10-13,31,ST,68,187,76,Right,3,3,63,60,57,55,68,80,82,79,86,82
662728,Jordan Thompson,230136,Jordan Thompson,Preston,EFL Championship,1997-01-03,29,CM,68,175,65,Left,2,3,70,66,78,79,68,74,61,63,77,68
729733,Andre Dozzell,233276,Andre Dozzell,Portsmouth,EFL Championship,1999-05-02,27,CDM,68,178,64,Left,4,3,73,67,78,79,67,82,56,64,78,67
819872,Mark Harris,237833,Mark Harris,Oxford United,EFL Championship,1998-12-29,27,ST,68,182,75,Right,3,2,84,84,79,73,68,81,67,76,57,69
847357,Mehdi Leris,240660,Mehdi Léris,Pisa,Serie A Enilive,1998-05-23,28,RM,68,186,78,Right,3,3,63,70,62,58,68,75,74,73,71,74
920741,Javi Martinez,255268,Javi Martínez,SD Eibar,LALIGA HYPERMOTION,1999-12-22,26,CAM,68,181,71,Right,3,3,65,67,68,69,65,79,69,68,66,71
1180696,Fodé Doucouré,257406,Fodé Doucouré,Havre AC,Ligue 1 McDonald's,2001-02-03,25,RB,68,172,61,Right,3,2,86,90,86,85,56,77,61,78,56,65
890155,Ogün Bayrak,72889,Ogün Bayrak,Göztepe,Trendyol Süper Lig,1998-10-10,27,RB,68,178,70,Right,3,2,77,80,74,71,63,74,59,63,60,63
361768,Cafú,218623,Cafú,Kasımpaşa,Trendyol Süper Lig,1993-02-26,33,CDM,68,185,82,Right,3,3,60,54,59,54,63,60,81,76,81,76
1072860,Shaquil Delos,248821,Shaquil Delos,Grenoble Foot 38,Ligue 2 BKT,1999-06-16,27,RB,68,183,73,Right,5,3,84,81,74,73,61,72,70,82,66,70
612278,Mamadou Thiam,228388,Mamadou Thiam,FCSB,SUPERLIGA,1995-03-20,31,ST,68,180,85,Right,4,3,81,79,75,74,68,85,72,81,56,73
449283,Alessandro Deiola,229743,Alessandro Deiola,Cagliari,Serie A Enilive,1995-08-01,30,CM,68,188,83,Right,3,2,53,53,64,51,70,70,76,73,77,75
239589,Leo Stulac,240095,Leo Štulac,Reggiana,Serie BKT,1994-09-26,31,CDM,68,175,70,Right,3,2,69,68,76,81,62,67,58,61,65,62
951953,Ousmane Diakité,251497,Ousmane Diakité,West Brom,EFL Championship,2000-07-25,25,CDM,68,189,87,Right,3,2,69,68,61,50,59,72,82,78,76,78
1056267,Mickael Biron,256849,Mickaël Biron,1. FC Nürnberg,Bundesliga 2,1997-08-26,28,ST,68,170,71,Right,2,3,83,81,84,86,67,76,67,69,66,69
1118910,Alex Robertson,259677,Alex Robertson,Cardiff City,EFL League One,2003-04-17,23,CAM,68,180,77,Right,3,3,78,64,87,85,65,70,55,68,67,62
1273298,Victor Bak,270534,Victor Bak,FC Midtjylland,3F Superliga,2003-10-03,22,LB,68,180,71,Left,3,2,81,81,54,72,60,70,74,81,57,70
612526,Simone Pontisso,228882,Simone Pontisso,Catanzaro,Serie BKT,1997-03-20,29,CM,68,184,75,Right,3,2,63,66,62,63,69,70,75,73,70,73
1245179,Habib Keïta,262137,Habib Keïta,Clermont Foot 63,Ligue 2 BKT,2002-02-05,24,CM,68,182,72,Left,2,3,66,70,74,69,64,77,65,66,70,69
873560,Mees de Wit,263099,Mees de Wit,AZ,Eredivisie,1998-04-17,28,LB,68,180,78,Left,3,3,76,72,54,63,64,78,74,77,62,73
1367702,Brodie Spencer,270637,Brodie Spencer,Oxford United,EFL Championship,2004-05-06,22,CB,68,182,75,Right,2,2,83,86,70,76,63,83,73,82,77,77
1091015,Nermin Karic,271378,Nermin Karić,Entella,Serie BKT,1999-07-23,26,CM,68,183,77,Right,3,3,64,68,62,64,66,76,68,69,70,70
1523822,Gjivai Zechiël,277483,Gjivai Zechiël,FC Utrecht,Eredivisie,2004-06-01,22,CM,68,183,67,Right,3,3,76,66,82,63,65,72,66,73,68,68
1202707,Carlos Mora,72817,Carlos Mora,Univ. Craiova,SUPERLIGA,2001-03-18,25,RB,68,178,74,Right,3,4,75,73,72,75,64,74,64,65,62,66
577904,Marko Jankovic,234984,Marko Janković,Qarabağ FK,Liga Azerbaijan,1995-07-09,30,CM,68,172,65,Right,3,3,75,71,71,82,65,64,59,62,62,61
952529,Sergio Lopez,245287,Sergio López,SV Darmstadt 98,Bundesliga 2,1999-04-08,27,RB,68,179,70,Right,3,3,76,76,78,78,62,63,57,72,66,61
1161870,Anders Klynge,257259,Anders Klynge,FK Bodø/Glimt,Eliteserien,2000-10-14,25,CM,68,175,70,Right,2,2,67,67,74,77,68,83,63,60,70,69
1430830,Ryan Andrews,270371,Ryan Andrews,BSC Young Boys,Brack Super League,2004-08-26,21,RB,68,175,65,Right,2,2,84,86,74,84,65,73,55,65,64,62
1307957,Romano Floriani Mussolini,74071,Romano Floriani Mussolini,Cremonese,Serie A Enilive,2003-01-27,23,RM,68,188,75,Right,3,3,68,78,56,56,66,78,74,71,58,72
238534,Daniel Johnson,201887,Daniel Johnson,Karagümrük SK,Trendyol Süper Lig,1992-10-08,33,CAM,68,174,67,Left,2,3,75,68,79,83,63,72,65,60,49,63
566118,Arkadiusz Reca,234760,Arkadiusz Reca,Legia Warszawa,PKO BP Ekstraklasa,1995-06-17,31,LB,68,187,76,Left,3,3,81,75,58,54,68,76,64,74,58,66
770163,Alexandru Cicâldau,243001,Alexandru Cicâldău,Univ. Craiova,SUPERLIGA,1997-07-08,28,CAM,68,178,76,Right,4,3,61,60,69,81,64,67,61,60,74,65
954574,Jonas Auer,244795,Jonas Auer,SK Rapid,Ö. Bundesliga,2000-08-05,25,LB,68,182,77,Left,2,2,78,77,76,71,63,85,70,72,68,73
955194,Matej Valenta,244796,Matěj Valenta,Viktoria Plzeň,Česká Liga,2000-02-09,26,CM,68,181,75,Right,3,2,65,66,58,66,66,73,66,70,68,68
929665,Kenzo Goudmijn,246099,Kenzo Goudmijn,Go Ahead Eagles,Eredivisie,2001-12-18,24,CM,68,173,58,Right,3,3,78,77,85,81,66,70,47,57,62,56
672487,Corey Blackett-Taylor,230864,Corey Blackett-Taylor,Derby County,EFL Championship,1997-09-23,28,LM,68,183,67,Right,4,3,90,90,88,90,60,68,56,70,57,60
771686,Dylan Bronn,235565,Dylan Bronn,Servette FC,Brack Super League,1995-06-19,31,CB,68,185,76,Right,3,2,62,58,66,60,66,82,75,74,70,76
869298,Nikolas Nartey,238379,Nikolas Nartey,VfB Stuttgart,Bundesliga,2000-02-22,26,CM,68,187,82,Left,3,3,69,65,74,74,71,55,74,74,67,68
881770,Kevin Piscopo,251603,Kevin Piscopo,SS Juve Stabia,Serie BKT,1998-02-06,28,CAM,68,181,78,Right,3,3,83,73,61,62,63,72,65,76,60,66
1082106,Jayden Nelson,255339,Jayden Nelson,Whitecaps FC,MLS,2002-09-26,23,LW,68,170,66,Right,4,4,93,92,91,90,59,69,56,68,50,59
1112702,Arkadiusz Pyrka,257886,Arkadiusz Pyrka,FC St. Pauli,Bundesliga,2002-09-20,23,RB,68,177,70,Right,3,3,83,85,80,73,59,78,59,66,36,60
1289520,Gabriele Piccinini,268790,Gabriele Piccinini,Pisa,Serie A Enilive,2001-04-06,25,CM,68,184,78,Right,3,2,66,65,66,64,68,75,69,67,68,70
1331597,Gustavo Puerta,273827,Gustavo Puerta,R. Racing Club,LALIGA HYPERMOTION,2003-07-23,22,CM,68,172,70,Right,3,2,66,57,77,84,64,74,61,62,74,67
1526614,Inaki González,278400,Iñaki González,UD Las Palmas,LALIGA HYPERMOTION,2004-07-27,21,CDM,68,182,72,Right,4,3,69,74,72,70,64,78,66,62,64,68
1473991,Dominik Pech,75499,Dominik Pech,BSC Young Boys,Brack Super League,2006-09-04,19,CM,68,181,72,Right,3,2,69,65,71,64,67,67,66,68,59,65
1199113,Merchas Doski,76603,Merchas Doski,Viktoria Plzeň,Česká Liga,1999-12-07,26,LB,68,173,65,Left,3,2,76,75,77,81,69,64,60,71,63,62
511032,Ben Osborn,210985,Ben Osborn,Stockport,EFL League One,1994-08-05,31,CM,68,176,75,Left,3,3,66,60,77,79,68,70,56,59,53,59
488191,Tarkan Serbest,222930,Tarkan Serbest,Kocaelispor,Trendyol Süper Lig,1994-05-02,32,CB,68,184,79,Right,3,2,63,67,66,68,68,71,73,74,70,72
950823,Paul Will,246127,Paul Will,SV Darmstadt 98,Bundesliga 2,1999-03-01,27,CDM,68,185,77,Left,4,3,77,59,63,62,60,85,75,80,77,78
1045656,Billy Mitchell,251560,Billy Mitchell,Millwall,EFL Championship,2001-04-07,25,CM,68,178,75,Right,3,2,66,66,71,70,72,78,70,63,68,71
304668,Sander van de Streek,204370,Sander van de Streek,Antalyaspor,Trendyol Süper Lig,1993-03-24,33,LM,68,180,74,Right,3,3,48,67,68,69,70,76,69,71,54,68
390642,Furkan Soyalp,224488,Furkan Soyalp,Kayserispor,Trendyol Süper Lig,1995-06-12,31,CM,68,175,68,Right,4,3,68,70,69,68,59,69,65,63,55,64
583434,Aaron Collins,225509,Aaron Collins,MK Dons,EFL League Two,1997-05-27,29,ST,68,185,74,Right,5,3,83,78,75,78,68,89,69,78,64,73
610273,Witi,226720,Witi,Nacional,Liga Portugal,1996-08-26,29,LW,68,173,58,Left,3,3,91,89,86,85,62,85,32,55,46,49
665339,Marco Festa,230631,Marco Festa,Mantova,Serie BKT,1992-06-06,34,GK,68,190,85,Right,3,1,48,43,37,46,62,38,80,72,24,70
684938,Nicolas Janvier,231266,Nicolas Janvier,Alanyaspor,Trendyol Süper Lig,1998-08-11,27,CM,68,171,77,Right,3,3,67,62,79,85,67,69,68,67,64,67
1098066,Amadou Dante,253122,Amadou Dante,Arouca,Liga Portugal,2000-10-07,25,LB,68,179,70,Left,3,2,82,81,84,76,64,80,62,76,69,69
724948,Ondrej Karafiat,257533,Ondřej Karafiát,1. FC Nürnberg,Bundesliga 2,1994-12-01,31,CB,68,182,78,Right,4,2,63,72,61,72,63,66,76,76,70,72
1192854,Naouirou Ahamada,259205,Naouirou Ahamada,Crystal Palace,Premier League,2002-03-29,24,CM,68,183,73,Right,3,2,74,61,75,77,70,64,58,67,70,62
1356299,Pedro Santos,273663,Pedro Santos,Arouca,Liga Portugal,2000-10-12,25,CM,68,174,61,Right,3,2,71,74,75,81,64,80,55,60,42,59
1330872,David Ozoh,273693,David Ozoh,Derby County,EFL Championship,2005-05-06,21,CDM,68,190,68,Right,3,2,64,65,68,66,65,70,80,73,74,76
661062,Luca Marseiler,240156,Luca Marseiler,SV Darmstadt 98,Bundesliga 2,1997-02-18,29,ST,68,176,68,Right,5,3,86,93,84,85,70,74,57,69,49,60
1052360,Stefano Russo,252861,Stefano Russo,Arminia Bielefeld,Bundesliga 2,2000-06-29,26,CDM,68,183,75,Right,3,2,66,70,66,69,65,89,72,70,77,77
414856,Gaetano Letizia,216072,Gaetano Letizia,Pescara,Serie BKT,1990-06-29,36,RB,68,173,63,Right,4,3,74,71,75,78,65,78,64,67,64,68
208077,Danilo,216283,Danilo,1. FC Nürnberg,Bundesliga 2,1991-10-29,34,LB,68,170,73,Left,3,3,70,54,83,86,63,70,63,77,71,67
847221,Davis Keillor-Dunn,236487,Davis Keillor-Dunn,Barnsley,EFL League One,1997-11-02,28,ST,68,180,68,Right,4,3,82,79,85,86,66,85,62,82,43,65
915331,Victor Jensen,239379,Victor Jensen,FC Utrecht,Eredivisie,2000-02-08,26,CAM,68,175,63,Right,5,3,73,68,74,80,67,93,54,58,53,64
1029778,Idris El Mizouni,246681,Idris El Mizouni,Leyton Orient,EFL League One,2000-09-26,25,CM,68,185,74,Right,3,3,68,61,63,66,66,85,65,62,80,73
962706,Oliver Cooper,248688,Oliver Cooper,Wigan Athletic,EFL League One,1999-12-14,26,CAM,68,174,65,Right,3,3,72,68,76,83,62,72,56,59,62,61
1206310,Niall Huggins,251521,Niall Huggins,Wycombe,EFL League One,2000-12-18,25,LB,68,173,61,Right,4,2,84,82,86,82,64,67,57,69,56,60
1076138,Hector Kyprianou,252883,Hector Kyprianou,Watford,EFL Championship,2001-05-27,25,CDM,68,189,82,Right,3,2,64,64,64,58,65,82,74,73,71,75
1134508,Tatsuki Seko,255590,Tatsuki Seko,Stoke City,EFL Championship,1997-12-22,28,CDM,68,175,69,Right,3,2,67,64,75,71,67,73,65,61,68,67
1177359,Ismaël Boura,256788,Ismaël Boura,ESTAC Troyes,Ligue 2 BKT,2000-08-14,25,LB,68,173,68,Left,2,3,79,80,74,80,62,78,63,69,67,68
1202909,Marco John,259569,Marco John,Fürth,Bundesliga 2,2002-04-02,24,LM,68,184,73,Left,3,3,68,68,70,70,67,74,57,53,51,60
1138592,Zidane Iqbal,265788,Zidane Iqbal,FC Utrecht,Eredivisie,2003-04-27,23,CDM,68,181,71,Right,3,4,68,60,83,81,66,76,56,57,62,62
857618,Arber Hoxha,279925,Arbër Hoxha,Dinamo Zagreb,Liga Hrvatska,1998-10-06,27,LW,68,185,77,Right,4,3,82,83,80,63,65,67,69,79,61,67
982272,Sidnei Tavares,73196,Sidnei Tavares,Blackburn Rovers,EFL Championship,2001-09-29,24,CDM,68,188,76,Right,3,2,67,65,61,45,67,70,68,67,64,68
215158,Haitam Aleesami,210695,Haitam Aleesami,FK Bodø/Glimt,Eliteserien,1991-07-31,34,CB,68,183,81,Left,3,2,60,68,58,59,67,75,75,74,68,74
872742,Tim Handwerker,239571,Tim Handwerker,Arminia Bielefeld,Bundesliga 2,1998-05-19,28,LB,68,182,74,Left,3,2,84,78,70,69,63,81,66,73,60,69
1167225,Iván Morante,255468,Iván Morante,Burgos CF,LALIGA HYPERMOTION,2001-01-15,25,CDM,68,183,75,Left,3,3,68,64,66,68,65,72,60,66,59,63
1244808,Tim Jabol-Folcarelli,276946,Tim Jabol-Folcarelli,Trabzonspor,Trendyol Süper Lig,1999-12-06,26,CM,68,187,77,Right,3,2,65,66,57,56,65,81,70,70,62,71
1411496,Dani Sanchez,73450,Dani Sánchez,Málaga CF,LALIGA HYPERMOTION,2000-01-14,26,LB,68,171,68,Left,3,2,75,78,72,81,60,75,62,69,66,66
736188,Josh Koroma,233565,Josh Koroma,Leyton Orient,EFL League One,1998-11-09,27,ST,68,178,66,Right,3,3,86,82,79,77,65,73,66,76,46,64
865066,Joel Grodowski,240814,Joel Grodowski,Arminia Bielefeld,Bundesliga 2,1997-11-30,28,ST,68,185,80,Right,4,3,90,94,78,68,65,78,75,82,50,71
915168,Sergio González,246097,Sergio González,Burgos CF,LALIGA HYPERMOTION,1997-05-14,29,CB,68,184,70,Right,3,2,53,70,63,67,64,84,80,74,79,81
1111391,Liam Gibbs,256620,Liam Gibbs,Norwich,EFL Championship,2002-12-16,23,CM,68,178,68,Right,3,2,68,65,66,73,72,72,58,61,70,64
1125997,Shurandy Sambo,260099,Shurandy Sambo,Sparta Rotterdam,Eredivisie,2001-08-19,24,RB,68,174,70,Right,3,3,77,78,74,74,65,76,71,76,68,72
1214915,Brooke Norton-Cuffy,260653,Brooke Norton-Cuffy,Genoa,Serie A Enilive,2004-01-12,22,RM,68,181,70,Right,3,3,79,80,73,70,67,68,63,73,66,65
1173785,Édouard Michut,261249,Édouard Michut,Fortuna Sittard,Eredivisie,2003-03-04,23,CDM,68,178,68,Right,3,3,64,64,78,78,66,74,45,53,68,57
1372284,Beni,273840,Beni,Vitória SC,Liga Portugal,2002-05-21,24,CM,68,180,78,Right,3,2,67,67,66,61,64,70,62,56,65,64
1203187,Mathijs Tielemans,274448,Mathijs Tielemans,Excelsior,Eredivisie,2002-04-26,24,CM,68,179,63,Right,4,2,69,67,60,67,64,80,61,63,51,64
1203447,Camiel Neghli,276712,Camiel Neghli,Millwall,EFL Championship,2001-11-06,24,RM,68,179,73,Left,3,3,78,83,76,62,57,84,62,62,49,65
1518451,Mikayil Faye,277118,Mikayil Faye,Cremonese,Serie A Enilive,2004-07-14,21,CB,68,186,81,Left,3,2,72,77,63,47,66,66,79,81,73,75
1256224,Mário Sauer,79390,Mario Sauer,Toulouse FC,Ligue 1 McDonald's,2004-05-15,22,CM,68,180,73,Right,3,3,74,70,67,66,58,73,57,64,54,61
180784,Marvin Peersman,200122,Marvin Peersman,FC Groningen,Eredivisie,1991-02-10,35,CB,68,184,69,Left,3,2,67,74,65,69,60,70,81,76,76,77
210819,Max Power,200667,Max Power,Bradford City,EFL League One,1993-07-27,32,CDM,68,181,78,Right,3,3,55,50,58,72,66,85,74,70,72,76
561619,Clint Leemans,224185,Clint Leemans,NAC Breda,Eredivisie,1995-09-15,30,CM,68,189,74,Left,2,3,51,42,52,59,64,76,75,66,61,72
833697,Darko Churlinov,251545,Darko Churlinov,Kocaelispor,Trendyol Süper Lig,2000-07-11,25,LM,68,180,73,Right,3,3,80,77,83,79,66,70,47,63,65,57
1184468,Thelo Aasgaard,259185,Thelo Aasgaard,Rangers,Scottish Prem,2002-05-02,24,CM,68,188,72,Right,4,3,65,69,71,79,70,71,66,67,44,63
1354177,Benjamin Cremaschi,272687,Benjamin Cremaschi,Parma,Serie A Enilive,2005-03-02,21,CM,68,180,75,Right,3,3,73,75,71,70,60,60,59,56,53,58
1436850,Clement Bischoff,278359,Clement Bischoff,RB Salzburg,Ö. Bundesliga,2005-12-16,20,LM,68,180,70,Right,3,3,74,77,69,73,60,74,59,64,56,62
1429598,Soumaila Diabate,74992,Soumaïla Diabaté,RB Salzburg,Ö. Bundesliga,2004-11-22,21,CDM,68,168,66,Right,3,2,78,70,72,89,59,83,55,63,60,63
172803,Gökhan Degirmenci,166963,Gökhan Değirmenci,Kocaelispor,Trendyol Süper Lig,1989-03-21,37,GK,68,185,79,Right,2,1,41,55,38,60,60,38,62,61,19,70
172284,Ryan Allsop,199812,Ryan Allsop,Birmingham City,EFL Championship,1992-06-17,34,GK,68,189,80,Right,3,1,42,42,48,44,64,37,55,57,28,66
1146375,Max Brandt,276365,Max Brandt,SSV Ulm 1846,3. Liga,2001-06-02,25,CM,68,180,71,Right,3,2,68,68,82,83,67,92,58,57,53,65
1178779,Alen Sherri,73838,Alen Sherri,Frosinone,Serie BKT,1997-12-15,28,GK,68,197,93,Right,3,1,45,43,52,34,66,35,69,64,35,65
1302796,Mateo Lisica,79981,Mateo Lisica,Dinamo Zagreb,Liga Hrvatska,2003-07-09,22,RW,68,178,75,Right,3,3,90,89,79,70,53,70,68,72,44,64
433956,Will Vaulks,208769,Will Vaulks,Oxford United,EFL Championship,1993-09-13,32,CDM,68,180,75,Right,3,2,53,49,62,64,65,86,72,68,72,75
642528,Moritz Heyer,238593,Moritz Heyer,Düsseldorf,Bundesliga 2,1995-04-04,31,RB,68,184,78,Right,4,2,61,55,65,61,64,69,74,74,69,72
822394,Alex Pinto,238759,Alex Pinto,Arouca,Liga Portugal,1998-07-08,27,RB,68,187,79,Right,3,2,74,79,60,49,64,75,77,77,72,76
929350,Jannik Rochelt,250946,Jannik Rochelt,Hannover 96,Bundesliga 2,1998-09-27,27,LM,68,183,77,Right,4,3,81,81,77,74,66,88,57,67,58,65
389181,Metehan Mimaroglu,263389,Metehan Mimaroğlu,Gençlerbirliği,Trendyol Süper Lig,1994-07-07,31,LM,68,178,73,Right,3,3,83,81,75,70,60,63,65,78,57,64
1330848,Frank Feller,266641,Frank Feller,Heidenheim,Bundesliga,2004-01-07,22,GK,68,183,76,Right,3,1,29,32,35,43,43,26,41,43,24,72
1322880,Sergio Ortuno,276085,Sergio Ortuño,Cádiz CF,LALIGA HYPERMOTION,1999-03-02,27,CM,68,180,75,Right,3,3,56,66,53,63,68,74,64,60,52,64
1105448,Elvin Cafarquliyev,72869,Elvin Cafarquliyev,Qarabağ FK,Liga Azerbaijan,2000-10-26,25,LB,68,180,77,Left,3,3,73,71,65,64,67,63,61,65,68,63
303088,Roger Marti,207732,Roger Martí,Cádiz CF,LALIGA HYPERMOTION,1991-01-03,35,ST,68,179,74,Right,3,3,69,72,70,71,66,71,69,71,64,69
522440,Marcus Harness,220019,Marcus Harness,Huddersfield,EFL League One,1996-02-24,30,LM,68,182,70,Right,4,4,85,85,85,78,60,70,58,63,79,65
678767,Alexandre Olliero,231105,Alexandre Olliero,Stade de Reims,Ligue 2 BKT,1996-02-15,30,GK,68,193,85,Right,2,1,47,45,39,41,64,23,75,70,19,67
1176801,Matías García,252362,Matías García,Aldosivi,LPF,1991-10-22,34,LM,68,173,72,Left,3,3,52,65,69,77,68,70,57,49,57,60
816781,Fabio Maistro,252410,Fabio Maistro,SS Juve Stabia,Serie BKT,1998-04-05,28,CAM,68,180,70,Right,3,3,69,68,56,71,67,72,50,60,59,58
1734096,Mohamed Toure,255767,Mohamed Touré,Randers FC,3F Superliga,2004-03-26,22,ST,68,186,89,Right,3,4,85,86,80,68,66,54,83,87,65,72
820982,Gianluca Frabotta,257713,Gianluca Frabotta,Cesena,Serie BKT,1999-06-24,27,LB,68,187,70,Left,3,2,67,67,59,59,63,74,69,70,59,68
1086653,Tyler Goodrham,263861,Tyler Goodrham,Oxford United,EFL Championship,2003-08-07,22,LM,68,170,60,Right,3,3,77,72,82,91,64,72,53,54,58,59
1393480,Skelly Alvero,271247,Skelly Alvero,SV Werder Bremen,Bundesliga,2002-05-04,24,CDM,68,202,93,Right,3,3,54,57,63,30,66,67,91,77,66,79
1526603,Oliver Braude,277672,Oliver Braude,sc Heerenveen,Eredivisie,2004-02-21,22,RB,68,166,60,Right,3,2,67,77,77,74,64,78,61,62,78,69
1527142,Mathias De Amorim,277811,Mathias de Amorim,FC Famalicão,Liga Portugal,2004-12-10,21,CM,68,174,70,Right,3,3,73,68,68,76,72,69,62,64,62,64
1608454,Marcus Linday,70569,Marcus Linday,sc Heerenveen,Eredivisie,2003-06-02,23,CM,68,179,72,Right,3,2,68,55,66,71,67,84,59,54,63,66
1288907,Yacine Titraoui,73348,Yacine Titraoui,Sp. Charleroi,1A Pro League,2003-07-26,22,CDM,68,170,62,Right,3,2,70,62,67,87,66,70,61,56,59,63
441883,Gaston Pereiro,229636,Gastón Pereiro,Bari,Serie BKT,1995-06-11,31,ST,68,188,79,Left,3,4,68,74,76,57,58,54,72,75,45,62
683364,Hakeem Odoffin,231199,Hakeem Odoffin,Luton Town,EFL League One,1998-04-13,28,CB,68,191,81,Right,2,2,62,75,64,41,67,74,76,75,72,75
1047664,Adil Aouchiche,253102,Adil Aouchiche,Aberdeen,Scottish Prem,2002-07-15,23,CAM,68,181,72,Right,3,4,70,63,81,77,65,59,54,59,54,56
1355837,Serginho,73350,Serginho,Santa Clara,Liga Portugal,1999-12-01,26,CM,68,181,75,Right,3,2,67,64,60,63,67,66,62,66,60,63
458602,Jan Gyamerah,216416,Jan Gyamerah,SV Elversberg,Bundesliga 2,1995-06-18,31,RB,68,184,79,Right,4,3,76,74,70,75,67,76,70,76,58,69
574850,Fabio Gerli,225428,Fabio Gerli,Modena,Serie BKT,1996-12-23,29,CM,68,173,68,Right,3,3,59,65,81,82,68,89,49,52,55,60
702395,Massimiliano Mangraviti,234143,Massimiliano Mangraviti,Cesena,Serie BKT,1998-01-24,28,CB,68,188,79,Left,3,2,69,75,70,59,65,70,74,76,70,72
791416,Sam Smith,235247,Sam Smith,Wrexham,EFL Championship,1998-03-08,28,ST,68,185,73,Left,2,2,75,72,68,68,67,74,78,82,68,75
743743,Leonardo Candellone,240475,Leonardo Candellone,SS Juve Stabia,Serie BKT,1997-09-15,28,ST,68,186,80,Right,4,3,65,72,52,58,62,82,76,77,53,73
905457,Jizz Hornkamp,241835,Jizz Hornkamp,Heracles Almelo,Eredivisie,1998-03-07,28,ST,68,182,81,Right,3,2,67,64,67,64,66,59,70,64,64,66
1186014,Felix Gebhardt,259718,Felix Gebhardt,Jahn Regensburg,3. Liga,2002-03-01,24,GK,68,189,83,Right,3,1,45,46,36,50,65,40,70,64,27,66
1353472,Brian Mansilla,268484,Brian Mansilla,Arouca,Liga Portugal,2002-05-14,24,RM,68,176,75,Left,3,3,70,76,86,62,64,65,67,63,33,60
510425,Stijn van Gassel,269434,Stijn van Gassel,Excelsior,Eredivisie,1996-10-18,29,GK,68,186,81,Left,3,1,45,43,38,39,65,35,67,64,28,65
1136450,Abu Kamara,270379,Abu Kamara,Getafe CF,LALIGA EA SPORTS,2003-07-21,22,RM,68,186,72,Left,3,3,87,85,84,69,61,70,61,75,40,60
1367955,Jocelyn Janneh,271010,Jocelyn Janneh,SC Bastia,Ligue 2 BKT,2002-12-06,23,CDM,68,178,72,Right,3,2,73,67,64,69,64,75,74,78,75,75
1202885,Denis Visinsky,80073,Denis Višinský,Viktoria Plzeň,Česká Liga,2003-03-21,23,LW,68,178,69,Right,3,3,77,75,73,72,65,63,57,69,56,59
210437,Lionel Carole,201041,Lionel Carole,Kayserispor,Trendyol Süper Lig,1991-04-12,35,LB,68,182,78,Left,2,2,69,73,71,64,65,68,73,72,68,71
417743,Raffaele Di Gennaro,219715,Raffaele Di Gennaro,Lombardia FC,Serie A Enilive,1993-10-03,32,GK,68,186,80,Right,2,1,41,45,35,42,66,40,51,55,22,65
259809,Jay Fulton,221890,Jay Fulton,Swansea City,EFL Championship,1994-04-01,32,CDM,68,186,80,Right,3,3,59,50,69,66,65,67,71,71,76,71
997560,Femi Seriki,264196,Femi Seriki,Sheffield Utd,EFL Championship,2002-04-28,24,RB,68,183,78,Right,2,3,86,88,73,64,66,70,68,74,64,68
1305626,Nacho Martin,264838,Nacho Martín,R. Sporting,LALIGA HYPERMOTION,2002-03-19,24,CDM,68,175,69,Right,3,2,71,70,72,78,63,74,58,60,66,64
1125446,Balthazar Pierret,266501,Balthazar Pierret,Lecce,Serie A Enilive,2000-05-15,26,CDM,68,186,82,Right,3,2,70,62,67,56,64,71,70,72,60,68
1384426,Ryan Fosso,72972,Ryan Fosso,Fortuna Sittard,Eredivisie,2002-06-17,24,CDM,68,183,70,Right,3,2,61,73,71,62,65,70,74,64,56,69
302783,Ben Wilson,204825,Ben Wilson,Coventry City,EFL Championship,1992-08-09,33,GK,68,190,76,Right,3,1,40,42,44,50,61,30,55,57,29,65
526227,Nordin Jackers,222263,Nordin Jackers,Club Brugge,1A Pro League,1997-09-05,28,GK,68,187,72,Right,2,1,41,46,48,52,63,28,51,55,21,66
171213,Valentin Cretu,247968,Valentin Crețu,FCSB,SUPERLIGA,1989-01-02,37,RB,68,176,71,Right,2,2,77,80,75,73,64,79,73,71,81,76
1366034,Simone Pafundi,271575,Simone Pafundi,Sampdoria,Serie BKT,2006-03-14,20,CAM,68,166,64,Left,3,3,83,71,87,92,58,61,37,59,62,49
1321605,Mario Martin,274555,Mario Martín,Getafe CF,LALIGA EA SPORTS,2004-03-05,22,CM,68,177,75,Right,3,3,62,67,70,74,68,67,48,53,75,58
1336006,Jorge Pascual,275415,Jorge Pascual,Granada CF,LALIGA HYPERMOTION,2003-04-09,23,ST,68,187,77,Left,3,3,75,75,73,66,70,79,71,76,50,69
1509423,David Moses,76098,David Moses,Slavia Praha,Česká Liga,2004-01-20,22,CM,68,171,70,Right,3,2,63,64,70,74,70,67,60,64,67,63
1580522,Ángel Ortiz,76740,Ángel Ortiz,Real Betis,LALIGA EA SPORTS,2004-07-25,21,RB,68,167,60,Right,3,2,75,70,72,76,65,64,59,65,55,60
191174,Jake Bidwell,196952,Jake Bidwell,Coventry City,EFL Championship,1993-03-21,33,LB,68,183,80,Left,2,2,62,64,60,62,68,77,74,73,74,75
401932,Adam Davies,200715,Adam Davies,Sheffield Utd,EFL Championship,1992-07-17,33,GK,68,185,80,Right,3,1,40,40,39,40,67,29,47,52,31,67
563069,Yann Bodiger,224591,Yann Bodiger,AD Ceuta FC,LALIGA HYPERMOTION,1995-02-09,31,CDM,68,188,80,Left,3,2,51,50,49,51,64,75,77,70,68,74
820974,Ron Schallenberg,239099,Ron Schallenberg,FC Schalke 04,Bundesliga 2,1998-10-06,27,CDM,68,185,78,Right,2,2,62,69,62,65,70,81,68,70,73,72
712737,Paul Smyth,241075,Paul Smyth,QPR,EFL Championship,1997-09-10,28,RM,68,173,69,Right,2,3,91,91,91,89,61,70,48,68,47,54
1283469,Oussama El Azzouzi,269745,Oussama El Azzouzi,AJ Auxerre,Ligue 1 McDonald's,2001-05-29,25,CDM,68,189,75,Right,3,2,55,55,61,56,65,56,64,67,71,64
1210508,Diogo Nascimento,276998,Diogo Nascimento,Olympiacos FC,Hellas Liga,2002-11-02,23,CM,68,166,61,Right,3,2,76,71,85,83,68,71,41,54,64,54
484264,Adam Lundkvist,220600,Adam Lundkvist,BK Häcken,Allsvenskan,1994-03-20,32,LB,68,175,65,Left,2,2,68,66,77,78,65,76,57,61,69,64
968029,Lautaro Valenti,246164,Lautaro Valenti,Parma,Serie A Enilive,1999-01-14,27,CB,68,188,80,Left,4,2,68,70,60,59,61,77,74,76,70,74
1097753,Kwadwo Baah,254807,Kwadwo Baah,Watford,EFL Championship,2003-01-27,23,RM,68,183,75,Right,2,3,89,87,75,78,66,58,72,71,57,65
1323479,Tim Rossmann,266011,Tim Rossmann,Düsseldorf,Bundesliga 2,2003-11-11,22,LM,68,183,73,Left,3,3,87,92,80,76,65,68,64,66,49,62
1290968,Antoine Hainaut,271856,Antoine Hainaut,Venezia,Serie BKT,2002-02-18,24,RB,68,187,70,Right,2,2,68,63,57,67,67,52,53,60,69,56
1307663,Sinclair Armstrong,272365,Sinclair Armstrong,Bristol City,EFL Championship,2003-06-22,23,ST,68,182,80,Right,2,3,88,90,66,59,64,64,85,89,75,78
1597668,Rio Ngumoha,80376,Rio Ngumoha,Liverpool,Premier League,2008-08-29,17,LM,68,170,68,Right,3,3,92,89,85,88,62,62,54,61,39,53
289216,Benjamin Uphoff,206145,Benjamin Uphoff,FC Hansa Rostock,3. Liga,1993-08-08,32,GK,68,192,84,Right,2,1,36,40,29,34,66,23,64,59,15,68
540415,André Ferreira,244020,André Ferreira,Moreirense FC,Liga Portugal,1996-05-29,30,GK,68,193,79,Right,2,1,38,39,60,55,64,33,76,66,27,69
943056,Daniel Bielica,244256,Daniel Bielica,NAC Breda,Eredivisie,1999-04-30,27,GK,68,191,76,Right,2,1,42,33,32,33,62,29,59,58,25,66
1053472,Marco Tilio,246009,Marco Tilio,SK Rapid,Ö. Bundesliga,2001-08-23,24,RM,68,163,63,Left,5,3,85,82,90,91,61,75,47,65,59,57
1358655,Julio Soler,269796,Julio Soler,AFC Bournemouth,Premier League,2005-02-16,21,LB,68,175,63,Left,3,2,75,75,68,72,60,60,55,67,69,60
1362492,Santiago Castaneda,276311,Santiago Castañeda,SC Paderborn 07,Bundesliga 2,2004-11-01,21,CM,68,188,74,Right,4,2,75,50,68,60,69,76,61,72,62,66
200124,Sivert Heltne Nilsen,221552,Sivert Heltne Nilsen,Aberdeen,Scottish Prem,1991-10-02,34,CDM,68,184,78,Right,3,2,45,52,54,70,69,82,76,70,75,77
1025773,Daniel Paraschiv,262728,Daniel Paraschiv,Cultural Leonesa,LALIGA HYPERMOTION,1999-04-24,27,ST,68,185,76,Right,4,2,78,72,84,78,66,81,80,85,58,76
860278,Matteo Rover,268758,Matteo Rover,Reggiana,Serie BKT,1999-02-20,27,LM,68,185,76,Right,4,3,76,72,77,64,65,68,62,68,48,61
1401997,Álex Padilla,271034,Álex Padilla,Athletic Club,LALIGA EA SPORTS,2003-09-01,22,GK,68,190,83,Right,3,1,37,29,35,35,51,22,62,57,26,67
1097375,Jakob Lemmer,273114,Jakob Lemmer,Dynamo Dresden,Bundesliga 2,2000-04-26,26,RW,68,179,74,Right,3,3,76,77,82,72,60,74,58,65,63,63
1388071,Reda Belahyane,275163,Reda Belahyane,Latium,Serie A Enilive,2004-06-01,22,CM,68,169,53,Right,3,2,69,63,77,91,67,67,38,49,71,52
1426704,Tygo Land,275411,Tygo Land,FC Groningen,Eredivisie,2006-01-11,20,CM,68,168,65,Right,4,4,71,75,82,82,62,61,38,59,50,47
892379,Alex Douglas,70084,Alex Douglas,Lech Poznań,PKO BP Ekstraklasa,2001-08-17,24,CB,68,190,88,Left,3,2,80,81,59,52,68,69,81,85,63,75
212873,Daniel Batz,199803,Daniel Batz,1. FSV Mainz 05,Bundesliga,1991-01-12,35,GK,68,191,90,Right,2,1,36,33,44,38,65,29,61,60,23,69
1209446,Jesus Bernal,238220,Jesús Bernal,R. Sporting,LALIGA HYPERMOTION,1996-12-25,29,CDM,68,183,75,Right,3,2,55,60,51,69,67,82,74,68,64,74
982745,Charlie Kelman,246604,Charlie Kelman,Charlton Ath,EFL Championship,2001-11-02,24,ST,68,175,68,Right,3,3,82,80,79,71,66,81,67,76,64,70
1121295,Kacper Urbanski,254819,Kacper Urbański,Legia Warszawa,PKO BP Ekstraklasa,2004-09-07,21,CM,68,178,58,Right,3,3,76,63,83,82,65,61,34,50,39,43
1073569,Can Keles,263132,Can Keleş,Kocaelispor,Trendyol Süper Lig,2001-09-02,24,RM,68,180,77,Left,4,3,79,78,77,70,66,67,64,72,47,62
575065,José Gomes,264488,José Gomes,Nacional,Liga Portugal,1996-07-20,29,LB,68,185,76,Left,2,2,69,72,61,58,67,81,63,71,57,67
1613676,Said El Mala,71178,Said El Mala,1. FC Köln,Bundesliga,2006-08-26,19,LM,68,187,77,Right,4,4,74,75,85,85,68,60,59,57,51,58
1010726,Hiroki Akiyama,79746,Hiroki Akiyama,SV Darmstadt 98,Bundesliga 2,2000-12-09,25,CDM,68,176,69,Right,3,3,71,66,78,80,67,69,59,64,47,59
466852,Andries Noppert,218212,Andries Noppert,sc Heerenveen,Eredivisie,1994-04-07,32,GK,68,203,92,Left,3,1,35,34,40,60,68,42,69,62,21,67
620914,Koji Miyoshi,233151,Koji Miyoshi,VfL Bochum 1848,Bundesliga 2,1997-03-26,29,RM,68,167,62,Left,3,4,81,71,91,91,63,56,35,47,55,45
415137,Alberto Paleari,235740,Alberto Paleari,Torino,Serie A Enilive,1992-08-29,33,GK,68,193,88,Right,3,1,31,33,51,22,64,30,58,56,22,71
833603,Vladimir Screciu,243023,Vladimir Screciu,Univ. Craiova,SUPERLIGA,2000-01-13,26,CDM,68,181,74,Right,4,2,74,72,69,80,68,73,75,79,77,75
1121204,Pepe Sánchez,254787,Pepe Sánchez,Albacete BP,LALIGA HYPERMOTION,2000-03-02,26,CB,68,185,63,Right,3,2,65,66,60,67,65,56,65,71,72,64
1187055,Júlio Romão,258360,Júlio Romão,Ferencvárosi TC,Magyar Liga,1998-03-29,28,CDM,68,193,88,Right,3,3,61,58,59,61,59,65,89,76,80,81
1130766,Tristan Crama,262568,Tristan Crama,Millwall,EFL Championship,2001-11-08,24,RB,68,192,78,Right,3,2,65,66,53,51,70,76,77,77,75,76
1276685,Lasso Coulibaly,263421,Lasso Coulibaly,AJ Auxerre,Ligue 1 McDonald's,2002-10-19,23,RM,68,176,70,Right,3,3,91,89,83,82,65,63,60,67,66,62
1421505,Gvidas Gineitis,273932,Gvidas Gineitis,Torino,Serie A Enilive,2004-04-15,22,CM,68,191,75,Left,3,2,53,53,51,57,66,64,66,65,64,65
1399936,Rayan Ghrieb,276027,Rayan Ghrieb,1. FC Magdeburg,Bundesliga 2,1999-04-21,27,RM,68,182,81,Left,3,4,75,70,75,63,65,51,69,61,49,60
952259,Maxime Busi,245084,Maxime Busi,Stade de Reims,Ligue 2 BKT,1999-10-14,26,RB,68,182,78,Right,3,2,68,54,70,66,66,74,66,72,64,68
1077911,Maximilian Rohr,251320,Maximilian Rohr,SV Elversberg,Bundesliga 2,1995-06-27,31,CB,68,193,85,Right,4,2,52,58,44,41,68,65,82,65,70,75
803163,Benedikt Pichler,251342,Benedikt Pichler,Hannover 96,Bundesliga 2,1997-07-20,28,ST,68,189,90,Right,3,3,71,74,59,57,59,72,79,85,51,72
1258137,Malcom Bokélé,262709,Malcom Bokele,Göztepe,Trendyol Süper Lig,2000-02-12,26,CB,68,189,78,Right,2,2,69,74,60,69,59,63,72,75,70,70
1299869,Mohamed Kaba,263469,Mohamed Kaba,Lecce,Serie A Enilive,2001-10-27,24,CDM,68,185,78,Right,3,2,57,65,57,57,66,68,73,68,66,70
1332217,Valdemar Byskov,270536,Valdemar Byskov,FC Midtjylland,3F Superliga,2005-01-25,21,RW,68,180,70,Right,5,3,72,67,81,73,56,63,41,49,56,50
1180295,Derensili Sanches Fernandes,271511,Derensili Sanches Fernandes,Excelsior,Eredivisie,2001-05-28,25,RM,68,178,74,Left,4,3,85,80,87,71,65,72,59,62,45,60
1419974,Ishe Samuels-Smith,275244,Ishé Samuels-Smith,Swansea City,EFL Championship,2006-06-05,20,LB,68,186,76,Left,3,2,72,77,62,57,65,66,66,72,64,66
1401612,Davide Veroli,276443,Davide Veroli,Palermo,Serie BKT,2003-01-29,23,CB,68,188,76,Left,3,2,70,71,55,63,63,68,73,76,68,71
1573544,Anthony Bermont,70005,Anthony Bermont,RC Lens,Ligue 1 McDonald's,2005-02-10,21,LM,68,176,63,Right,3,3,75,74,76,68,63,81,49,56,50,58
1494521,Moris Valincic,79980,Moris Valinčić,Dinamo Zagreb,Liga Hrvatska,2002-11-01,23,RB,68,180,80,Right,3,2,80,80,65,70,64,70,65,67,57,65
582414,Regan Poole,225557,Regan Poole,Portsmouth,EFL Championship,1998-06-18,28,CB,68,184,74,Right,3,2,71,66,66,63,66,81,75,86,71,76
914132,Rhys Norrington-Davies,240773,Rhys Norrington-Davies,QPR,EFL Championship,1999-04-22,27,LB,68,181,70,Left,2,2,69,67,66,77,64,75,63,64,65,66
839879,Fabian de Keijzer,253442,Fabian de Keijzer,Heracles Almelo,Eredivisie,2000-05-10,26,GK,68,193,83,Right,3,1,33,28,37,33,68,31,70,60,24,67
1327518,Lohann Doucet,270355,Lohann Doucet,Paris FC,Ligue 1 McDonald's,2002-09-14,23,CDM,68,180,75,Right,2,2,62,60,59,73,66,69,66,55,64,66
1439629,Pascal Klemens,274735,Pascal Klemens,Hertha BSC,Bundesliga 2,2005-02-23,21,CDM,68,186,80,Right,2,2,59,80,58,61,62,74,75,72,66,73
1353561,Ante Crnac,278049,Ante Crnac,Norwich,EFL Championship,2003-12-17,22,ST,68,190,83,Left,2,3,78,78,75,64,58,67,77,82,62,72
1393117,Sami Ouaissa,70725,Sami Ouaissa,N.E.C. Nijmegen,Eredivisie,2004-10-02,21,RM,68,170,68,Left,3,3,78,71,73,71,62,82,60,61,49,63
1252072,Lamine Cissé,262082,Lamine Cissé,Stoke City,EFL Championship,2003-02-15,23,ST,68,179,69,Right,3,3,85,77,85,77,58,69,61,78,39,59
1255785,Marten Winkler,262217,Marten Winkler,Hertha BSC,Bundesliga 2,2002-10-31,23,RM,68,184,78,Left,3,3,89,93,70,65,59,73,59,74,53,62
1228408,Jusef Erabi,268597,Jusef Erabi,KRC Genk,1A Pro League,2003-06-08,23,ST,68,183,84,Right,3,3,80,80,68,58,60,73,86,86,63,78
874540,Daniel Heber,269314,Daniel Heber,1. FC Magdeburg,Bundesliga 2,1994-07-04,31,CB,68,182,71,Right,3,2,75,75,67,72,65,79,70,75,77,74
1610744,Carlos Espi,70967,Carlos Espí,Levante UD,LALIGA EA SPORTS,2005-07-24,20,ST,68,194,80,Right,3,3,65,75,64,48,64,70,83,88,51,74
316684,Florian Stritzel,208776,Florian Stritzel,Wehen Wiesbaden,3. Liga,1994-01-31,32,GK,68,197,92,Right,3,1,32,36,31,28,57,27,71,62,22,72
652910,Marius Adamonis,233691,Marius Adamonis,Südtirol,Serie BKT,1997-05-13,29,GK,68,191,80,Right,3,1,30,30,34,39,65,26,61,56,22,63
716370,David Romero,256508,David Romero,Tigre,LPF,2003-03-25,23,ST,68,176,73,Right,3,2,78,73,83,75,67,66,58,74,55,60
1190097,Octavian Popescu,258942,Octavian Popescu,FCSB,SUPERLIGA,2002-12-27,23,LW,68,180,66,Right,4,4,82,83,85,80,59,71,45,54,58,55
1036220,Jannis Heuer,262903,Jannis Heuer,Preußen Münster,Bundesliga 2,1999-07-29,26,CB,68,189,87,Right,3,2,56,73,39,38,66,61,80,76,63,72
1331037,Adu Ares,271037,Adu Ares,SD Eibar,LALIGA HYPERMOTION,2001-10-12,24,LM,68,183,73,Right,4,3,86,85,83,79,60,55,66,67,38,58
1320887,William Clem,271980,William Clem,F.C. København,3F Superliga,2004-06-20,22,CDM,68,191,78,Right,3,2,55,52,53,64,64,70,73,63,58,69
1380814,Matheus Dias,74067,Matheus Dias,Nacional,Liga Portugal,2002-05-09,24,CDM,68,187,76,Right,2,2,59,58,58,52,67,69,71,70,66,69
560109,Oskar Zawada,224324,Oskar Zawada,FC Groningen,Eredivisie,1996-02-01,30,ST,68,192,87,Right,4,2,65,64,54,51,66,76,82,84,75,79
1178959,Rémy Vita,258468,Rémy Vita,CD Tondela,Liga Portugal,2001-04-01,25,LB,68,170,66,Left,2,3,76,65,75,88,65,82,44,63,59,57
1035341,Toni Abad,276083,Toni Abad,SD Huesca,LALIGA HYPERMOTION,1996-11-03,29,RB,68,174,65,Right,3,3,73,73,68,77,65,81,74,77,57,73
1192848,Mathis Suray,72892,Mathis Suray,Go Ahead Eagles,Eredivisie,2001-07-26,24,LM,68,173,65,Right,3,3,65,61,74,79,63,76,50,61,56,58
210825,Jamie Paterson,199960,Jamie Paterson,Plymouth Argyle,EFL League One,1991-12-20,34,CAM,68,175,68,Right,4,3,71,67,80,77,62,66,49,60,38,52
668307,Amadou Diawara,230613,Amadou Diawara,CD Leganés,LALIGA HYPERMOTION,1997-07-17,28,CDM,68,183,75,Right,3,2,51,40,68,70,65,56,69,60,70,66
940334,José Fajardo,243545,José Fajardo,U. Católica,Sudamericana,1993-08-18,32,ST,68,180,69,Right,3,2,66,71,66,67,62,65,72,79,60,68
1177973,Hugo Gambor,257019,Hugo Gambor,ESTAC Troyes,Ligue 2 BKT,2002-12-30,23,RB,68,186,77,Right,2,2,72,77,69,64,65,65,74,76,67,70
1222191,Etienne Camara,270636,Etienne Camara,Sp. Charleroi,1A Pro League,2003-03-30,23,CDM,68,191,72,Left,2,2,63,60,61,55,63,68,73,73,66,70
1176843,Anzor Mekvabishvili,70195,Anzor Mekvabishvili,Univ. Craiova,SUPERLIGA,2001-06-05,25,CDM,68,174,68,Right,2,2,69,72,74,78,66,68,62,61,68,65
177837,Vlad Chiriches,205943,Vlad Chiricheș,FCSB,SUPERLIGA,1989-11-14,36,CDM,68,184,75,Right,3,2,46,46,53,67,66,64,78,69,69,72
360561,Louis Schaub,210489,Louis Schaub,SK Rapid,Ö. Bundesliga,1994-12-29,31,CAM,68,177,72,Left,3,3,58,50,75,78,65,67,64,60,62,64
919916,Emanuel Aiwu,243442,Emanuel Aiwu,SK Sturm Graz,Ö. Bundesliga,2000-12-25,25,CB,68,185,77,Right,3,2,67,72,68,62,66,76,78,77,76,77
882068,Julio Alonso,247089,Julio Alonso,SD Huesca,LALIGA HYPERMOTION,1998-12-14,27,LB,68,171,62,Left,3,3,80,77,75,74,67,70,60,74,62,64
1307961,Sindre Walle Egeli,71110,Sindre Walle Egeli,Ipswich,EFL Championship,2006-06-21,20,RW,68,180,70,Left,3,3,85,84,78,75,61,72,63,60,57,64
488205,Devante Cole,206134,Devante Cole,Port Vale,EFL League One,1995-05-10,31,ST,68,185,73,Right,3,2,84,90,78,63,68,75,67,76,33,63
822402,Leo Bengtsson,237371,Leo Bengtsson,Lech Poznań,PKO BP Ekstraklasa,1998-05-26,28,LM,68,179,65,Right,3,3,82,78,78,77,64,72,46,52,59,55
970296,Joe Gauci,243917,Joe Gauci,Port Vale,EFL League One,2000-07-04,25,GK,68,194,87,Right,3,1,27,35,40,35,60,27,65,56,26,64
770328,Naïs Djouahra,246112,Näis Djouahra,Arouca,Liga Portugal,1999-11-23,26,LM,68,171,67,Right,3,4,79,74,84,88,64,62,59,59,49,58
768118,Blaz Kramer,251260,Blaž Kramer,Al Okhdood,ROSHN Saudi League,1996-06-01,30,ST,68,191,87,Right,3,3,71,75,65,64,58,41,84,83,64,69
1077244,Tim Schreiber,252911,Tim Schreiber,Dynamo Dresden,Bundesliga 2,2002-04-24,24,GK,68,191,87,Right,2,1,29,28,44,25,58,36,67,57,28,66
1170238,Brian Gutiérrez,260984,Brian Gutiérrez,Chicago Fire FC,MLS,2003-06-17,23,LM,68,178,64,Right,4,3,68,67,71,73,65,64,57,53,55,58
1029029,Zakaria Eddahchouri,262398,Zakaria Eddahchouri,RC Deportivo,LALIGA HYPERMOTION,2000-05-11,26,ST,68,187,78,Right,3,3,64,64,62,59,67,50,63,70,52,58
1226848,Manu Lama,267717,Manu Lama,Granada CF,LALIGA HYPERMOTION,2001-02-12,25,CB,68,186,82,Right,3,2,57,57,54,47,66,71,75,72,69,73
1362516,Santiago Hidalgo,269719,Santiago Hidalgo,Toulouse FC,Ligue 1 McDonald's,2005-02-17,21,RM,68,175,71,Left,2,3,78,76,78,82,59,33,60,71,42,50
1420260,Tommaso Martinelli,275325,Tommaso Martinelli,Fiorentina,Serie A Enilive,2006-01-06,20,GK,68,196,90,Right,3,1,25,19,31,22,51,18,70,57,17,69
1320446,Marko Ivezic,276167,Marko Ivezić,Holstein Kiel,Bundesliga 2,2001-12-02,24,CB,68,191,83,Right,3,2,62,74,53,59,57,69,76,75,73,74
1555492,Abdoulaye Faye,277969,Abdoulaye Faye,FC Lorient,Ligue 1 McDonald's,2004-09-22,21,CB,68,191,70,Left,3,2,75,77,65,65,65,65,74,79,63,70
631149,Kasim Rabihic,256282,Kasim Rabihic,Saarbrücken,3. Liga,1993-02-24,33,LW,68,179,71,Right,4,4,74,67,82,80,65,72,58,57,45,59
1242314,Lenny Joseph,262652,Lenny Joseph,Ferencvárosi TC,Magyar Liga,2000-10-12,25,RW,68,183,73,Right,2,3,81,80,70,76,62,73,67,79,42,64
1310131,Tom Watson,275246,Tom Watson,Brighton,Premier League,2006-04-08,20,LM,68,190,77,Right,3,3,76,81,66,69,64,62,59,62,42,57
1284404,Babatunde Akinsola,275487,Babatunde Akinsola,AVS Futebol SAD,Liga Portugal,2003-03-10,23,LM,68,175,68,Left,3,4,82,91,83,79,62,55,48,59,52,51
1436985,Tidjany Touré,277070,Tidjany Touré,Gil Vicente,Liga Portugal,2002-07-15,23,LM,68,184,74,Right,3,3,83,81,81,63,63,67,62,72,52,62
351869,Michael Brouwer,215546,Michael Brouwer,FC Utrecht,Eredivisie,1993-01-21,33,GK,68,189,81,Right,3,1,25,27,32,32,67,25,43,44,21,64
750187,Dogukan Sinik,234129,Doğukan Sinik,Antalyaspor,Trendyol Süper Lig,1999-01-21,27,LM,68,180,71,Right,4,4,81,80,84,76,59,41,45,54,43,44
768635,Lyndon Dykes,247279,Lyndon Dykes,Birmingham City,EFL Championship,1995-10-07,30,ST,68,188,84,Right,3,2,64,67,62,68,67,79,84,88,81,82
1286192,Fally Mayulu,275641,Fally Mayulu,Bristol City,EFL Championship,2002-07-15,23,ST,68,193,78,Right,3,2,76,77,75,45,61,69,76,82,62,72
940605,Xavier Amaechi,242119,Xavier Amaechi,Plymouth Argyle,EFL League One,2001-01-05,25,RW,68,179,76,Left,4,3,84,68,77,72,55,65,56,58,32,54
1168520,Mayckel Lahdo,256427,Mayckel Lahdo,FC Nantes,Ligue 1 McDonald's,2002-12-30,23,RM,68,170,76,Right,5,3,84,75,81,76,61,65,56,58,50,57
798011,Marco Rente,257957,Marco Rente,FC Groningen,Eredivisie,1997-02-25,29,RB,68,188,84,Right,3,2,76,88,59,54,60,67,86,85,61,76
1258287,Lucas Hey,269397,Lucas Hey,RSC Anderlecht,1A Pro League,2003-04-13,23,CB,68,189,80,Right,3,2,61,60,62,52,68,70,72,72,64,70
759096,Sebastian Grønning,234631,Sebastian Grønning,Hertha BSC,Bundesliga 2,1997-02-03,29,ST,68,188,75,Right,3,2,68,69,66,58,63,69,76,78,65,72
1070973,Dion Sanderson,243612,Dion Sanderson,Derby County,EFL Championship,1999-12-15,26,CB,68,188,78,Right,3,2,66,66,66,53,64,67,74,74,79,73
951921,Michael Svoboda,250779,Michael Svoboda,Venezia,Serie BKT,1998-10-15,27,CB,68,195,86,Right,3,2,48,68,32,33,63,80,85,73,71,80
1047586,George Campbell,255824,George Campbell,West Brom,EFL Championship,2001-06-22,25,CB,68,188,84,Right,3,2,72,82,54,49,66,70,84,83,72,78
1227814,Shunsuke Mito,279808,Shunsuke Mito,Sparta Rotterdam,Eredivisie,2002-09-28,23,RM,68,164,60,Right,4,3,85,83,82,92,64,85,40,51,36,51
1106881,Indrit Tuci,70946,Indrit Tuci,Kayserispor,Trendyol Süper Lig,2000-09-14,25,ST,68,190,87,Right,3,2,67,69,65,55,64,58,78,83,71,72
1319774,Yu Hirakawa,73429,Yū Hirakawa,Bristol City,EFL Championship,2001-01-03,25,RM,68,172,61,Right,3,3,85,81,86,83,65,62,48,56,38,50
150133,Necip Uysal,193945,Necip Uysal,Beşiktaş,Trendyol Süper Lig,1991-01-24,35,CB,68,180,72,Right,3,2,43,44,51,65,69,53,70,62,72,66
184556,Adriano Grimaldi,195262,Adriano Grimaldi,1. FC Nürnberg,Bundesliga 2,1991-04-05,35,ST,68,188,90,Right,3,2,49,77,58,50,67,68,85,79,71,78
406926,Morgan Fox,208806,Morgan Fox,Wigan Athletic,EFL League One,1993-09-21,32,CB,68,185,78,Left,2,2,61,56,56,69,68,74,72,73,62,71
301005,Manuel Marras,209409,Manuel Marras,Reggiana,Serie BKT,1993-07-09,32,RM,68,168,63,Left,4,3,84,80,90,89,61,79,34,53,45,48
527104,Albian Ajeti,222352,Albian Ajeti,FC Basel 1893,Brack Super League,1997-02-26,29,ST,68,181,78,Right,3,3,69,70,71,74,64,63,77,79,69,72
923488,Simon Graves,242690,Simon Graves,PEC Zwolle,Eredivisie,1999-05-22,27,CB,68,191,78,Right,4,2,61,35,55,46,67,64,84,78,62,74
949481,Sydney van Hooijdonk,244601,Sydney van Hooijdonk,NAC Breda,Eredivisie,2000-02-06,26,ST,68,188,81,Right,4,3,69,68,63,54,67,68,74,76,65,71
945935,Mikkel Kaufmann,245264,Mikkel Kaufmann,Heidenheim,Bundesliga,2001-01-03,25,ST,68,190,90,Right,3,3,78,82,65,55,66,62,75,80,45,66
935502,Aune Selland Heggebø,253441,Aune Selland Heggebø,West Brom,EFL Championship,2001-07-29,24,ST,68,182,84,Right,3,2,67,68,75,72,65,70,82,80,76,78
983047,Elayis Tavsan,262335,Elayis Tavşan,Reggiana,Serie BKT,2001-04-30,25,RW,68,183,74,Left,3,3,81,80,77,74,67,63,59,61,38,56
671899,Kobamelo Kodisang,264304,Kobamelo Kodisang,AVS Futebol SAD,Liga Portugal,1999-08-28,26,RM,68,168,62,Left,3,3,83,84,87,86,64,54,48,63,34,47
422719,Davide Biraschi,213938,Davide Biraschi,Frosinone,Serie BKT,1994-07-02,31,CB,68,182,77,Right,2,2,66,55,65,68,67,64,72,73,70,70
731036,Stéphane Diarra,233373,Stéphane Diarra,FC Alverca,Liga Portugal,1998-12-09,27,RM,68,173,58,Left,2,4,77,75,83,85,61,58,33,42,59,45
774643,Federico Del Frate,257752,Federico Del Frate,Entella,Serie BKT,1995-12-21,30,GK,68,192,83,Left,2,1,22,27,28,24,64,23,63,54,19,72
1453218,Mert Kömür,274226,Mert Kömür,FC Augsburg,Bundesliga,2005-07-17,20,CAM,68,183,77,Right,4,3,70,66,72,74,65,56,49,52,48,51
1482733,Tidiam Gomis,278061,Tidiam Gomis,RB Leipzig,Bundesliga,2006-08-08,19,LM,68,183,71,Right,3,4,81,89,78,77,56,55,57,58,42,54
1490110,Héctor Fort,278923,Héctor Fort,Elche CF,LALIGA EA SPORTS,2006-08-02,19,RB,68,185,78,Right,3,3,67,76,62,76,65,51,61,69,70,61
1223132,José Córdoba,72708,José Córdoba,Norwich,EFL Championship,2001-06-03,25,CB,68,187,78,Left,2,2,66,77,59,58,60,57,82,79,70,73
1184444,Christophe Kabongo,72936,Christophe Kabongo,Viktoria Plzeň,Česká Liga,2003-08-27,22,ST,68,188,80,Right,3,2,66,70,60,58,66,63,74,73,62,69
950822,Oliver Batista Meier,244024,Oliver Batista Meier,Preußen Münster,Bundesliga 2,2001-02-16,25,CAM,68,178,73,Right,3,3,77,70,90,85,63,73,42,47,42,50
1022702,Dylan Mbayo,247209,Dylan Mbayo,PEC Zwolle,Eredivisie,2001-10-11,24,RM,68,175,65,Left,3,4,84,84,82,89,62,66,48,59,33,50
1242587,Amine Sbaï,273666,Amine Sbaï,Al Fateh,ROSHN Saudi League,2000-11-05,25,LM,68,175,68,Right,3,3,74,78,82,78,58,69,56,55,34,55
1356589,David Herold,274093,David Herold,Karlsruher SC,Bundesliga 2,2003-02-20,23,LB,68,185,80,Left,3,3,65,66,69,66,68,78,66,61,59,67
1302821,Petar Ratkov,275978,Petar Ratkov,RB Salzburg,Ö. Bundesliga,2003-08-18,22,ST,68,193,76,Right,3,2,61,73,68,46,59,66,74,78,66,71
1580427,William Gomes,77033,William Gomes,FC Porto,Liga Portugal,2006-03-15,20,LW,68,171,66,Left,3,3,85,80,86,81,63,58,50,56,38,50
625214,Noah Loosli,228243,Noah Loosli,VfL Bochum 1848,Bundesliga 2,1997-01-23,29,CB,68,186,84,Right,3,2,68,64,65,62,56,69,81,84,66,75
884383,Bambo Diaby,243571,Bambo Diaby,Elche CF,LALIGA EA SPORTS,1997-12-17,28,CB,68,188,88,Right,3,2,57,71,51,57,64,54,92,78,78,79
857120,Ayumu Seko,247264,Ayumu Seko,Havre AC,Ligue 1 McDonald's,2000-06-07,26,CB,68,185,78,Right,2,2,63,65,60,61,67,90,73,73,58,74
1127277,Alassane Ndao,257821,Alassane Ndao,Konyaspor,Trendyol Süper Lig,1996-12-20,29,RM,68,176,70,Right,2,3,74,78,75,79,63,63,60,62,28,54
1340806,Andrea Giorgini,273602,Andrea Giorgini,SS Juve Stabia,Serie BKT,2002-04-22,24,CB,68,190,80,Right,3,2,51,68,39,46,63,75,84,74,73,79
1358337,Yellu Santiago,270698,Yellu Santiago,Hellas Verona,Serie A Enilive,2004-05-25,22,CDM,68,192,75,Right,3,2,52,50,59,50,69,59,62,64,66,62
1327156,Jacques Ekomié,271061,Jacques Ekomié,Angers SCO,Ligue 1 McDonald's,2003-08-19,22,LB,68,179,73,Left,3,2,75,69,58,66,64,67,62,70,69,65
1580371,Berkay Yilmaz,279115,Berkay Yilmaz,1. FC Nürnberg,Bundesliga 2,2005-02-25,21,LB,68,178,69,Left,3,2,78,72,75,71,65,68,48,54,54,55
1553106,Antonio Fiori,72861,Antonio Fiori,Mantova,Serie BKT,2003-02-21,23,LM,68,180,70,Right,4,3,78,73,75,68,64,67,48,52,32,50
692973,Noah-Joel Sarenren-Bazee,233472,Noah Joel Sarenren Bazee,Arminia Bielefeld,Bundesliga 2,1996-08-21,29,RW,68,183,80,Right,3,3,83,77,77,75,66,43,58,69,44,52
1256534,Antonio Raimondo,269182,Antonio Raimondo,Frosinone,Serie BKT,2004-03-18,22,ST,68,184,71,Left,3,3,64,70,68,70,65,52,60,68,57,58
1137497,Yago Santiago,269250,Yago Santiago,Elche CF,LALIGA EA SPORTS,2003-04-15,23,LM,68,178,74,Right,3,3,76,75,75,72,64,55,50,58,49,51
1276453,Gabriel Vidovic,267899,Gabriel Vidović,Dinamo Zagreb,Liga Hrvatska,2003-12-01,22,LM,68,180,77,Right,3,4,70,66,73,71,65,64,57,58,34,54
1280680,Kristian Bilovar,277442,Kristian Bilovar,Dynamo Kyiv,Ukrayina Liha,2001-02-05,25,CB,68,191,71,Right,3,2,64,71,48,52,67,65,74,74,59,69
1050856,Naci Ünüvar,255010,Naci Ünüvar,FC Twente,Eredivisie,2003-06-13,23,LM,68,168,63,Right,3,4,70,61,77,77,64,49,37,46,43,42
1222134,Max Geschwill,260405,Max Geschwill,1. FC Magdeburg,Bundesliga 2,2001-07-07,24,CB,68,185,78,Left,4,2,68,68,69,65,65,68,71,74,67,70
1411822,Luis Chacon,275493,Luis Chacón,Cultural Leonesa,LALIGA HYPERMOTION,2000-05-13,26,LM,68,174,60,Right,4,3,78,77,70,67,65,65,45,51,30,47
282276,Cauley Woodrow,205887,Cauley Woodrow,Wycombe,EFL League One,1994-12-02,31,ST,68,184,74,Right,4,3,57,53,65,67,69,58,71,71,52,64
722778,Ferro,242236,Ferro,Estoril Praia,Liga Portugal,1997-03-26,29,CB,68,191,83,Right,2,2,54,50,35,44,63,67,78,73,72,74
962306,Ahmet Gürleyen,245252,Ahmet Gürleyen,FC Hansa Rostock,3. Liga,1999-04-26,27,CB,68,193,93,Right,3,2,53,88,34,50,58,82,93,79,85,88
1020776,Alec Van Hoorenbeeck,247931,Alec Van Hoorenbeeck,Heracles Almelo,Eredivisie,1998-12-30,27,CB,68,187,77,Left,2,2,48,74,62,61,62,69,75,73,72,73
1173793,Alan Virginius,257319,Alan Virginius,BSC Young Boys,Brack Super League,2003-01-03,23,RM,68,180,65,Right,3,3,91,90,88,74,60,61,35,61,30,42
1343749,Rodrigo Ribeiro,268837,Rodrigo Ribeiro,Sporting CP,Liga Portugal,2005-04-28,21,ST,68,185,72,Right,3,3,68,73,66,60,66,60,68,73,30,59
1258092,William Osula,270519,William Osula,Newcastle Utd,Premier League,2003-08-04,22,ST,68,192,81,Right,4,2,72,73,66,61,68,57,71,77,48,63
1098086,Kristian Hlynsson,274927,Kristian Hlynsson,FC Twente,Eredivisie,2004-01-23,22,CAM,68,179,67,Right,3,3,67,50,74,72,66,81,37,51,42,50
1203195,Fedde Leysen,275207,Fedde Leysen,R. Union St.-G.,1A Pro League,2003-07-09,22,CB,68,187,78,Left,3,2,60,60,49,54,64,67,74,73,73,72
962074,Colin Rösler,243833,Colin Rösler,Malmö FF,Allsvenskan,2000-04-22,26,CB,68,186,72,Right,3,2,67,63,68,70,65,72,73,74,80,74
1418042,Xavi Sintes,247466,Xavi Sintes,Córdoba CF,LALIGA HYPERMOTION,2001-08-05,24,CB,68,190,77,Right,3,2,58,55,54,51,60,66,77,74,67,72
846963,Aurélien Scheidler,247539,Aurélien Scheidler,Sp. Charleroi,1A Pro League,1998-06-04,28,ST,68,192,89,Right,2,2,51,48,40,34,69,75,89,77,62,80
1319717,Keke Topp,265749,Keke Topp,SV Werder Bremen,Bundesliga,2004-03-25,22,ST,68,192,94,Right,4,2,55,64,55,53,67,56,88,78,70,76
1325761,Finn Surman,266150,Finn Surman,Portland Timbers,MLS,2003-09-23,22,CB,68,190,81,Right,2,2,62,67,56,56,70,81,78,76,74,78
1705081,Christian Kofane,76416,Christian Kofane,Leverkusen,Bundesliga,2006-07-26,19,ST,68,189,68,Right,3,3,58,67,56,66,65,59,54,66,58,57
951912,Patric Pfeiffer,241590,Patric Pfeiffer,SV Darmstadt 98,Bundesliga 2,1999-08-20,26,CB,68,196,91,Right,4,2,61,83,40,38,64,39,86,80,67,70
1161220,Nicolas Vouilloz,257005,Nicolas Vouilloz,FC Basel 1893,Brack Super League,2001-05-11,25,CB,68,184,80,Right,3,2,71,71,72,65,68,71,81,81,78,78
1112701,Max Cleworth,262523,Max Cleworth,Wrexham,EFL Championship,2002-08-09,23,CB,68,191,87,Right,3,2,66,67,58,57,66,73,78,78,65,74
1194286,Caleb Taylor,263685,Caleb Taylor,Millwall,EFL Championship,2003-01-14,23,CB,68,198,88,Right,3,2,58,60,41,59,66,70,76,83,66,73
1331097,Pablo Pagis,266099,Pablo Pagis,FC Lorient,Ligue 1 McDonald's,2002-12-29,23,LM,68,180,70,Right,3,3,70,65,67,68,64,76,60,70,31,59
408780,Henk Veerman,227537,Henk Veerman,FC Volendam,Eredivisie,1991-02-26,35,ST,68,201,90,Right,4,2,67,74,34,31,69,57,87,78,67,75
164221,Yohan Tavares,199051,Yohan Tavares,Laval MFC,Ligue 2 BKT,1988-03-02,38,CB,68,188,83,Right,3,2,52,57,33,45,69,66,75,70,70,72
1552923,Muhannad Al Saad,278206,Muhannad Al Saad,Lausanne-Sport,Brack Super League,2003-06-29,23,RM,68,172,63,Left,2,3,82,82,86,81,60,67,33,51,46,45
1592417,Luck Zogbé,279573,Luck Zogbé,Stade Brestois 29,Ligue 1 McDonald's,2005-03-24,21,RB,68,178,70,Right,3,2,69,63,58,63,66,69,59,64,58,62
1002682,Jeremy Petris,70582,Jeremy Petris,Watford,EFL Championship,1998-01-28,28,RB,68,183,73,Right,3,2,77,74,63,61,69,75,63,68,58,65
1226778,Francesco Ruocco,73045,Francesco Ruocco,Mantova,Serie BKT,2001-03-23,25,LM,68,170,55,Right,3,3,80,62,82,90,65,62,35,45,80,51
573742,Jon Garcia,223998,Jon García,Albacete BP,LALIGA HYPERMOTION,1991-06-04,35,CB,68,177,70,Right,3,2,69,64,53,75,77,68,65,69,70,67
780818,Akin Famewo,235267,Akin Famewo,Hull City,EFL Championship,1998-11-09,27,CB,68,187,76,Left,3,2,70,68,61,60,65,69,87,82,73,79
767730,Stefan Schimmer,239078,Stefan Schimmer,Heidenheim,Bundesliga,1994-04-28,32,ST,68,185,87,Right,4,2,64,61,66,62,65,65,77,77,69,72
1276331,Fabio Chiarodia,264763,Fabio Chiarodia,M'gladbach,Bundesliga,2005-06-05,21,CB,68,186,78,Left,2,2,64,69,68,63,65,53,73,74,67,67
1463271,Jahmai Simpson-Pusey,75577,Jahmai Simpson-Pusey,Celtic,Scottish Prem,2005-11-04,20,CB,68,187,79,Right,3,2,66,67,59,54,66,61,73,75,66,69
583659,Arturo Calabresi,229574,Arturo Calabresi,Pisa,Serie A Enilive,1996-03-17,30,CB,68,186,75,Right,3,2,34,63,57,57,66,68,77,66,73,73
939409,Maximilian Breunig,243537,Maximilian Breunig,1. FC Magdeburg,Bundesliga 2,2000-08-14,25,ST,68,194,85,Left,3,2,62,54,63,57,63,61,79,77,47,68
1236045,Matisse Didden,270702,Matisse Didden,FC Utrecht,Eredivisie,2001-10-08,24,CB,68,198,91,Right,2,2,39,56,39,32,63,69,88,73,64,78
1408459,Stav Lemkin,277447,Stav Lemkin,FC Twente,Eredivisie,2003-04-02,23,CB,68,190,80,Right,4,2,60,70,44,48,62,55,78,75,69,70
1585676,Gustavo Varela,72337,Gustavo Varela,Gil Vicente,Liga Portugal,2005-01-30,21,ST,68,184,74,Right,3,3,68,67,63,58,67,60,72,74,32,61
727837,Koki Ogawa,232829,Koki Ogawa,N.E.C. Nijmegen,Eredivisie,1997-08-08,28,ST,68,183,77,Right,4,2,50,51,67,56,68,68,72,66,55,67
932852,Tobias Müller,239928,Tobias Müller,1. FC Magdeburg,Bundesliga 2,1994-07-08,31,CB,68,188,83,Right,3,2,64,55,61,58,68,71,76,77,68,73
1432581,Davide Bragantini,72862,Davide Bragantini,Mantova,Serie BKT,2003-08-17,22,RM,68,172,67,Left,3,3,76,66,72,81,65,64,35,44,34,43
1283759,Héliton,72887,Héliton,Göztepe,Trendyol Süper Lig,1995-11-13,30,CB,68,195,85,Left,3,2,68,69,49,39,63,68,81,84,69,76
890946,Oleksandr Romanchuk,79427,Oleksandr Romanchuk,Univ. Craiova,SUPERLIGA,1999-12-16,26,CB,68,193,81,Right,2,2,58,62,46,44,62,73,77,75,66,74
525133,Erik Palmer-Brown,219461,Erik Palmer-Brown,Panathinaikos,Hellas Liga,1997-04-24,29,CB,68,187,88,Right,2,2,56,66,61,45,63,55,84,77,70,74
864266,Sean McLoughlin,241534,Sean McLoughlin,Blackburn Rovers,EFL Championship,1996-11-13,29,CB,68,191,89,Left,3,2,49,53,53,52,62,69,77,71,70,73
1116781,Ariel Mosór,257339,Ariel Mosór,Raków,PKO BP Ekstraklasa,2003-02-19,23,CB,68,184,82,Right,2,2,66,66,56,58,63,72,77,77,68,74
1466127,Brayan Medina,268010,Brayan Medina,CD Tondela,Liga Portugal,2002-03-04,24,CB,68,194,81,Left,3,2,64,63,62,60,60,65,80,78,68,74
1514681,Sohaib Nair,71487,Sohaïb Nair,En Avant Guingamp,Ligue 2 BKT,2002-04-23,24,CB,68,186,75,Right,3,2,64,65,47,53,62,67,75,76,67,71
1022843,Luca Moro,248787,Luca Moro,Sassuolo,Serie A Enilive,2001-01-25,25,ST,68,189,79,Right,4,2,64,67,64,61,64,61,70,71,46,63
1249531,Zan Vipotnik,276716,Žan Vipotnik,Swansea City,EFL Championship,2002-03-18,24,ST,68,185,81,Right,4,2,64,61,57,54,64,71,74,74,29,64
215584,David López,278392,David López,RCD Mallorca,LALIGA EA SPORTS,2003-02-03,23,CB,68,195,87,Right,2,2,51,65,45,54,62,77,80,77,68,77
254473,Murray Wallace,208024,Murray Wallace,Huddersfield,EFL League One,1993-01-10,33,CB,68,188,75,Left,2,2,48,54,52,53,67,69,79,72,67,74
712070,Fatih Aksoy,240908,Fatih Aksoy,Alanyaspor,Trendyol Süper Lig,1997-11-06,28,CB,68,189,79,Right,3,2,36,35,57,34,56,74,74,64,65,72
1523234,Jon Martín,277225,Jon Martín,Real Sociedad,LALIGA EA SPORTS,2006-04-23,20,CB,68,185,83,Right,3,2,62,67,50,60,69,66,64,69,66,65
861662,Christoph Kobald,244491,Christoph Kobald,Karlsruher SC,Bundesliga 2,1997-08-18,28,CB,68,186,80,Right,4,2,68,61,59,59,61,59,72,76,64,67
953859,Nathan Wood,245153,Nathan Wood,Southampton,EFL Championship,2002-05-31,24,CB,68,188,75,Right,3,2,65,73,46,61,65,59,77,76,68,71
1283022,Matej Maglica,265465,Matej Maglica,SV Darmstadt 98,Bundesliga 2,1998-09-25,27,CB,68,198,99,Left,3,2,35,55,34,32,66,66,94,78,74,82
1343136,Marco Moreno,271438,Marco Moreno,SD Eibar,LALIGA HYPERMOTION,2001-02-20,25,CB,68,191,78,Right,3,2,57,65,54,60,67,68,76,73,76,74
1254302,André Lacximicant,70908,André Lacximicant,Estoril Praia,Liga Portugal,2001-05-19,25,ST,68,188,76,Left,2,2,52,55,46,62,63,66,66,72,41,61
1119166,Oleksandr Syrota,257170,Oleksandr Syrota,Kocaelispor,Trendyol Süper Lig,2000-06-11,26,CB,68,193,78,Left,3,2,72,66,73,69,65,76,70,76,66,71
1130805,Ibane Bowat,276677,Ibane Bowat,Portsmouth,EFL Championship,2002-09-15,23,CB,68,190,83,Left,3,2,48,53,54,54,58,77,81,72,76,79
629786,Marvin Ekpiteta,250810,Marvin Ekpiteta,MK Dons,EFL League Two,1995-08-26,30,CB,68,193,84,Right,1,2,49,68,37,43,64,68,83,74,68,76
1135987,Khusniddin Alikulov,277568,Khusniddin Alikulov,Çaykur Rizespor,Trendyol Süper Lig,1999-04-04,27,CB,68,182,72,Right,3,2,60,66,62,76,70,73,67,77,66,69
1159831,Casper Widell,256892,Casper Widell,Excelsior,Eredivisie,2003-05-05,23,CB,68,191,86,Right,2,2,46,69,55,62,66,67,86,75,64,76
711074,Guilherme Ramos,262869,Guilherme Ramos,Hamburger SV,Bundesliga,1997-08-11,28,CB,68,191,86,Right,3,2,53,66,51,52,66,56,82,76,76,74
863118,Attila Mocsi,245710,Attila Mocsi,Çaykur Rizespor,Trendyol Süper Lig,2000-05-29,26,CB,68,190,78,Right,2,2,58,67,47,52,67,72,79,75,68,75
1343910,Mihajlo Ilic,70482,Mihajlo Ilić,RSC Anderlecht,1A Pro League,2003-07-04,22,CB,68,192,78,Right,3,2,38,50,38,35,60,45,82,70,64,69
212511,Bruno Martins Indi,199550,Bruno Martins Indi,Sparta Rotterdam,Eredivisie,1992-02-08,34,CB,68,185,76,Left,3,2,30,34,46,57,63,55,81,67,73,72
873576,Leonardo Rocha,240847,Leonardo Rocha,Zagłębie Lubin,PKO BP Ekstraklasa,1997-05-23,29,ST,68,200,84,Right,3,2,49,54,49,33,67,61,90,81,47,74
231176,Leonardo Pavoletti,205850,Leonardo Pavoletti,Cagliari,Serie A Enilive,1988-11-26,37,ST,68,188,87,Right,3,2,36,45,54,58,61,35,77,79,77,67
746015,Majid Hosseini,243549,Majid Hosseini,Kayserispor,Trendyol Süper Lig,1996-06-20,30,CB,68,187,76,Right,3,2,52,60,56,67,63,74,75,75,74,75
1003254,Joel Schmied,258412,Joël Schmied,1. FC Köln,Bundesliga,1998-09-23,27,CB,68,188,84,Right,3,2,60,78,56,57,54,55,79,84,58,69
1415373,Tjark Scheller,278178,Tjark Scheller,SC Paderborn 07,Bundesliga 2,2002-01-12,24,CB,68,192,85,Right,3,2,55,59,38,44,65,64,78,74,68,72
1133754,Niklas Geyrhofer,255536,Niklas Geyrhofer,SK Sturm Graz,Ö. Bundesliga,2000-02-11,26,CB,68,188,79,Right,3,2,55,61,44,59,64,72,77,73,66,73
1388474,Gaby Jean,270888,Gaby Jean,Lecce,Serie A Enilive,2000-02-19,26,CB,68,191,80,Left,3,2,56,54,42,48,61,76,72,72,71,73
1258292,Nicolò Bertola,271475,Nicolò Bertola,Udinese,Serie A Enilive,2003-03-23,23,CB,68,192,79,Right,2,2,56,59,42,41,67,68,83,77,65,75
1766079,Matías Pérez,255333,Matías Pérez,Cerro Porteño,Libertadores,1999-09-24,26,CB,68,183,75,Right,2,2,55,62,56,57,58,61,69,68,75,68
1557193,Adrian Pica,74548,Adrián Pica,CD Mirandés,LALIGA HYPERMOTION,2002-04-25,24,CB,68,190,80,Right,3,2,53,52,37,49,68,53,67,65,72,64
484640,Carl Johansson,219694,Carl Johansson,Holstein Kiel,Bundesliga 2,1994-05-23,32,CB,68,188,83,Right,2,2,51,65,55,58,63,63,79,73,79,75
193930,Enzo Roco,212225,Enzo Roco,Karagümrük SK,Trendyol Süper Lig,1992-08-16,33,CB,68,192,79,Right,3,2,34,34,48,38,64,40,79,71,66,66
557541,Radovan Pankov,234813,Radovan Pankov,Legia Warszawa,PKO BP Ekstraklasa,1995-08-05,30,CB,68,185,83,Right,3,2,60,65,53,53,63,74,76,74,73,75
978112,Kevin Mouanga,247407,Kevin Mouanga,Lausanne-Sport,Brack Super League,2000-07-24,25,CB,68,191,85,Right,3,2,44,53,34,40,60,72,85,72,65,77
1372810,Dani Barcia,278001,Dani Barcia,RC Deportivo,LALIGA HYPERMOTION,2003-01-19,23,CB,68,186,77,Left,3,2,60,60,49,56,65,56,59,66,70,61
201738,Ben Gibson,200408,Ben Gibson,Stoke City,EFL Championship,1993-01-15,33,CB,68,185,78,Left,3,2,46,40,47,55,61,64,80,75,73,74
1529148,Luca Marianucci,278319,Luca Marianucci,SSC Napoli,Serie A Enilive,2004-07-23,21,CB,68,186,75,Right,3,2,51,42,48,61,69,62,61,64,69,63
678633,Valerio Mantovani,235916,Valerio Mantovani,Mantova,Serie BKT,1996-04-18,30,CB,68,184,76,Right,2,2,52,35,57,64,61,84,75,71,72,76
428938,Johan Hammar,200718,Johan Hammar,BK Häcken,Allsvenskan,1994-02-22,32,CB,68,197,84,Right,3,2,35,34,32,34,62,34,87,72,79,71
491786,Francesco Vicari,215433,Francesco Vicari,Bari,Serie BKT,1994-08-03,31,CB,68,190,80,Right,2,2,35,33,37,37,67,40,81,69,68,68
1189492,Aljosa Vasic,276451,Aljoša Vasić,Palermo,Serie BKT,2002-04-21,24,CM,67,184,78,Right,4,3,81,77,74,67,69,58,71,87,61,67
1524548,Mamadou Coulibaly,238282,Mamadou Coulibaly,Südtirol,Serie BKT,1999-02-03,27,CM,67,183,75,Right,3,3,78,76,75,73,70,66,79,83,77,76
1481909,Ebenezer Akinsanmiro,70471,Ebenezer Akinsanmiro,Pisa,Serie A Enilive,2004-11-25,21,CM,67,184,70,Right,3,2,75,77,70,70,67,67,76,80,69,73
892410,Nicky Beloko,252967,Nicky Beloko,Lausanne-Sport,Brack Super League,2000-02-16,26,CM,67,184,73,Right,3,3,70,75,74,67,70,79,76,73,75,76
1327214,Nestory Irankunda,266245,Nestory Irankunda,Watford,EFL Championship,2006-02-09,20,RM,67,175,74,Right,3,3,90,86,92,93,65,59,78,85,78,74
1336906,Kuryu Matsuki,266312,Kuryu Matsuki,Southampton,EFL Championship,2003-04-30,23,CM,67,180,76,Left,3,2,76,71,80,74,62,76,68,73,69,70
192735,Aziz Behich,202157,Aziz Behich,Melbourne City,A-League,1990-12-16,35,LB,67,173,68,Left,4,3,77,71,80,80,65,72,67,70,80,71
914169,Ethan Erhahon,244565,Ethan Erhahon,Bolton,EFL League One,2001-05-09,25,CDM,67,176,66,Left,3,3,75,73,70,81,62,82,70,72,72,74
875852,Saïd Bakari,250918,Saïd Bakari,Sparta Rotterdam,Eredivisie,1994-09-22,31,RB,67,178,73,Right,4,3,81,75,76,71,62,79,77,73,68,76
511404,Soner Dikmen,252807,Soner Dikmen,Antalyaspor,Trendyol Süper Lig,1993-09-01,32,CM,67,179,75,Right,3,2,64,67,67,65,70,72,70,76,73,71
1245692,Lasse Günther,261745,Lasse Günther,SV Elversberg,Bundesliga 2,2003-03-21,23,LB,67,181,83,Left,3,2,81,89,72,71,63,72,63,70,48,63
1195277,Thierry Small,264421,Thierry Small,Preston,EFL Championship,2004-08-01,21,RM,67,177,68,Left,3,3,81,85,74,76,65,73,74,79,65,72
618707,Shaun McWilliams,227881,Shaun McWilliams,Rotherham Utd,EFL League One,1998-08-14,27,CDM,67,178,78,Right,4,2,70,78,70,70,64,74,78,69,85,78
773438,Dario Saric,240628,Dario Šarić,Antalyaspor,Trendyol Süper Lig,1997-05-30,29,CM,67,180,70,Right,3,3,72,72,74,71,75,76,59,67,76,67
1075819,Davy van den Berg,258984,Davy van den Berg,FC Utrecht,Eredivisie,2000-02-04,26,CM,67,185,75,Left,3,3,73,54,69,65,58,90,74,66,70,77
820067,Lenny Vallier,243355,Lenny Vallier,Nacional,Liga Portugal,1999-04-24,27,LB,67,178,72,Left,3,3,77,74,75,68,51,78,66,72,58,68
886155,Ryan Longman,250825,Ryan Longman,Wrexham,EFL Championship,2000-11-06,25,LM,67,180,80,Right,4,3,75,80,75,73,63,77,73,77,67,73
940086,Can Bozdogan,256890,Can Bozdoğan,FC Utrecht,Eredivisie,2001-04-05,25,CM,67,174,72,Left,2,3,74,53,82,83,65,75,63,56,69,67
630495,Luuk Brouwers,262397,Luuk Brouwers,sc Heerenveen,Eredivisie,1998-05-03,28,CAM,67,183,78,Right,3,3,65,63,64,66,63,81,74,70,70,75
515999,Fred Onyedinma,221197,Fred Onyedinma,Wycombe,EFL League One,1996-11-24,29,RM,67,185,80,Right,3,3,85,86,75,65,61,62,74,82,58,68
1119702,Yassin Oukili,254680,Yassin Oukili,Casa Pia AC,Liga Portugal,2001-01-03,25,CM,67,195,88,Right,3,3,54,66,52,53,63,79,85,62,76,81
796756,Logi Tómasson,277902,Logi Tómasson,Samsunspor,Trendyol Süper Lig,2000-09-13,25,LB,67,187,80,Left,3,3,81,79,76,66,60,78,73,81,55,71
419665,Elliot Lee,210108,Elliot Lee,Wrexham,EFL Championship,1994-12-16,31,CM,67,180,72,Right,3,3,67,67,73,73,66,82,63,67,62,68
559077,Samuel Bastien,223926,Samuel Bastien,Fortuna Sittard,Eredivisie,1996-09-26,29,CM,67,175,68,Right,3,3,75,54,75,79,68,71,65,68,66,67
754438,Joseph Ceesay,234358,Joseph Ceesay,Empoli,Serie BKT,1998-06-03,28,RM,67,184,77,Right,3,3,88,90,78,67,62,74,77,77,49,71
886105,Ben Wiles,239023,Ben Wiles,Huddersfield,EFL League One,1999-04-17,27,CM,67,175,66,Right,4,3,77,67,77,78,66,79,60,67,57,65
1027594,Konan N'Dri,247668,Konan N'Dri,Lecce,Serie A Enilive,2000-10-27,25,RM,67,174,73,Left,3,3,89,85,84,80,56,53,58,76,68,60
637741,Pelle Clement,236037,Pelle Clement,Sparta Rotterdam,Eredivisie,1996-05-19,30,CM,67,178,68,Right,3,3,74,77,71,76,64,77,60,68,55,64
848352,Callum McCowatt,243666,Callum McCowatt,Silkeborg IF,3F Superliga,1999-04-30,27,CAM,67,179,73,Right,3,3,75,76,69,68,65,73,62,70,72,67
1023943,Jacob Shaffelburg,251352,Jacob Shaffelburg,Nashville SC,MLS,1999-11-26,26,LM,67,178,74,Left,2,3,91,91,80,64,54,69,60,70,62,63
1136096,Sebastian Berhalter,255205,Sebastian Berhalter,Whitecaps FC,MLS,2001-05-10,25,CM,67,175,70,Right,2,2,72,71,79,75,69,86,63,63,74,71
575778,Saidy Janko,220172,Saidy Janko,BSC Young Boys,Brack Super League,1995-10-22,30,RB,67,181,83,Right,3,3,84,82,73,70,63,60,77,82,64,70
765236,Vahan Bichakhchyan,266277,Vahan Bichakhchyan,Legia Warszawa,PKO BP Ekstraklasa,1999-07-09,26,RM,67,172,68,Left,3,3,76,79,83,85,61,74,56,71,56,61
1084775,Julius Lindberg,70838,Julius Lindberg,BK Häcken,Allsvenskan,1999-01-04,27,RB,67,182,71,Right,3,3,70,72,74,72,60,67,62,69,53,62
195673,Liam Palmer,198377,Liam Palmer,Sheffield Wed,EFL Championship,1991-09-19,34,CB,67,183,81,Right,3,2,69,66,66,67,69,70,77,74,70,74
923400,Kamal Sowah,244853,Kamal Sowah,NAC Breda,Eredivisie,2000-01-09,26,ST,67,179,66,Left,3,3,80,74,77,78,65,75,58,69,59,63
553555,Marvin Schulz,223756,Marvin Schulz,Preußen Münster,Bundesliga 2,1995-01-15,31,CB,67,186,85,Right,3,2,56,67,64,63,65,66,76,73,64,71
1037037,Isak Dybvik Määttä,256397,Isak Dybvik Määttä,FK Bodø/Glimt,Eliteserien,2001-09-19,24,RW,67,189,76,Left,2,3,84,84,78,74,64,79,61,72,58,65
200189,Oliver Berg,228325,Oliver Berg,Malmö FF,Allsvenskan,1993-08-28,32,CAM,67,178,74,Right,3,3,60,66,72,73,68,91,71,68,65,75
763990,Amara Conde,234860,Amara Condé,SV Elversberg,Bundesliga 2,1997-01-06,29,CM,67,173,67,Right,4,3,75,46,78,85,61,79,69,72,70,72
331634,Zan Majer,238944,Žan Majer,Mantova,Serie BKT,1992-07-25,33,CM,67,180,71,Right,3,3,67,58,72,72,63,73,60,65,70,66
793256,Filipe Soares,252139,Filipe Soares,Nacional,Liga Portugal,1999-05-20,27,CM,67,180,72,Right,3,3,67,65,68,67,68,70,67,64,63,67
1348329,Max Arfsten,274535,Max Arfsten,Columbus Crew,MLS,2001-04-19,25,LM,67,185,78,Left,5,3,73,76,77,65,62,69,70,72,47,65
279116,Mats Seuntjens,204684,Mats Seuntjens,FC Groningen,Eredivisie,1992-04-17,34,LM,67,188,81,Right,2,3,69,77,65,59,58,64,68,61,66,66
310825,Lee Evans,213105,Lee Evans,Blackpool,EFL League One,1994-07-24,31,CM,67,185,88,Right,4,2,52,51,61,65,66,76,77,66,75,76
488540,João Graça,233414,João Graça,Rio Ave FC,Liga Portugal,1995-06-18,31,CM,67,177,73,Right,4,3,66,70,66,71,64,64,61,65,70,64
662239,Edoardo Masciangelo,244780,Edoardo Masciangelo,Frosinone,Serie BKT,1996-07-08,29,LB,67,177,69,Left,3,3,81,80,74,81,60,66,57,68,61,61
1280022,Dion De Neve,263654,Dion De Neve,Blackburn Rovers,EFL Championship,2001-06-12,25,LB,67,182,68,Left,3,3,79,82,74,81,66,71,54,64,48,58
1257826,Nahuel Noll,262322,Nahuel Noll,Hannover 96,Bundesliga 2,2003-03-17,23,GK,67,191,94,Right,4,1,54,61,43,37,54,29,49,56,24,67
1113813,Myles Peart-Harris,263582,Myles Peart-Harris,Brentford,Premier League,2002-09-18,23,RM,67,187,70,Right,3,3,69,69,70,68,66,81,73,74,52,71
1189644,Julien Maggiotti,269293,Julien Maggiotti,Laval MFC,Ligue 2 BKT,1995-09-09,30,CM,67,186,86,Right,3,3,57,61,63,57,65,76,79,71,60,74
354479,Xavier Chavalerin,193683,Xavier Chavalerin,ESTAC Troyes,Ligue 2 BKT,1991-03-07,35,CM,67,179,66,Left,3,3,54,53,66,72,65,81,68,63,66,71
198563,Jack Grimmer,205015,Jack Grimmer,Wycombe,EFL League One,1994-01-25,32,RB,67,184,83,Right,3,2,75,72,69,68,64,76,75,78,78,76
1081285,Louie Sibley,245340,Louie Sibley,Oxford United,EFL Championship,2001-09-13,24,CAM,67,180,74,Left,3,3,67,67,70,72,67,67,59,60,72,64
1089592,Lewis Brunt,246392,Lewis Brunt,Wrexham,EFL Championship,2000-11-06,25,CB,67,187,74,Right,4,2,81,73,69,64,66,76,75,82,66,74
732110,Louka Prip,247086,Louka Prip,Jagiellonia,PKO BP Ekstraklasa,1997-06-29,29,RM,67,182,72,Left,3,3,78,75,76,75,65,81,66,63,58,68
659198,Cameron Humphreys,264200,Cameron Humphreys,Ipswich,EFL Championship,2003-10-30,22,CM,67,178,70,Left,2,2,68,66,71,72,67,73,61,63,60,64
1395939,Mario Dorgeles,271495,Mario Dorgeles,SC Braga,Liga Portugal,2004-08-07,21,CM,67,178,67,Left,3,2,76,75,78,80,62,70,57,58,60,61
1255090,Jozhua Vertrouwd,73316,Jozhua Vertrouwd,Rayo Vallecano,LALIGA EA SPORTS,2004-08-21,21,CB,67,187,77,Left,3,2,74,72,66,65,65,72,70,76,70,71
859569,Afeez Aremu,242744,Afeez Aremu,Kaiserslautern,Bundesliga 2,1999-10-03,26,CDM,67,181,74,Right,3,3,75,66,71,66,64,68,73,77,75,72
955356,Albie Morgan,245761,Albie Morgan,Blackpool,EFL League One,2000-02-02,26,CM,67,180,68,Right,3,3,70,70,72,64,66,78,63,57,68,67
1010219,Luca Connell,245988,Luca Connell,Barnsley,EFL League One,2001-04-20,25,CDM,67,177,75,Left,3,2,68,62,71,69,65,83,61,56,80,70
970587,Marcel Hoffmeier,250926,Marcel Hoffmeier,SC Paderborn 07,Bundesliga 2,1999-07-15,26,CB,67,182,78,Right,3,2,77,75,71,70,67,84,72,79,67,74
1069276,Marius Stefanescu,251842,Marius Ștefănescu,Konyaspor,Trendyol Süper Lig,1998-08-14,27,RW,67,168,64,Left,2,3,83,82,85,81,61,76,49,63,60,59
951711,Alessandro Di Pardo,261243,Alessandro Di Pardo,Cagliari,Serie A Enilive,1999-07-18,26,RM,67,182,75,Right,3,3,76,74,76,71,62,71,56,68,63,62
1367703,Terry Devlin,276070,Terry Devlin,Portsmouth,EFL Championship,2003-11-06,22,RB,67,180,70,Right,3,2,70,74,68,72,64,74,69,69,78,72
184318,Joe Edwards,192231,Joe Edwards,Plymouth Argyle,EFL League One,1990-10-31,35,RB,67,173,73,Right,4,2,60,63,76,79,61,75,68,68,71,70
613892,Joe Ward,228894,Joe Ward,Derby County,EFL Championship,1995-08-22,30,RB,67,167,68,Right,3,3,77,82,84,86,64,82,53,63,52,61
687568,Lucas Ahijado,229894,Lucas Ahijado,R. Oviedo,LALIGA EA SPORTS,1995-01-30,31,RB,67,173,67,Right,3,3,74,73,74,77,60,78,63,67,51,65
867418,Leonardo Benedetti,244672,Leonardo Benedetti,Sampdoria,Serie BKT,2000-06-06,26,CM,67,182,70,Right,3,2,70,76,67,65,67,71,57,61,61,62
1213283,Yusuf Özdemir,264286,Yusuf Özdemir,Alanyaspor,Trendyol Süper Lig,2001-01-10,25,LM,67,181,73,Left,2,3,82,83,79,72,56,82,63,75,57,67
566683,Fabian Tait,268753,Fabian Tait,Südtirol,Serie BKT,1993-02-10,33,CM,67,186,80,Right,4,3,71,68,69,61,67,75,66,59,72,69
1520063,Johan Manzambi,276694,Johan Manzambi,SC Freiburg,Bundesliga,2005-10-14,20,CAM,67,183,75,Right,3,4,80,70,80,78,65,60,64,73,55,62
1615927,Caleb Yirenkyi,73638,Caleb Yirenkyi,FC Nordsjælland,3F Superliga,2006-01-15,20,CM,67,181,73,Right,3,2,66,66,69,70,67,77,69,68,65,70
770256,Conor Coventry,240863,Conor Coventry,Charlton Ath,EFL Championship,2000-03-25,26,CDM,67,177,65,Right,3,2,68,65,76,76,65,81,66,68,68,70
935552,Magnus Westergaard,243283,Magnus Westergaard,Wycombe,EFL League One,1998-05-27,28,CM,67,187,75,Right,3,2,67,74,62,66,66,74,71,73,59,69
1211644,Charlie Savage,265789,Charlie Savage,Reading,EFL League One,2003-05-02,23,CM,67,182,74,Left,3,3,58,54,57,55,63,90,59,60,83,72
602300,Jannik Dehm,226167,Jannik Dehm,Fürth,Bundesliga 2,1996-05-02,30,RB,67,176,73,Right,4,3,85,75,76,74,65,73,64,69,71,68
662172,Nazim Sangaré,238660,Nazim Sangaré,Gaziantep,Trendyol Süper Lig,1994-05-30,32,RB,67,185,73,Right,2,2,82,79,82,64,61,66,68,73,64,67
959283,Lucas Brumme,260186,Lucas Brumme,Rot-Weiss Essen,3. Liga,1999-09-25,26,LB,67,187,73,Left,3,2,71,70,63,62,65,76,67,67,66,69
1487872,Taylan Bulut,72315,Taylan Bulut,Beşiktaş,Trendyol Süper Lig,2006-01-19,20,RB,67,188,83,Right,3,3,78,85,66,53,54,76,68,76,59,69
298243,Tommaso Arrigoni,206551,Tommaso Arrigoni,Cesena,Serie BKT,1994-02-02,32,CM,67,171,68,Right,2,2,68,63,78,85,68,78,58,58,67,65
886874,Pol Valentín,236390,Pol Valentín,Preston,EFL Championship,1997-02-21,29,RB,67,178,73,Right,3,3,90,89,88,71,62,80,64,71,62,68
1272272,Pedro Bravo,263721,Pedro Bravo,FC Midtjylland,3F Superliga,2004-11-26,21,CM,67,190,79,Right,3,2,70,73,72,51,69,71,67,69,63,67
635465,Morten Bjørlo,266731,Morten Bjørlo,Konyaspor,Trendyol Süper Lig,1995-10-03,30,CM,67,183,70,Right,3,2,64,55,69,79,65,75,59,62,68,65
935033,Duk,270611,Duk,CD Leganés,LALIGA HYPERMOTION,2000-02-16,26,ST,67,182,75,Right,3,4,79,83,82,89,64,64,69,78,51,65
1281256,Frederik Schmahl,73002,Frederik Schmahl,SV Elversberg,Bundesliga 2,2002-12-21,23,CM,67,183,74,Right,3,3,72,55,65,68,72,70,68,70,58,67
1394904,Valentyn Rubchynskyi,73094,Valentyn Rubchynskyi,Dynamo Kyiv,Ukrayina Liha,2002-02-15,24,CM,67,165,58,Right,3,3,75,72,82,86,66,69,49,51,65,57
538644,Joachim Soltvedt,225251,Joachim Soltvedt,SK Brann,Eliteserien,1995-09-09,30,LB,67,188,77,Left,3,2,70,68,60,72,61,76,66,69,62,68
443182,Ali Karimi,241793,Ali Karimi,Kayserispor,Trendyol Süper Lig,1994-02-11,32,CDM,67,185,79,Right,3,2,64,48,54,58,67,69,74,75,63,71
1022438,Niklas Vesterlund,247330,Niklas Vesterlund,FC Utrecht,Eredivisie,1999-06-06,27,RB,67,185,78,Right,4,3,73,74,67,71,62,79,76,77,62,74
973727,Sven Köhler,251281,Sven Köhler,Braunschweig,Bundesliga 2,1996-11-08,29,CDM,67,185,83,Right,3,2,63,59,65,67,62,89,76,71,81,80
1272334,Mihai Lixandru,253758,Mihai Lixandru,FCSB,SUPERLIGA,2001-06-05,25,CDM,67,184,75,Right,2,2,70,71,62,61,67,68,71,71,68,70
950367,Jhon Espinoza,254211,Jhon Espinoza,Kasımpaşa,Trendyol Süper Lig,1999-02-24,27,RB,67,180,77,Right,2,2,78,71,75,70,58,71,75,78,70,73
1353364,Anthony Valencia,256199,Anthony Valencia,Royal Antwerp FC,1A Pro League,2003-07-21,22,RM,67,174,64,Left,1,4,84,80,92,90,54,63,43,56,65,53
1083430,Simone Davi,268755,Simone Davi,Südtirol,Serie BKT,1999-09-16,26,LB,67,178,73,Left,3,2,80,82,73,66,60,79,57,64,62,64
1195358,Filippo Pittarello,275912,Filippo Pittarello,Catanzaro,Serie BKT,1996-10-09,29,ST,67,192,88,Right,3,3,68,73,60,40,59,74,84,86,72,79
1559637,Harrison Armstrong,74413,Harrison Armstrong,Preston,EFL Championship,2007-01-19,19,CDM,67,185,70,Right,3,2,62,68,66,64,67,71,63,65,68,66
521195,Jeff Hardeveld,221986,Jeff Hardeveld,SC Telstar,Eredivisie,1995-02-27,31,LB,67,184,76,Left,3,2,64,70,60,58,61,72,73,70,71,72
760715,Ovie Ejaria,236246,Ovie Ejaria,R. Oviedo,LALIGA EA SPORTS,1997-11-18,28,CM,67,188,74,Right,3,4,64,52,82,76,62,60,64,62,47,60
1140919,Nick Bätzner,257307,Nick Bätzner,SC Paderborn 07,Bundesliga 2,2000-03-15,26,CAM,67,175,66,Right,4,3,71,66,83,81,56,70,56,54,53,59
867223,Onur Ergün,263583,Onur Ergün,Başakşehir,Trendyol Süper Lig,1992-11-15,33,CDM,67,185,77,Right,3,2,55,52,64,66,67,72,73,72,68,72
816239,Teles,276452,Teles,Univ. Craiova,SUPERLIGA,1997-02-28,29,CM,67,180,78,Right,2,2,65,70,67,69,65,72,69,68,64,69
1460176,Jacob Wright,70996,Jacob Wright,Norwich,EFL Championship,2005-09-21,20,CDM,67,178,70,Right,3,3,67,63,69,62,66,72,64,58,69,67
1368710,Noah Nartey,71170,Noah Nartey,Brøndby IF,3F Superliga,2005-10-05,20,CM,67,180,74,Right,3,2,69,67,74,76,65,73,62,57,57,64
243439,Thomas Bruns,202050,Thomas Bruns,Heracles Almelo,Eredivisie,1992-01-07,34,CAM,67,177,69,Right,3,3,65,56,64,70,66,75,61,65,67,66
1238739,Ricardinho,224115,Ricardinho,FC Petrolul,SUPERLIGA,1994-03-24,32,RB,67,180,77,Right,3,2,67,68,73,72,67,85,71,68,69,74
862590,Daniel Grimshaw,224947,Daniel Grimshaw,Norwich,EFL Championship,1998-01-16,28,GK,67,185,77,Right,2,1,44,47,38,41,60,42,42,49,21,65
817096,Stephen Humphrys,229367,Stephen Humphrys,Bradford City,EFL League One,1997-09-15,28,ST,67,185,91,Right,3,2,76,76,67,67,64,77,83,85,66,78
1077237,Tomas Esteves,252033,Tomás Esteves,Pisa,Serie A Enilive,2002-04-03,24,RB,67,180,72,Right,4,3,76,77,67,69,64,64,60,70,70,64
1026113,David Miculescu,257803,David Miculescu,FCSB,SUPERLIGA,2001-05-02,25,ST,67,190,83,Left,3,3,70,69,70,46,66,72,75,81,64,72
1156126,Norbert Wojtuszek,258604,Norbert Wojtuszek,Jagiellonia,PKO BP Ekstraklasa,2001-10-05,24,RB,67,182,79,Right,3,3,81,76,70,70,64,72,59,65,65,64
1477417,Denil Castillo,277197,Denil Castillo,FC Midtjylland,3F Superliga,2004-03-24,22,CM,67,189,70,Right,3,2,61,59,59,68,66,71,72,66,68,71
1165467,Christian Pierobon,74072,Christian Pierobon,SS Juve Stabia,Serie BKT,2002-03-26,24,CM,67,178,75,Right,3,2,67,64,56,68,61,79,57,57,58,63
215785,Matt Ingram,204502,Matt Ingram,Oxford United,EFL Championship,1993-12-18,32,GK,67,191,97,Left,3,1,43,45,57,28,60,21,59,60,16,66
555384,Christian Ortag,224491,Christian Ortag,SSV Ulm 1846,3. Liga,1995-01-14,31,GK,67,197,82,Right,3,1,45,45,33,47,51,37,72,68,35,68
675762,Ajdin Hrustic,237647,Ajdin Hrustić,Heracles Almelo,Eredivisie,1996-07-05,29,CM,67,180,78,Left,2,3,66,36,75,73,66,66,65,63,67,66
1086713,Zak Swanson,253057,Zak Swanson,Portsmouth,EFL Championship,2000-09-28,25,RB,67,186,77,Right,4,2,73,71,72,67,61,68,66,70,67,67
1086249,Ollie Tanner,269175,Ollie Tanner,Cardiff City,EFL League One,2002-05-13,24,RM,67,177,69,Left,2,3,76,72,73,70,63,64,55,68,51,57
181898,Renan Ribeiro,194781,Renan Ribeiro,Estrela Amadora,Liga Portugal,1990-03-23,36,GK,67,193,88,Right,2,1,55,48,59,29,71,30,70,68,13,64
535789,Marcos Felipe,219339,Marcos Felipe,Eyüpspor,Trendyol Süper Lig,1996-04-13,30,GK,67,188,75,Right,3,1,43,45,50,54,55,29,58,59,25,69
438162,Matej Hanousek,247203,Matěj Hanousek,Gençlerbirliği,Trendyol Süper Lig,1993-06-02,33,LB,67,182,74,Left,2,2,74,76,72,68,64,80,73,75,65,73
1073485,Jomaine Consbruch,252125,Jomaine Consbruch,Fürth,Bundesliga 2,2002-01-26,24,CM,67,174,66,Right,3,3,76,66,83,84,67,74,42,56,63,55
1075519,Matthew Sorinola,252555,Matthew Sorinola,Plymouth Argyle,EFL League One,2001-02-19,25,RB,67,173,65,Right,4,3,77,77,81,72,63,76,59,67,66,65
1203189,Fredrik Oppegård,260100,Fredrik Oppegård,AJ Auxerre,Ligue 1 McDonald's,2002-08-07,23,LB,67,175,67,Left,4,3,78,80,76,70,63,69,60,67,52,61
1252070,Nathan Ngoy,262071,Nathan Ngoy,LOSC Lille,Ligue 1 McDonald's,2003-06-10,23,CB,67,183,74,Right,3,2,76,80,67,66,64,66,81,76,68,74
1282447,Gui Guedes,263634,Gui Guedes,UD Almería,LALIGA HYPERMOTION,2002-04-17,24,CM,67,184,67,Right,3,3,68,64,67,60,63,61,58,54,57,58
1287512,Miguel Puche,263837,Miguel Puche,Arouca,Liga Portugal,2001-04-30,25,LM,67,179,73,Right,4,3,82,79,73,72,60,65,62,74,52,61
1325524,Leonardo Buta,267778,Leonardo Buta,SD Eibar,LALIGA HYPERMOTION,2002-06-05,24,LB,67,182,74,Left,2,2,75,71,71,68,65,73,69,68,62,69
1355216,Julian Eitschberger,268536,Julian Eitschberger,Hertha BSC,Bundesliga 2,2004-03-05,22,RM,67,182,72,Right,3,2,72,73,79,72,66,74,61,63,50,62
1056071,Victor Parada,279109,Víctor Parada,D. Alavés,LALIGA EA SPORTS,2002-04-04,24,LB,67,185,76,Left,3,3,70,76,68,56,65,70,73,68,68,71
1642351,Niccolò Fortini,72180,Niccolò Fortini,Fiorentina,Serie A Enilive,2006-02-13,20,LM,67,185,75,Right,4,3,74,69,68,61,56,78,60,62,54,63
33630,Iván Cuéllar,146952,Iván Cuéllar,RCD Mallorca,LALIGA EA SPORTS,1984-05-27,42,GK,67,187,76,Left,3,1,51,40,49,42,66,38,75,69,33,66
282774,Nicolas,205496,Nicolas,Pisa,Serie A Enilive,1988-04-12,38,GK,67,190,85,Right,3,1,45,41,37,45,58,32,77,69,27,65
186764,Nicola Bellomo,205548,Nicola Bellomo,Bari,Serie BKT,1991-02-18,35,CM,67,174,70,Right,3,3,62,64,80,81,67,69,57,51,59,60
462949,Olivier Custodio,218887,Olivier Custodio,Lausanne-Sport,Brack Super League,1995-02-10,31,CM,67,180,74,Right,3,3,56,55,64,71,59,78,70,62,60,70
517068,Nikita Contini,220532,Nikita Contini,SSC Napoli,Serie A Enilive,1996-05-21,30,GK,67,190,85,Right,1,1,47,49,39,51,63,21,58,61,20,64
352847,Will Norris,223082,Will Norris,Wycombe,EFL League One,1993-08-12,32,GK,67,195,81,Left,4,1,40,49,35,51,61,36,60,58,20,66
1189692,Edoardo Iannoni,270657,Edoardo Iannoni,Sassuolo,Serie A Enilive,2001-04-11,25,CM,67,185,78,Right,3,2,61,61,57,58,66,69,64,65,60,65
193178,Mawouna Amevor,216230,Mawouna Amevor,FC Volendam,Eredivisie,1991-12-16,34,CB,67,193,83,Right,3,2,67,75,56,50,58,78,79,76,67,76
1412105,Thom van Bergen,271932,Thom van Bergen,FC Groningen,Eredivisie,2004-01-06,22,ST,67,180,74,Right,3,2,76,73,70,66,67,88,59,70,67,68
1316205,Giuseppe Ambrosino,272726,Giuseppe Ambrosino,SSC Napoli,Serie A Enilive,2003-09-10,22,ST,67,187,76,Right,4,2,76,75,72,59,63,73,75,82,60,72
417818,Danny Bakker,212485,Danny Bakker,SC Telstar,Eredivisie,1995-01-16,31,CB,67,184,74,Left,4,2,63,65,69,64,62,74,72,73,72,73
1189797,Niklas May,259272,Niklas May,Wehen Wiesbaden,3. Liga,2002-04-10,24,LB,67,182,76,Left,3,2,72,81,74,73,67,71,59,63,55,61
716760,Iker Álvarez,269641,Iker Álvarez,Córdoba CF,LALIGA HYPERMOTION,2001-07-25,24,GK,67,190,81,Right,3,1,41,33,48,45,59,35,60,58,18,68
439691,Sam Long,211203,Sam Long,Oxford United,EFL Championship,1995-01-16,31,CB,67,179,75,Right,3,2,66,62,68,69,64,79,72,83,64,73
474102,Claude Gonçalves,219780,Claude Gonçalves,Legia Warszawa,PKO BP Ekstraklasa,1994-04-09,32,CM,67,174,69,Right,2,2,64,60,78,74,70,70,60,59,72,65
862285,Lars Bünning,239634,Lars Bünning,Dynamo Dresden,Bundesliga 2,1998-02-27,28,CB,67,187,79,Left,3,2,79,88,60,60,62,64,76,83,64,71
1073145,Adrien Lebeau,251107,Adrien Lebeau,FC Hansa Rostock,3. Liga,1999-07-08,26,CAM,67,175,69,Right,4,3,81,68,83,80,57,65,46,54,59,54
1123933,Liam Thompson,263918,Liam Thompson,Derby County,EFL Championship,2002-04-29,24,CM,67,173,68,Right,3,2,55,63,65,76,67,74,54,53,69,62
1189402,Nicolas Galazzi,264372,Nicolas Galazzi,Monza,Serie BKT,2000-12-18,25,CAM,67,182,72,Left,3,3,75,71,70,68,65,61,59,67,50,58
1482728,Kjell Wätjen,70728,Kjell Wätjen,VfL Bochum 1848,Bundesliga 2,2006-02-16,20,CM,67,184,72,Right,3,3,76,67,78,75,66,67,53,59,47,56
600818,Josh Vickers,224130,Josh Vickers,Derby County,EFL Championship,1995-12-01,30,GK,67,193,72,Right,3,1,40,45,36,62,60,32,52,56,25,65
465946,Oualid El Hajjam,234514,Oualid El Hajjam,Havre AC,Ligue 1 McDonald's,1991-02-19,35,RB,67,181,72,Right,3,3,65,61,65,67,65,68,70,72,70,70
1227324,Rubin Colwill,257437,Rubin Colwill,Cardiff City,EFL League One,2002-04-27,24,CAM,67,193,85,Right,3,3,64,67,66,57,61,63,74,73,55,67
1093306,Calvin Raatsie,261294,Calvin Raatsie,Excelsior,Eredivisie,2002-02-09,24,GK,67,188,70,Right,3,1,39,35,23,40,63,31,60,51,31,65
959434,Cristiano Bani,72859,Cristiano Bani,Mantova,Serie BKT,1999-01-14,27,LB,67,187,76,Right,4,2,70,55,62,50,67,83,61,68,61,67
171914,Paulo Victor,74962,Paulo Victor,Santa Clara,Liga Portugal,2001-04-13,25,LB,67,180,66,Left,2,2,75,74,74,61,66,77,58,52,62,63
364515,Simone Perilli,210940,Simone Perilli,Hellas Verona,Serie A Enilive,1995-01-07,31,GK,67,195,85,Right,2,1,46,45,36,56,69,30,65,62,24,66
820748,Aaron Opoku,244234,Aaron Opoku,Kayserispor,Trendyol Süper Lig,1999-03-28,27,RM,67,185,71,Right,4,4,84,82,81,69,53,71,58,66,57,61
943428,Mathieu Choinière,244680,Mathieu Choinière,LAFC,MLS,1999-02-07,27,CM,67,174,71,Right,4,3,68,54,60,71,66,74,62,53,35,59
707668,Umut Meras,246118,Umut Meraş,Eyüpspor,Trendyol Süper Lig,1995-12-20,30,LB,67,178,73,Left,3,2,75,74,72,74,62,75,68,69,69,70
860535,Adrian Rus,248040,Adrian Rus,Univ. Craiova,SUPERLIGA,1996-03-18,30,CB,67,183,76,Right,3,2,73,71,66,65,63,70,75,78,69,73
968944,Luke Cundle,253461,Luke Cundle,Millwall,EFL Championship,2002-04-26,24,CM,67,170,62,Right,3,3,76,67,76,81,64,69,41,46,60,52
351043,Alexandru Cretu,256271,Alexandru Crețu,Univ. Craiova,SUPERLIGA,1992-04-24,34,CB,67,190,85,Right,3,2,53,54,59,54,65,71,84,75,70,78
1245669,Patryk Peda,268860,Patryk Peda,Palermo,Serie BKT,2002-04-16,24,CB,67,192,83,Right,3,2,69,72,58,47,61,65,81,80,70,75
1346860,Esmir Bajraktarevic,269823,Esmir Bajraktarević,PSV,Eredivisie,2005-03-10,21,RW,67,175,64,Left,2,4,79,76,84,77,56,65,59,60,49,59
1261804,Topi Keskinen,272648,Topi Keskinen,Aberdeen,Scottish Prem,2003-03-07,23,RM,67,180,72,Right,4,3,84,82,70,78,61,67,54,66,52,57
823127,Macaulay Langstaff,275347,Macaulay Langstaff,Millwall,EFL Championship,1997-02-03,29,ST,67,178,70,Right,4,3,83,80,76,74,66,91,65,77,45,68
1285119,Anouar El Azzouzi,276632,Anouar El Azzouzi,Düsseldorf,Bundesliga 2,2001-05-29,25,CDM,67,184,75,Right,3,2,60,66,60,48,61,84,81,77,70,79
1173774,Alaa Ghram,72919,Alaa Ghram,Shakhtar Donetsk,Ukrayina Liha,2001-07-24,24,CB,67,190,79,Right,3,2,73,72,62,60,67,66,73,78,62,69
1558067,Leandro Santos,76298,Leandro Santos,SL Benfica,Liga Portugal,2005-09-28,20,RB,67,181,68,Right,2,2,84,82,75,73,62,77,46,58,57,57
1156913,Andrija Radulovic,77104,Andrija Radulović,SK Rapid,Ö. Bundesliga,2002-07-03,23,RW,67,175,70,Left,3,4,82,78,72,71,57,65,64,68,63,64
421328,Awer Mabil,212830,Awer Mabil,CD Castellón,LALIGA HYPERMOTION,1995-09-15,30,RM,67,178,73,Right,3,3,86,84,82,70,57,67,57,69,59,61
352358,Brandley Kuwas,228666,Brandley Kuwas,FC Volendam,Eredivisie,1992-09-19,33,LM,67,181,77,Left,2,4,70,72,70,75,64,55,71,60,50,62
1138748,Andrea Papetti,256308,Andrea Papetti,Reggiana,Serie BKT,2002-07-03,23,CB,67,186,84,Right,3,2,68,72,65,45,64,80,83,80,67,79
1315434,Jacob Farrell,265422,Jacob Farrell,Portsmouth,EFL Championship,2002-11-19,23,LB,67,188,75,Left,3,2,67,68,61,59,65,77,78,76,77,77
1192053,Brayann Pereira,266653,Brayann Pereira,N.E.C. Nijmegen,Eredivisie,2003-05-21,23,RB,67,172,70,Right,2,2,76,87,76,81,62,66,59,66,69,63
1445416,Mats Rots,274834,Mats Rots,FC Twente,Eredivisie,2006-03-11,20,LB,67,185,68,Left,3,2,85,76,68,63,62,67,61,75,59,63
1543647,Mohammed Abu Al Shamat,74436,Mohammed Abu Al Shamat,Al Qadsiah,ROSHN Saudi League,2002-08-11,23,RB,67,170,62,Right,3,2,77,73,80,82,63,73,52,56,57,58
281020,Nouha Dicko,205559,Nouha Dicko,Paris FC,Ligue 1 McDonald's,1992-05-14,34,ST,67,174,74,Right,3,3,71,76,70,81,69,66,71,70,68,69
361792,Ivan Cavaleiro,212267,Ivan Cavaleiro,CD Tondela,Liga Portugal,1993-10-18,32,LM,67,175,73,Right,3,4,72,74,71,76,64,54,70,71,65,65
521203,Fidan Aliti,221989,Fidan Aliti,Alanyaspor,Trendyol Süper Lig,1993-10-03,32,CB,67,186,77,Left,2,2,59,63,63,67,63,87,80,75,74,80
662975,Liam Kelly,225203,Liam Kelly,Rangers,Scottish Prem,1996-01-23,30,GK,67,184,85,Right,3,1,29,40,53,45,59,32,37,42,27,66
480909,Charalampos Kyriakou,241079,Charalampos Kyriakou,FC Dinamo 1948,SUPERLIGA,1995-02-09,31,CDM,67,181,74,Right,2,2,55,57,61,63,65,68,66,63,70,67
949807,Arthur Zagré,248604,Arthur Zagré,Excelsior,Eredivisie,2001-10-04,24,LB,67,168,60,Left,4,3,85,75,88,89,65,69,44,59,67,56
1175955,Merveille Papela,253475,Merveille Papela,SV Darmstadt 98,Bundesliga 2,2001-01-18,25,CM,67,176,70,Right,3,2,69,55,79,84,66,65,42,53,65,53
997589,Djevencio van der Kust,264248,Djevencio van der Kust,Heracles Almelo,Eredivisie,2001-04-30,25,LB,67,168,60,Left,3,2,88,87,76,82,61,77,54,64,62,62
1180499,Julian Baas,269471,Julian Baas,Sparta Rotterdam,Eredivisie,2002-04-16,24,CM,67,183,80,Right,3,3,67,34,64,55,67,85,72,67,63,73
1480699,Mihajlo Cvetkovic,78261,Mihajlo Cvetković,RSC Anderlecht,1A Pro League,2007-01-10,19,ST,67,175,75,Right,3,3,69,72,73,75,68,69,65,67,60,65
183420,Marlon Pack,196916,Marlon Pack,Portsmouth,EFL Championship,1991-03-25,35,CDM,67,188,76,Right,3,3,37,36,61,60,61,65,77,66,76,73
639384,Toni Villa,229517,Toni Villa,SD Eibar,LALIGA HYPERMOTION,1995-01-07,31,LM,67,173,63,Right,3,3,60,61,70,71,60,53,57,61,60,57
950486,Salem M'Bakata,243602,Salem M'Bakata,Gaziantep,Trendyol Süper Lig,1998-04-19,28,RB,67,178,72,Right,3,2,84,83,73,79,58,78,72,70,58,71
1367047,Afonso Moreira,276901,Afonso Moreira,OL,Ligue 1 McDonald's,2005-03-19,21,LM,67,176,72,Right,3,4,79,82,78,73,60,54,54,60,41,52
1487894,Nhoa Sangui,70012,Nhoa Sangui,Paris FC,Ligue 1 McDonald's,2006-02-27,20,LB,67,178,75,Left,2,2,75,78,77,73,62,72,51,60,61,59
110911,Craig Forsyth,204353,Craig Forsyth,Derby County,EFL Championship,1989-02-24,37,LB,67,189,83,Left,2,2,49,49,47,52,66,67,72,69,67,70
574841,Lars-Jørgen Salvesen,222168,Lars-Jørgen Salvesen,Derby County,EFL Championship,1996-02-19,30,ST,67,186,82,Left,3,2,70,66,56,63,64,83,83,90,69,81
748381,Joel Asoro,235855,Joel Asoro,FC Metz,Ligue 1 McDonald's,1999-04-27,27,RM,67,176,75,Right,3,3,88,89,82,84,65,77,69,79,61,70
492128,Cyril Mandouki,240057,Cyril Mandouki,Laval MFC,Ligue 2 BKT,1991-08-21,34,CDM,67,179,76,Right,4,2,45,49,71,70,65,84,75,68,67,75
822252,Michele Cerofolini,240785,Michele Cerofolini,Bari,Serie BKT,1999-01-04,27,GK,67,188,80,Right,1,1,38,40,39,55,63,25,61,59,22,66
964542,Richmond Tachie,252710,Richmond Tachie,Kaiserslautern,Bundesliga 2,1999-04-21,27,ST,67,177,70,Right,3,3,85,76,83,82,64,81,62,75,47,64
891748,Serginho,262620,Serginho,Karagümrük SK,Trendyol Süper Lig,1995-04-06,31,RM,67,180,76,Right,3,3,67,69,61,73,54,63,69,65,54,64
1184473,Sam Tickle,263214,Sam Tickle,Wigan Athletic,EFL League One,2002-03-31,24,GK,67,187,74,Left,2,1,36,30,36,50,61,40,55,54,28,67
1285774,Levi Smans,72893,Levi Smans,sc Heerenveen,Eredivisie,2003-03-25,23,CAM,67,175,67,Right,5,3,70,71,73,74,64,83,48,52,55,58
1412199,Dimitrios Kaloskamis,78469,Dimitrios Kaloskamis,AEK Athens,Hellas Liga,2005-03-01,21,CAM,67,185,75,Right,4,3,69,71,68,67,71,65,63,63,60,63
684006,Edoardo Soleri,236767,Edoardo Soleri,Spezia,Serie BKT,1997-10-19,28,ST,67,194,75,Right,3,3,77,78,68,58,65,64,78,84,55,70
887969,Steven Benda,241076,Steven Benda,Millwall,EFL Championship,1998-10-01,27,GK,67,192,90,Right,3,1,36,38,30,33,58,30,53,52,19,66
451628,Carl Klaus,252456,Carl Klaus,Union Berlin,Bundesliga,1994-01-16,32,GK,67,189,86,Right,2,1,27,32,29,44,52,31,51,49,21,65
1042511,Aimar Sher,253010,Aimar Sher,Sarpsborg 08,Eliteserien,2002-12-20,23,CDM,67,175,65,Right,3,3,72,54,85,83,66,82,56,59,73,66
1239600,Johnny Kenny,260951,Johnny Kenny,Celtic,Scottish Prem,2003-06-06,23,ST,67,177,74,Right,5,2,79,84,74,74,66,66,73,80,70,71
1098752,Lewis Dobbin,264039,Lewis Dobbin,Preston,EFL Championship,2003-01-03,23,LM,67,175,71,Right,2,3,86,84,79,76,67,59,53,67,36,52
956728,Lance Duijvestijn,275858,Lance Duijvestijn,Sparta Rotterdam,Eredivisie,1999-01-15,27,CAM,67,183,75,Right,4,3,67,57,60,65,63,77,66,69,48,65
1347229,Basar Önal,73355,Başar Önal,N.E.C. Nijmegen,Eredivisie,2004-07-06,21,LM,67,179,74,Right,3,3,79,82,76,69,62,77,53,63,69,63
448805,Christian Mathenia,215417,Christian Mathenia,1. FC Nürnberg,Bundesliga 2,1992-03-31,34,GK,67,190,89,Right,2,1,44,42,34,38,62,38,69,63,31,65
1124454,Maxence Rivera,255015,Maxence Rivera,sc Heerenveen,Eredivisie,2002-05-30,24,LM,67,170,59,Right,3,3,82,76,90,89,60,67,52,61,45,55
881740,Christopher Lannert,259453,Christopher Lannert,Arminia Bielefeld,Bundesliga 2,1998-06-08,28,RB,67,180,71,Right,5,2,74,82,68,71,66,90,57,57,54,65
263925,Caio Secco,203239,Caio Secco,Moreirense FC,Liga Portugal,1990-12-22,35,GK,67,195,92,Right,2,1,41,39,51,28,66,25,61,59,30,71
1255850,Matthéo Xantippe,258446,Matthéo Xantippe,Grenoble Foot 38,Ligue 2 BKT,2002-04-11,24,LB,67,183,70,Left,2,2,72,70,71,75,55,67,66,74,69,67
1354243,Gonçalo Costa,269874,Gonçalo Costa,Estoril Praia,Liga Portugal,2000-02-18,26,LB,67,178,68,Left,2,2,76,77,71,73,59,73,56,65,62,62
1343053,Abdoul Ouattara,75318,Abdoul Ouattara,Strasbourg,Ligue 1 McDonald's,2005-10-22,20,RM,67,178,68,Right,2,3,76,72,75,73,65,59,63,66,62,62
553557,Gideon Jung,223751,Gideon Jung,Kayserispor,Trendyol Süper Lig,1994-09-12,31,CB,67,189,76,Right,3,2,67,68,59,56,61,63,77,85,66,72
706500,Steffen Tigges,238656,Steffen Tigges,SC Paderborn 07,Bundesliga 2,1998-07-31,27,ST,67,193,90,Left,3,2,54,63,37,34,69,68,87,82,75,80
1077221,Joseph Hungbo,245020,Joseph Hungbo,Wigan Athletic,EFL League One,2000-01-15,26,RM,67,173,70,Left,3,3,80,73,84,82,61,67,62,62,41,59
1072519,Ercan Kara,255420,Ercan Kara,SK Rapid,Ö. Bundesliga,1996-01-03,30,ST,67,192,88,Right,3,2,64,74,61,37,66,85,92,83,73,86
1224719,Noah Ohio,260264,Noah Ohio,FC Utrecht,Eredivisie,2003-01-16,23,ST,67,185,76,Left,3,2,88,88,77,61,64,64,75,82,45,67
1395728,Medon Berisha,271198,Medon Berisha,Lecce,Serie A Enilive,2003-10-21,22,CM,67,186,71,Right,4,2,60,45,55,56,66,57,57,58,70,60
610270,Callum Elder,215412,Callum Elder,Derby County,EFL Championship,1995-01-27,31,LB,67,181,78,Left,2,2,59,67,63,63,65,79,70,68,65,71
837586,Anders Hagelskjær,250850,Anders Hagelskjær,Wycombe,EFL League One,1997-02-16,29,CB,67,192,84,Left,2,2,53,57,52,59,62,66,78,73,64,72
1168852,Inigo Sainz-Maza,254005,Íñigo Sainz-Maza,R. Racing Club,LALIGA HYPERMOTION,1998-06-16,28,CDM,67,181,71,Right,3,2,72,70,70,60,65,84,64,66,69,70
1088053,Miguel Baeza,258271,Miguel Baeza,Nacional,Liga Portugal,2000-03-27,26,CM,67,177,64,Left,3,3,63,65,67,73,65,59,48,46,44,50
1415104,Benjamin Tahirovic,272596,Benjamin Tahirović,Brøndby IF,3F Superliga,2003-03-03,23,CDM,67,191,77,Right,3,2,51,51,58,49,62,72,71,62,70,71
1203191,Mohamed Nassoh,274449,Mohamed Nassoh,NAC Breda,Eredivisie,2003-01-26,23,LM,67,188,76,Right,3,3,69,62,58,67,59,76,56,53,41,58
1577582,Noah Adedeji-Sternberg,70496,Noah Adedeji-Sternberg,KRC Genk,1A Pro League,2005-06-19,21,LM,67,183,68,Right,3,3,86,89,78,64,59,52,62,64,28,53
1418747,João Rego,72267,João Rego,SL Benfica,Liga Portugal,2005-06-20,21,CAM,67,182,69,Right,2,3,65,67,71,70,74,66,44,46,60,53
278807,Robert Mühren,225152,Robert Mühren,FC Volendam,Eredivisie,1989-05-18,37,ST,67,187,80,Right,3,3,42,74,56,59,63,66,74,66,63,69
1178504,Roko Simic,263413,Roko Šimić,Karlsruher SC,Bundesliga 2,2003-09-10,22,ST,67,190,80,Right,3,3,55,68,64,70,61,55,77,73,71,70
1396084,Raphael Kofler,277872,Raphael Kofler,Südtirol,Serie BKT,2005-04-26,21,CB,67,193,83,Right,4,2,47,64,64,42,61,69,81,71,71,76
1119806,Millenic Alli,71215,Millenic Alli,Luton Town,EFL League One,2000-02-06,26,ST,67,181,78,Right,3,3,86,85,71,71,65,63,74,81,50,67
1067741,Luca Oyen,256307,Luca Oyen,KRC Genk,1A Pro League,2003-03-14,23,LW,67,174,69,Right,3,3,80,70,81,83,59,63,46,57,46,51
915365,Ole Romeny,259114,Ole Romeny,Oxford United,EFL Championship,2000-06-20,26,RM,67,185,81,Right,5,3,68,66,64,53,66,80,75,61,29,66
1276474,Semir Telalovic,273771,Semir Telalović,1. FC Nürnberg,Bundesliga 2,1999-12-23,26,ST,67,187,78,Right,2,2,64,67,72,75,65,73,79,77,62,74
960601,Nicolo Buso,276035,Nicolò Buso,Catanzaro,Serie BKT,2000-02-01,26,LW,67,176,70,Right,4,3,81,81,62,81,59,62,56,71,39,55
1520546,Aaron Keller,276337,Aaron Keller,Fürth,Bundesliga 2,2004-05-15,22,LM,67,181,77,Right,3,3,67,79,72,65,58,80,61,62,55,65
1056370,Altin Zeqiri,277626,Altin Zeqiri,Çaykur Rizespor,Trendyol Süper Lig,2000-07-18,25,LM,67,185,74,Right,3,3,74,71,72,68,65,69,55,69,36,55
1211806,George Earthy,278097,George Earthy,West Ham,Premier League,2004-09-05,21,CAM,67,178,70,Right,3,3,70,67,73,78,66,64,52,51,55,56
585268,Lukas Boeder,225636,Lukas Boeder,Dynamo Dresden,Bundesliga 2,1997-04-18,29,CB,67,185,80,Right,4,2,65,66,58,61,64,74,76,76,64,73
847985,Jonathan Klinsmann,239742,Jonathan Klinsmann,Cesena,Serie BKT,1997-04-08,29,GK,67,194,84,Right,2,1,29,29,40,39,61,45,59,54,25,66
1014841,Richonell Margaret,247120,Richonell Margaret,Go Ahead Eagles,Eredivisie,2000-09-07,25,LM,67,191,75,Right,2,3,81,79,83,64,58,78,62,70,45,63
1242757,William Mikelbrencis,262045,William Mikelbrencis,Hamburger SV,Bundesliga,2004-02-25,22,RB,67,176,64,Right,2,2,77,78,74,81,58,69,53,65,60,59
1190030,Odel Offiah,264141,Odel Offiah,Preston,EFL Championship,2002-10-26,23,RB,67,187,81,Right,2,2,72,75,56,58,65,65,78,80,67,73
1252642,Isaac Babadi,277465,Isaac Babadi,Royal Antwerp FC,1A Pro League,2005-04-06,21,CAM,67,178,68,Right,4,3,80,66,83,63,69,73,57,60,49,60
1211646,Jamie Donley,278557,Jamie Donley,Stoke City,EFL Championship,2005-01-03,21,CAM,67,183,70,Left,3,3,68,64,71,68,64,69,63,64,44,61
782561,Koen Kostons,279948,Koen Kostons,PEC Zwolle,Eredivisie,1999-09-18,26,ST,67,186,76,Right,3,2,68,78,69,66,67,76,65,72,56,66
107216,Ched Evans,186127,Ched Evans,Fleetwood Town,EFL League Two,1988-12-28,37,ST,67,183,76,Right,3,2,53,44,58,68,65,60,82,80,90,78
354477,Julien Lopez,211240,Julien Lopez,Paris FC,Ligue 1 McDonald's,1992-03-01,34,CAM,67,173,68,Right,2,3,73,67,87,83,64,54,48,54,40,48
782703,Marin Sverko,235800,Marin Šverko,Venezia,Serie BKT,1998-02-04,28,CB,67,187,81,Left,3,2,64,67,59,61,61,73,79,76,63,74
1091141,Faride Alidou,264409,Faride Alidou,Kaiserslautern,Bundesliga 2,2001-07-18,24,RM,67,186,84,Right,3,4,85,78,73,74,55,54,66,75,49,60
1421270,Kevin Rodríguez,272569,Kevin Rodríguez,R. Union St.-G.,1A Pro League,2000-03-04,26,ST,67,190,72,Right,3,4,77,81,73,65,65,67,75,80,43,67
1296413,Henrik Meister,277309,Henrik Meister,Pisa,Serie A Enilive,2003-11-17,22,ST,67,193,83,Right,3,2,67,74,63,61,62,60,82,80,73,75
821400,Toby Sibbick,236244,Toby Sibbick,Burton Albion,EFL League One,1999-05-23,27,RB,67,188,75,Right,3,2,73,76,57,52,64,69,76,80,57,71
1287010,Nilson Angulo,264205,Nilson Angulo,RSC Anderlecht,1A Pro League,2003-06-19,23,LM,67,184,65,Right,4,4,79,80,71,66,58,59,55,62,46,55
1070191,Jandro Orellana,270812,Jandro Orellana,Estoril Praia,Liga Portugal,2000-08-07,25,CDM,67,176,63,Right,3,2,56,63,58,73,66,53,48,56,65,53
619824,Sultan Mandash,225976,Sultan Mandash,Al Taawoun,ROSHN Saudi League,1994-10-17,31,RW,67,172,71,Left,3,3,81,82,84,76,62,76,61,63,40,61
522139,Dennis Srbeny,239097,Dennis Srbeny,Fürth,Bundesliga 2,1994-05-05,32,ST,67,190,84,Right,3,3,67,60,70,44,70,68,74,76,58,69
1282233,Yannick Leliendal,243293,Yannick Leliendal,FC Volendam,Eredivisie,2002-04-23,24,LB,67,169,68,Left,3,3,77,69,68,82,65,74,45,58,57,55
1180218,Syb van Ottele,260436,Syb van Ottele,Fortuna Sittard,Eredivisie,2002-02-02,24,CB,67,185,78,Right,3,2,61,61,61,58,65,64,81,76,62,73
1333331,Oliver Provstgaard,266123,Oliver Provstgaard,Latium,Serie A Enilive,2003-06-04,23,CB,67,192,86,Left,2,2,65,67,53,56,65,72,80,77,70,76
1298600,Younes Taha,275418,Younes Taha,FC Groningen,Eredivisie,2002-11-27,23,RM,67,175,67,Left,2,3,81,64,85,72,64,66,44,55,42,50
1078853,Dal Varesanovic,277627,Dal Varešanović,Çaykur Rizespor,Trendyol Süper Lig,2001-05-23,25,CAM,67,177,73,Right,4,3,62,68,67,70,65,68,51,48,46,54
1347241,Jayden Addai,279239,Jayden Addai,Como,Serie A Enilive,2005-08-26,20,RM,67,175,73,Left,2,4,90,78,79,76,58,62,56,63,32,53
1531099,Mikel Gogorza,279252,Mikel Gogorza,FC Midtjylland,3F Superliga,2006-09-27,19,LW,67,186,74,Right,3,3,75,76,61,74,58,61,57,61,43,55
1352213,Ro-Zangelo Daal,75519,Ro-Zangelo Daal,AZ,Eredivisie,2004-02-10,22,LM,67,173,73,Right,3,3,82,83,79,70,64,66,51,57,38,52
56994,Nicolo Brighenti,193333,Nicolò Brighenti,Catanzaro,Serie BKT,1989-08-01,36,CB,67,178,75,Right,3,2,71,69,70,74,71,70,75,78,71,73
500392,Jesús Jiménez,244110,Jesús Jiménez,Bruk-Bet,PKO BP Ekstraklasa,1993-11-05,32,ST,67,183,80,Right,3,4,60,62,69,67,66,62,61,63,37,57
746831,Nicola Mosti,257768,Nicola Mosti,SS Juve Stabia,Serie BKT,1998-02-07,28,CAM,67,177,73,Right,2,3,62,62,71,73,60,59,53,49,45,53
1140910,Florian Kleinhansl,263089,Florian Kleinhansl,Kaiserslautern,Bundesliga 2,2000-08-11,25,LB,67,180,72,Left,2,2,70,57,81,80,71,79,59,58,49,62
1307326,Yannick Agnero,265735,Yannick Agnero,Lech Poznań,PKO BP Ekstraklasa,2003-02-20,23,ST,67,184,73,Left,2,3,82,86,68,77,61,72,76,84,45,69
1421471,Mario Garcia,274080,Mario García,R. Racing Club,LALIGA HYPERMOTION,2003-10-02,22,LB,67,172,65,Left,3,3,68,70,67,77,65,68,60,69,66,64
1104401,Ibrahim Diabate,259747,Ibrahim Diabate,GAIS,Allsvenskan,1999-11-17,26,ST,67,180,80,Right,3,2,82,83,68,66,61,66,80,86,57,72
1050816,Marvin Obuz,261528,Marvin Obuz,Rot-Weiss Essen,3. Liga,2002-01-25,24,RM,67,182,75,Right,3,3,76,69,75,73,66,69,61,61,46,60
1194358,Kacper Tobiasz,262251,Kacper Tobiasz,Legia Warszawa,PKO BP Ekstraklasa,2002-11-04,23,GK,67,191,80,Left,2,1,32,22,23,28,63,26,60,56,20,66
239759,James Shea,193013,James Shea,Luton Town,EFL League One,1991-06-16,35,GK,67,181,76,Right,2,1,28,26,34,48,62,28,41,42,19,67
501331,Sascha Mockenhaupt,218656,Sascha Mockenhaupt,Wehen Wiesbaden,3. Liga,1991-09-10,34,CB,67,187,87,Right,2,2,80,83,59,62,66,81,83,86,70,80
918067,Marco Imperiale,242264,Marco Imperiale,Carrarese Calcio,Serie BKT,1999-05-01,27,CB,67,182,72,Left,3,2,67,67,63,71,62,66,60,70,68,64
817720,Michael Obafemi,242265,Michael Obafemi,VfL Bochum 1848,Bundesliga 2,2000-07-06,25,ST,67,169,71,Right,3,2,76,70,75,81,65,58,73,79,60,67
1701842,Rober,245894,Rober,N.E.C. Nijmegen,Eredivisie,2001-01-06,25,RM,67,173,63,Left,5,3,78,80,79,84,66,58,43,53,51,49
1520469,Jano ter Horst,276287,Jano ter Horst,Preußen Münster,Bundesliga 2,2002-06-19,24,RB,67,181,79,Right,3,2,69,77,65,68,65,70,69,72,57,67
1353293,Sondre Ørjasæter,70801,Sondre Ørjasæter,FC Twente,Eredivisie,2003-11-28,22,LM,67,180,70,Right,3,3,80,81,80,73,61,61,53,55,44,53
1366936,Stanis Idumbo,70893,Stanis Idumbo,AS Monaco,Ligue 1 McDonald's,2005-06-29,21,CAM,67,171,61,Right,3,3,75,80,79,78,64,66,53,66,46,56
438167,Baptiste Guillaume,213839,Baptiste Guillaume,Le Mans FC,Ligue 2 BKT,1995-06-16,31,ST,67,190,86,Right,4,3,50,64,57,48,64,70,86,84,48,74
1118703,Pablo Gozálbez,255140,Pablo Gozálbez,Arouca,Liga Portugal,2001-04-30,25,CAM,67,170,65,Right,4,3,63,54,64,74,62,39,45,54,54,46
618698,Francesco Gelli,274197,Francesco Gelli,Frosinone,Serie BKT,1996-10-15,29,CM,67,173,70,Right,3,2,65,57,80,75,63,73,38,41,50,49
1514693,Florian Wiegele,72937,Florian Wiegele,Viktoria Plzeň,Česká Liga,2001-03-21,25,GK,67,205,87,Left,3,1,23,23,21,29,63,27,71,58,28,65
1226630,Isaak Davies,257438,Isaak Davies,Cardiff City,EFL League One,2001-09-25,24,ST,67,175,65,Right,4,3,81,83,78,71,67,58,57,71,52,57
948704,Miguel Sousa,268275,Miguel Sousa,Casa Pia AC,Liga Portugal,1998-09-19,27,CAM,67,176,68,Right,4,3,65,64,78,75,66,56,46,49,43,48
1515976,Mattes Hansen,276371,Mattes Hansen,SC Paderborn 07,Bundesliga 2,2004-05-15,22,CDM,67,183,77,Right,3,2,65,53,69,67,64,69,67,69,62,67
1329405,Edoardo Pieragnolo,276705,Edoardo Pieragnolo,Sassuolo,Serie A Enilive,2003-01-03,23,LB,67,184,72,Left,4,2,68,71,55,60,61,73,59,54,61,63
571536,Klaus Gjasula,238692,Klaus Gjasula,Rot-Weiss Essen,3. Liga,1989-12-14,36,CDM,67,190,84,Right,4,2,34,34,48,35,66,71,90,71,92,85
1039219,Samir Chergui,248477,Samir Chergui,Paris FC,Ligue 1 McDonald's,1999-02-06,27,CB,67,185,78,Right,2,2,53,44,63,66,65,54,71,69,66,66
1255796,Nikolai Hopland,269120,Nikolai Hopland,sc Heerenveen,Eredivisie,2004-07-24,21,CB,67,186,80,Right,3,2,63,64,67,64,66,66,76,75,61,70
1189424,Fabio Abiuso,270098,Fabio Abiuso,Carrarese Calcio,Serie BKT,2003-02-02,23,ST,67,185,78,Right,3,3,60,57,66,68,67,64,72,73,61,68
1400523,Danny Schmidt,73071,Danny Schmidt,Düsseldorf,Bundesliga 2,2003-01-30,23,ST,67,188,78,Right,3,2,62,60,66,60,65,59,69,69,42,61
656530,Sergio Córdova,239747,Sergio Córdova,BSC Young Boys,Brack Super League,1997-08-09,28,ST,67,188,87,Right,2,3,72,72,67,64,63,55,81,83,49,68
954622,George Johnston,240912,George Johnston,Bolton,EFL League One,1998-09-01,27,CB,67,181,78,Left,3,2,66,61,64,60,66,72,77,84,71,75
1014981,Augustus Kargbo,244626,Augustus Kargbo,Blackburn Rovers,EFL Championship,1999-08-24,26,ST,67,172,68,Right,3,2,80,84,80,87,67,68,53,66,45,56
694967,Manuel Feil,269310,Manuel Feil,SV Elversberg,Bundesliga 2,1994-10-08,31,RM,67,171,74,Right,3,3,75,50,91,89,68,81,41,54,58,55
1628516,Matteo Perez Vinlöf,72245,Matteo Pérez Vinlöf,Dinamo Zagreb,Liga Hrvatska,2005-12-18,20,LB,67,178,73,Left,3,2,75,69,73,71,56,61,51,63,61,56
1600334,Ime Okon,79280,Ime Okon,Hannover 96,Bundesliga 2,2004-02-20,22,CB,67,187,86,Right,3,2,79,76,52,53,58,64,72,81,68,70
169225,Tom Bradshaw,198437,Tom Bradshaw,Oxford United,EFL Championship,1992-07-27,33,ST,67,178,71,Right,3,3,70,69,77,78,71,69,70,73,48,66
477205,Sandro Lima,217021,Sandro Lima,FC Alverca,Liga Portugal,1990-10-28,35,ST,67,186,82,Right,2,2,55,64,52,57,69,65,86,82,79,79
904248,Hüseyin Türkmen,243244,Hüseyin Türkmen,Antalyaspor,Trendyol Süper Lig,1998-01-01,28,CB,67,183,78,Right,3,2,72,70,66,68,68,60,74,78,73,71
997577,David Min,257959,David Min,FC Utrecht,Eredivisie,1999-06-23,27,ST,67,194,78,Right,3,2,77,78,56,47,65,76,74,86,41,69
1125076,Ruben Kluivert,262102,Ruben Kluivert,OL,Ligue 1 McDonald's,2001-05-21,25,CB,67,187,82,Right,3,2,68,74,63,69,64,68,71,76,63,69
956212,Marvin Cuni,264467,Marvin Çuni,Sampdoria,Serie BKT,2001-07-10,24,ST,67,188,78,Right,3,3,71,80,59,65,65,51,74,77,65,67
1352996,Mio Backhaus,268428,Mio Backhaus,SV Werder Bremen,Bundesliga,2004-04-16,22,GK,67,194,82,Right,4,1,15,24,39,29,66,25,56,49,18,66
954422,Michael Venturi,245560,Michael Venturi,Venezia,Serie BKT,1999-01-23,27,CB,67,193,80,Right,3,2,58,46,57,50,62,32,64,67,61,56
1189622,Nigel Lonwijk,261225,Nigel Lonwijk,Luton Town,EFL League One,2002-10-27,23,CB,67,190,79,Right,2,2,61,75,45,56,61,73,76,75,74,75
1669436,Mathis Clairicia,80136,Mathis Clairicia,VfL Bochum 1848,Bundesliga 2,2002-08-30,23,ST,67,188,92,Right,3,3,65,71,54,60,64,60,82,80,60,72
1091369,Pablo Garcia,255341,Pablo García,San Martín,LPF,1999-04-15,27,RM,67,180,76,Right,3,3,74,71,87,74,50,65,45,47,34,48
1453194,Emmanuel Addai,276093,Emmanuel Addai,Qarabağ FK,Liga Azerbaijan,2001-08-01,24,LM,67,173,65,Right,3,3,79,78,72,69,62,54,58,66,37,53
1288195,Cole Campbell,73057,Cole Campbell,Borussia Dortmund,Bundesliga,2006-02-20,20,RM,67,170,68,Left,3,4,87,90,85,80,62,57,36,50,34,42
1308892,Iker Bravo,265194,Iker Bravo,Udinese,Serie A Enilive,2005-01-13,21,ST,67,182,75,Right,4,3,69,65,69,67,62,46,59,68,45,53
1332549,Amine Salama,267465,Amine Salama,Stade de Reims,Ligue 2 BKT,2000-07-18,25,ST,67,192,78,Right,3,3,67,76,58,54,66,40,69,72,48,58
1559847,Adam Sevínsky,76864,Adam Ševínský,Sparta Praha,Česká Liga,2004-06-19,22,CB,67,187,71,Right,3,2,65,67,58,54,66,61,69,71,64,66
1366373,Ümit Akdag,277144,Ümit Akdağ,Alanyaspor,Trendyol Süper Lig,2003-10-06,22,CB,67,192,72,Left,3,2,62,55,39,50,63,66,69,71,70,69
1288206,Jorge Moreno,264270,Jorge Moreno,Cádiz CF,LALIGA HYPERMOTION,2001-07-25,24,CB,67,184,79,Right,3,2,73,71,61,65,61,72,75,80,63,72
1351065,Nathaniel Adjei,271075,Nathaniel Adjei,FC Lorient,Ligue 1 McDonald's,2002-08-21,23,CB,67,191,77,Right,3,2,75,78,57,57,61,63,75,80,63,70
1267102,Felipe Augusto,279930,Felipe Augusto,Trabzonspor,Trendyol Süper Lig,2004-02-18,22,ST,67,187,77,Left,3,3,69,70,61,62,70,64,76,78,54,69
878860,Andrea Ciofi,72845,Andrea Ciofi,Cesena,Serie BKT,1999-06-28,27,CB,67,185,74,Right,3,2,63,69,58,59,68,67,62,68,65,64
1114554,Yusuf Demir,251873,Yusuf Demir,Galatasaray,Trendyol Süper Lig,2003-06-02,23,RM,67,171,65,Left,3,4,81,77,86,86,60,52,41,50,54,47
1282980,Kenneth Schmidt,262665,Kenneth Schmidt,Düsseldorf,Bundesliga 2,2002-06-03,24,CB,67,187,81,Left,4,2,76,78,65,54,61,62,75,80,63,70
1249915,Dane Murray,263561,Dane Murray,Celtic,Scottish Prem,2003-06-26,23,CB,67,193,77,Right,3,2,64,66,62,62,57,40,66,71,66,60
1463351,Janderson,80603,Janderson,Göztepe,Trendyol Süper Lig,1999-05-06,27,ST,67,189,80,Right,3,3,59,66,58,58,58,65,88,85,40,73
850934,Nicholas Opoku,245022,Nicholas Opoku,Kasımpaşa,Trendyol Süper Lig,1997-08-11,28,CB,67,190,78,Right,4,2,64,59,63,42,60,70,86,80,70,79
1108882,Diego Duarte,258194,Diego Duarte,AVS Futebol SAD,Liga Portugal,2002-04-08,24,ST,67,180,79,Left,4,2,73,72,73,68,52,66,62,73,43,60
1178325,Ousmane Camara,258439,Ousmane Camara,Angers SCO,Ligue 1 McDonald's,2003-03-06,23,CB,67,197,90,Right,3,2,35,36,40,34,62,59,88,72,65,75
1287785,Naim Garcia,264228,Naim García,CD Leganés,LALIGA HYPERMOTION,2002-06-11,24,RM,67,178,77,Left,3,3,71,72,69,69,65,63,35,46,34,42
1362417,Fabio Gruber,276283,Fabio Gruber,1. FC Nürnberg,Bundesliga 2,2002-09-03,23,CB,67,188,74,Right,3,2,57,64,51,54,65,66,73,79,72,71
1323629,Óscar Rivas,266660,Óscar Rivas,Vitória SC,Liga Portugal,2000-03-27,26,CB,67,193,78,Right,3,2,54,60,50,41,64,65,77,72,62,71
1800345,Tylel Tati,80570,Tylel Tati,FC Nantes,Ligue 1 McDonald's,2008-01-19,18,CB,67,190,79,Left,2,2,64,72,48,47,58,58,80,78,53,69
1019234,Mats Knoester,238040,Mats Knoester,Aberdeen,Scottish Prem,1998-11-19,27,CB,67,188,82,Left,2,2,61,65,52,56,58,73,83,77,65,77
1370590,Milos Lukovic,69992,Miloš Luković,UD Las Palmas,LALIGA HYPERMOTION,2005-11-18,20,ST,67,184,85,Right,4,3,55,65,57,57,65,57,78,74,65,70
1413282,Fabrício Garcia,71291,Fabrício Garcia,Estoril Praia,Liga Portugal,2001-05-04,25,LM,67,172,64,Left,2,3,74,72,62,78,62,66,37,48,28,43
924935,Dusan Stojinovic,273855,Dušan Stojinović,Jagiellonia,PKO BP Ekstraklasa,2000-08-20,25,CB,67,187,76,Right,2,2,63,62,52,55,66,70,79,76,62,73
1474555,Christ Makosso,275337,Christ Makosso,Luton Town,EFL League One,2004-05-09,22,CB,67,192,80,Right,3,2,64,65,53,57,66,57,73,74,68,68
1670132,Bahereba Guirassy,74475,Bahereba Guirassy,FC Nantes,Ligue 1 McDonald's,2006-08-29,19,LW,67,186,70,Right,3,3,64,75,65,59,59,55,53,56,27,48
1287056,Cameron Humphreys,223963,Cameron Humphreys,Port Vale,EFL League One,1998-08-22,27,CB,67,187,82,Right,2,2,57,66,64,65,66,65,78,75,64,72
1231794,Noah Eile,260001,Noah Eile,Red Bulls,MLS,2002-07-19,23,CB,67,195,83,Right,4,2,66,78,59,35,58,62,80,74,74,74
1235057,Lukas Frenkert,276288,Lukas Frenkert,Braunschweig,Bundesliga 2,2000-07-19,25,CB,67,190,83,Right,3,2,67,71,54,46,62,67,76,82,64,72
1027396,Barbero,255461,Barbero,Arouca,Liga Portugal,1998-08-17,27,ST,67,186,80,Right,3,3,55,62,50,48,65,78,77,74,37,69
1256173,Thijmen Blokzijl,262220,Thijmen Blokzijl,FC Groningen,Eredivisie,2005-02-25,21,CB,67,191,75,Right,3,2,56,63,59,55,66,66,68,68,63,67
1224237,Mateo Pellegrino,263229,Mateo Pellegrino,Parma,Serie A Enilive,2001-10-22,24,ST,67,193,89,Left,4,2,55,55,49,52,66,61,83,81,51,71
1024937,Kevin Ehlers,251405,Kevin Ehlers,Braunschweig,Bundesliga 2,2001-01-23,25,CB,67,187,86,Right,3,2,63,67,59,59,61,62,77,76,53,68
1439800,Patrick Agyemang,274685,Patrick Agyemang,Derby County,EFL Championship,2000-11-07,25,ST,67,193,81,Right,3,2,54,65,56,43,58,71,79,73,38,69
564724,Sean Raggett,238450,Sean Raggett,Rotherham Utd,EFL League One,1994-01-25,32,CB,67,196,89,Right,4,2,47,53,32,29,58,78,92,69,74,84
857436,Nihad Mujakic,251168,Nihad Mujakić,Eyüpspor,Trendyol Süper Lig,1998-04-15,28,CB,67,189,78,Left,3,2,64,75,59,53,69,73,79,77,78,77
1178266,Bogdan Racovitan,261040,Bogdan Racovițan,Raków,PKO BP Ekstraklasa,2000-06-06,26,CB,67,185,80,Right,2,2,72,73,52,62,60,68,82,83,66,75
821660,Fraser Horsfall,230677,Fraser Horsfall,Blackpool,EFL League One,1996-11-12,29,CB,67,190,82,Right,3,2,54,54,55,52,63,77,88,78,67,81
1286065,Maxim Dekker,268106,Maxim Dekker,AZ,Eredivisie,2004-04-21,22,CB,67,191,78,Left,3,2,62,38,54,50,65,67,73,74,69,71
486835,Damon Mirani,223814,Damon Mirani,Heracles Almelo,Eredivisie,1996-05-13,30,CB,67,183,80,Left,4,2,35,67,35,62,61,75,80,81,66,76
1280127,Boris Popovic,258687,Boris Popović,Arouca,Liga Portugal,2000-02-26,26,CB,67,189,75,Right,2,2,54,54,61,56,65,54,81,75,70,72
1281103,Maximilian Dietz,262917,Maximilian Dietz,Fürth,Bundesliga 2,2002-02-09,24,CB,67,189,74,Right,3,2,56,66,56,59,67,75,73,71,59,71
1197251,Issiar Drame,264743,Issiar Dramé,Estrela Amadora,Liga Portugal,1999-02-16,27,CB,67,197,80,Right,2,2,70,68,69,38,60,70,84,87,66,77
1037142,Kornel Szucs,276220,Kornél Szűcs,Plymouth Argyle,EFL League One,2001-09-24,24,CB,67,190,82,Right,3,2,52,54,47,51,64,74,77,72,65,74
796492,Niklas Kolbe,73133,Niklas Kolbe,Hertha BSC,Bundesliga 2,1996-12-27,29,CB,67,196,84,Left,3,2,64,79,42,56,65,74,82,80,57,75
1132323,Guillem Molina,258747,Guillem Molina,AVS Futebol SAD,Liga Portugal,2000-05-03,26,RB,67,183,71,Right,3,2,66,65,62,63,67,66,59,67,64,62
1486537,Max Moerstedt,279542,Max Moerstedt,TSG Hoffenheim,Bundesliga,2006-01-15,20,ST,67,194,77,Right,3,3,58,64,54,50,67,52,67,69,55,61
1276507,Andi Hoti,270900,Andi Hoti,1. FC Magdeburg,Bundesliga 2,2003-03-02,23,CB,67,191,85,Right,3,2,55,68,49,55,66,60,80,74,62,71
690119,Pierre-Yves Hamel,236621,Pierre-Yves Hamel,Paris FC,Ligue 1 McDonald's,1994-02-03,32,ST,67,189,76,Right,3,2,50,40,55,68,69,66,73,74,32,63
1337009,Giovanni Bonfanti,278354,Giovanni Bonfanti,Pisa,Serie A Enilive,2003-01-17,23,CB,67,187,80,Left,3,2,50,51,42,46,65,56,62,64,68,62
791809,Dan Casey,237470,Dan Casey,Wycombe,EFL League One,1997-10-29,28,CB,67,186,85,Right,2,2,50,43,51,38,64,70,79,73,74,75
1311670,Harold Voyer,78757,Harold Voyer,Le Mans FC,Ligue 2 BKT,1997-03-26,29,CB,67,186,80,Left,2,2,60,56,38,54,67,59,75,74,70,70
912071,Shawn Adewoye,251895,Shawn Adewoye,Fortuna Sittard,Eredivisie,2000-06-29,26,CB,67,181,81,Right,3,2,67,62,58,62,65,63,81,79,66,73
1352744,Joel Schingtienne,277214,Joël Schingtienne,Venezia,Serie BKT,2002-08-14,23,CB,67,188,80,Right,3,2,64,67,49,58,64,73,69,70,61,68
741434,Pedro Pacheco,240244,Pedro Pacheco,Santa Clara,Liga Portugal,1997-01-27,29,CB,67,189,83,Right,3,2,53,40,68,54,65,61,66,71,73,66
1282423,Nuno Lima,258642,Nuno Lima,Alanyaspor,Trendyol Süper Lig,2001-03-16,25,CB,67,184,76,Right,2,2,62,66,57,62,61,60,71,73,68,68
1285493,Karim Sow,263968,Karim Sow,Lausanne-Sport,Brack Super League,2003-05-22,23,CB,67,198,80,Right,3,2,52,65,45,41,59,72,77,78,70,74
1117058,Ilario Monterisi,270064,Ilario Monterisi,Frosinone,Serie BKT,2001-12-19,24,CB,67,190,82,Right,3,2,47,57,33,37,67,65,71,68,70,69
1469819,Urie-Michel Mboula,77149,Urie-Michel Mboula,FC Metz,Ligue 1 McDonald's,2003-04-30,23,CB,67,185,78,Left,2,2,63,64,50,57,60,59,71,72,72,68
364855,Uros Radakovic,211250,Uroš Radaković,FC Nantes,Ligue 1 McDonald's,1994-03-31,32,CB,67,194,89,Right,2,2,51,46,54,33,60,54,85,67,71,74
1311887,Stipe Vulikic,270655,Stipe Vulikić,Sampdoria,Serie BKT,2001-01-23,25,CB,67,193,87,Right,3,2,46,51,40,36,62,60,80,75,61,71
1083010,Martin Pascual,244919,Martín Pascual,CD Mirandés,LALIGA HYPERMOTION,1999-08-04,26,CB,67,190,78,Right,3,2,58,63,34,60,64,62,74,72,80,72
245300,Sonny Bradley,203749,Sonny Bradley,Lincoln City,EFL League One,1991-09-13,34,CB,67,196,90,Left,3,2,43,46,52,32,60,65,83,72,77,77
638736,Diego Alende,228707,Diego Alende,FC Andorra,LALIGA HYPERMOTION,1997-08-25,28,CB,67,180,86,Right,3,2,53,51,34,62,63,54,77,73,60,68
34633,Nenê,251486,Nené,Yunnan Yukun,CSL,1995-06-10,31,CDM,66,187,74,Left,3,3,65,65,69,79,65,87,80,76,65,79
788496,Anton Donkor,232203,Anton Donkor,FC Schalke 04,Bundesliga 2,1997-11-11,28,LB,66,186,84,Left,4,3,85,88,68,69,56,84,81,87,71,80
820469,Justin Lonwijk,251629,Justin Lonwijk,Fortuna Sittard,Eredivisie,1999-12-21,26,CM,66,189,85,Right,3,3,69,82,70,58,67,75,81,78,69,77
654102,Joe Powell,228153,Joe Powell,Rotherham Utd,EFL League One,1998-10-30,27,CM,66,178,68,Left,3,3,71,74,75,72,65,76,61,66,72,67
364204,Tayfur Bingöl,224724,Tayfur Bingöl,Kocaelispor,Trendyol Süper Lig,1993-01-11,33,CM,66,180,74,Right,3,3,77,76,70,65,60,75,68,68,62,69
846647,Nunzio Lella,271201,Nunzio Lella,Venezia,Serie BKT,2000-07-28,25,CM,66,186,75,Right,3,3,75,80,76,54,70,80,75,79,68,75
1188856,Tarik Gözüsirin,276342,Tarik Gözüsirin,Wehen Wiesbaden,3. Liga,2001-08-08,24,CM,66,176,70,Right,4,3,74,80,82,79,65,78,66,60,66,69
562592,Adam Phillips,224225,Adam Phillips,Barnsley,EFL League One,1998-01-15,28,CM,66,180,76,Right,3,3,75,71,72,68,67,74,66,68,58,67
974314,Ken Nkuba,246713,Ken Nkuba,KRC Genk,1A Pro League,2002-01-21,24,RM,66,173,70,Right,3,3,75,79,76,83,58,71,63,70,74,68
1086546,Daniel Phillips,250823,Daniel Phillips,Stevenage,EFL League One,2001-01-18,25,CDM,66,175,76,Right,3,2,76,74,66,76,61,71,84,82,88,81
1217249,Jake Hollman,259475,Jake Hollman,Walsall,EFL League Two,2001-08-26,24,CM,66,180,69,Right,4,3,80,68,78,81,66,86,67,71,69,72
331524,Erdogan Yesilyurt,211739,Erdoğan Yeşilyurt,Antalyaspor,Trendyol Süper Lig,1993-11-06,32,RB,66,175,72,Right,5,3,75,73,75,76,56,73,69,69,62,69
824641,Jefferson Encada,253193,Jefferson Encada,Estrela Amadora,Liga Portugal,1998-04-17,28,RB,66,188,73,Right,3,3,85,85,74,68,66,64,77,84,48,68
662732,Owen Moxon,269156,Owen Moxon,Stockport,EFL League One,1998-01-17,28,CM,66,186,76,Right,3,3,65,67,69,67,64,86,71,70,75,76
688712,Jan Mejdr,269513,Jan Mejdr,FC Hansa Rostock,3. Liga,1995-05-11,31,RM,66,187,87,Right,2,2,67,71,65,61,60,71,80,79,73,76
430429,Greg Docherty,224842,Greg Docherty,Charlton Ath,EFL Championship,1996-09-10,29,CDM,66,177,79,Right,3,3,69,67,71,75,66,86,77,76,75,79
759589,Jordi Osei-Tutu,233442,Jordi Osei-Tutu,Bolton,EFL League One,1998-10-02,27,RM,66,176,75,Right,3,3,88,90,76,83,58,64,61,69,62,62
776152,Aaron Morley,235807,Aaron Morley,Bolton,EFL League One,2000-02-27,26,CM,66,183,72,Right,3,2,68,68,69,72,64,80,71,71,60,71
673437,CJ Hamilton,225734,CJ Hamilton,Blackpool,EFL League One,1995-03-23,31,LM,66,185,74,Left,3,3,90,90,70,62,62,77,63,74,56,66
1136130,Tiago Galletto,255730,Tiago Galletto,AVS Futebol SAD,Liga Portugal,2002-05-11,24,CDM,66,182,81,Right,4,2,67,68,74,65,68,65,72,76,66,69
1294785,Walid Ould-Chikh,269256,Walid Ould-Chikh,Heracles Almelo,Eredivisie,1999-11-06,26,CAM,66,186,75,Right,4,3,74,72,75,74,64,67,61,70,68,64
1125874,Darko Gyabi,270209,Darko Gyabi,Hull City,EFL Championship,2004-02-18,22,CM,66,191,80,Right,3,2,72,64,73,67,65,75,72,77,68,72
1239553,Axel Henriksson,70114,Axel Henriksson,Blackburn Rovers,EFL Championship,2002-04-16,24,CM,66,182,76,Right,3,2,67,72,73,61,66,81,75,65,69,75
297209,Sam Hoskins,203328,Sam Hoskins,Northampton,EFL League One,1993-02-04,33,RM,66,173,67,Right,4,3,83,81,86,83,66,85,65,71,75,72
994445,Pedro Bicalho,271135,Pedro Bicalho,Qarabağ FK,Liga Azerbaijan,2001-04-23,25,CM,66,180,76,Right,3,2,63,68,68,69,65,76,73,63,68,72
1231029,Rafik Belghali,276314,Rafik Belghali,Hellas Verona,Serie A Enilive,2002-06-07,24,RB,66,186,73,Right,2,3,79,83,71,62,66,60,62,72,61,62
1160076,Sondre Auklend,256598,Sondre Auklend,FK Bodø/Glimt,Eliteserien,2003-06-10,23,CAM,66,172,67,Right,2,3,76,76,81,81,61,73,60,70,67,65
1178363,Brandon Soppy,258407,Brandon Soppy,Lausanne-Sport,Brack Super League,2002-02-21,24,RM,66,180,79,Right,3,3,78,77,73,73,60,53,76,82,63,68
1080681,Rafael Brito,270587,Rafael Brito,Casa Pia AC,Liga Portugal,2002-01-19,24,CM,66,183,78,Right,3,3,65,65,63,60,64,65,74,71,67,70
211837,Tendayi Darikwa,200309,Tendayi Darikwa,Lincoln City,EFL League One,1991-12-13,34,RB,66,188,77,Right,4,3,75,78,72,61,60,76,74,76,80,76
659055,Calogero Rizzuto,234279,Calogero Rizzuto,Saarbrücken,3. Liga,1992-01-05,34,LB,66,170,73,Right,3,3,80,70,80,83,64,81,67,68,78,73
865940,Dru Yearwood,240611,Dru Yearwood,Rotherham Utd,EFL League One,2000-02-17,26,CDM,66,173,68,Right,3,3,72,74,72,75,64,75,71,75,77,73
664804,Connor Krempicki,243881,Connor Krempicki,1. FC Magdeburg,Bundesliga 2,1994-09-14,31,CM,66,178,77,Right,4,3,65,60,71,72,71,73,68,70,60,68
1353000,Adam Daghim,268504,Adam Daghim,VfL Wolfsburg,Bundesliga,2005-09-28,20,RW,66,186,80,Left,4,3,81,83,72,74,61,61,67,75,73,67
801470,Archie Collins,240605,Archie Collins,Peterborough,EFL League One,1999-08-31,26,CDM,66,175,63,Right,4,2,67,71,81,82,66,90,64,71,59,70
1002652,Konrad Faber,263061,Konrad Faber,Dynamo Dresden,Bundesliga 2,1997-11-04,28,RB,66,176,69,Right,2,2,76,84,73,76,66,75,61,67,48,62
1339345,Issa Doumbia,73379,Issa Doumbia,Venezia,Serie BKT,2003-10-16,22,CM,66,187,70,Right,2,2,67,77,60,65,63,53,62,69,69,62
941217,Dennis Dressel,243801,Dennis Dressel,SSV Ulm 1846,3. Liga,1998-10-26,27,CM,66,186,76,Left,3,2,57,61,64,65,64,81,69,67,67,72
1426060,Laurin Curda,276367,Laurin Curda,SC Paderborn 07,Bundesliga 2,2001-10-30,24,CB,66,185,84,Right,3,2,68,76,65,63,63,72,73,74,73,73
478391,Marco Sangalli,216376,Marco Sangalli,R. Racing Club,LALIGA HYPERMOTION,1992-02-07,34,RM,66,179,72,Right,3,3,71,67,73,68,61,73,63,62,46,62
1177089,Alexander Jensen,274134,Alexander Jensen,Aberdeen,Scottish Prem,2001-08-24,24,RB,66,180,78,Right,3,2,75,77,71,64,64,74,67,71,58,67
179028,Sam Clucas,193884,Sam Clucas,Shrewsbury,EFL League Two,1990-09-25,35,CM,66,188,74,Left,4,3,57,61,67,63,64,66,64,66,67,65
603320,Ramazan Civelek,228283,Ramazan Civelek,Kayserispor,Trendyol Süper Lig,1996-01-22,30,RM,66,171,65,Right,3,3,75,74,75,80,63,67,62,59,52,61
866650,Reeco Hackett,237204,Reeco Hackett,Lincoln City,EFL League One,1998-01-09,28,LM,66,191,74,Left,3,3,79,81,73,57,62,73,69,75,48,66
941579,Kevin Yakob,243539,Kevin Yakob,AGF,3F Superliga,2000-10-10,25,CM,66,184,77,Right,4,3,68,65,72,76,65,65,63,66,64,64
1211445,John Patrick,260195,John Patrick,Stade de Reims,Ligue 2 BKT,2003-10-24,22,CM,66,193,81,Right,3,3,69,75,64,47,68,80,79,74,47,73
1419385,Jorg Schreuders,273008,Jorg Schreuders,FC Groningen,Eredivisie,2004-09-09,21,RM,66,177,70,Right,3,3,64,77,68,54,65,80,61,61,60,66
1080516,Ángel Torres,278157,Ángel Torres,Dynamo Kyiv,Ukrayina Liha,2000-04-06,26,RM,66,182,74,Left,2,3,80,86,73,75,63,69,73,74,62,70
568541,Jorge Grant,219177,Jorge Grant,Salford City,EFL League Two,1994-12-19,31,CM,66,178,70,Right,4,3,64,66,76,74,65,79,66,54,51,66
185349,Luke Berry,223085,Luke Berry,Charlton Ath,EFL Championship,1992-07-12,33,CAM,66,177,72,Right,3,3,65,56,72,74,66,69,64,69,60,65
1190549,Falko Michel,264215,Falko Michel,1. FC Magdeburg,Bundesliga 2,2001-01-14,25,LM,66,186,80,Right,3,3,64,70,68,68,66,75,74,72,63,72
150047,Joao Aurélio,189221,João Aurélio,Nacional,Liga Portugal,1988-08-17,37,RB,66,182,74,Right,3,3,66,54,65,63,68,68,66,67,77,69
471276,Dion Charles,220039,Dion Charles,Huddersfield,EFL League One,1995-10-07,30,ST,66,177,67,Right,4,3,77,84,68,69,65,80,70,74,66,72
429991,Iván Calero,224305,Iván Calero,Cultural Leonesa,LALIGA HYPERMOTION,1995-04-21,31,RB,66,174,64,Right,3,2,75,78,73,79,62,82,66,70,55,68
602524,Maurice Multhaup,224662,Maurice Multhaup,Saarbrücken,3. Liga,1996-12-15,29,RW,66,173,72,Right,3,3,90,80,77,80,63,66,60,66,56,61
1184465,Kyle Joseph,251275,Kyle Joseph,Hull City,EFL Championship,2001-09-10,24,ST,66,185,75,Right,3,2,74,75,72,66,64,86,69,74,77,75
1289513,Ogün Özcicek,264272,Ogün Özçiçek,Gaziantep,Trendyol Süper Lig,1999-01-24,27,CM,66,172,69,Right,4,3,69,66,73,79,70,67,57,64,51,59
1015263,Luca Belardinelli,270507,Luca Belardinelli,Empoli,Serie BKT,2001-03-14,25,CM,66,190,75,Right,3,2,64,71,63,51,65,70,71,73,63,69
240205,Jetro Willems,205995,Jetro Willems,N.E.C. Nijmegen,Eredivisie,1994-03-30,32,CB,66,177,87,Left,4,2,59,56,57,73,59,62,76,74,70,71
612180,Kayden Jackson,216227,Kayden Jackson,Derby County,EFL Championship,1994-02-22,32,ST,66,181,73,Right,3,3,91,91,72,62,65,64,58,77,54,60
671327,Sherel Floranus,233098,Sherel Floranus,PEC Zwolle,Eredivisie,1998-08-23,27,RB,66,181,74,Right,2,2,76,86,81,69,64,73,73,78,70,73
760724,Herbie Kane,236247,Herbie Kane,Huddersfield,EFL League One,1998-11-23,27,CM,66,175,67,Right,3,3,64,54,78,75,66,75,68,66,66,69
933069,Luke Le Roux,255703,Luke Le Roux,Portsmouth,EFL Championship,2000-03-10,26,CM,66,184,70,Right,3,2,73,53,78,79,65,80,65,67,76,71
932541,Thijs Oosting,257484,Thijs Oosting,PEC Zwolle,Eredivisie,2000-05-02,26,CAM,66,176,70,Left,3,3,68,53,67,72,66,75,59,67,59,63
1231909,Mamady Diambou,260235,Mamady Diambou,RB Salzburg,Ö. Bundesliga,2002-11-11,23,CDM,66,176,69,Right,3,3,78,71,83,79,58,79,54,66,79,66
1214147,Jesper Ceesay,266050,Jesper Ceesay,Antalyaspor,Trendyol Süper Lig,2001-10-20,24,CM,66,193,80,Right,3,2,61,73,72,47,67,73,70,67,62,69
1178442,Lynnt Audoor,268618,Lynnt Audoor,Club Brugge,1A Pro League,2003-10-13,22,CDM,66,184,69,Right,4,3,67,64,69,75,65,73,63,68,62,66
1388039,Richie Sagrado,275087,Richie Sagrado,Venezia,Serie BKT,2004-01-30,22,RM,66,182,74,Right,3,2,78,79,80,67,64,67,61,71,60,63
817098,Ryan Barnett,237036,Ryan Barnett,Wrexham,EFL Championship,1999-09-23,26,RB,66,180,70,Right,3,3,81,83,77,75,60,74,59,69,47,61
1014618,Oscar Pettersson,246777,Oscar Pettersson,Go Ahead Eagles,Eredivisie,2000-02-01,26,RM,66,178,73,Right,3,3,80,81,72,67,53,77,57,66,59,63
1124212,George Thomason,255913,George Thomason,Wrexham,EFL Championship,2001-01-12,25,CM,66,177,69,Left,3,2,69,56,69,72,65,74,60,60,78,67
1121796,Emanuele Zuelli,256119,Emanuele Zuelli,Carrarese Calcio,Serie BKT,2001-11-22,24,CM,66,179,67,Right,4,2,69,67,71,72,63,70,51,53,60,58
1285451,Philip Brittijn,79242,Philip Brittijn,Fortuna Sittard,Eredivisie,2004-04-09,22,CM,66,182,73,Right,3,2,62,64,65,68,60,76,58,65,67,65
734402,Daniel Udoh,233572,Daniel Udoh,Salford City,EFL League Two,1996-08-30,29,ST,66,183,73,Right,4,3,82,81,81,76,63,82,81,86,60,77
884415,Ufuk Akyol,251800,Ufuk Akyol,Konyaspor,Trendyol Süper Lig,1997-08-27,28,CDM,66,180,74,Right,3,3,64,70,63,70,65,64,67,66,68,66
1210653,Riccardo Ciervo,264683,Riccardo Ciervo,Cesena,Serie BKT,2002-04-01,24,RM,66,190,69,Right,3,3,78,78,69,50,58,71,58,66,50,60
638734,Kevin Vázquez,70203,Kevin Vázquez,Vélez Sarsfield,LPF,2001-03-19,25,CM,66,175,72,Right,3,2,67,71,65,77,61,76,66,60,75,70
1280158,Tommaso Berti,74406,Tommaso Berti,Cesena,Serie BKT,2004-02-07,22,CM,66,171,70,Right,3,3,70,67,80,79,63,75,51,53,53,58
1406645,Ismaëlo Ganiou,75320,Ismaëlo Ganiou,RC Lens,Ligue 1 McDonald's,2005-03-14,21,RB,66,185,78,Right,3,2,70,72,55,54,57,90,73,76,68,76
488623,Cameron Dawson,214088,Cameron Dawson,Rotherham Utd,EFL League One,1995-07-07,30,GK,66,193,69,Right,2,1,46,57,35,66,61,39,69,65,25,66
791808,Luke Molyneux,235915,Luke Molyneux,Doncaster,EFL League One,1998-03-29,28,RM,66,180,75,Left,3,3,84,81,76,74,59,81,58,69,43,61
1184695,Jasper Dahlhaus,258823,Jasper Dahlhaus,Fortuna Sittard,Eredivisie,2001-11-27,24,LB,66,176,73,Left,3,3,72,80,63,73,64,74,57,60,50,60
1351566,Melker Widell,272932,Melker Widell,Swansea City,EFL Championship,2002-04-19,24,CM,66,181,69,Right,4,3,71,72,68,66,64,78,54,61,72,64
1389199,Dave Kwakman,277864,Dave Kwakman,AZ,Eredivisie,2004-08-07,21,LM,66,183,78,Right,4,3,76,62,74,69,67,70,61,68,59,63
1592161,Kieran Morgan,75093,Kieran Morgan,QPR,EFL Championship,2006-03-17,20,CM,66,180,72,Right,3,2,67,69,64,69,65,70,58,57,57,61
1077895,Caolan Boyd-Munce,251001,Caolán Boyd-Munce,Wycombe,EFL League One,2000-01-26,26,CDM,66,183,69,Left,3,2,62,64,63,67,64,74,63,65,63,66
1202029,Alberto del Moral,269638,Alberto del Moral,Córdoba CF,LALIGA HYPERMOTION,2000-07-20,25,CM,66,185,78,Right,3,2,55,58,62,67,62,74,61,65,62,65
348411,Mathieu Michel,209423,Mathieu Michel,Montpellier,Ligue 2 BKT,1991-09-04,34,GK,66,189,84,Right,2,1,50,48,30,59,64,35,63,65,17,62
554531,Marco Schuster,223680,Marco Schuster,FC Hansa Rostock,3. Liga,1995-10-10,30,CDM,66,179,77,Right,3,2,66,51,75,76,64,85,68,68,70,73
1074758,Ruben Roosken,252268,Ruben Roosken,Huddersfield,EFL League One,2000-03-02,26,LB,66,183,70,Left,3,3,77,83,76,63,59,78,63,58,77,69
1081081,Sonny Carey,262848,Sonny Carey,Charlton Ath,EFL Championship,2001-01-20,25,CM,66,184,74,Right,3,3,57,67,65,64,64,68,64,56,55,63
1441441,Vinicius Nogueira,273952,Vinícius Nogueira,Vålerenga Fotball,Eliteserien,2001-12-11,24,LB,66,180,72,Left,2,2,73,73,68,69,65,81,70,68,58,70
1573563,Adam Aznou,70448,Adam Aznou,Everton,Premier League,2006-06-02,20,LB,66,178,70,Left,3,3,78,81,71,69,58,57,47,52,52,51
1664552,Mateo Flores,75211,Mateo Flores,Arouca,Liga Portugal,2004-04-07,22,CDM,66,178,70,Left,2,3,62,67,68,76,64,65,63,64,58,63
279456,Tom Barkhuizen,201240,Tom Barkhuizen,Barrow,EFL League Two,1993-07-04,32,RM,66,179,72,Right,3,3,78,77,72,72,58,67,62,69,53,62
496356,Ryan Thomas,220763,Ryan Thomas,PEC Zwolle,Eredivisie,1994-12-20,31,CM,66,174,64,Right,4,3,72,44,72,72,66,69,63,59,72,66
863865,Niall Ennis,234177,Niall Ennis,Blackpool,EFL League One,1999-05-20,27,ST,66,180,76,Right,3,3,80,83,80,74,57,68,72,80,58,69
444485,Thore Pedersen,248245,Thore Pedersen,SK Brann,Eliteserien,1996-08-11,29,RB,66,180,72,Right,3,2,64,71,69,69,60,73,69,67,63,69
640626,Daniel Harvie,226514,Daniel Harvie,Wycombe,EFL League One,1998-07-14,27,LB,66,181,73,Left,3,2,76,76,73,72,62,86,61,80,76,71
768697,Jordan Williams,237415,Jordan Williams,Portsmouth,EFL Championship,1999-10-22,26,RB,66,179,75,Right,3,2,75,73,71,69,63,71,67,82,66,69
775666,Odysseus Velanas,237732,Odysseus Velanas,PEC Zwolle,Eredivisie,1998-06-05,28,LM,66,180,70,Right,3,3,73,77,72,71,65,78,58,58,64,64
1073476,Maxwell Gyamfi,250993,Maxwell Gyamfi,Kaiserslautern,Bundesliga 2,2000-01-18,26,CB,66,189,75,Right,2,2,76,94,67,62,60,80,79,82,68,77
998290,Massimo Bertagnoli,252927,Massimo Bertagnoli,Reggiana,Serie BKT,1999-02-26,27,CM,66,184,69,Right,3,2,62,70,69,71,58,75,53,53,59,60
1110725,Ennio van der Gouw,254276,Ennio van der Gouw,Zulte Waregem,1A Pro League,2001-01-01,25,GK,66,195,81,Right,3,1,47,45,23,43,61,25,65,63,25,67
950660,Nathanael Ogbeta,254327,Nathanael Ogbeta,Barnsley,EFL League One,2001-04-28,25,LB,66,188,81,Left,3,3,79,81,76,69,62,74,74,75,52,70
922897,Álex Petxa,262498,Álex Petxa,FC Andorra,LALIGA HYPERMOTION,1997-02-06,29,RB,66,180,67,Right,3,2,73,77,67,67,62,85,60,71,65,68
1413628,Gonçalo Nogueira,273750,Gonçalo Nogueira,Vitória SC,Liga Portugal,2003-12-28,22,CM,66,180,73,Right,3,2,69,63,59,66,68,68,60,66,53,61
643482,Derrick Etienne,166539,Derrick Etienne Jr.,Toronto FC,MLS,1996-11-25,29,LM,66,178,77,Right,3,3,83,80,79,77,58,62,61,64,63,62
260563,Thomas Monconduit,203128,Thomas Monconduit,Amiens SC,Ligue 2 BKT,1991-02-10,35,CDM,66,184,83,Right,3,2,41,53,57,59,65,67,86,72,68,77
700075,Dominik Pelivan,239909,Dominik Pelivan,Energie Cottbus,3. Liga,1996-06-08,30,CDM,66,185,80,Right,2,2,59,65,64,60,65,88,73,64,65,75
1044785,Ivan Mesík,255449,Ivan Mesík,Heracles Almelo,Eredivisie,2001-06-01,25,CB,66,186,75,Left,4,2,65,78,59,63,62,72,84,81,61,76
918328,Cameron Harper,256426,Cameron Harper,Red Bulls,MLS,2001-11-19,24,RM,66,176,71,Right,3,3,85,86,72,83,67,69,56,62,50,58
1196739,Calvin Twigt,269258,Calvin Twigt,Go Ahead Eagles,Eredivisie,2003-01-30,23,CDM,66,183,73,Right,3,2,47,60,58,61,67,77,67,57,63,68
1253868,Joe Whitworth,271191,Joe Whitworth,Exeter City,EFL League One,2004-02-29,22,GK,66,179,70,Right,3,1,48,44,46,45,62,17,54,56,28,64
1531531,Tim Janisch,275594,Tim Janisch,1. FC Nürnberg,Bundesliga 2,2005-08-12,20,RB,66,171,65,Right,3,2,80,78,86,83,62,68,50,55,47,54
1374498,Diogo Prioste,70283,Diogo Prioste,SL Benfica,Liga Portugal,2004-03-26,22,CM,66,179,77,Right,3,2,65,64,70,67,67,64,57,52,75,62
299736,Alexis Sauvage,204034,Alexis Sauvage,Amiens SC,Ligue 2 BKT,1991-10-30,34,GK,66,186,82,Right,3,1,45,43,41,34,52,34,71,65,27,63
982335,Tobias Raschl,247721,Tobias Raschl,Kaiserslautern,Bundesliga 2,2000-02-21,26,CM,66,177,73,Right,3,3,67,55,77,78,68,75,63,56,61,65
862686,Erik Engelhardt,250763,Erik Engelhardt,Energie Cottbus,3. Liga,1998-04-18,28,ST,66,179,78,Left,2,2,74,64,72,85,70,83,82,83,92,84
1188316,Ilias Koutsoupias,268751,Ilias Koutsoupias,Frosinone,Serie BKT,2001-05-10,25,CM,66,182,78,Right,3,2,65,65,56,66,66,76,66,67,65,68
1310438,Justin Heekeren,269955,Justin Heekeren,FC Schalke 04,Bundesliga 2,2000-11-27,25,GK,66,196,93,Right,5,1,38,40,36,35,59,32,70,63,31,66
1327325,Callum Marshall,278101,Callum Marshall,West Ham,Premier League,2004-11-28,21,ST,66,181,70,Left,2,2,71,67,71,76,66,88,71,72,74,76
1605140,Javi Villar,74163,Javi Villar,Albacete BP,LALIGA HYPERMOTION,2003-03-15,23,CM,66,187,69,Right,3,2,55,62,54,59,64,63,59,60,66,61
402762,Liam Roberts,211604,Liam Roberts,Mansfield Town,EFL League One,1994-11-21,31,GK,66,194,82,Left,2,1,46,48,48,33,61,31,63,62,25,66
435667,Andreas Geipl,213644,Andreas Geipl,Jahn Regensburg,3. Liga,1992-04-21,34,CDM,66,178,73,Right,3,2,71,54,73,75,65,74,65,72,81,71
643230,Tyler Roberts,228815,Tyler Roberts,Mansfield Town,EFL League One,1999-01-12,27,ST,66,180,75,Right,3,3,69,70,80,74,63,62,73,75,57,67
518500,Dillon Phillips,220058,Dillon Phillips,Hull City,EFL Championship,1995-06-11,31,GK,66,188,89,Right,3,1,48,43,30,54,67,38,58,59,19,65
560976,Janik Bachmann,224094,Janik Bachmann,FC Schalke 04,Bundesliga 2,1996-05-06,30,CDM,66,196,91,Right,2,2,53,56,34,34,65,80,85,81,68,80
554961,Dennis Chessa,224430,Dennis Chessa,SSV Ulm 1846,3. Liga,1992-10-19,33,RW,66,175,60,Left,4,3,68,70,76,81,67,70,59,54,49,60
767207,Jeppe Okkels,234522,Jeppe Okkels,Djurgårdens IF,Allsvenskan,1999-07-27,26,LM,66,183,75,Right,3,3,83,82,81,78,60,70,63,64,47,62
787127,Etienne Amenyido,240829,Etienne Amenyido,Preußen Münster,Bundesliga 2,1998-03-01,28,ST,66,180,75,Right,3,3,82,73,77,72,66,64,68,76,57,65
642153,Emir Karic,244940,Emir Karić,SK Sturm Graz,Ö. Bundesliga,1997-06-09,29,LB,66,184,71,Left,2,2,69,68,65,66,63,77,75,81,65,74
852048,Christopher Lungoyi,256047,Christopher Lungoyi,Gaziantep,Trendyol Süper Lig,2000-07-04,25,LM,66,182,74,Right,3,3,89,84,85,77,58,54,67,75,65,64
1336717,Joe Taylor,269691,Joe Taylor,Huddersfield,EFL League One,2002-11-18,23,ST,66,170,72,Right,3,2,89,82,73,82,63,66,68,78,65,67
1374504,João Tomé,73596,João Tomé,Rio Ave FC,Liga Portugal,2003-02-12,23,RB,66,185,77,Right,2,2,74,76,64,57,61,67,72,75,62,69
463871,Reece James,211514,Reece James,Rotherham Utd,EFL League One,1993-11-07,32,LB,66,169,71,Left,2,3,73,67,84,83,63,70,61,69,64,64
774332,Nathan Baxter,234803,Nathan Baxter,Watford,EFL Championship,1998-11-08,27,GK,66,189,88,Right,2,1,37,46,28,31,58,31,52,52,25,66
862022,Tudor Baluta,243019,Tudor Băluță,Univ. Craiova,SUPERLIGA,1999-03-27,27,CDM,66,192,80,Right,2,2,58,62,50,58,64,64,78,74,62,71
971794,Mounaïm El Idrissy,246329,Mounaïm El Idrissy,ESTAC Troyes,Ligue 2 BKT,1999-02-10,27,ST,66,181,72,Right,3,2,69,73,68,64,62,70,62,70,77,67
1216728,Bartug Elmaz,260638,Bartuğ Elmaz,Fenerbahçe,Trendyol Süper Lig,2003-02-19,23,CDM,66,179,67,Right,4,3,58,62,68,76,65,56,56,62,63,58
467024,Hidde Jurjus,228860,Hidde Jurjus,FC Groningen,Eredivisie,1994-02-09,32,GK,66,187,77,Right,3,1,47,39,38,50,63,40,63,64,32,64
612184,Vasile Mogos,229251,Vasile Mogoș,Univ. Craiova,SUPERLIGA,1992-10-31,33,CB,66,186,84,Right,3,2,52,49,62,53,63,53,80,72,71,71
840947,Sebastian Klaas,239925,Sebastian Klaas,SC Paderborn 07,Bundesliga 2,1998-06-30,28,CM,66,180,67,Right,3,3,79,60,80,83,68,75,42,48,52,53
1024959,Jan Zamburek,245286,Jan Žambůrek,Heracles Almelo,Eredivisie,2001-02-13,25,CDM,66,182,70,Right,3,2,65,43,79,81,66,79,65,66,68,69
1089478,Mathias Olesen,265799,Mathias Olesen,Fürth,Bundesliga 2,2001-03-21,25,CM,66,188,78,Right,3,2,62,65,61,53,66,56,71,66,64,66
1109486,Kazeem Olaigbe,268787,Kazeem Olaigbe,Trabzonspor,Trendyol Süper Lig,2003-01-02,23,LM,66,178,71,Right,2,3,88,89,82,78,58,72,60,68,44,60
1366338,Felix Keidel,270554,Felix Keidel,SV Elversberg,Bundesliga 2,2003-06-14,23,LB,66,178,73,Right,3,2,75,66,77,75,66,73,57,67,47,60
844186,Pedrinho,73437,Pedrinho,Konyaspor,Trendyol Süper Lig,1996-12-19,29,CAM,66,176,74,Right,2,3,68,71,60,71,48,63,59,60,46,57
1669637,Pablo Garcia,76739,Pablo García,Real Betis,LALIGA EA SPORTS,2006-08-15,19,RM,66,168,67,Left,3,3,76,75,74,76,60,59,59,66,69,61
24123,Jonathan de Guzmán,177569,Jonathan de Guzmán,Sparta Rotterdam,Eredivisie,1987-09-13,38,CM,66,173,70,Right,4,3,51,44,65,77,58,58,60,65,57,59
243789,Victor Garcia,217085,Víctor García,Cultural Leonesa,LALIGA HYPERMOTION,1994-06-11,32,RB,66,178,71,Right,3,2,75,76,78,72,65,70,62,69,74,67
514693,Lyes Houri,221336,Lyes Houri,Univ. Craiova,SUPERLIGA,1996-01-19,30,CAM,66,169,63,Right,3,3,84,80,91,92,61,67,34,58,46,46
843101,John McAtee,238368,John McAtee,Bolton,EFL League One,1999-07-23,26,ST,66,180,75,Right,3,3,80,78,78,71,65,64,61,73,37,58
864894,Josh Earl,239513,Josh Earl,Barnsley,EFL League One,1998-10-24,27,CB,66,192,78,Left,3,2,67,72,65,43,63,77,74,74,71,74
964099,Leon Schneider,243959,Leon Schneider,Arminia Bielefeld,Bundesliga 2,2000-06-19,26,CB,66,184,77,Right,3,2,71,78,66,68,64,70,73,74,66,71
1366222,Luis Sanchez,246396,Luis Sánchez,Once Caldas,Sudamericana,2000-09-18,25,CAM,66,171,66,Right,3,3,64,70,81,70,68,74,66,51,52,64
1324890,Cihan Çanak,266474,Cihan Çanak,Trabzonspor,Trendyol Süper Lig,2005-01-24,21,CAM,66,175,65,Left,3,3,82,78,79,79,59,60,39,49,63,50
683355,Sævar Atli Magnusson,269400,Sævar Atli Magnússon,SK Brann,Eliteserien,2000-06-16,26,RW,66,175,67,Right,3,3,76,79,73,78,62,75,60,71,64,65
1358339,Jamie McDonnell,70229,Jamie McDonnell,Mansfield Town,EFL League One,2004-02-16,22,CDM,66,184,78,Right,2,2,61,61,62,70,61,86,72,80,74,76
554971,Mario Engels,223370,Mario Engels,Heracles Almelo,Eredivisie,1993-10-22,32,LW,66,184,74,Right,4,3,81,89,72,73,63,66,57,60,70,62
470815,Tiago Sá,241976,Tiago Sá,SC Braga,Liga Portugal,1995-01-11,31,GK,66,185,78,Right,2,1,45,43,55,59,71,26,67,62,26,65
1029024,Lewis Miller,247913,Lewis Miller,Blackburn Rovers,EFL Championship,2000-08-24,25,RB,66,187,83,Right,3,2,62,70,55,56,60,74,73,72,72,73
1256176,Tika de Jonge,262222,Tika de Jonge,FC Groningen,Eredivisie,2003-03-11,23,CM,66,183,66,Right,3,3,66,43,72,73,67,76,58,63,52,62
1337765,Junnosuke Suzuki,266260,Junnosuke Suzuki,F.C. København,3F Superliga,2003-07-12,22,CB,66,183,76,Right,4,2,74,72,59,58,64,63,65,73,64,65
625581,Florian Bohnert,272808,Florian Bohnert,SC Bastia,Ligue 2 BKT,1997-11-09,28,RB,66,183,76,Right,3,2,80,75,71,65,59,79,71,82,60,71
1624587,Jeremy Agbonifo,71343,Jeremy Agbonifo,FC Basel 1893,Brack Super League,2005-10-24,20,RW,66,178,68,Left,3,3,86,88,77,76,62,59,60,65,50,58
1669619,Izan Merino,74210,Izan Merino,Málaga CF,LALIGA HYPERMOTION,2006-04-15,20,CM,66,182,74,Right,3,2,54,62,57,61,65,70,62,61,68,65
862292,Isaiah Young,239661,Isaiah Young,Arminia Bielefeld,Bundesliga 2,1998-03-30,28,RW,66,181,68,Right,3,3,86,82,78,74,62,72,61,72,62,65
1451469,Raul Paula,69987,Raul Paula,NAC Breda,Eredivisie,2004-01-25,22,RM,66,178,78,Right,3,3,72,68,73,70,60,72,59,56,42,59
1254278,Jimi Gower,78060,Jimi Gower,Moreirense FC,Liga Portugal,2004-10-01,21,CM,66,181,70,Right,3,2,69,65,72,70,61,69,52,57,55,57
202063,Oliver Turton,203292,Oliver Turton,Salford City,EFL League Two,1992-12-06,33,RB,66,180,75,Right,3,2,66,72,70,70,60,71,70,68,64,69
480790,Paul Mullin,214896,Paul Mullin,Wigan Athletic,EFL League One,1994-11-06,31,ST,66,178,71,Right,4,3,69,73,70,73,67,69,68,71,58,66
747765,Sam Schreck,235288,Sam Schreck,Arminia Bielefeld,Bundesliga 2,1999-01-29,27,CM,66,180,63,Right,3,3,69,63,76,69,65,88,46,50,54,58
1085390,Vasilios Zagaritis,252999,Vasilios Zagaritis,sc Heerenveen,Eredivisie,2001-05-04,25,LB,66,178,68,Left,2,2,77,87,76,81,63,75,59,67,53,62
1053736,Elijah Just,254136,Elijah Just,Motherwell,Scottish Prem,2000-05-01,26,LW,66,174,69,Left,4,3,84,78,83,82,58,60,50,61,49,53
1187449,Florian Bianchini,258910,Florian Bianchini,Portsmouth,EFL Championship,2001-06-25,25,ST,66,182,70,Right,3,3,85,83,77,75,64,67,56,72,48,58
1292100,Norman Bassette,264621,Norman Bassette,Stade de Reims,Ligue 2 BKT,2004-11-11,21,ST,66,186,74,Left,3,2,82,85,73,69,62,68,62,77,85,69
1031428,Daniel Håkans,271326,Daniel Håkans,Lech Poznań,PKO BP Ekstraklasa,2000-10-26,25,LM,66,178,70,Right,5,4,91,91,84,83,56,74,56,67,60,62
1899609,Miguel Silva,277976,Miguel Silva,FC Univ. Cluj,SUPERLIGA,1995-12-20,30,LB,66,191,81,Left,3,2,70,69,61,52,60,70,75,77,63,71
241996,George Long,202199,George Long,Southampton,EFL Championship,1993-11-05,32,GK,66,193,94,Left,3,1,30,33,43,46,57,31,52,52,33,64
815566,Bryan Lasme,237509,Bryan Lasme,FC Schalke 04,Bundesliga 2,1998-11-14,27,ST,66,194,95,Right,3,3,80,90,66,34,63,68,88,85,47,75
955971,Ilias Bronkhorst,263259,Ilias Bronkhorst,Excelsior,Eredivisie,1997-05-10,29,RB,66,185,76,Right,3,2,67,65,66,66,64,71,67,69,60,67
881590,Yahav Gurfinkel,264009,Yahav Gurfinkel,Chengdu FC,CSL,1998-06-27,28,LB,66,171,70,Left,3,2,84,80,93,91,61,90,71,69,56,73
231596,Lee Nicholls,198285,Lee Nicholls,Huddersfield,EFL League One,1992-10-05,33,GK,66,191,85,Right,2,1,40,42,42,40,63,29,55,57,26,65
330467,Joe Rafferty,210029,Joe Rafferty,Rotherham Utd,EFL League One,1993-10-06,32,RB,66,180,74,Right,3,2,66,65,65,67,62,75,71,70,71,72
583435,Jason Kerr,225589,Jason Kerr,Wigan Athletic,EFL League One,1997-02-06,29,CB,66,180,70,Right,3,2,69,66,61,64,62,72,82,88,68,77
1079216,Charles-Andreas Brym,252082,Charles-Andreas Brym,NAC Breda,Eredivisie,1998-08-08,27,ST,66,185,68,Right,3,3,83,84,75,68,65,76,61,65,61,65
1198713,Adam Gabriel,264790,Adam Gabriel,FC Midtjylland,3F Superliga,2001-05-28,25,RB,66,190,84,Right,2,2,69,71,60,43,62,68,77,87,76,75
1019019,Simone Trimboli,268081,Simone Trimboli,Mantova,Serie BKT,2002-04-01,24,CDM,66,176,69,Right,2,2,65,57,61,75,66,69,56,56,52,58
1553514,Mahamadou Nagida,279557,Mahamadou Nagida,Stade Rennais FC,Ligue 1 McDonald's,2005-06-28,21,LB,66,176,63,Left,2,2,75,78,78,78,64,62,51,57,58,55
1246599,Barnabás Nagy,79098,Barnabás Nagy,Ferencvárosi TC,Magyar Liga,2000-09-05,25,LB,66,185,72,Left,2,2,72,73,75,75,59,68,68,70,67,68
805743,Arvid Brorsson,238703,Arvid Brorsson,Monza,Serie BKT,1999-05-08,27,CB,66,188,81,Right,2,2,53,53,54,57,65,72,75,69,64,72
971582,Lukas Schleimer,253418,Lukas Schleimer,Wehen Wiesbaden,3. Liga,1999-12-09,26,CAM,66,180,73,Right,3,3,76,70,81,75,65,81,41,55,41,52
1220583,Jack Currie,258702,Jack Currie,Oxford United,EFL Championship,2001-12-16,24,LB,66,175,66,Left,2,2,80,72,78,81,59,80,50,71,58,60
955586,Mohamed Bouldini,262744,Mohamed Bouldini,Granada CF,LALIGA HYPERMOTION,1995-11-27,30,ST,66,187,80,Left,4,3,64,75,50,64,60,81,85,81,63,79
1180746,Christian Rasmussen,272982,Christian Rasmussen,Düsseldorf,Bundesliga 2,2003-01-19,23,RW,66,184,75,Left,3,3,82,79,75,71,64,64,71,73,52,66
1231074,Matías Rocha,273560,Matías Rocha,Arouca,Liga Portugal,2001-02-13,25,CB,66,183,75,Right,2,2,54,64,65,62,62,64,78,72,63,71
1448033,Alex Calvo,274828,Álex Calvo,FC Andorra,LALIGA HYPERMOTION,2004-02-20,22,RW,66,170,66,Left,3,4,83,82,79,79,60,59,50,61,57,54
956176,Nordin Bakker,275856,Nordin Bakker,sc Heerenveen,Eredivisie,1997-10-31,28,GK,66,196,85,Right,2,1,40,32,38,32,64,37,49,50,25,67
1302121,Brian Cipenga,73317,Brian Cipenga,CD Castellón,LALIGA HYPERMOTION,1998-03-11,28,LM,66,172,67,Right,3,4,80,81,79,76,66,70,63,66,54,63
194632,Mika,198511,Mika,Moreirense FC,Liga Portugal,1991-03-08,35,GK,66,195,90,Left,2,1,37,32,32,35,60,39,74,63,31,65
406928,Jamie Reid,205255,Jamie Reid,Stevenage,EFL League One,1994-07-15,31,ST,66,181,74,Right,4,3,78,75,71,66,65,74,75,89,65,73
1417095,Kamiel van de Perre,251247,Kamiel Van de Perre,R. Union St.-G.,1A Pro League,2004-02-12,22,CDM,66,181,68,Right,3,2,74,70,79,87,64,66,41,46,72,54
1079080,Filip Stojilkovic,255562,Filip Stojilković,Cracovia,PKO BP Ekstraklasa,2000-01-04,26,ST,66,186,80,Right,4,3,82,85,75,65,63,62,70,79,57,66
1206542,Suleiman Camara,265731,Suleiman Camara,R. Racing Club,LALIGA HYPERMOTION,2001-02-07,25,LM,66,179,71,Right,3,3,84,80,83,67,56,67,59,72,44,59
1348497,Kayne van Oevelen,271150,Kayne van Oevelen,FC Volendam,Eredivisie,2003-08-07,22,GK,66,199,84,Right,4,1,29,32,24,21,64,21,70,50,25,67
1484998,Mamadou Diakhon,276256,Mamadou Diakhon,Club Brugge,1A Pro League,2005-09-22,20,RM,66,180,75,Right,3,3,79,77,84,74,63,48,72,71,48,61
1310440,Javi Rueda,72426,Javi Rueda,Celta,LALIGA EA SPORTS,2002-05-08,24,RB,66,177,74,Right,2,2,77,77,76,69,64,69,54,56,66,60
775612,Jordan Gabriel,232106,Jordan Gabriel,Port Vale,EFL League One,1998-09-25,27,RB,66,178,75,Right,2,2,79,81,72,70,62,73,64,70,62,66
506322,Marco Bleve,239573,Marco Bleve,Carrarese Calcio,Serie BKT,1995-10-18,30,GK,66,184,84,Right,3,1,21,15,24,47,51,28,53,47,19,65
782363,Daniel Popa,246560,Daniel Popa,Gençlerbirliği,Trendyol Süper Lig,1995-07-14,30,ST,66,186,83,Right,3,2,68,72,58,50,64,78,81,80,85,81
859042,Show,251894,Show,Kocaelispor,Trendyol Süper Lig,1999-03-06,27,CDM,66,180,75,Right,3,3,65,61,66,67,63,66,66,61,71,67
1132183,Luca Schuler,259752,Luca Schuler,Hertha BSC,Bundesliga 2,1999-03-22,27,ST,66,190,86,Right,2,2,80,80,58,52,60,76,78,85,65,75
1224691,Ahmed Qasem,261031,Ahmed Qasem,Nashville SC,MLS,2003-07-12,22,LW,66,178,72,Left,3,3,73,72,69,72,62,57,60,65,52,58
1409928,Thimothée Lo-Tutala,271333,Thimothée Lo-Tutala,Doncaster,EFL League One,2003-02-13,23,GK,66,188,93,Right,2,1,37,32,31,33,62,20,55,55,38,63
1514624,Rayan Lutin,70022,Rayan Lutin,Amiens SC,Ligue 2 BKT,2003-01-16,23,CAM,66,165,60,Left,2,3,78,71,91,92,57,67,33,41,53,46
1603715,Cherrion Valerius,72711,Cherrion Valerius,NAC Breda,Eredivisie,2005-09-22,20,RB,66,192,78,Right,3,2,73,65,60,55,63,66,72,85,66,70
627016,Jack Walton,228369,Jack Walton,Preston,EFL Championship,1998-04-23,28,GK,66,184,77,Right,2,1,34,34,32,40,63,25,43,47,26,67
930184,Mathias Jørgensen,243371,Mathias Jørgensen,FK Bodø/Glimt,Eliteserien,2000-09-20,25,LW,66,185,70,Right,3,3,80,83,77,65,63,69,59,68,55,61
861811,Júnior Brumado,247187,Júnior Brumado,FC Midtjylland,3F Superliga,1999-05-15,27,ST,66,190,88,Right,3,3,64,64,66,71,63,70,85,79,67,77
1053677,Amadou Sagna,251596,Amadou Sagna,En Avant Guingamp,Ligue 2 BKT,1999-06-10,27,RM,66,172,70,Right,3,3,87,89,74,80,59,73,43,56,41,51
1516829,Abdoulaye Kanté,276827,Abdoulaye Kanté,Middlesbrough,EFL Championship,2005-07-09,20,CDM,66,180,75,Right,3,2,70,59,78,69,60,75,63,67,66,67
1555161,Nicolo Radaelli,72856,Nicolò Radaelli,Mantova,Serie BKT,2003-01-24,23,RB,66,179,70,Right,3,2,73,67,63,62,60,79,56,66,68,65
299572,Terence Kongolo,203485,Terence Kongolo,NAC Breda,Eredivisie,1994-02-14,32,CB,66,188,70,Left,4,2,55,67,65,53,60,45,76,72,68,66
208514,Oscar Lewicki,205210,Oscar Lewicki,Malmö FF,Allsvenskan,1992-07-14,33,CDM,66,171,68,Right,3,2,51,39,75,88,63,80,67,65,68,70
798643,Hayden Coulson,230807,Hayden Coulson,Blackpool,EFL League One,1998-06-17,28,LB,66,172,70,Left,3,3,78,75,73,82,63,68,58,69,56,61
1087574,Casper Terho,258489,Casper Terho,OH Leuven,1A Pro League,2003-06-24,23,RM,66,184,75,Left,4,3,72,72,67,66,62,62,57,55,57,58
1254762,Stanley Mills,270676,Stanley Mills,Oxford United,EFL Championship,2003-10-25,22,RM,66,180,70,Right,3,3,75,71,65,70,61,63,60,65,44,58
1578104,Jérémy Sebas,279016,Jérémy Sebas,SC Bastia,Ligue 2 BKT,2003-04-14,23,LM,66,187,82,Right,3,3,77,67,63,55,59,66,78,79,36,67
861001,Balázs Tóth,74726,Balázs Tóth,Blackburn Rovers,EFL Championship,1997-09-04,28,GK,66,189,80,Left,3,1,28,35,39,35,62,32,50,51,35,62
865934,Wes Harding,228225,Wes Harding,Millwall,EFL Championship,1996-10-20,29,CB,66,181,79,Right,4,2,65,73,53,56,65,68,80,77,65,74
831035,Pelle Boevink,238167,Pelle Boevink,Fürth,Bundesliga 2,1998-01-16,28,GK,66,190,79,Right,3,1,33,29,25,25,66,22,67,58,20,64
864145,Grégoire Coudert,239203,Grégoire Coudert,Stade Brestois 29,Ligue 1 McDonald's,1999-04-03,27,GK,66,188,83,Left,3,1,36,31,28,24,63,25,66,59,28,63
850311,Rigoberto Rivas,241094,Rigoberto Rivas,Kocaelispor,Trendyol Süper Lig,1998-07-31,27,RM,66,178,73,Right,3,3,78,77,74,71,58,67,59,64,33,56
999138,Manu Justo,251610,Manu Justo,Cultural Leonesa,LALIGA HYPERMOTION,1996-02-09,30,ST,66,174,77,Right,3,3,74,70,71,71,65,67,64,72,31,59
873572,Boy Kemper,251812,Boy Kemper,NAC Breda,Eredivisie,1999-06-21,27,LB,66,185,73,Left,3,2,66,63,63,68,63,69,73,71,73,72
1338957,Bambase Conte,267782,Bambasé Conté,SV Elversberg,Bundesliga 2,2003-07-07,22,ST,66,182,76,Right,4,3,74,76,77,74,65,64,58,61,40,56
1345053,Brais Martinez,275497,Brais Martínez,Burgos CF,LALIGA HYPERMOTION,2001-12-13,24,LB,66,175,70,Left,3,3,75,75,66,69,66,60,72,71,52,65
189075,James Collins,194018,James Collins,Lincoln City,EFL League One,1990-12-01,35,ST,66,188,86,Right,3,2,51,53,66,52,67,70,82,75,73,77
698499,Luke Thomas,235059,Luke Thomas,Bristol Rovers,EFL League Two,1999-02-19,27,RM,66,171,67,Left,2,3,85,81,90,92,63,67,35,53,68,51
889626,Lenny Pintor,240941,Lenny Pintor,LASK,Ö. Bundesliga,2000-08-05,25,LM,66,179,66,Right,3,3,85,78,80,76,49,58,61,75,34,56
913198,Dominique Guidi,244460,Dominique Guidi,SC Bastia,Ligue 2 BKT,1996-02-06,30,CB,66,177,75,Right,2,2,70,62,74,77,60,81,75,75,78,77
1014136,Malthe Højholt,253464,Malthe Højholt,Pisa,Serie A Enilive,2001-04-16,25,CDM,66,182,67,Right,3,2,63,64,63,71,68,71,57,55,66,62
996894,Ebrima Colley,254692,Ebrima Colley,BSC Young Boys,Brack Super League,2000-02-01,26,LW,66,180,75,Right,3,2,84,82,79,67,59,57,58,75,37,54
1167473,Mamadou Camara,262738,Mamadou Camara,Laval MFC,Ligue 2 BKT,2001-02-07,25,ST,66,184,71,Right,3,3,72,77,58,61,58,77,73,83,34,67
1286656,Lasse Rieß,263116,Lasse Rieß,1. FSV Mainz 05,Bundesliga,2001-07-27,24,GK,66,192,88,Right,3,1,32,33,35,25,64,22,65,58,28,65
560165,Samy Mmaee,224211,Samy Mmaee,Qarabağ FK,Liga Azerbaijan,1996-09-08,29,CB,66,188,83,Right,3,2,63,62,62,66,61,64,77,77,48,68
1012843,João Valido,246881,João Valido,Arouca,Liga Portugal,2000-03-03,26,GK,66,185,77,Right,2,1,25,26,47,41,64,23,55,51,16,66
782557,Sam Kersten,251754,Sam Kersten,sc Heerenveen,Eredivisie,1998-01-30,28,CB,66,191,79,Right,3,2,66,85,37,37,65,59,86,80,60,74
1192419,Oleg Ocheretko,271548,Oleg Ocheretko,Shakhtar Donetsk,Ukrayina Liha,2003-03-25,23,CAM,66,181,75,Left,3,3,66,65,64,67,65,66,57,57,66,61
1428427,Nobel Mendy,276633,Nobel Mendy,Rayo Vallecano,LALIGA EA SPORTS,2004-08-16,21,CB,66,187,78,Left,3,2,58,70,48,49,63,59,67,68,80,68
1640832,Arsène Kouassi,72100,Arsène Kouassi,FC Lorient,Ligue 1 McDonald's,2004-09-11,21,LB,66,178,68,Left,3,2,73,51,60,71,63,67,65,56,79,68
748861,Kai Brünker,242291,Kai Brünker,Saarbrücken,3. Liga,1994-06-10,32,ST,66,190,82,Right,3,2,53,70,56,54,62,80,90,83,76,84
942354,Felix Mambimbi,247519,Félix Mambimbi,Havre AC,Ligue 1 McDonald's,2001-01-18,25,ST,66,171,64,Right,4,3,86,86,87,92,66,52,53,69,50,53
1114359,Marco Burch,252527,Marco Burch,Legia Warszawa,PKO BP Ekstraklasa,2000-10-19,25,CB,66,186,75,Right,3,2,69,65,66,72,60,78,74,76,67,74
1218841,Théo De Percin,263402,Théo De Percin,AJ Auxerre,Ligue 1 McDonald's,2001-02-02,25,GK,66,185,81,Right,3,1,25,18,39,44,52,27,64,55,16,64
1279694,Ben Bobzien,264247,Ben Bobzien,1. FSV Mainz 05,Bundesliga,2003-04-29,23,ST,66,174,70,Right,3,3,76,70,78,74,65,48,52,65,54,52
1290484,Leandro Morgalla,264377,Leandro Morgalla,VfL Bochum 1848,Bundesliga 2,2004-09-13,21,RB,66,186,74,Right,3,2,75,71,66,62,61,72,74,78,58,71
1187317,Ben Nelson,270944,Ben Nelson,Leicester City,EFL Championship,2004-03-18,22,CB,66,193,74,Right,4,2,68,69,61,67,63,70,76,77,63,72
1406300,Deniz Gül,278587,Deniz Gül,FC Porto,Liga Portugal,2004-07-02,21,ST,66,190,82,Right,3,3,68,69,69,54,69,61,72,74,56,66
1436937,Villads Nielsen,71882,Villads Nielsen,FK Bodø/Glimt,Eliteserien,2005-01-29,21,CB,66,192,79,Right,3,2,61,67,46,48,64,66,75,73,64,70
178833,Sebastian Polter,192660,Sebastian Polter,Braunschweig,Bundesliga 2,1991-04-01,35,ST,66,192,94,Right,3,2,55,59,54,48,66,62,92,76,73,80
560386,Dominic Baumann,225735,Dominic Baumann,Saarbrücken,3. Liga,1995-04-24,31,ST,66,178,87,Right,3,3,63,68,67,78,61,61,84,78,63,74
615292,Andreas Helmersen,228212,Andreas Helmersen,FK Bodø/Glimt,Eliteserien,1998-03-15,28,ST,66,190,82,Left,3,2,67,73,60,66,64,68,82,79,58,74
958011,Antoine Baroan,245749,Antoine Baroan,FC Rapid 1923,SUPERLIGA,2000-06-24,26,ST,66,188,82,Left,3,2,81,78,74,62,64,50,75,83,30,60
1000011,Christian Conteh,248765,Christian Conteh,Braunschweig,Bundesliga 2,1999-08-27,26,RM,66,182,73,Right,3,3,94,91,87,80,65,71,52,61,50,57
1050301,Yaw Ackah,248812,Yaw Ackah,Kayserispor,Trendyol Süper Lig,1999-06-01,27,CDM,66,169,65,Right,3,3,50,70,73,89,65,67,40,42,90,57
766159,Jordy Caicedo,268508,Jordy Caicedo,R. Sporting,LALIGA HYPERMOTION,1997-11-18,28,ST,66,187,82,Right,2,2,63,73,62,53,59,64,90,82,59,77
1432750,Moussa Soumano,273962,Moussa Soumano,NAC Breda,Eredivisie,2005-07-09,20,ST,66,185,80,Right,3,2,74,76,61,64,63,65,82,82,45,70
1436271,Kolja Oudenne,277910,Kolja Oudenne,Hannover 96,Bundesliga 2,2001-11-11,24,LM,66,183,72,Right,3,3,72,80,76,67,59,64,63,59,33,57
1410437,Aleksandar Stankovic,278318,Aleksandar Stanković,Club Brugge,1A Pro League,2005-08-03,20,CDM,66,185,80,Right,3,2,66,64,55,52,60,73,60,55,65,64
789565,Dan Kemp,238059,Dan Kemp,Stevenage,EFL League One,1999-01-11,27,CAM,66,168,63,Left,3,3,84,76,93,91,58,79,32,46,30,44
1334805,Lamine Sy,268440,Lamine Sy,AJ Auxerre,Ligue 1 McDonald's,2002-08-10,23,RB,66,174,65,Right,3,2,86,78,75,80,58,68,48,60,58,56
1510950,Marin Soticek,73582,Marin Soticek,FC Basel 1893,Brack Super League,2004-09-18,21,RW,66,183,75,Right,5,3,75,77,79,72,50,66,66,61,31,59
679315,Macaulay Gillesphey,228366,Macaulay Gillesphey,Charlton Ath,EFL Championship,1995-11-24,30,CB,66,188,70,Left,3,2,52,55,51,63,65,73,76,72,69,74
560391,Franz Pfanne,262635,Franz Pfanne,FC Hansa Rostock,3. Liga,1994-12-10,31,CB,66,187,82,Right,3,2,51,62,58,51,64,82,78,68,78,79
1189214,Tommaso Maggioni,72857,Tommaso Maggioni,Mantova,Serie BKT,2001-08-22,24,RB,66,181,78,Right,3,2,65,65,57,61,60,74,58,63,66,64
1611223,Kento Shiogai,74879,Kento Shiogai,N.E.C. Nijmegen,Eredivisie,2005-03-26,21,ST,66,180,78,Right,4,2,85,84,65,64,66,51,58,73,58,57
109491,Jay Rodriguez,169792,Jay Rodriguez,Wrexham,EFL Championship,1989-07-29,36,ST,66,185,84,Right,4,3,48,51,62,64,65,55,73,68,49,63
956863,Christian Kinsombi,251482,Christian Kinsombi,FC Hansa Rostock,3. Liga,1999-08-24,26,LM,66,177,70,Right,4,3,81,68,81,80,64,65,58,59,44,57
1235421,Anthony Oyono,270502,Anthony Oyono,Frosinone,Serie BKT,2001-04-12,25,RB,66,183,74,Right,3,2,68,70,60,63,61,85,58,60,65,66
1668294,Gabin Bernardeau,78765,Gabin Bernardeau,OGC Nice,Ligue 1 McDonald's,2006-01-24,20,CAM,66,181,75,Left,3,3,64,68,70,63,55,58,65,50,49,59
425980,Aleksandar Jovanovic,234735,Aleksandar Jovanović,Kocaelispor,Trendyol Süper Lig,1992-12-06,33,GK,66,192,85,Right,1,1,22,22,44,28,63,27,69,55,20,68
968939,Kion Etete,246296,Kion Etete,Rotherham Utd,EFL League One,2001-11-28,24,ST,66,198,90,Right,3,3,61,74,54,32,62,57,91,81,61,76
1019583,Godson Kyeremeh,253074,Godson Kyeremeh,Havre AC,Ligue 1 McDonald's,2000-06-14,26,RM,66,175,60,Right,4,3,90,83,80,82,60,56,33,55,37,41
1122563,Sam Bell,259926,Sam Bell,Wycombe,EFL League One,2002-05-23,24,LM,66,178,68,Right,3,3,81,76,70,75,63,65,59,72,54,60
1514625,Amin Cherni,276544,Amin Cherni,Göztepe,Trendyol Süper Lig,2001-07-07,24,LB,66,181,77,Left,3,2,79,70,65,64,64,86,66,64,47,67
1531402,Dies Janse,74140,Dies Janse,FC Groningen,Eredivisie,2006-01-17,20,CB,66,196,80,Left,3,2,62,45,46,51,62,64,70,72,58,66
1669629,Honest Ahanor,74483,Honest Ahanor,Bergamo Calcio,Serie A Enilive,2008-02-23,18,LB,66,184,75,Left,3,2,67,68,53,57,61,62,52,62,61,57
844444,Kevin Csoboth,236449,Kevin Csoboth,FC St. Gallen,Brack Super League,2000-06-20,26,LM,66,177,69,Right,3,3,87,87,72,82,62,68,40,62,32,47
784441,Lars Dietz,241995,Lars Dietz,Viktoria Köln,3. Liga,1997-01-07,29,CB,66,190,79,Right,3,2,55,68,63,53,64,72,72,70,67,71
1186610,Erdem Canpolat,259149,Erdem Canpolat,Çaykur Rizespor,Trendyol Süper Lig,2001-04-13,25,GK,66,194,85,Right,3,1,27,17,33,25,62,35,61,54,22,65
1353053,Milan Smit,268820,Milan Smit,Go Ahead Eagles,Eredivisie,2003-02-13,23,ST,66,191,73,Right,4,2,67,76,67,66,65,77,66,71,36,63
1281558,Yusuf Kabadayi,277373,Yusuf Kabadayi,FC Augsburg,Bundesliga,2004-02-02,22,RM,66,186,75,Right,3,3,84,79,80,71,63,59,61,71,35,56
1185266,Dickson Abiama,257190,Dickson Abiama,Kaiserslautern,Bundesliga 2,1998-11-03,27,ST,66,184,75,Right,4,3,82,81,71,73,65,67,68,78,39,62
1332025,Lucas Noubi,268082,Lucas Noubi,RC Deportivo,LALIGA HYPERMOTION,2005-01-15,21,CB,66,184,81,Right,3,2,73,72,65,63,64,67,79,80,68,74
1370583,Jaden Slory,72071,Jaden Slory,Feyenoord,Eredivisie,2005-05-09,21,RW,66,175,68,Right,4,3,83,84,83,71,62,58,43,51,42,47
13917,Liam Kelly,186449,Liam Kelly,Rotherham Utd,EFL League One,1990-02-10,36,CDM,66,187,88,Right,3,2,36,34,49,45,58,53,74,61,70,67
516273,Matthew Pennington,216791,Matthew Pennington,Bradford City,EFL League One,1994-10-06,31,CB,66,185,77,Right,3,2,58,67,50,58,65,74,76,82,65,74
1113688,Ali Al Hamadi,263376,Ali Al Hamadi,Luton Town,EFL League One,2002-03-01,24,ST,66,187,76,Right,3,2,80,79,63,66,64,68,78,81,65,73
1269329,James Abankwah,264509,James Abankwah,Watford,EFL Championship,2004-01-16,22,CB,66,182,79,Right,2,2,72,69,64,62,62,57,73,77,70,69
1035291,Taofeek Ismaheel,267467,Taofeek Ismaheel,Lech Poznań,PKO BP Ekstraklasa,2000-07-16,25,RM,66,172,62,Right,4,3,81,82,90,88,54,79,43,49,35,51
1359577,Miliano Jonathans,268727,Miliano Jonathans,FC Utrecht,Eredivisie,2004-04-05,22,RW,66,178,66,Left,4,3,75,75,72,74,66,65,51,58,50,55
1435833,Adrian Przyborek,274444,Adrian Przyborek,Pogoń Szczecin,PKO BP Ekstraklasa,2007-01-01,19,RM,66,184,73,Right,3,3,73,73,77,61,61,64,62,57,50,60
1242254,Emmanuel Maviram,269099,Emmanuel Maviram,CD Tondela,Liga Portugal,2001-04-04,25,LB,66,178,73,Left,2,2,70,72,59,69,66,72,67,65,58,66
1334830,Nathan Lowe,274472,Nathan Lowe,Stockport,EFL League One,2005-09-18,20,ST,66,193,87,Right,3,2,64,65,61,57,65,62,77,76,66,71
1118906,Nelson Abbey,258522,Nelson Abbey,Rio Ave FC,Liga Portugal,2003-08-28,22,CB,66,187,74,Left,3,2,73,75,67,60,61,62,74,77,67,70
979511,Lex-Tyger Lobinger,261653,Lex-Tyger Lobinger,Viktoria Köln,3. Liga,1999-02-22,27,ST,66,192,84,Right,2,2,67,82,54,40,64,66,83,80,59,74
1049754,Vaclav Sejk,265701,Václav Sejk,sc Heerenveen,Eredivisie,2002-05-18,24,ST,66,180,80,Right,3,2,75,72,74,71,64,62,74,79,76,72
1436220,Felipe Sanchez,273904,Felipe Sánchez,FC Schalke 04,Bundesliga 2,2004-04-07,22,CB,66,184,78,Left,3,2,59,55,56,64,67,84,73,72,65,74
1412956,Paris Brunner,274126,Paris Brunner,AS Monaco,Ligue 1 McDonald's,2006-02-15,20,ST,66,185,77,Right,4,4,69,66,72,68,62,55,65,70,48,59
1050186,Giuseppe Di Serio,256214,Giuseppe Di Serio,Spezia,Serie BKT,2001-07-20,24,ST,66,185,78,Right,3,2,68,71,61,62,64,63,78,77,67,72
820971,Soner Gönül,276392,Soner Gönül,Samsunspor,Trendyol Süper Lig,1997-06-11,29,LB,66,177,73,Left,3,2,74,71,74,78,61,66,48,57,66,57
1412131,Jan Paluska,277553,Jan Paluska,Viktoria Plzeň,Česká Liga,2005-06-23,21,CB,66,185,72,Right,2,2,66,69,58,71,64,61,72,74,65,68
1603990,Noah Edjouma,278207,Noah Edjouma,Toulouse FC,Ligue 1 McDonald's,2005-10-04,20,RM,66,181,73,Right,3,3,69,69,59,65,56,62,53,50,31,51
1251656,Zsombor Gruber,73598,Zsombor Gruber,Ferencvárosi TC,Magyar Liga,2004-09-07,21,ST,66,180,73,Left,3,2,74,72,68,66,66,56,60,69,57,59
1800282,Josema,236304,Josema,Górnik Zabrze,PKO BP Ekstraklasa,1996-06-06,30,CB,66,182,81,Left,3,2,59,62,54,58,61,61,73,71,70,69
641218,Rafael Barbosa,242389,Rafael Barbosa,AVS Futebol SAD,Liga Portugal,1996-03-29,30,LM,66,174,71,Right,3,4,74,74,74,85,60,58,34,44,50,44
1054033,Konrad de la Fuente,257025,Konrad de la Fuente,AD Ceuta FC,LALIGA HYPERMOTION,2001-07-16,24,LM,66,170,63,Right,4,3,80,76,81,82,55,37,56,58,31,46
1292134,Ethan Pye,269150,Ethan Pye,Stockport,EFL League One,2003-01-27,23,CB,66,183,81,Left,3,2,66,69,60,67,63,71,79,77,62,74
517829,Ettore Gliozzi,220065,Ettore Gliozzi,Modena,Serie BKT,1995-09-23,30,ST,66,180,82,Right,3,2,54,61,63,64,70,62,73,70,35,63
1254170,Amario Cozier-Duberry,271743,Amario Cozier-Duberry,Bolton,EFL League One,2005-05-29,21,RM,66,170,60,Left,2,4,82,77,83,82,59,54,33,46,55,43
1294751,Moritz Flotho,278893,Moritz Flotho,Wehen Wiesbaden,3. Liga,2002-05-26,24,ST,66,193,87,Right,2,2,65,62,56,47,60,67,76,76,44,67
867417,Gabriele Corbo,243513,Gabriele Corbo,Pescara,Serie BKT,2000-01-11,26,CB,66,186,76,Right,2,2,53,58,61,60,66,65,75,70,66,70
1280040,Louis Breunig,263077,Louis Breunig,Braunschweig,Bundesliga 2,2003-11-14,22,CB,66,188,77,Left,4,2,65,81,65,58,62,73,71,73,57,69
1642587,Alessandro Debenedetti,73928,Alessandro Debenedetti,Entella,Serie BKT,2003-09-23,22,ST,66,190,82,Right,3,2,60,70,62,60,60,64,81,78,46,70
1237656,Vando Felix,76710,Vando Félix,Vitória SC,Liga Portugal,2002-09-03,23,LM,66,179,64,Right,3,3,83,79,75,66,68,53,46,53,33,46
506248,Ivan Marconi,239478,Ivan Marconi,Entella,Serie BKT,1989-10-25,36,CB,66,184,80,Left,2,2,58,62,55,55,60,55,72,72,68,67
1463260,Juho Talvitie,73599,Juho Talvitie,NAC Breda,Eredivisie,2005-03-25,21,RM,66,177,70,Left,3,4,82,75,86,72,55,65,45,51,32,48
1337926,Vanja Vlahovic,74924,Vanja Vlahović,Spezia,Serie BKT,2004-03-23,22,ST,66,184,75,Right,2,2,66,66,61,63,61,65,59,67,50,59
620154,Florian Pick,237635,Florian Pick,Saarbrücken,3. Liga,1995-09-08,30,RW,66,176,72,Right,4,4,83,56,83,80,62,63,47,55,32,48
1161614,Apostolos Konstantopoulos,262940,Apostolos Konstantopoulos,Raków,PKO BP Ekstraklasa,2002-08-02,23,CB,66,188,80,Right,2,2,51,68,58,52,60,74,72,69,63,71
1593857,Ibrahim Mbaye,74449,Ibrahim Mbaye,Paris SG,Ligue 1 McDonald's,2008-01-24,18,RW,66,176,65,Right,3,3,78,77,82,74,62,51,42,47,44,45
540903,Zan Zuzek,271540,Žan Žužek,Gençlerbirliği,Trendyol Süper Lig,1997-01-26,29,CB,66,186,79,Right,3,2,77,68,51,58,59,59,69,77,59,65
1436230,Sergio Rodelas,72293,Sergio Rodelas,Granada CF,LALIGA HYPERMOTION,2004-12-01,21,LW,66,168,62,Left,2,3,75,67,79,88,64,50,34,42,58,43
357224,Adrian Dabasse,228457,Adrian Dabasse,AS Nancy Lorraine,Ligue 2 BKT,1993-07-27,32,ST,66,187,79,Left,3,2,54,55,57,48,51,70,77,73,42,68
1515970,Julian Kania,278186,Julian Kania,Arminia Bielefeld,Bundesliga 2,2001-10-10,24,ST,66,193,83,Right,3,2,67,69,58,56,67,53,80,79,52,68
1641063,Noahkai Banks,73731,Noahkai Banks,FC Augsburg,Bundesliga,2006-12-01,19,CB,66,193,80,Right,3,2,59,63,57,63,65,64,76,74,60,70
1203192,Jenson Seelt,266467,Jenson Seelt,VfL Wolfsburg,Bundesliga,2003-05-23,23,CB,66,192,83,Right,3,2,65,65,43,41,63,62,79,77,61,71
1581722,Abdelhamid Aït Boudlal,73192,Abdelhamid Ait Boudlal,Stade Rennais FC,Ligue 1 McDonald's,2006-04-16,20,CB,66,190,78,Right,3,2,62,73,47,55,59,56,80,82,61,70
1735453,Yan Diomande,78012,Yan Diomande,RB Leipzig,Bundesliga,2006-11-14,19,LM,66,181,77,Right,3,3,69,73,47,79,68,55,51,63,35,49
1412942,Alan Matturro,274082,Alan Matturro,Levante UD,LALIGA EA SPORTS,2004-10-11,21,CB,66,189,77,Left,3,2,62,65,56,52,65,66,64,69,65,65
874272,Ivan Nekic,76706,Ivan Nekić,Holstein Kiel,Bundesliga 2,2000-12-24,25,CB,66,185,75,Right,3,2,64,66,56,59,48,70,77,76,74,75
1123627,Maël de Gevigney,270363,Maël de Gevigney,Barnsley,EFL League One,1999-09-21,26,CB,66,186,77,Right,2,2,64,62,42,55,66,72,71,72,60,69
1370087,Pablo Sáenz,70301,Pablo Sáenz,Granada CF,LALIGA HYPERMOTION,2001-05-22,25,ST,66,175,70,Left,3,3,71,67,68,80,66,53,52,66,55,54
916092,Imad Rondic,276735,Imad Rondić,Raków,PKO BP Ekstraklasa,1999-02-16,27,ST,66,190,83,Left,3,2,61,55,54,53,64,61,79,81,58,70
693575,Dan Scarr,237943,Dan Scarr,Wrexham,EFL Championship,1994-12-24,31,CB,66,188,80,Right,2,2,52,50,50,55,67,74,83,75,69,78
957440,Peter Ouaneh,243599,Peter Ouaneh,Laval MFC,Ligue 2 BKT,1998-04-04,28,CB,66,185,80,Right,2,2,71,56,60,65,48,75,83,83,71,79
1436436,Alessandro Marcandalli,276477,Alessandro Marcandalli,Genoa,Serie A Enilive,2002-02-25,24,CB,66,190,81,Right,3,2,59,68,44,54,62,56,76,73,66,69
720222,Danilo Quaranta,245779,Danilo Quaranta,Reggiana,Serie BKT,1997-03-23,29,CB,66,191,81,Left,2,2,55,62,54,67,65,66,73,71,68,70
1113907,Josh Coburn,261432,Josh Coburn,Millwall,EFL Championship,2002-12-06,23,ST,66,193,89,Right,3,2,54,57,54,65,65,67,80,74,49,70
955800,Kevin Medina,72874,Kevin Medina,Qarabağ FK,Liga Azerbaijan,1993-03-09,33,CB,66,184,80,Left,3,2,62,64,53,56,58,64,70,70,67,68
1479742,Joane Gadou,71350,Joane Gadou,RB Salzburg,Ö. Bundesliga,2007-01-17,19,CB,66,195,78,Right,2,2,68,72,48,47,59,64,79,79,63,72
1340071,Jeyland Mitchell,73238,Jeyland Mitchell,SK Sturm Graz,Ö. Bundesliga,2004-09-29,21,CB,66,187,82,Right,2,2,76,80,71,50,50,44,82,86,82,73
956661,Edwin Quarshie,78764,Edwin Quarshie,Le Mans FC,Ligue 2 BKT,1995-10-25,30,CDM,66,179,70,Right,2,2,49,53,57,69,65,56,58,57,68,59
1183360,Yousef Salech,263775,Yousef Salech,Cardiff City,EFL League One,2002-01-17,24,ST,66,195,83,Right,4,2,63,68,55,49,62,68,84,78,25,68
993805,Miguel Nóbrega,270870,Miguel Nóbrega,Vitória SC,Liga Portugal,2000-04-14,26,CB,66,190,84,Right,3,2,58,54,51,47,65,70,82,77,63,75
919330,Bahlul Mustafazada,72871,Bahlul Mustafazada,Qarabağ FK,Liga Azerbaijan,1997-02-07,29,CB,66,190,82,Right,3,2,61,63,52,49,66,64,72,72,48,65
1003309,Jordi Escobar,245331,Jordi Escobar,AVS Futebol SAD,Liga Portugal,2002-02-10,24,ST,66,186,79,Right,3,3,61,67,55,53,63,47,68,70,51,59
1070974,Christian Marques,256449,Christian Marques,CD Tondela,Liga Portugal,2003-03-15,23,CB,66,188,81,Right,3,2,49,54,47,52,65,50,70,64,65,64
1162008,Hristiyan Petrov,76746,Hristiyan Petrov,sc Heerenveen,Eredivisie,2002-06-24,24,CB,66,185,75,Left,3,2,62,64,49,59,61,67,61,69,69,65
1450813,Joel Bichsel,276675,Joel Bichsel,Saarbrücken,3. Liga,2002-03-04,24,CB,66,194,92,Left,3,2,53,69,47,34,62,56,84,76,66,73
1526621,Nosa Edward Obaretin,73296,Nosa Edward Obaretin,Empoli,Serie BKT,2003-01-26,23,CB,66,193,85,Right,3,2,54,63,41,63,62,63,76,77,61,70
1174305,David Sousa,263018,David Sousa,Casa Pia AC,Liga Portugal,2001-07-04,24,CB,66,190,78,Left,3,2,49,63,64,52,57,54,78,72,68,70
1389477,Arnau Solà,270335,Arnau Solà,Arouca,Liga Portugal,2003-04-04,23,LB,66,179,73,Left,3,3,60,52,55,67,67,55,58,65,53,57
516803,Einar Galilea,219796,Einar Galilea,Málaga CF,LALIGA HYPERMOTION,1994-05-22,32,CB,66,182,73,Left,2,2,54,52,58,55,64,64,76,73,74,72
230134,Roberto Lopes,202014,Roberto Lopes,Shamrock Rovers,SSE Airtricity PD,1992-06-17,34,CB,66,182,83,Right,2,2,38,50,48,40,64,72,81,69,74,77
1212179,Facundo González,277597,Facundo González,R. Racing Club,LALIGA HYPERMOTION,2003-03-06,23,CB,66,193,83,Left,3,2,51,49,33,33,57,62,75,70,61,69
725256,Dame Guèye,78878,Dame Gueye,Le Mans FC,Ligue 2 BKT,1995-08-12,30,ST,66,176,68,Right,3,2,61,53,57,74,69,50,46,58,53,49
884542,Florian Carstens,245750,Florian Carstens,FC Hansa Rostock,3. Liga,1998-11-08,27,CB,66,192,89,Right,3,2,49,55,33,36,58,60,89,76,67,77
1643774,Yaël Mouanga,72254,Yaël Mouanga,Montpellier,Ligue 2 BKT,2005-07-23,20,CB,66,183,73,Right,2,2,53,54,43,56,59,54,76,73,66,68
1520184,Mariano Troilo,278436,Mariano Troilo,Parma,Serie A Enilive,2003-06-22,23,CB,66,194,86,Right,3,2,34,51,35,32,59,58,90,72,63,76
186087,Ryan Tafazolli,200697,Ryan Tafazolli,Swindon Town,EFL League Two,1991-09-28,34,CB,66,196,93,Left,2,2,38,41,31,31,64,67,85,71,66,76
470638,Marc Roberts,228829,Marc Roberts,Barnsley,EFL League One,1990-07-26,35,CB,66,193,81,Right,2,2,40,42,38,45,62,66,79,70,71,74
1327513,Giorgio Cittadini,266304,Giorgio Cittadini,Frosinone,Serie BKT,2002-04-18,24,CB,66,193,75,Right,3,2,45,45,39,57,58,42,67,65,61,59
1197337,Baba Alhassan,259261,Baba Alhassan,FCSB,SUPERLIGA,2000-01-03,26,CM,65,187,75,Right,2,3,81,80,71,70,67,80,80,82,74,79
364547,Alex Gilbey,208302,Alex Gilbey,MK Dons,EFL League Two,1994-12-09,31,CAM,65,183,73,Right,3,3,75,80,67,71,64,91,79,81,68,80
1264368,Junior Olaïtan,266897,Junior Olaitan,Göztepe,Trendyol Süper Lig,2002-05-09,24,LM,65,174,72,Right,3,3,81,79,75,73,47,76,78,84,73,77
1276045,Bosun Lawal,277835,Bosun Lawal,Stoke City,EFL Championship,2003-05-30,23,CM,65,188,79,Right,4,2,68,74,61,72,66,76,85,81,67,79
1338696,Alex Freeman,267920,Alex Freeman,Orlando City,MLS,2004-08-09,21,RB,65,188,78,Right,3,2,83,82,75,70,58,76,77,82,58,73
1387313,Taylor Luvambo,238510,Taylor Luvambo,Le Mans FC,Ligue 2 BKT,1999-07-05,26,RM,65,180,75,Right,3,3,90,82,78,76,50,41,71,78,81,66
743471,Reece Cole,233115,Reece Cole,Exeter City,EFL League One,1998-02-17,28,CM,65,178,65,Right,3,3,71,67,76,80,64,70,63,66,81,69
881519,Tom Bayliss,239553,Tom Bayliss,Lincoln City,EFL League One,1999-04-06,27,CM,65,183,78,Right,3,3,78,73,69,65,64,74,66,73,63,68
815772,Corey O'Keeffe,234242,Corey O'Keeffe,Stockport,EFL League One,1998-06-05,28,RB,65,184,70,Right,4,3,81,83,64,63,61,83,71,78,79,76
932610,Odin Bailey,241379,Odin Bailey,Stockport,EFL League One,1999-12-08,26,CM,65,178,70,Left,3,3,81,83,85,79,65,74,57,67,55,61
854069,Nils Fröling,243360,Nils Fröling,Dynamo Dresden,Bundesliga 2,2000-04-20,26,CAM,65,180,80,Right,4,3,72,90,76,83,69,83,77,70,79,79
1070794,Joe Hodge,261032,Joe Hodge,CD Tondela,Liga Portugal,2002-09-14,23,CDM,65,167,76,Right,2,2,83,67,77,86,67,70,71,73,70,71
923281,Ethan Hamilton,240513,Ethan Hamilton,Dundee FC,Scottish Prem,1998-10-18,27,CM,65,187,75,Left,4,3,65,54,63,59,63,83,76,75,78,78
210797,Nick Powell,201093,Nick Powell,Bradford City,EFL League One,1994-03-23,32,CM,65,183,65,Right,4,3,66,64,71,74,64,61,72,75,60,67
766650,Jordan Shipley,233378,Jordan Shipley,Port Vale,EFL League One,1997-09-26,28,LM,65,183,73,Left,2,3,64,66,64,69,63,73,66,62,77,70
634260,Christian Kühlwetter,245543,Christian Kühlwetter,Jahn Regensburg,3. Liga,1996-04-21,30,CM,65,180,79,Right,3,3,72,63,69,73,66,86,72,77,68,75
1178444,Cisse Sandra,260577,Cisse Sandra,Club Brugge,1A Pro League,2003-12-16,22,ST,65,184,76,Left,3,3,67,74,75,77,67,87,59,64,65,67
1429600,Pontus Dahbo,274406,Pontus Dahbo,BK Häcken,Allsvenskan,2005-10-11,20,CM,65,185,78,Left,3,3,78,76,82,79,55,77,59,69,57,64
281205,André Sousa,205598,André Sousa,Nacional,Liga Portugal,1990-07-09,35,CDM,65,181,77,Left,2,3,67,53,67,67,65,55,74,68,75,69
1069936,Abraham Odoh,255049,Abraham Odoh,Peterborough,EFL League One,2000-08-07,25,LM,65,168,56,Right,3,3,87,88,82,87,59,60,70,66,75,68
289486,Simon Handle,216183,Simon Handle,Viktoria Köln,3. Liga,1993-01-25,33,RB,65,170,68,Right,3,3,86,82,91,88,60,81,51,63,53,60
488297,Axel Borgmann,224661,Axel Borgmann,Energie Cottbus,3. Liga,1994-07-08,31,CM,65,178,74,Left,3,2,68,74,67,72,67,83,70,65,64,72
820094,Cohen Bramall,237169,Cohen Bramall,Luton Town,EFL League One,1996-04-02,30,LB,65,178,72,Left,2,3,92,92,80,68,57,69,63,72,65,65
858340,Amir Al-Ammari,261298,Amir Al-Ammari,Cracovia,PKO BP Ekstraklasa,1997-07-27,28,CM,65,184,71,Left,3,2,66,70,65,67,62,68,73,61,69,70
795404,Will Evans,269329,Will Evans,Mansfield Town,EFL League One,1997-07-01,29,ST,65,185,82,Left,4,2,78,74,57,60,62,90,74,81,61,76
1347713,George Abbott,74862,George Abbott,Wycombe,EFL League One,2005-08-17,20,CM,65,175,71,Right,3,2,73,71,72,74,63,82,54,61,64,63
1116148,Christian Saydee,254858,Christian Saydee,Wigan Athletic,EFL League One,2002-05-10,24,ST,65,184,71,Right,3,3,73,70,69,80,63,71,92,83,74,83
1276314,Noah Naujoks,271118,Noah Naujoks,Excelsior,Eredivisie,2002-05-02,24,CM,65,183,75,Right,3,3,68,73,59,61,67,90,67,67,66,73
581517,Ibou Touray,204979,Ibou Touray,Bradford City,EFL League One,1994-12-24,31,LB,65,177,68,Left,3,2,82,85,81,77,56,89,61,79,68,70
541830,Tom James,222583,Tom James,Leyton Orient,EFL League One,1996-04-15,30,RB,65,175,75,Right,4,2,66,63,68,70,64,83,69,73,73,74
939538,Burak Kapacak,244134,Burak Kapacak,Kayserispor,Trendyol Süper Lig,1999-12-08,26,RM,65,180,71,Right,3,2,77,79,74,72,54,66,63,69,63,64
1214053,Tim Civeja,260014,Tim Civeja,Saarbrücken,3. Liga,2002-01-04,24,CM,65,180,74,Right,4,2,66,68,71,75,65,75,67,68,64,68
933544,Luca Herrmann,262667,Luca Herrmann,Dynamo Dresden,Bundesliga 2,1999-02-20,27,CM,65,176,71,Right,3,3,73,65,84,83,62,76,62,63,67,67
158979,Stefan Hierländer,190589,Stefan Hierländer,SK Sturm Graz,Ö. Bundesliga,1991-02-03,35,CM,65,180,71,Right,2,3,57,52,69,70,64,67,67,67,69,67
817731,Luke Southwood,235027,Luke Southwood,Bristol Rovers,EFL League Two,1997-12-06,28,GK,65,185,72,Right,3,1,54,55,68,58,63,32,40,51,45,64
1367587,Laurin Ulrich,270901,Laurin Ulrich,1. FC Magdeburg,Bundesliga 2,2005-01-31,21,CM,65,180,76,Right,4,4,73,66,85,81,63,62,64,64,54,62
979749,Eddy Sylvestre,246816,Eddy Sylvestre,USL Dunkerque,Ligue 2 BKT,1999-08-29,26,CM,65,173,69,Left,3,3,72,62,74,79,62,71,62,65,51,62
1078251,Titouan Thomas,251439,Titouan Thomas,Laval MFC,Ligue 2 BKT,2002-01-12,24,CM,65,183,78,Right,3,3,62,63,65,62,63,69,73,72,67,71
1323483,Yayo,264179,Yayo,Cultural Leonesa,LALIGA HYPERMOTION,2004-07-30,21,CM,65,181,68,Right,3,3,73,67,74,66,64,70,56,55,70,62
1180500,Harvey Vale,265412,Harvey Vale,QPR,EFL Championship,2003-09-11,22,LM,65,181,76,Left,4,3,75,75,73,73,58,68,58,67,43,58
1342969,Sem Scheperman,268450,Sem Scheperman,Heracles Almelo,Eredivisie,2002-06-24,24,CDM,65,188,80,Left,3,2,65,50,63,63,62,77,79,65,64,75
605257,Gethin Jones,224447,Gethin Jones,MK Dons,EFL League Two,1995-10-13,30,CB,65,178,74,Right,3,2,72,76,72,61,64,82,69,82,79,75
1356804,Tom Moustier,72677,Tom Moustier,Rot-Weiss Essen,3. Liga,2002-05-02,24,CM,65,185,75,Right,3,2,64,65,59,62,66,72,65,66,59,66
658477,Jordan Houghton,213665,Jordan Houghton,Stevenage,EFL League One,1995-11-05,30,CM,65,183,77,Right,3,2,60,52,56,61,65,79,76,74,78,77
689697,Matthias Verreth,237772,Matthias Verreth,Bari,Serie BKT,1998-02-20,28,CM,65,185,76,Right,4,3,73,69,72,69,62,75,61,57,44,61
961984,Callum Wright,242423,Callum Wright,Wigan Athletic,EFL League One,2000-05-02,26,CAM,65,182,72,Right,3,3,69,65,77,71,63,71,59,61,58,62
1107735,Sphephelo Sithole,257293,Sphephelo Sithole,CD Tondela,Liga Portugal,1999-03-03,27,CDM,65,188,80,Right,2,2,63,64,56,51,63,66,78,76,74,74
1317322,Elijah Krahn,265643,Elijah Krahn,Saarbrücken,3. Liga,2003-08-24,22,CDM,65,184,79,Right,3,2,70,67,73,71,64,66,64,67,64,65
1324082,Martin Adeline,266272,Martin Adeline,ESTAC Troyes,Ligue 2 BKT,2003-12-02,22,CM,65,180,63,Right,3,3,65,64,63,71,60,73,60,64,62,64
613181,Jodi Jones,227764,Jodi Jones,Notts County,EFL League Two,1997-10-22,28,RW,65,177,72,Left,3,3,89,88,84,85,57,67,40,51,49,49
1337642,David González,73518,David González,Burgos CF,LALIGA HYPERMOTION,2002-06-22,24,CM,65,180,72,Left,3,2,61,64,62,63,60,66,64,65,64,65
729449,Callum Connolly,229605,Callum Connolly,Stockport,EFL League One,1997-09-23,28,CB,65,183,70,Right,3,2,57,54,68,71,62,73,74,71,75,74
888884,Andy Lyons,241543,Andy Lyons,Blackpool,EFL League One,2000-08-02,25,RB,65,178,78,Right,4,2,72,71,68,83,60,71,57,68,59,61
1108605,Matthew Garbett,255360,Matthew Garbett,Peterborough,EFL League One,2002-04-13,24,CAM,65,188,69,Right,3,3,74,63,76,52,62,74,61,66,65,65
632929,Mads Sande,256417,Mads Sande,SK Brann,Eliteserien,1998-03-22,28,RW,65,181,73,Right,3,3,73,74,64,65,64,80,62,66,59,66
1359270,Milan Robin,257397,Milan Robin,Le Mans FC,Ligue 2 BKT,1999-11-24,26,RM,65,186,70,Right,3,3,67,71,61,58,60,74,64,66,47,63
1697214,Ben Winterburn,75839,Ben Winterburn,Barnet,EFL League Two,2004-09-04,21,CDM,65,185,75,Right,2,2,65,66,63,66,63,66,67,67,62,66
636392,James Tilley,228642,James Tilley,Wycombe,EFL League One,1998-06-13,28,LM,65,174,69,Left,4,3,76,76,85,81,62,81,41,54,56,55
729738,Sean Clare,233315,Sean Clare,Leyton Orient,EFL League One,1996-09-18,29,RB,65,190,79,Right,3,3,72,72,63,39,60,67,68,74,66,68
980310,George Nurse,241397,George Nurse,Shrewsbury,EFL League Two,1999-04-30,27,LB,65,181,78,Left,2,3,72,70,71,70,59,64,69,82,60,67
961206,Tobias Reinhart,254804,Tobias Reinhart,Reggiana,Serie BKT,2000-05-21,26,CM,65,176,70,Right,3,2,65,60,64,80,66,65,51,59,65,58
1603284,Kealey Adamson,279543,Kealey Adamson,QPR,EFL Championship,2003-02-17,23,RB,65,178,73,Right,3,2,73,74,75,73,64,83,73,71,67,74
1523246,Tom Meynadier,70723,Tom Meynadier,SC Bastia,Ligue 2 BKT,2000-01-27,26,RB,65,176,68,Right,3,2,81,87,64,78,50,86,65,68,61,70
562796,George Byers,224855,George Byers,Port Vale,EFL League One,1996-05-29,30,CM,65,180,73,Right,4,3,56,60,67,70,68,68,66,56,64,66
951805,Ante Palaversa,247185,Ante Palaversa,Aberdeen,Scottish Prem,2000-04-06,26,CDM,65,187,77,Right,3,3,49,53,55,58,57,61,72,64,69,68
1089870,Ricky-Jade Jones,254482,Ricky-Jade Jones,FC St. Pauli,Bundesliga,2002-11-08,23,ST,65,183,70,Right,3,3,91,94,82,63,65,64,69,79,62,67
820089,Ogulcan Ülgün,264485,Oğulcan Ülgün,Gençlerbirliği,Trendyol Süper Lig,1998-05-11,28,CM,65,178,73,Right,3,3,68,63,63,66,58,68,67,64,65,67
1172405,Tjas Begic,276736,Tjaš Begić,Parma,Serie A Enilive,2003-06-30,23,CM,65,175,68,Right,2,3,77,80,76,82,61,69,45,50,61,54
212521,Hobie Verhulst,200696,Hobie Verhulst,AZ,Eredivisie,1993-04-02,33,GK,65,193,92,Left,3,1,43,44,42,61,63,41,66,62,22,65
478439,Bicho,213724,Bicho,Cultural Leonesa,LALIGA HYPERMOTION,1996-02-20,30,CAM,65,173,63,Left,3,3,77,70,74,75,63,68,48,52,45,53
660878,Daniel Crowley,224956,Daniel Crowley,MK Dons,EFL League Two,1997-08-03,28,CAM,65,170,71,Right,3,3,78,76,88,88,65,83,34,58,58,52
1285732,Sadik Fofana,263949,Sadik Fofana,Grazer AK,Ö. Bundesliga,2003-05-16,23,CDM,65,192,78,Right,3,2,65,73,53,53,60,65,79,77,70,74
919739,Kay Tejan,276363,Kay Tejan,SC Telstar,Eredivisie,1997-02-03,29,RM,65,188,85,Left,3,4,67,71,70,55,58,71,93,83,72,83
1438611,Fodé Sylla,277935,Fodé Sylla,RC Lens,Ligue 1 McDonald's,2006-04-16,20,CM,65,182,78,Right,2,2,53,65,58,49,64,62,70,65,64,67
1076952,Calvin Ramsay,252897,Calvin Ramsay,Liverpool,Premier League,2003-07-31,22,RB,65,177,68,Right,3,2,74,78,71,68,63,71,61,66,60,64
1204776,Josh Keeley,259596,Josh Keeley,Luton Town,EFL League One,2003-05-17,23,GK,65,191,65,Right,3,1,47,41,51,47,53,41,42,52,22,64
1320317,Kleis Bozhanaj,277030,Kleis Bozhanaj,Carrarese Calcio,Serie BKT,2001-03-01,25,CAM,65,180,70,Right,3,3,67,64,72,71,60,67,55,64,56,59
1114472,Lilian Egloff,254480,Lilian Egloff,Karlsruher SC,Bundesliga 2,2002-08-20,23,CM,65,182,79,Right,3,3,67,65,73,78,66,51,69,55,62,62
1115145,Paddy Lane,264644,Paddy Lane,Reading,EFL League One,2001-02-18,25,LM,65,175,65,Left,3,3,73,72,80,77,61,70,44,50,62,54
1231567,Georgie Gent,264734,Georgie Gent,Barnsley,EFL League One,2003-09-23,22,LB,65,180,73,Left,2,3,84,86,80,73,59,71,49,63,56,57
1524023,Tony Menzel,277509,Tony Menzel,Dynamo Dresden,Bundesliga 2,2005-03-06,21,CAM,65,179,75,Right,4,3,69,73,74,66,61,66,60,55,40,57
1520544,Walid Bouabdeli,78658,Walid Bouabdeli,AS Nancy Lorraine,Ligue 2 BKT,2000-08-02,25,CAM,65,182,81,Right,4,3,69,70,70,65,52,70,77,71,58,71
263674,Elliott Hewitt,203428,Elliott Hewitt,Mansfield Town,EFL League One,1994-05-30,32,RB,65,186,75,Right,3,2,73,70,65,65,60,77,73,85,70,74
315201,Max Crocombe,206566,Max Crocombe,Millwall,EFL Championship,1993-08-12,32,GK,65,194,88,Right,2,1,46,49,54,42,61,38,58,62,41,64
1134956,Kusini Yengi,253383,Kusini Yengi,Aberdeen,Scottish Prem,1999-01-15,27,ST,65,189,90,Right,4,3,76,80,80,75,58,63,85,82,65,75
1250885,Nishan Velupillay,262039,Nishan Velupillay,Melb. Victory,A-League,2001-05-07,25,LM,65,181,77,Right,3,3,93,94,93,67,47,45,70,69,38,57
1330855,Florian Engelhardt,269133,Florian Engelhardt,Viktoria Köln,3. Liga,2003-06-06,23,CDM,65,175,66,Right,3,2,69,67,76,78,67,63,54,63,61,58
1183741,Simone Tronchin,72790,Simone Tronchin,Südtirol,Serie BKT,2002-10-17,23,CM,65,185,75,Right,3,2,61,60,74,57,62,69,60,60,64,63
231202,James Husband,205596,James Husband,Blackpool,EFL League One,1994-01-03,32,LB,65,179,65,Left,3,2,61,64,61,66,63,69,70,69,70,70
708872,Zak Jules,230839,Zak Jules,Rotherham Utd,EFL League One,1997-02-07,29,CB,65,190,72,Left,3,2,75,71,66,63,59,72,81,74,64,75
551961,Andrija Vukcevic,234783,Andrija Vukčević,Preston,EFL Championship,1996-10-11,29,LB,65,180,77,Left,3,2,62,68,60,67,61,69,70,67,66,69
1338978,Tyreece Campbell,267942,Tyreece Campbell,Charlton Ath,EFL Championship,2003-09-14,22,LM,65,178,67,Right,3,3,86,88,83,82,62,75,60,63,53,63
1526822,Rafael Luís,79607,Rafael Luís,Strasbourg,Ligue 1 McDonald's,2005-02-18,21,CDM,65,188,83,Left,3,2,61,58,60,49,56,65,71,65,62,67
299148,Jack Bonham,202125,Jack Bonham,Stoke City,EFL Championship,1993-09-14,32,GK,65,192,95,Right,3,1,43,44,32,43,58,41,66,62,22,64
593362,Aboubakary Kanté,229045,Aboubakary Kanté,USL Dunkerque,Ligue 2 BKT,1994-08-11,31,ST,65,184,80,Right,3,3,86,84,74,65,61,76,81,85,52,74
357808,Sebastian Stolze,229923,Sebastian Stolze,Jahn Regensburg,3. Liga,1995-01-29,31,RM,65,180,76,Right,3,3,81,76,79,76,59,80,60,72,49,63
866687,Steven Sessegnon,239800,Steven Sessegnon,Wigan Athletic,EFL League One,2000-05-18,26,LB,65,174,68,Right,4,2,77,75,75,75,64,66,60,64,56,61
908589,Celil Yüksel,243271,Celil Yüksel,Samsunspor,Trendyol Süper Lig,1998-01-01,28,CDM,65,171,67,Right,3,2,65,65,59,78,61,66,49,58,70,58
1203511,Daniel Kyerewaa,268267,Daniel Kyerewaa,Reading,EFL League One,2001-01-15,25,CAM,65,173,72,Right,3,3,79,75,86,85,64,70,55,56,50,58
1179182,Adrian Gantenbein,269566,Adrian Gantenbein,FC Schalke 04,Bundesliga 2,2001-04-18,25,RB,65,183,80,Right,3,2,69,77,65,64,65,71,67,65,54,65
1403328,Costantino Favasuli,277870,Costantino Favasuli,Catanzaro,Serie BKT,2004-04-26,22,RM,65,178,64,Right,2,3,63,59,56,71,67,59,48,55,66,55
469382,Jack Payne,216467,Jack Payne,Colchester,EFL League Two,1994-10-25,31,CAM,65,165,63,Left,3,3,77,64,90,92,64,85,33,44,35,47
620133,Mouhamadou Sarr,227966,Mouhamadou Sarr,Spezia,Serie BKT,1997-01-05,29,GK,65,187,78,Right,2,1,43,44,34,48,52,38,67,63,18,58
783635,Alessandro Plizzari,236378,Alessandro Plizzari,Venezia,Serie BKT,2000-03-12,26,GK,65,191,73,Right,3,1,45,37,57,33,51,25,54,56,16,62
1415502,Moussa Diakité,279502,Moussa Diakité,Cádiz CF,LALIGA HYPERMOTION,2003-11-04,22,CDM,65,189,75,Right,4,2,53,67,59,58,63,68,72,66,66,70
427000,Bobby Allain,228912,Bobby Allain,Grenoble Foot 38,Ligue 2 BKT,1991-11-28,34,GK,65,185,77,Right,2,1,36,40,30,29,61,25,55,56,20,66
877668,Denver Hume,236209,Denver Hume,Fleetwood Town,EFL League Two,1998-08-11,27,LB,65,177,71,Left,3,2,80,79,74,77,58,90,55,66,73,68
1187131,Abraham Marcus,264450,Abraham Marcus,Estrela Amadora,Liga Portugal,2000-01-02,26,RM,65,178,73,Left,3,3,75,75,74,68,55,68,69,75,57,67
1113899,Lorent Tolaj,266886,Lorent Tolaj,Plymouth Argyle,EFL League One,2001-10-23,24,ST,65,183,75,Left,4,2,71,76,72,66,61,73,75,75,70,74
1385467,Malachi Boateng,277052,Malachi Boateng,Plymouth Argyle,EFL League One,2002-07-05,23,CDM,65,182,70,Right,2,2,52,64,67,65,63,71,68,65,57,66
1526602,Espen van Ee,277664,Espen van Ee,Arouca,Liga Portugal,2003-07-05,22,CDM,65,178,68,Right,4,2,67,63,69,70,63,83,60,64,63,67
1417079,Yoram Zague,70766,Yoram Zague,F.C. København,3F Superliga,2006-05-15,20,RB,65,168,58,Right,3,2,78,69,69,79,64,58,51,62,65,56
500791,Cristian Herrera,204280,Cristian Herrera,RC Deportivo,LALIGA HYPERMOTION,1991-03-13,35,RM,65,182,85,Left,3,3,56,55,60,34,65,61,82,75,60,72
939399,Jonathan Meier,243514,Jonathan Meier,SSV Ulm 1846,3. Liga,1999-11-11,26,LB,65,181,75,Left,3,2,72,74,71,67,62,72,63,66,59,65
1161609,Alexandru Pantea,256898,Alexandru Pantea,FCSB,SUPERLIGA,2003-09-11,22,RB,65,178,71,Right,4,2,77,79,75,73,60,71,62,65,66,65
1317338,Yadaly Diaby,265689,Yadaly Diaby,Grenoble Foot 38,Ligue 2 BKT,2000-08-09,25,LM,65,184,76,Right,4,3,73,82,80,57,56,49,68,65,66,63
1211640,Wanya Marçal,267867,Wanya Marçal,Leicester City,EFL Championship,2002-10-19,23,RM,65,181,72,Right,3,3,88,86,64,68,53,51,56,62,40,52
873265,Antonis Tsiftsis,276591,Antonis Tsiftsis,PAOK FC,Hellas Liga,1999-07-21,26,GK,65,191,80,Right,3,1,40,35,28,24,53,25,66,60,18,63
1358378,Lorenzo Scipioni,74697,Lorenzo Scipioni,Olympiacos FC,Hellas Liga,2004-11-24,21,CM,65,181,78,Right,3,2,61,60,58,60,64,69,62,64,66,65
164354,Pedro Trigueira,193870,Pedro Trigueira,AVS Futebol SAD,Liga Portugal,1988-01-04,38,GK,65,192,84,Right,3,1,45,45,50,51,73,36,67,64,37,65
237542,Johannes Geis,202087,Johannes Geis,FC Schweinfurt 05,3. Liga,1993-08-17,32,CDM,65,181,81,Right,3,2,44,41,56,68,62,59,71,62,65,66
921598,Devid Eugene Bouah,252466,Devid Eugene Bouah,Carrarese Calcio,Serie BKT,2001-08-13,24,RM,65,183,78,Right,2,3,66,69,55,70,61,67,59,66,60,62
1163273,Laurs Skjellerup,257324,Laurs Skjellerup,Sassuolo,Serie A Enilive,2002-08-12,23,ST,65,195,81,Right,3,2,80,81,60,61,63,54,73,81,58,66
1085995,Jannes Wieckhoff,257570,Jannes Wieckhoff,Heracles Almelo,Eredivisie,2000-08-02,25,RB,65,188,75,Right,3,2,73,81,67,68,61,72,60,65,62,64
865973,Lars Lokotsch,258547,Lars Lokotsch,Preußen Münster,Bundesliga 2,1996-05-17,30,ST,65,190,82,Right,4,2,66,74,56,57,61,75,90,83,78,84
1199712,Luke Harris,270937,Luke Harris,Oxford United,EFL Championship,2005-03-04,21,CAM,65,177,63,Right,3,3,69,63,75,80,63,63,56,56,59,58
1292582,Yassine Bouchama,276289,Yassine Bouchama,Preußen Münster,Bundesliga 2,1997-05-28,29,RM,65,182,72,Right,5,3,71,56,64,72,62,57,64,66,49,59
42692,Daniele Padelli,162297,Daniele Padelli,Udinese,Serie A Enilive,1985-10-25,40,GK,65,191,82,Right,2,1,49,39,38,27,62,30,45,51,12,70
763952,Will Mannion,231681,Will Mannion,Charlton Ath,EFL Championship,1998-05-05,28,GK,65,186,74,Right,2,1,36,39,32,54,55,30,49,49,18,65
839242,Josef Bursik,240784,Josef Bursik,Portsmouth,EFL Championship,2000-07-12,25,GK,65,190,75,Left,2,1,40,40,40,63,60,23,59,56,30,63
877637,Owen Bailey,243613,Owen Bailey,Doncaster,EFL League One,1999-01-22,27,CDM,65,180,77,Right,3,2,62,61,49,56,63,90,78,75,74,80
1286967,Liam Bennett,262713,Liam Bennett,Cambridge Utd,EFL League Two,2001-11-30,24,RB,65,171,70,Right,4,2,82,81,82,84,59,83,52,72,64,63
1375019,Oscar Schwartau,269903,Oscar Schwartau,Norwich,EFL Championship,2006-05-17,20,CAM,65,186,75,Right,4,3,76,70,78,74,62,65,67,69,47,63
563177,Marko Marosi,221531,Marko Maroši,Port Vale,EFL League One,1993-10-23,32,GK,65,193,80,Right,3,1,40,42,39,48,61,27,67,61,17,65
470546,Hélder Tavares,229327,Hélder Tavares,CD Tondela,Liga Portugal,1989-12-26,36,CDM,65,178,74,Right,2,2,54,52,63,72,61,73,69,64,70,70
1184485,Sean Roughan,257508,Sean Roughan,Huddersfield,EFL League One,2003-03-14,23,CB,65,183,73,Left,3,2,66,65,58,59,63,77,74,82,60,72
1126173,Jordan Brown,258050,Jordan Brown,Blackpool,EFL League One,2001-06-21,25,CDM,65,181,70,Right,3,2,66,66,64,65,62,81,69,65,65,71
1076684,Adam Carlén,259923,Adam Carlén,Excelsior,Eredivisie,2000-06-27,26,CDM,65,193,85,Right,3,3,53,58,64,60,61,80,83,80,65,79
1298944,Nikola Sekulov,276798,Nikola Sekulov,Carrarese Calcio,Serie BKT,2002-02-18,24,CAM,65,185,79,Right,3,3,64,65,63,62,59,52,58,56,36,52
1503574,Eivind Helland,278724,Eivind Helland,SK Brann,Eliteserien,2005-04-25,21,CB,65,196,82,Right,2,2,70,70,61,58,61,59,70,72,63,66
659046,Markus Schubert,234383,Markus Schubert,SC Paderborn 07,Bundesliga 2,1998-06-12,28,GK,65,187,84,Right,3,1,45,30,44,45,66,27,56,65,23,60
1177482,Melvin Zinga,257395,Melvin Zinga,Angers SCO,Ligue 1 McDonald's,2002-03-16,24,GK,65,187,76,Left,2,1,24,24,33,33,46,28,42,40,37,64
1335765,Patrick Beach,267599,Patrick Beach,Melbourne City,A-League,2003-08-06,22,GK,65,183,75,Left,2,1,29,33,34,45,48,23,41,42,22,62
1390258,Jakub Surovcík,276347,Jakub Surovčík,Sparta Praha,Česká Liga,2002-06-28,24,GK,65,197,92,Left,2,1,26,34,23,21,56,35,64,58,22,61
1529480,Nick Fichtinger,277943,Nick Fichtinger,PEC Zwolle,Eredivisie,2004-04-06,22,CDM,65,178,70,Right,4,2,65,56,67,67,66,75,60,61,61,64
1320949,Emersonn,76803,Emersonn,Toulouse FC,Ligue 1 McDonald's,2004-07-16,21,RW,65,186,77,Right,3,3,72,80,79,58,56,57,69,73,58,64
534394,Jake Beesley,222654,Jake Beesley,Burton Albion,EFL League One,1996-12-02,29,ST,65,188,76,Right,2,2,64,74,58,53,64,65,75,75,59,69
750937,Paul Gartler,235820,Paul Gartler,SK Rapid,Ö. Bundesliga,1997-03-10,29,GK,65,187,75,Right,2,1,38,23,36,45,58,18,37,43,28,65
1076974,Marco Kana,252489,Marco Kana,RSC Anderlecht,1A Pro League,2002-08-08,23,CDM,65,183,62,Right,3,2,66,65,71,76,61,63,70,71,66,68
1668003,Jonathan Mutombo,256768,Jonathan Mutombo,Gil Vicente,Liga Portugal,2002-08-27,23,RB,65,190,76,Right,2,2,68,73,60,47,64,62,73,71,62,68
1473606,Malick Mbaye,275288,Malick Mbaye,FC Metz,Ligue 1 McDonald's,2004-04-06,22,RM,65,173,68,Right,2,3,83,81,64,79,48,63,60,71,50,59
1593861,Mattia Liberali,74094,Mattia Liberali,Catanzaro,Serie BKT,2007-04-07,19,RW,65,169,67,Left,3,3,75,65,83,85,67,70,46,54,48,53
965327,Alexander Ahl Holmström,246151,Alexander Ahl Holmström,1. FC Magdeburg,Bundesliga 2,1999-04-04,27,ST,65,191,82,Right,3,2,72,77,64,55,60,67,84,83,61,75
972732,Hans Christian Bernat,246240,Hans Christian Bernat,Karlsruher SC,Bundesliga 2,2000-11-13,25,GK,65,192,88,Right,3,1,34,34,36,46,61,27,67,58,20,63
882166,Alex Plat,269257,Alex Plat,FC Volendam,Eredivisie,1998-02-04,28,CDM,65,178,74,Right,2,2,61,64,57,68,63,71,67,66,62,67
1327791,Olivier Aertssen,272980,Olivier Aertssen,PEC Zwolle,Eredivisie,2004-08-07,21,RB,65,182,75,Right,4,2,64,75,50,53,57,61,74,74,53,67
1666019,Fabio Balde,74102,Fabio Baldé,Hamburger SV,Bundesliga,2005-07-20,20,LW,65,182,75,Right,2,3,83,83,62,67,52,54,64,68,51,59
200750,Fredrik Oldrup Jensen,198811,Fredrik Oldrup Jensen,NAC Breda,Eredivisie,1993-05-18,33,CDM,65,185,73,Right,3,2,47,52,62,62,63,77,73,66,66,72
213802,Luuk Koopmans,202457,Luuk Koopmans,Fortuna Sittard,Eredivisie,1993-11-18,32,GK,65,190,84,Right,3,1,35,32,38,43,62,20,57,56,32,64
920872,Thomas Buitink,242528,Thomas Buitink,PEC Zwolle,Eredivisie,2000-06-14,26,ST,65,174,68,Right,3,3,67,45,66,76,66,68,66,67,74,68
1187308,Matty Jacob,248692,Matty Jacob,Reading,EFL League One,2001-06-03,25,LB,65,183,79,Left,3,2,69,66,66,66,60,68,62,70,66,65
1033167,Alassana Jatta,256738,Alassana Jatta,Notts County,EFL League Two,1999-01-12,27,ST,65,192,87,Right,2,2,69,74,55,50,62,72,81,80,53,73
1189627,Shola Shoretire,260910,Shola Shoretire,PEC Zwolle,Eredivisie,2004-02-02,22,LW,65,171,70,Right,3,3,73,72,84,85,60,64,52,60,55,56
1265460,Adrian Segecic,262748,Adrian Segečić,Portsmouth,EFL Championship,2004-06-01,22,LM,65,173,68,Left,4,3,75,84,66,90,60,45,43,43,57,46
1185143,Fynn Lakenmacher,262776,Fynn Lakenmacher,SV Darmstadt 98,Bundesliga 2,2000-05-10,26,ST,65,188,92,Right,2,3,66,76,59,65,61,73,82,78,67,77
988193,Hamza El Kaouakibi,268697,Hamza El Kaouakibi,Südtirol,Serie BKT,1998-05-22,28,RB,65,185,80,Right,3,2,66,70,52,55,56,69,70,70,61,68
1428849,Manu Bueno,275520,Manu Bueno,Sevilla FC,LALIGA EA SPORTS,2004-07-27,21,CM,65,178,73,Left,3,3,60,48,57,66,62,56,53,55,63,56
1320863,Antonio Vergara,276706,Antonio Vergara,SSC Napoli,Serie A Enilive,2003-01-16,23,RW,65,185,77,Left,3,3,64,67,71,66,58,68,57,58,53,59
490135,Jordan Hugill,220862,Jordan Hugill,Rotherham Utd,EFL League One,1992-06-04,34,ST,65,183,85,Right,3,3,60,59,59,62,63,66,79,77,89,78
1086842,Samuel Silvera,251176,Samuel Silvera,Middlesbrough,EFL Championship,2000-10-25,25,LM,65,173,69,Right,3,3,75,70,70,79,56,71,53,51,64,60
1067744,Bryan Limbombe,254831,Bryan Limbombe,Heracles Almelo,Eredivisie,2001-05-14,25,RW,65,172,77,Right,4,4,84,66,73,82,64,72,61,67,52,62
1110550,Henrik Falchener,256435,Henrik Falchener,Viking FK,Eliteserien,2003-05-08,23,CB,65,195,80,Right,3,2,62,65,56,65,63,70,78,75,65,73
1420144,Pierce Charles,273839,Pierce Charles,Sheffield Wed,EFL Championship,2005-07-21,20,GK,65,185,72,Right,4,1,35,25,36,42,60,35,50,51,24,64
1445163,Seydou Fini,278350,Seydou Fini,Genoa,Serie A Enilive,2006-06-02,20,RM,65,178,73,Right,3,3,80,77,74,68,62,60,68,71,61,65
301367,Graham Burke,183544,Graham Burke,Shamrock Rovers,SSE Airtricity PD,1993-09-21,32,ST,65,180,72,Left,4,3,53,60,61,69,65,70,63,61,59,64
1108031,Kandet Diawara,264079,Kandet Diawara,1. FC Magdeburg,Bundesliga 2,2000-02-10,26,RM,65,180,75,Right,3,3,86,80,75,67,61,74,69,67,37,64
1280355,Iyad Mohamed,264825,Iyad Mohamed,Casa Pia AC,Liga Portugal,2001-03-05,25,CDM,65,191,80,Left,3,2,54,56,57,36,58,61,70,67,64,66
1311533,August Priske,277673,August Priske,Djurgårdens IF,Allsvenskan,2004-03-23,22,ST,65,187,75,Right,3,2,74,72,52,55,62,66,74,79,70,71
592210,Victor Adeboyejo,225867,Victor Adeboyejo,Bolton,EFL League One,1998-01-12,28,ST,65,178,77,Right,3,3,76,74,73,74,64,70,75,79,54,70
1146378,Dudu,258085,Dudu,Viktoria Köln,3. Liga,1999-02-10,27,GK,65,196,89,Right,2,1,27,29,27,29,60,16,74,60,26,61
1695701,Axel Tape,75736,Axel Tape,Leverkusen,Bundesliga,2007-08-10,18,CB,65,180,75,Right,3,2,64,71,65,64,59,51,58,65,64,58
31922,David McGoldrick,180818,David McGoldrick,Barnsley,EFL League One,1987-11-29,38,ST,65,183,74,Right,3,3,54,55,68,72,68,69,72,68,58,68
180137,Josh Magennis,186562,Josh Magennis,Exeter City,EFL League One,1990-08-15,35,ST,65,188,92,Right,3,2,50,47,58,45,63,72,90,82,76,82
693541,Terence Vancooten,239989,Terence Vancooten,Burton Albion,EFL League One,1997-12-29,28,CB,65,185,78,Right,3,2,70,69,70,56,63,73,77,77,72,75
961329,Kelland Watts,244277,Kelland Watts,Cambridge Utd,EFL League Two,1999-11-03,26,CB,65,192,71,Left,4,2,66,55,51,54,62,60,76,76,71,71
1439757,Adrian Zeljkovic,72707,Adrian Zeljković,Viktoria Plzeň,Česká Liga,2002-08-19,23,CDM,65,192,80,Right,3,2,58,58,52,51,67,65,76,67,51,68
213167,Mike te Wierik,200425,Mike te Wierik,Heracles Almelo,Eredivisie,1992-06-08,34,CB,65,191,73,Right,3,2,45,57,55,64,60,68,74,67,67,71
1130808,Niko Bretschneider,257532,Niko Bretschneider,Saarbrücken,3. Liga,1999-08-10,26,LB,65,181,80,Left,3,2,79,71,66,73,60,73,57,64,60,62
1288285,Harry Leonard,264746,Harry Leonard,Peterborough,EFL League One,2003-09-12,22,ST,65,184,72,Right,4,3,75,72,70,72,63,63,61,72,48,59
1325580,Javi Moreno,266117,Javi Moreno,Albacete BP,LALIGA HYPERMOTION,2000-05-16,26,CB,65,182,78,Right,3,2,71,70,64,57,60,64,71,76,68,69
1107651,Finley Burns,266873,Finley Burns,Reading,EFL League One,2003-06-17,23,CB,65,196,87,Right,3,2,53,58,53,49,60,67,73,70,65,70
1457824,Malcolm Jeng,275153,Malcolm Jeng,Feyenoord,Eredivisie,2005-03-09,21,CB,65,190,75,Left,3,2,65,72,61,51,61,69,73,73,62,70
1330942,Lucas Maronnier,277354,Lucas Maronnier,ESTAC Troyes,Ligue 2 BKT,2000-03-09,26,LB,65,172,65,Right,3,2,76,70,62,82,61,72,53,68,57,59
1516030,Gustavo Nunes,74759,Gustavo Nunes,Brentford,Premier League,2005-11-20,20,LM,65,173,65,Right,3,3,85,78,80,83,59,60,46,62,38,49
1422564,Farid Alfa-Ruprecht,80163,Farid Alfa-Ruprecht,VfL Bochum 1848,Bundesliga 2,2006-07-27,19,RM,65,181,74,Right,3,3,73,79,70,69,60,60,53,57,39,52
568547,Kyle Wootton,225001,Kyle Wootton,Stockport,EFL League One,1996-10-11,29,ST,65,188,78,Right,3,2,66,69,65,65,63,80,86,81,78,83
956449,Alessandro Tripaldelli,245784,Alessandro Tripaldelli,Reggiana,Serie BKT,1999-02-09,27,LB,65,182,77,Left,3,2,67,72,65,61,64,54,59,61,61,58
1041508,Corrie Ndaba,247528,Corrie Ndaba,Lecce,Serie A Enilive,1999-12-25,26,LB,65,188,82,Left,3,2,68,71,62,55,56,78,84,79,61,78
1060542,Søren Tengstedt,250998,Søren Tengstedt,Go Ahead Eagles,Eredivisie,2000-06-30,26,CAM,65,188,68,Left,4,2,77,62,68,59,64,63,72,77,47,65
1080644,Mardochee Nzita,251911,Mardochee Nzita,Sp. Charleroi,1A Pro League,2000-02-24,26,LB,65,178,70,Left,2,2,63,62,63,71,69,61,52,48,48,53
1113824,Jeriel Dorsett,256555,Jeriel Dorsett,Reading,EFL League One,2002-05-04,24,CB,65,185,84,Left,2,2,60,75,56,61,56,70,83,78,65,76
1233202,Seedy Jatta,261293,Seedy Jatta,SK Sturm Graz,Ö. Bundesliga,2003-03-18,23,ST,65,182,70,Right,3,2,80,83,86,77,58,64,72,81,53,67
937032,Brynjólfur Willumsson,261457,Brynjólfur Willumsson,FC Groningen,Eredivisie,2000-08-12,25,ST,65,185,82,Right,3,3,71,47,68,60,63,74,68,74,69,70
1253827,Daniel Jebbison,262227,Daniel Jebbison,Preston,EFL Championship,2003-07-11,22,ST,65,190,78,Right,2,2,71,77,67,59,59,64,78,80,54,70
1253650,Amourricho van Axel Dongen,266448,Amourricho van Axel Dongen,sc Heerenveen,Eredivisie,2004-09-29,21,LM,65,175,68,Right,5,4,80,79,74,76,55,36,63,53,48,53
1595629,Zachary Athekame,279782,Zachary Athekame,Milano FC,Serie A Enilive,2004-12-13,21,RB,65,180,70,Right,3,2,81,82,71,69,59,64,77,81,49,68
1483108,Giacomo De Pieri,76540,Giacomo De Pieri,SS Juve Stabia,Serie BKT,2006-12-29,19,RW,65,174,75,Left,3,3,75,78,69,74,59,66,61,63,51,60
716410,Ashley Fletcher,213699,Ashley Fletcher,Blackpool,EFL League One,1995-10-02,30,ST,65,188,78,Right,2,3,65,76,61,56,62,63,73,74,66,69
720454,Jonny Smith,235014,Jonny Smith,Gillingham,EFL League Two,1997-07-28,28,RM,65,173,70,Left,3,3,83,84,91,84,59,66,31,45,40,42
749013,Francesco Cassata,235942,Francesco Cassata,Spezia,Serie BKT,1997-07-16,28,CM,65,183,75,Right,3,3,64,34,61,62,64,65,56,47,74,61
652145,Shayne Lavery,238990,Shayne Lavery,Cambridge Utd,EFL League Two,1998-12-08,27,ST,65,182,73,Right,3,2,78,76,79,76,66,70,56,71,64,62
957211,Marti Vila,245704,Martí Vilà,FC Andorra,LALIGA HYPERMOTION,1999-05-26,27,LB,65,166,72,Left,2,2,68,63,66,56,63,74,58,63,58,62
1284069,Alex Lowry,266756,Alex Lowry,Wycombe,EFL League One,2003-06-23,23,CAM,65,181,72,Right,3,4,65,65,66,70,61,64,55,50,44,55
1246213,Michael Craig,271929,Michael Craig,Leyton Orient,EFL League One,2003-04-16,23,RB,65,179,79,Right,3,2,56,58,59,74,62,74,65,62,68,68
1598170,Samir El Mourabet,279702,Samir El Mourabet,Strasbourg,Ligue 1 McDonald's,2005-10-06,20,CM,65,186,75,Left,2,2,56,58,59,63,64,62,64,59,54,61
1473706,Agustín Albarracín,71730,Agustín Albarracín,Boston River,Sudamericana,2005-08-29,20,LW,65,176,69,Left,2,3,65,68,78,74,58,64,42,49,27,45
814282,Filippo Melegoni,237382,Filippo Melegoni,Carrarese Calcio,Serie BKT,1999-02-18,27,CAM,65,186,74,Right,2,3,39,47,65,67,68,66,60,49,49,59
1185779,Ryley Towler,258616,Ryley Towler,Lincoln City,EFL League One,2002-05-06,24,CB,65,187,77,Left,3,2,68,67,67,57,61,65,75,76,67,71
1001334,Jose-Enrique Rios Alonso,269315,José-Enrique Ríos Alonso,Rot-Weiss Essen,3. Liga,2000-08-13,25,CB,65,182,77,Right,2,2,68,73,63,59,64,80,69,72,64,71
1603755,Gessime Yassine,70017,Gessime Yassine,USL Dunkerque,Ligue 2 BKT,2005-11-22,20,RM,65,173,59,Left,2,3,70,62,91,83,55,47,35,40,57,43
1607014,Alieu Njie,70480,Alieu Njie,Torino,Serie A Enilive,2005-05-14,21,ST,65,177,70,Right,3,2,78,77,76,75,68,65,43,53,70,54
1669621,Aaron Ochoa,74555,Aarón Ochoa,Málaga CF,LALIGA HYPERMOTION,2007-04-18,19,CAM,65,167,64,Right,3,3,63,69,77,84,62,64,46,43,47,51
579057,Mathew Stevens,229731,Mathew Stevens,AFC Wimbledon,EFL League One,1998-02-12,28,ST,65,180,74,Right,3,2,75,74,70,68,62,82,72,78,55,71
782365,Dominik Martinovic,241969,Dominik Martinović,SSV Ulm 1846,3. Liga,1997-03-25,29,ST,65,179,83,Right,3,3,77,72,77,80,61,73,70,74,35,64
1070709,Filip Szymczak,252494,Filip Szymczak,Sp. Charleroi,1A Pro League,2002-05-06,24,ST,65,187,84,Right,4,3,74,71,76,67,59,59,82,82,38,67
932744,Zafer Görgen,254297,Zafer Görgen,Gaziantep,Trendyol Süper Lig,2000-06-21,26,GK,65,189,79,Right,3,1,22,28,34,33,58,28,63,54,24,64
1194102,Max Conway,265700,Max Conway,Bolton,EFL League One,2003-09-05,22,LB,65,177,70,Left,3,2,80,73,65,72,59,91,47,57,50,59
1323311,Gyan de Regt,266010,Gyan de Regt,Excelsior,Eredivisie,2003-08-18,22,LM,65,175,68,Right,3,3,83,78,82,69,63,73,52,57,59,59
1335154,Damian Pizarro,268396,Damián Pizarro,Havre AC,Ligue 1 McDonald's,2005-03-28,21,ST,65,187,85,Right,3,2,79,86,72,67,60,50,80,83,71,71
1109490,James Morris,268530,James Morris,Watford,EFL Championship,2001-11-23,24,LB,65,183,76,Left,3,2,63,58,59,55,64,64,68,69,63,66
1231588,Danilo Al Saed,272967,Danilo Al Saed,BK Häcken,Allsvenskan,1999-02-24,27,LM,65,180,66,Right,3,3,84,80,78,74,64,52,55,60,53,54
1668289,Justin Bourgault,76730,Justin Bourgault,Stade Brestois 29,Ligue 1 McDonald's,2005-09-14,20,LB,65,185,73,Left,2,2,67,57,56,58,55,68,64,70,63,65
1329747,Bradley Fink,251851,Bradley Fink,Wycombe,EFL League One,2003-04-17,23,ST,65,192,87,Left,5,3,70,75,64,63,59,73,83,87,53,75
1079194,Don Deedson Louicius,252416,Don Deedson Louicius,FC Dallas,MLS,2001-02-11,25,RW,65,178,70,Left,3,3,83,84,71,73,63,64,58,66,43,57
1283073,Justin Smith,264506,Justin Smith,R. Sporting,LALIGA HYPERMOTION,2003-02-04,23,CDM,65,190,79,Right,3,2,56,55,59,55,65,68,73,70,66,70
953929,Rui Mendes,269744,Rui Mendes,FC Groningen,Eredivisie,1999-11-10,26,RM,65,179,72,Right,4,3,79,71,73,69,60,69,55,62,32,54
1389994,Miles Leaburn,271066,Miles Leaburn,Charlton Ath,EFL Championship,2003-11-28,22,ST,65,195,89,Right,3,2,65,70,63,47,60,66,85,71,66,76
1117310,Edoardo Corvi,271385,Edoardo Corvi,Parma,Serie A Enilive,2001-03-23,25,GK,65,187,70,Right,1,1,25,26,38,49,66,24,54,49,28,58
1419408,Déron Payne,272530,Déron Payne,FC Volendam,Eredivisie,2002-09-25,23,RB,65,182,74,Right,3,2,72,70,62,64,60,73,61,65,51,62
1315426,Filippo Distefano,277599,Filippo Distefano,Carrarese Calcio,Serie BKT,2003-08-28,22,ST,65,176,63,Right,3,4,76,68,67,80,65,61,39,51,51,48
934952,Yuki Kobayashi,243220,Yuki Kobayashi,Jagiellonia,PKO BP Ekstraklasa,2000-07-18,25,CB,65,185,75,Left,3,2,60,69,60,51,62,68,69,69,60,67
1130978,Joel Bagan,256510,Joel Bagan,Cardiff City,EFL League One,2001-09-03,24,LB,65,188,75,Left,2,2,65,69,55,62,60,67,60,67,57,62
1017520,Carlos Harvey,259568,Carlos Harvey,Minnesota United,MLS,2000-02-03,26,CB,65,185,89,Right,3,2,56,50,61,70,56,60,79,70,74,73
1005370,Erik Ahlstrand,259993,Erik Ahlstrand,FC St. Pauli,Bundesliga,2001-10-14,24,RM,65,184,75,Left,3,3,75,70,68,66,63,55,57,54,57,56
402897,Ivan Filipovic,264424,Ivan Filipović,Dinamo Zagreb,Liga Hrvatska,1994-11-13,31,GK,65,197,92,Right,2,1,21,32,36,20,59,24,71,58,25,64
1369279,Luca Lipani,274702,Luca Lipani,Sassuolo,Serie A Enilive,2005-05-18,21,CM,65,185,65,Right,3,2,53,54,56,56,64,60,53,57,66,58
1169352,Mattia Compagnon,276804,Mattia Compagnon,Venezia,Serie BKT,2001-11-06,24,RM,65,171,75,Left,3,3,72,65,81,82,66,65,48,53,54,54
1577424,Matviy Ponomarenko,71066,Matviy Ponomarenko,Dynamo Kyiv,Ukrayina Liha,2006-01-11,20,ST,65,188,89,Right,4,2,70,71,63,62,64,61,69,72,64,66
1688523,Dylan Ourega,74136,Dylan Ourega,En Avant Guingamp,Ligue 2 BKT,2004-10-06,21,LB,65,183,72,Left,2,2,68,65,61,61,58,73,67,64,55,66
528437,Dominic Ball,222396,Dominic Ball,Cambridge Utd,EFL League Two,1995-08-02,30,CDM,65,184,75,Right,3,2,53,57,64,66,64,57,68,65,74,66
495970,Finn Stokkers,233109,Finn Stokkers,Go Ahead Eagles,Eredivisie,1996-04-18,30,ST,65,180,81,Right,3,2,66,76,72,64,62,72,74,83,44,68
1342748,Giorgi Kvernadze,276422,Giorgi Kvernadze,Frosinone,Serie BKT,2003-02-07,23,LW,65,188,80,Right,3,3,72,75,66,59,55,40,64,67,37,53
1526543,Rayan Kolli,277658,Rayan Kolli,QPR,EFL Championship,2005-02-10,21,ST,65,180,76,Right,2,3,77,77,78,67,64,54,58,69,31,52
1292511,Lorenzo Sgarbi,73333,Lorenzo Sgarbi,Pescara,Serie BKT,2001-03-24,25,ST,65,189,82,Right,3,2,53,64,52,63,56,55,73,75,59,66
873241,Taye Ashby-Hammond,241525,Taye Ashby-Hammond,Stevenage,EFL League One,1999-03-21,27,GK,65,190,87,Right,2,1,25,20,33,33,61,29,31,37,16,64
1113753,Dane Scarlett,261025,Dane Scarlett,Spurs,Premier League,2004-03-24,22,ST,65,179,73,Right,4,3,78,73,78,71,61,64,64,77,57,63
208219,Manuel Zeitz,203754,Manuel Zeitz,Saarbrücken,3. Liga,1990-08-01,35,CB,65,181,78,Right,3,2,44,37,39,56,64,74,74,66,70,73
707538,Abdullah Yigiter,237553,Abdullah Yiğiter,Antalyaspor,Trendyol Süper Lig,2000-02-20,26,GK,65,189,79,Right,2,1,17,24,32,38,55,16,44,39,24,63
770567,Tobias Kraulich,239903,Tobias Kraulich,Rot-Weiss Essen,3. Liga,1999-03-24,27,CB,65,191,85,Left,3,2,54,64,50,45,60,57,85,75,66,74
982598,Dilan Markanday,246349,Dilan Markanday,Chesterfield,EFL League Two,2001-08-20,24,RM,65,167,64,Left,3,3,77,74,86,91,59,66,52,52,38,53
1280182,Ilyès Hamache,264501,Ilyes Hamache,Amiens SC,Ligue 2 BKT,2003-02-11,23,LM,65,178,71,Right,2,3,77,80,80,76,57,56,54,63,41,52
1365253,Adrian Blake,271746,Adrian Blake,FC Utrecht,Eredivisie,2005-07-15,20,LW,65,173,63,Left,4,4,81,77,78,84,62,61,51,55,34,50
1599319,Shandre Campbell,77170,Shandre Campbell,Club Brugge,1A Pro League,2005-07-15,20,LW,65,178,65,Left,3,3,83,77,79,82,58,37,64,62,33,51
184450,Andy Cook,192450,Andy Cook,Bradford City,EFL League One,1990-10-18,35,ST,65,185,90,Right,4,3,52,52,45,68,65,70,91,87,85,84
445481,Jack Marriott,214876,Jack Marriott,Reading,EFL League One,1994-09-09,31,ST,65,173,71,Right,4,2,74,72,76,77,64,63,64,72,50,61
1138299,Ömer Beyaz,256306,Ömer Beyaz,Başakşehir,Trendyol Süper Lig,2003-08-29,22,CAM,65,171,65,Left,3,3,65,65,83,89,60,34,34,43,49,37
469705,Stefan Kutschke,216377,Stefan Kutschke,Dynamo Dresden,Bundesliga 2,1988-11-03,37,ST,65,194,95,Right,3,2,33,60,43,32,65,67,93,82,82,84
1391319,Aske Adelgaard,271080,Aske Adelgaard,Go Ahead Eagles,Eredivisie,2003-11-10,22,LB,65,175,66,Left,3,2,69,66,72,79,64,79,57,57,65,64
1435842,Samuel Ntamack,273522,Samuel Ntamack,SD Huesca,LALIGA HYPERMOTION,2001-04-27,25,ST,65,178,74,Right,3,3,77,78,74,73,60,58,64,76,39,58
290996,Nicolas Saint-Ruf,209320,Nicolas Saint-Ruf,AS Nancy Lorraine,Ligue 2 BKT,1992-10-24,33,CB,65,187,85,Right,2,2,65,70,60,52,63,70,80,76,70,75
1112499,Toon Raemaekers,257091,Toon Raemaekers,Ferencvárosi TC,Magyar Liga,2000-09-09,25,CB,65,194,85,Right,3,2,46,44,35,37,60,47,76,70,63,66
1561568,Yusuf Akcicek,279000,Yusuf Akçiçek,Al Hilal,ROSHN Saudi League,2006-01-25,20,CB,65,190,83,Left,4,2,61,66,65,54,52,72,74,80,69,73
623633,Marcel Seegert,239181,Marcel Seegert,SSV Ulm 1846,3. Liga,1994-04-29,32,CB,65,186,76,Right,4,2,47,51,56,57,62,66,75,76,72,72
1366602,Dzenan Pejcinovic,270532,Dženan Pejčinović,VfL Wolfsburg,Bundesliga,2005-02-15,21,ST,65,188,78,Left,3,3,67,67,70,53,62,55,65,71,52,60
1609234,Morgan Bokele,73330,Morgan Bokele,FC Metz,Ligue 1 McDonald's,2004-03-13,22,LM,65,175,71,Right,3,3,76,71,69,67,52,55,54,54,48,53
717173,Dan Sweeney,211217,Dan Sweeney,Stevenage,EFL League One,1994-04-25,32,CB,65,191,78,Right,2,2,46,52,46,50,62,71,80,70,71,75
961989,Joseph Olowu,241864,Joseph Olowu,Stockport,EFL League One,1999-11-27,26,CB,65,184,75,Right,3,2,66,79,59,59,65,73,78,76,62,73
1681812,Youssoupha Sanyang,74742,Youssoupha Sanyang,Slavia Praha,Česká Liga,2005-08-31,20,LW,65,175,68,Left,3,3,79,77,86,76,58,58,49,57,25,47
1328885,Damian van der Haar,266417,Damian van der Haar,PEC Zwolle,Eredivisie,2004-05-17,22,LB,65,183,76,Left,3,2,65,62,54,62,61,73,67,75,46,65
1510384,Omar Fayed,277944,Omar Fayed,Arouca,Liga Portugal,2003-07-04,22,CB,65,192,87,Right,3,2,60,59,58,58,56,59,75,72,68,69
1276194,Lucas Copado,266235,Lucas Copado,SC Paderborn 07,Bundesliga 2,2004-01-10,22,RW,65,181,73,Right,3,3,83,75,73,69,58,51,45,61,45,47
1659893,Abdoulie Ceesay,76228,Abdoulie Ceesay,FC St. Pauli,Bundesliga,2004-01-05,22,ST,65,185,79,Right,3,2,78,70,64,60,54,44,74,79,45,61
1483089,Mattia Mannini,80075,Mattia Mannini,SS Juve Stabia,Serie BKT,2006-07-08,19,RB,65,170,64,Right,3,2,70,67,66,85,61,69,44,53,65,55
1429607,Kojo Peprah Oppong,273948,Kojo Peprah Oppong,OGC Nice,Ligue 1 McDonald's,2004-06-04,22,CB,65,185,78,Right,3,2,73,74,57,48,62,67,75,78,63,71
1403351,Tyler Fredricson,269233,Tyler Fredricson,Man Utd,Premier League,2005-02-23,21,CB,65,188,81,Right,3,2,66,64,56,53,62,57,72,73,69,68
660565,Samuel Yohou,229646,Samuel Yohou,Le Mans FC,Ligue 2 BKT,1991-08-06,34,CB,65,190,88,Right,3,2,48,63,63,37,61,75,84,74,60,76
1381571,Luca Kjerrumgaard,270398,Luca Kjerrumgaard,Watford,EFL Championship,2003-02-09,23,ST,65,196,85,Left,3,2,66,70,55,50,59,48,81,79,55,67
662022,Lorenzo Libutti,276001,Lorenzo Libutti,Reggiana,Serie BKT,1997-09-17,28,LB,65,180,73,Right,2,2,63,56,60,67,61,69,55,63,61,60
1469996,David Odogu,73286,David Odogu,Milano FC,Serie A Enilive,2006-06-03,20,CB,65,191,83,Right,3,2,63,71,46,45,55,60,74,74,57,67
717270,Antoine Rabillard,232118,Antoine Rabillard,Le Mans FC,Ligue 2 BKT,1995-09-22,30,ST,65,180,70,Right,4,2,65,61,63,74,68,57,68,71,31,58
1554575,Francesco Camarda,279202,Francesco Camarda,Lecce,Serie A Enilive,2008-03-10,18,ST,65,184,75,Right,3,3,65,68,66,66,61,55,58,66,40,54
1678830,Alvaro Pascual,76043,Álvaro Pascual,Cádiz CF,LALIGA HYPERMOTION,2002-01-01,24,ST,65,190,78,Right,3,3,58,64,59,62,63,57,71,76,54,64
183747,Tom Lees,193569,Tom Lees,Peterborough,EFL League One,1990-11-28,35,CB,65,185,75,Right,2,2,49,51,55,58,62,75,71,68,67,71
1045830,Jakob Lewald,262534,Jakob Lewald,Wehen Wiesbaden,3. Liga,1999-02-26,27,CB,65,194,88,Right,3,2,54,66,53,45,63,67,83,67,66,75
1111074,Levente Szabo,73007,Levente Szabó,Braunschweig,Bundesliga 2,1999-06-06,27,ST,65,195,89,Right,3,2,54,61,58,45,63,62,83,80,69,75
1356599,Pedro Santos,74093,Pedro Santos,FC Famalicão,Liga Portugal,2003-02-10,23,RM,65,178,66,Left,3,3,79,75,80,76,57,54,39,44,32,42
1646375,Pau Cabanes,72328,Pau Cabanes,Villarreal CF,LALIGA EA SPORTS,2005-02-17,21,ST,65,179,70,Right,3,3,55,69,57,70,62,53,49,54,40,48
1217044,Loris Mouyokolo,260159,Loris Mouyokolo,Grenoble Foot 38,Ligue 2 BKT,2001-05-22,25,CB,65,194,85,Right,2,2,60,50,52,36,53,62,90,80,67,78
1524139,Lorenzo Lucchesi,278305,Lorenzo Lucchesi,Monza,Serie BKT,2003-05-09,23,CB,65,190,80,Left,3,2,56,57,45,61,62,69,72,71,66,70
976226,Stefano Cella,73200,Stefano Cella,Mantova,Serie BKT,2001-04-19,25,CB,65,185,78,Right,3,2,55,62,45,52,60,69,75,72,61,71
1553105,Victor Munoz,76042,Víctor Muñoz,CA Osasuna,LALIGA EA SPORTS,2003-07-13,22,LW,65,173,60,Right,3,3,74,70,54,79,60,47,34,42,41,39
650647,Charlie Goode,228997,Charlie Goode,Stevenage,EFL League One,1995-08-03,30,CB,65,196,75,Right,2,2,51,54,53,52,58,63,80,72,67,73
955979,Lewis Montsma,257303,Lewis Montsma,Lincoln City,EFL League One,1998-04-25,28,CB,65,191,84,Right,3,2,52,51,41,40,60,50,83,74,66,71
1402629,Stiven Shpendi,277515,Stiven Shpendi,Empoli,Serie BKT,2003-05-19,23,ST,65,181,74,Right,3,2,67,58,57,62,60,51,58,66,48,55
733965,Joel Felix,233492,Joel Felix,Arminia Bielefeld,Bundesliga 2,1998-01-13,28,CB,65,190,80,Left,2,2,48,51,50,46,58,68,74,70,62,70
1321601,Daniel Luna,256604,Daniel Luna,SD Huesca,LALIGA HYPERMOTION,2003-05-07,23,CAM,65,179,66,Left,3,3,68,68,64,63,59,59,31,38,50,42
184476,Omar Beckles,194759,Omar Beckles,Leyton Orient,EFL League One,1991-10-25,34,CB,65,191,80,Right,4,2,50,50,54,51,62,75,83,73,68,78
1117307,Gabriele Artistico,73423,Gabriele Artistico,Spezia,Serie BKT,2002-07-14,23,ST,65,188,68,Right,3,2,68,61,65,75,67,54,46,57,65,52
1045822,Teo Quintero,73012,Teo Quintero,Sparta Rotterdam,Eredivisie,1999-03-02,27,CB,65,188,80,Left,3,2,57,63,37,57,48,69,72,72,70,71
1621219,Juan Rodriguez,78037,Juan Rodríguez,Cagliari,Serie A Enilive,2005-05-30,21,CB,65,190,80,Left,2,2,58,57,48,47,62,68,78,74,62,72
524657,Will Aimson,218576,Will Aimson,Wigan Athletic,EFL League One,1994-06-03,32,CB,65,185,70,Right,2,2,52,54,55,59,62,63,71,77,77,71
1436488,Juraj Badelj,273803,Juraj Badelj,Univ. Craiova,SUPERLIGA,2003-08-24,22,CB,65,190,78,Left,2,2,71,68,53,38,55,59,78,80,81,74
1452500,Julien Lomboto,277899,Julien Lomboto,Rio Ave FC,Liga Portugal,2002-05-13,24,CB,65,191,83,Right,2,2,65,67,43,45,58,64,78,77,67,72
1243220,Connor Taylor,262731,Connor Taylor,Wycombe,EFL League One,2001-10-25,24,CB,65,193,85,Right,3,2,62,52,56,55,60,72,79,76,57,73
1217654,Rick Meissen,265535,Rick Meissen,Excelsior,Eredivisie,2002-02-24,24,CB,65,191,87,Right,2,2,42,73,34,40,58,55,86,72,64,73
303938,Simon Scherder,211874,Simon Scherder,Preußen Münster,Bundesliga 2,1993-04-02,33,CB,65,189,86,Right,4,2,36,69,36,51,61,52,83,68,66,71
1600978,Antal Yaakobishvili,279874,Antal Yaakobishvili,FC Andorra,LALIGA HYPERMOTION,2004-07-12,21,CB,65,193,86,Right,5,2,56,59,42,39,64,56,76,73,58,67
1092256,Tijs Velthuis,259443,Tijs Velthuis,Sparta Rotterdam,Eredivisie,2002-01-12,24,CB,65,190,82,Left,3,2,61,64,36,51,62,63,82,77,56,72
1184388,Rio Hillen,80029,Rio Hillen,NAC Breda,Eredivisie,2003-03-05,23,CB,65,187,77,Left,3,2,62,64,54,61,58,65,70,71,67,68
480791,Joe Wright,214682,Joe Wright,Bradford City,EFL League One,1995-02-26,31,CB,65,193,82,Right,3,2,39,33,35,51,59,68,84,80,66,76
243856,Aden Flint,202408,Aden Flint,Walsall,EFL League Two,1989-07-11,36,CB,65,197,83,Right,3,2,34,35,34,48,62,62,86,62,76,77
978197,Sven Sonnenberg,250847,Sven Sonnenberg,Saarbrücken,3. Liga,1999-01-19,27,CB,65,194,86,Right,3,2,40,59,53,34,58,72,82,62,66,75
1285495,Tanguy Zoukrou,264785,Tanguy Zoukrou,BSC Young Boys,Brack Super League,2003-05-07,23,CB,65,189,78,Right,3,2,49,60,35,49,63,65,75,69,70,71
959858,Davide Bettella,248171,Davide Bettella,Catanzaro,Serie BKT,2000-04-07,26,CB,65,185,75,Right,3,2,50,51,44,58,62,39,61,64,70,57
1180279,Aboubacar Lô,251915,Aboubacar Lô,Amiens SC,Ligue 2 BKT,2000-01-02,26,CB,65,183,76,Right,2,2,53,55,33,67,54,59,68,66,61,64
529887,Adam Jackson,204219,Adam Jackson,Lincoln City,EFL League One,1994-05-18,32,CB,65,187,80,Right,3,2,48,49,56,58,61,50,80,80,66,70
501336,Michael Schultz,217841,Michael Schultz,Rot-Weiss Essen,3. Liga,1993-05-30,33,CB,65,194,88,Right,3,2,38,43,32,32,61,75,86,63,70,79
1396086,Gabriele Guarino,271921,Gabriele Guarino,Empoli,Serie BKT,2004-04-14,22,CB,65,186,76,Right,2,2,60,47,32,49,56,66,75,73,61,70
1529522,Leopold Wurm,277877,Leopold Wurm,Jahn Regensburg,3. Liga,2006-03-21,20,CB,65,194,76,Right,3,2,53,62,49,61,60,72,66,66,53,65
1531814,Mateus Lusuardi,278346,Mateus Lusuardi,Pisa,Serie A Enilive,2004-01-08,22,CB,65,190,80,Left,3,2,51,52,32,42,61,52,67,66,66,63
862327,Christoph Greger,238963,Christoph Greger,Viktoria Köln,3. Liga,1997-01-14,29,CB,65,193,81,Left,3,2,54,53,49,43,63,65,82,76,65,74
974243,Connor Hall,257863,Connor Hall,Port Vale,EFL League One,1993-05-23,33,CB,65,193,85,Left,2,2,50,45,33,39,64,74,84,74,65,77
1401758,Bryant Nieling,271215,Bryant Nieling,Modena,Serie BKT,2002-10-31,23,CB,65,193,75,Left,2,2,60,45,50,50,66,50,67,70,62,62
1605748,Matias Moreno,276820,Matías Moreno,Levante UD,LALIGA EA SPORTS,2003-09-24,22,CB,65,193,81,Right,2,2,54,53,59,58,58,58,74,75,54,66
276734,Patrick Bauer,204496,Patrick Bauer,AFC Wimbledon,EFL League One,1992-10-28,33,CB,65,192,84,Right,3,2,31,32,30,31,58,30,89,70,68,69
1116648,Ben Garrity,255930,Ben Garrity,Port Vale,EFL League One,1997-02-12,29,CM,64,183,74,Right,2,3,80,78,69,74,63,87,71,88,57,73
1195742,Jayden Fevrier,264581,Jayden Fevrier,Stockport,EFL League One,2003-04-14,23,RM,64,175,71,Left,3,3,90,91,80,76,58,82,81,77,64,78
808791,Louis Appéré,256711,Louis Appéré,Cambridge Utd,EFL League Two,1999-03-26,27,ST,64,185,85,Right,4,3,82,80,85,75,62,83,83,81,59,78
395130,Alistair Smith,246789,Alistair Smith,AFC Wimbledon,EFL League One,1999-05-19,27,CM,64,187,81,Right,3,3,74,79,79,63,62,91,74,72,52,74
900576,Malcom Edjouma,242325,Malcom Edjouma,FCSB,SUPERLIGA,1996-10-08,29,CM,64,191,88,Right,3,3,65,65,62,70,65,75,82,79,70,78
1106859,Henry Rorig,257286,Henry Rorig,Energie Cottbus,3. Liga,2000-03-03,26,RB,64,182,87,Right,2,2,84,86,71,74,55,72,67,72,54,66
1041477,Taylor Allen,248328,Taylor Allen,Wycombe,EFL League One,2000-06-16,26,CB,64,185,72,Left,3,2,78,77,74,75,63,82,72,79,67,74
886140,Josh Neufville,251819,Josh Neufville,Bradford City,EFL League One,2001-03-22,25,RB,64,183,73,Right,3,3,81,82,74,64,59,90,66,72,54,70
776970,Lorenzo Carissoni,235292,Lorenzo Carissoni,SS Juve Stabia,Serie BKT,1997-02-07,29,CB,64,180,83,Right,3,2,75,76,59,66,61,71,70,69,63,69
1081056,Vincent Harper,276047,Vincent Harper,Walsall,EFL League Two,2000-09-22,25,LB,64,176,70,Left,4,3,88,92,82,90,54,77,71,77,74,73
563083,Andy Cannon,224361,Andy Cannon,Wrexham,EFL Championship,1996-03-14,30,CM,64,176,74,Right,3,3,75,65,83,79,65,71,61,67,71,66
816509,Will Wright,240897,Will Wright,Swindon Town,EFL League Two,1997-06-12,29,CB,64,191,83,Right,2,2,65,72,50,51,62,90,79,74,69,80
1290433,Sanders Ngabo,269398,Sanders Ngabo,BK Häcken,Allsvenskan,2004-07-04,21,CM,64,174,66,Right,4,3,75,78,74,81,58,63,59,70,62,61
863652,Neil Farrugia,247001,Neil Farrugia,Barnsley,EFL League One,1999-05-19,27,LB,64,187,83,Left,3,3,85,84,65,62,59,81,63,72,54,66
324305,Tim Payne,209361,Tim Payne,Well. Phoenix,A-League,1994-01-10,32,RB,64,179,73,Right,3,2,67,68,58,62,56,84,81,78,71,80
872957,Edward Francis,241711,Edward Francis,Exeter City,EFL League One,1999-09-11,26,CM,64,182,76,Left,4,2,63,65,62,59,64,75,67,66,68,69
598141,Robert Mudrazija,247310,Robert Mudražija,Dinamo Zagreb,Liga Hrvatska,1997-05-05,29,CM,64,177,70,Right,4,3,74,70,74,77,63,64,60,65,66,62
470624,Shaun Rooney,256952,Shaun Rooney,Fleetwood Town,EFL League Two,1996-07-26,29,RB,64,191,80,Right,3,2,67,68,62,51,59,80,80,78,85,81
1276313,Mimeirhel Benita,264416,Mimeirhel Benita,Heracles Almelo,Eredivisie,2003-11-17,22,RB,64,173,66,Right,4,3,84,75,75,73,55,59,70,66,62,65
825825,Barry Cotter,237975,Barry Cotter,Notts County,EFL League Two,1998-12-04,27,RB,64,184,78,Right,3,3,81,85,69,64,57,77,70,74,53,69
877444,Jordan Gibson,240813,Jordan Gibson,Doncaster,EFL League One,1998-02-26,28,LM,64,178,80,Right,3,3,83,83,76,67,59,71,59,66,46,60
962026,Harvey White,245903,Harvey White,Stevenage,EFL League One,2001-09-19,24,CDM,64,178,66,Left,3,3,67,63,72,71,63,69,58,63,62,62
1439776,Rachid Kouda,276743,Rachid Kouda,Spezia,Serie BKT,2002-07-25,23,CM,64,188,78,Right,3,2,81,85,66,60,68,71,70,73,64,69
1529945,Everson Junior,277630,Everson Junior,Montpellier,Ligue 2 BKT,2003-11-07,22,CM,64,182,75,Right,3,2,72,80,73,67,59,74,64,56,64,66
469282,Cihat Celik,79132,Cihat Çelik,Kocaelispor,Trendyol Süper Lig,1996-01-02,30,CM,64,184,75,Right,4,2,66,66,64,65,56,70,60,65,64,64
824124,Kevin Rüegg,240099,Kevin Rüegg,FC Basel 1893,Brack Super League,1998-08-05,27,RB,64,173,80,Right,3,3,68,68,68,71,60,59,71,73,72,68
445497,Bryn Morris,212682,Bryn Morris,Harrogate Town,EFL League Two,1996-04-25,30,CDM,64,182,71,Right,3,2,68,66,74,72,62,86,66,75,58,70
1329227,Azeem Abdulai,266303,Azeem Abdulai,Leyton Orient,EFL League One,2002-12-09,23,LM,64,183,75,Right,2,3,72,72,65,65,60,74,67,68,68,69
1031127,Thomas Battistella,270956,Thomas Battistella,SS Juve Stabia,Serie BKT,2001-07-29,24,CM,64,186,78,Right,3,3,67,68,54,53,65,62,62,68,60,62
932268,Viktor Bergh,272891,Viktor Bergh,FC Hansa Rostock,3. Liga,1999-07-26,26,LB,64,172,73,Left,3,2,76,74,72,78,58,70,61,68,60,63
1183742,Mithat Pala,275690,Mithat Pala,Çaykur Rizespor,Trendyol Süper Lig,2000-08-15,25,CDM,64,172,68,Right,2,2,77,74,75,79,62,82,50,70,58,61
568581,Alex Bass,225134,Alex Bass,Peterborough,EFL League One,1998-04-01,28,GK,64,191,81,Right,3,1,61,54,60,62,61,30,56,64,32,62
982617,Kieron Bowie,257104,Kieron Bowie,Hibernian,Scottish Prem,2002-09-21,23,ST,64,190,84,Left,3,2,71,74,66,64,62,70,81,82,79,78
1107662,Péter Baráth,268098,Péter Baráth,Raków,PKO BP Ekstraklasa,2002-02-21,24,CM,64,185,78,Right,3,2,68,72,52,47,64,67,66,70,62,66
1596241,Ethon Archer,73159,Ethon Archer,Cheltenham Town,EFL League Two,2002-08-28,23,LM,64,173,65,Right,3,3,88,82,84,83,57,80,53,57,72,64
638096,Kristian Böhnlein,244027,Kristian Böhnlein,FC Schweinfurt 05,3. Liga,1990-05-10,36,CM,64,183,78,Left,2,2,56,51,62,62,68,84,72,70,73,75
896053,Jensen Weir,246054,Jensen Weir,Wigan Athletic,EFL League One,2002-01-31,24,CM,64,184,74,Right,3,2,66,68,64,63,63,79,56,56,53,61
1367043,João Veloso,79608,João Veloso,SL Benfica,Liga Portugal,2005-06-26,21,CM,64,186,78,Right,3,2,65,61,65,64,63,67,62,64,60,63
748520,Tyreeq Bakinson,233804,Tyreeq Bakinson,Leyton Orient,EFL League One,1998-10-10,27,CM,64,191,82,Right,3,2,59,56,63,57,64,71,78,73,63,73
864436,Torben Müsel,239666,Torben Müsel,Rot-Weiss Essen,3. Liga,1999-07-25,26,CM,64,185,76,Right,3,3,67,68,69,65,67,76,69,70,52,67
1281971,Yvandro Borges Sanches,269952,Yvandro Borges Sanches,Heracles Almelo,Eredivisie,2004-05-24,22,LM,64,175,68,Right,2,3,76,78,75,81,53,64,50,62,68,58
1282946,Rodney Elongo-Yombo,270877,Rodney Elongo-Yombo,Saarbrücken,3. Liga,2001-07-27,24,LW,64,183,76,Right,4,3,77,81,70,80,65,72,75,74,58,71
1635822,Gustavo Albarracin,71910,Gustavo Albarracín,SD Huesca,LALIGA HYPERMOTION,2006-04-28,20,CM,64,178,65,Right,4,2,68,64,70,65,58,66,57,63,57,60
1242656,Chiheb Labidi,74314,Chiheb Labidi,Nacional,Liga Portugal,2001-06-01,25,CM,64,190,78,Left,2,2,65,63,60,61,66,68,74,61,71,71
101042,Aaron Meijers,188621,Aaron Meijers,FC Volendam,Eredivisie,1987-10-28,38,LB,64,176,77,Left,4,3,59,63,58,73,64,66,70,77,67,69
191132,Luke Garbutt,192319,Luke Garbutt,Salford City,EFL League Two,1993-05-21,33,LB,64,179,73,Left,3,2,69,67,67,65,62,74,66,76,66,69
261303,Jake Reeves,203415,Jake Reeves,AFC Wimbledon,EFL League One,1993-06-30,33,CM,64,173,70,Right,3,3,70,68,80,80,63,80,51,62,61,61
170400,Tom Naylor,206536,Tom Naylor,Chesterfield,EFL League Two,1991-06-28,35,CB,64,188,72,Right,3,2,59,65,62,60,62,80,75,72,70,75
660477,David Kiki,229543,David Kiki,FCSB,SUPERLIGA,1993-11-25,32,LB,64,180,75,Left,3,3,71,75,71,66,58,67,72,76,64,69
672450,Matt Butcher,230876,Matt Butcher,Salford City,EFL League Two,1997-05-14,29,CM,64,188,83,Left,3,2,56,51,58,50,62,85,72,68,65,74
1327826,Dante Polvara,242791,Dante Polvara,Aberdeen,Scottish Prem,2000-02-01,26,RM,64,193,82,Right,4,3,64,50,54,79,67,75,77,77,61,73
1077898,Ryan Stirk,245531,Ryan Stirk,Chesterfield,EFL League Two,2000-09-25,25,CDM,64,178,75,Left,3,2,74,68,71,69,64,91,65,64,69,72
168313,Korey Smith,189619,Korey Smith,Cambridge Utd,EFL League Two,1991-01-31,35,CM,64,175,78,Right,3,2,53,60,66,72,67,65,67,64,75,68
631245,Jamie Sterry,228368,Jamie Sterry,Doncaster,EFL League One,1995-11-21,30,RB,64,180,76,Right,3,2,73,70,75,73,59,81,66,70,75,72
909198,Abdullah Al-Hamdan,242223,Abdullah Al Hamdan,Al Hilal,ROSHN Saudi League,1999-09-12,26,ST,64,186,78,Right,4,2,70,75,67,52,55,64,74,75,61,69
810583,Liam Gordon,257776,Liam Gordon,Port Vale,EFL League One,1999-05-15,27,LB,64,183,76,Left,4,2,81,81,73,70,59,90,70,66,45,70
1479919,Almugera Kabar,278854,Almugera Kabar,Borussia Dortmund,Bundesliga,2006-06-06,20,LB,64,181,74,Left,3,3,77,77,76,73,58,60,75,77,70,70
1522701,Nordin Bukala,79039,Nordin Bukala,FC Volendam,Eredivisie,2005-09-18,20,CM,64,184,70,Right,3,2,71,70,65,63,63,70,57,60,57,60
918332,Steve Seddon,234258,Steve Seddon,AFC Wimbledon,EFL League One,1997-12-25,28,LB,64,179,68,Left,2,2,72,72,75,66,61,77,60,65,78,68
1321149,Mouhamed Diop,277356,Mouhamed Diop,ESTAC Troyes,Ligue 2 BKT,2000-09-30,25,CM,64,182,69,Right,3,3,70,70,64,63,66,77,67,65,58,68
197729,Billy Bodin,200440,Billy Bodin,Swindon Town,EFL League Two,1992-03-24,34,RW,64,180,70,Left,4,3,67,71,72,76,62,61,67,70,38,60
628878,Liam Mandeville,226172,Liam Mandeville,Chesterfield,EFL League Two,1997-02-17,29,RM,64,180,77,Right,2,3,74,70,69,67,59,74,64,67,38,61
877450,Lasse Sørensen,240826,Lasse Sørensen,Huddersfield,EFL League One,1999-10-21,26,RB,64,185,78,Right,3,2,72,66,60,63,58,72,57,66,58,61
906084,Ossama Ashley,251516,Ossama Ashley,Salford City,EFL League Two,2000-02-23,26,CDM,64,180,82,Right,3,3,67,71,59,66,62,82,70,62,72,73
940963,Ulrik Mathisen,261391,Ulrik Mathisen,SK Brann,Eliteserien,1999-01-18,27,RW,64,185,72,Right,3,3,73,70,72,75,62,57,59,60,57,58
1332538,Oumar Ngom,266848,Oumar Ngom,Estrela Amadora,Liga Portugal,2004-03-09,22,CM,64,184,75,Right,3,2,59,61,61,69,66,78,72,62,61,71
1485381,Lorenzo Ignacchiti,74150,Lorenzo Ignacchiti,Empoli,Serie BKT,2004-04-25,22,CM,64,184,75,Left,3,2,60,66,64,60,64,68,55,57,59,59
140422,Dan Butler,209315,Dan Butler,Stevenage,EFL League One,1994-08-26,31,LB,64,175,75,Left,2,2,73,73,76,71,62,81,67,76,66,71
1072223,Fabian Greilinger,251688,Fabian Greilinger,Wehen Wiesbaden,3. Liga,2000-09-13,25,LM,64,175,71,Left,3,2,82,80,86,85,53,81,56,59,47,61
998278,Alessandro Mallamo,251761,Alessandro Mallamo,Südtirol,Serie BKT,1999-03-22,27,CM,64,174,70,Right,3,3,71,52,71,83,62,70,50,55,50,55
1285144,Goncalo Esteves,264022,Gonçalo Esteves,FC Alverca,Liga Portugal,2004-02-27,22,RB,64,171,72,Right,3,3,75,76,73,78,62,55,62,64,58,60
1289121,Olaf Kobacki,270129,Olaf Kobacki,Sheffield Wed,EFL Championship,2001-07-10,24,LM,64,178,73,Right,3,2,77,75,74,69,60,55,63,61,59,60
856936,Kristall Mani Ingason,271156,Kristall Máni Ingason,Sønderjyske,3F Superliga,2002-01-18,24,ST,64,177,69,Right,4,3,73,74,81,79,61,61,57,67,34,54
1368642,Theo Bergvall,272927,Theo Bergvall,Djurgårdens IF,Allsvenskan,2004-09-21,21,RB,64,185,75,Right,3,2,85,85,66,62,59,64,67,76,54,64
1520368,Fahem Benaissa-Yahia,70450,Fahem Benaissa-Yahia,Casa Pia AC,Liga Portugal,2002-04-29,24,LB,64,188,82,Left,2,2,68,66,60,54,60,64,65,60,59,63
401933,George Evans,211595,George Evans,Burton Albion,EFL League One,1994-12-13,31,CDM,64,184,76,Right,3,2,55,58,57,58,64,56,72,69,66,67
819871,Abdu Conté,247180,Abdu Conté,Casa Pia AC,Liga Portugal,1998-03-24,28,LB,64,183,78,Left,2,3,65,70,66,65,62,66,79,74,66,73
997573,Josh Flint,253386,Josh Flint,Crawley Town,EFL League Two,2000-10-13,25,CB,64,186,68,Left,3,2,71,79,68,68,57,68,65,72,62,66
1002031,Félix Tomi,248123,Félix Tomi,SC Bastia,Ligue 2 BKT,2000-08-31,25,RM,64,181,68,Right,3,3,70,66,63,72,58,62,63,64,61,62
1113747,Connor Barrett,259091,Connor Barrett,Walsall,EFL League Two,2002-03-01,24,RB,64,182,82,Right,3,2,82,79,74,71,58,86,63,71,68,70
966022,Lewis Fiorini,262981,Lewis Fiorini,Stockport,EFL League One,2002-05-17,24,CM,64,178,68,Right,3,3,68,62,70,80,63,73,52,54,58,59
1194294,Zac Ashworth,263906,Zac Ashworth,Blackpool,EFL League One,2002-09-06,23,LB,64,183,75,Left,3,2,68,70,64,68,61,68,62,69,66,65
1296625,Bobby Clark,271974,Bobby Clark,Derby County,EFL Championship,2005-02-07,21,CM,64,178,67,Right,3,3,71,64,67,73,65,58,54,57,58,56
524655,Louis Reed,222477,Louis Reed,Mansfield Town,EFL League One,1997-07-25,28,CDM,64,173,68,Right,3,3,58,62,81,86,59,81,58,68,68,66
1248057,Aidomo Emakhu,263271,Aidomo Emakhu,Millwall,EFL Championship,2003-10-26,22,LM,64,180,82,Right,3,3,83,81,68,59,58,61,67,75,50,63
1276311,Lennard Hartjes,263637,Lennard Hartjes,Excelsior,Eredivisie,2003-04-07,23,CM,64,170,63,Right,3,3,74,68,75,79,63,66,55,68,63,60
1072117,Kaito Mizuta,264245,Kaito Mizuta,Rot-Weiss Essen,3. Liga,2000-04-08,26,CAM,64,182,71,Right,4,3,73,70,81,67,61,73,56,60,49,59
1256502,David Ruiz,275253,David Ruiz,Inter Miami CF,MLS,2004-02-08,22,CM,64,178,69,Right,3,2,69,67,63,64,58,66,53,49,59,57
211839,Richard Smallwood,200806,Richard Smallwood,Tranmere Rovers,EFL League Two,1990-12-29,35,CM,64,180,72,Right,2,2,46,52,57,67,65,84,69,61,72,73
867884,Jack Sparkes,240606,Jack Sparkes,Bristol Rovers,EFL League Two,2000-09-29,25,LB,64,177,63,Left,3,2,72,69,73,77,59,78,57,63,64,64
1317741,Otar Mamageishvili,77103,Otar Mamageishvili,FC Famalicão,Liga Portugal,2003-01-15,23,CM,64,180,69,Right,3,3,61,62,60,65,64,58,61,63,48,58
1634789,Andrija Bulatovic,77105,Andrija Bulatović,RC Lens,Ligue 1 McDonald's,2006-12-27,19,CM,64,180,72,Right,3,2,61,65,56,69,62,58,57,61,60,58
504176,Bradley Halliday,219467,Bradley Halliday,Bradford City,EFL League One,1995-07-10,30,RB,64,180,68,Right,3,2,75,78,75,77,60,85,68,68,68,72
877581,Ben House,239799,Ben House,Lincoln City,EFL League One,1999-07-05,26,ST,64,180,74,Right,3,3,65,68,60,70,65,80,75,74,80,77
979407,Udoka Godwin-Malife,247073,Udoka Godwin-Malifé,Burton Albion,EFL League One,2000-05-09,26,CB,64,180,79,Right,3,2,80,81,70,68,61,80,76,88,65,75
1042559,Ben Jackson,250786,Ben Jackson,Barrow,EFL League Two,2001-02-22,25,LB,64,178,73,Left,5,2,74,72,72,61,60,85,57,63,60,65
1158934,Giacomo Olzer,260456,Giacomo Olzer,Pescara,Serie BKT,2001-04-14,25,CAM,64,188,78,Left,2,3,71,72,70,65,62,52,72,70,51,63
1202092,Kelvin Abrefa,265645,Kelvin Abrefa,Reading,EFL League One,2003-12-09,22,RB,64,174,76,Right,3,3,76,78,70,82,59,64,65,69,63,65
1122585,Jayden Wareham,271666,Jayden Wareham,Exeter City,EFL League One,2003-05-13,23,ST,64,177,73,Right,4,3,72,71,71,85,63,71,75,75,75,74
1374499,Diogo Spencer,71981,Diogo Spencer,AVS Futebol SAD,Liga Portugal,2004-04-17,22,RB,64,178,66,Right,3,2,74,73,68,50,58,77,37,44,52,50
505469,Ryan Croasdale,213018,Ryan Croasdale,Port Vale,EFL League One,1994-09-26,31,CM,64,170,69,Right,3,2,63,58,84,90,64,90,45,48,63,60
791692,Fraser Murray,240808,Fraser Murray,Wigan Athletic,EFL League One,1999-05-07,27,LM,64,183,74,Right,3,3,72,73,75,73,60,63,48,48,45,51
982679,Matthew Smith,247731,Matthew Smith,Wigan Athletic,EFL League One,2000-10-05,25,CDM,64,176,70,Right,3,2,67,57,71,76,62,71,54,54,59,59
1113767,Ethan Bristow,258667,Ethan Bristow,Tranmere Rovers,EFL League Two,2001-11-27,24,LB,64,188,68,Left,2,2,81,82,56,59,56,88,70,76,50,71
1663487,Nikolaus Wurmbrand,74980,Nikolaus Wurmbrand,SK Rapid,Ö. Bundesliga,2006-01-05,20,ST,64,172,75,Right,4,3,88,85,78,70,61,68,58,62,58,61
309517,Matt Macey,213407,Matt Macey,Colchester,EFL League Two,1994-09-09,31,GK,64,201,81,Right,2,1,38,40,37,33,59,33,57,56,25,63
702939,Omari Patrick,236557,Omari Patrick,Tranmere Rovers,EFL League Two,1996-05-24,30,LM,64,185,76,Right,3,3,84,83,68,64,59,79,71,79,52,70
997538,Clinton Mola,246126,Clinton Mola,Bristol Rovers,EFL League Two,2001-03-15,25,LB,64,183,80,Left,3,2,76,69,68,70,61,56,68,73,58,63
962038,Jay Williams,246243,Jay Williams,Crawley Town,EFL League Two,2000-10-04,25,CDM,64,188,85,Right,3,2,64,66,50,65,60,81,81,75,79,80
1111392,Tawanda Chirewa,279519,Tawanda Chirewa,Wolves,Premier League,2003-10-11,22,LM,64,181,72,Right,4,3,82,82,83,73,59,56,62,64,38,56
1520249,Josh Stokes,70275,Josh Stokes,Bristol City,EFL Championship,2004-04-29,22,CAM,64,180,78,Right,3,3,74,74,73,77,62,58,59,57,44,56
95325,Ben Hinchliffe,169798,Ben Hinchliffe,Stockport,EFL League One,1987-09-10,38,GK,64,185,73,Right,3,1,37,44,54,41,58,37,63,62,29,65
97746,Jens Grahl,183513,Jens Grahl,Frankfurt,Bundesliga,1988-09-22,37,GK,64,192,88,Right,2,1,41,48,44,43,62,39,78,67,33,62
422129,Kelle Roos,211299,Kelle Roos,Notts County,EFL League Two,1992-05-31,34,GK,64,196,90,Right,4,1,45,38,34,38,61,43,68,63,20,64
413546,Niccolo Belloni,213994,Niccoló Belloni,Carrarese Calcio,Serie BKT,1994-07-10,31,LM,64,176,68,Left,2,3,70,72,78,77,63,61,53,54,54,55
641044,Dylan Watts,236364,Dylan Watts,Shamrock Rovers,SSE Airtricity PD,1997-04-11,29,CM,64,177,73,Right,3,3,54,53,69,67,58,72,63,58,53,63
877672,Jack Diamond,241452,Jack Diamond,Stockport,EFL League One,2000-01-12,26,RM,64,175,66,Right,4,3,91,86,83,82,59,71,55,70,45,58
1574106,Jayden Meghoma,278957,Jayden Meghoma,Rangers,Scottish Prem,2006-06-28,20,LB,64,175,71,Left,3,2,73,76,73,74,63,70,58,60,54,60
1466557,Elijah Dijkstra,75516,Elijah Dijkstra,AZ,Eredivisie,2006-08-05,19,RB,64,173,67,Right,4,3,81,84,82,77,54,65,49,59,65,57
1075747,Frazer Blake-Tracy,250758,Frazer Blake-Tracy,Mansfield Town,EFL League One,1995-09-10,30,LB,64,183,68,Left,3,2,70,68,68,54,60,70,78,85,70,75
1188049,Kelvin Ehibhatiomhan,263101,Kelvin Ehibhatiomhan,Reading,EFL League One,2003-04-23,23,LW,64,191,82,Right,3,4,74,80,64,49,60,53,80,79,57,69
1607493,Dehmaine Tabibou,70477,Dehmaine Tabibou,FC Nantes,Ligue 1 McDonald's,2005-04-17,21,CM,64,181,71,Left,2,4,63,63,61,62,50,62,56,58,55,57
1524670,Diego Rodrigues,76240,Diego Rodrigues,SC Braga,Liga Portugal,2005-05-24,21,CM,64,185,72,Right,3,2,64,64,62,64,64,67,56,59,70,62
1561233,Stavros Pnevmonidis,79110,Stavros Pnevmonidis,Olympiacos FC,Hellas Liga,2006-08-07,19,CAM,64,178,61,Right,3,3,81,75,78,75,55,70,50,56,63,58
1030133,Patryk Makuch,248568,Patryk Makuch,Raków,PKO BP Ekstraklasa,1999-04-11,27,ST,64,187,84,Right,3,2,72,77,57,50,62,79,82,83,61,77
1335694,Murphy Cooper,268544,Murphy Cooper,Barnsley,EFL League One,2001-12-27,24,GK,64,185,75,Right,2,1,44,36,32,39,59,20,64,60,20,61
1396371,Pau Casadesus,271439,Pau Casadesús,Granada CF,LALIGA HYPERMOTION,2003-01-01,23,RB,64,183,72,Right,3,3,76,73,70,67,58,73,62,69,58,64
1460416,Felix Hagmann,74938,Felix Hagmann,Arminia Bielefeld,Bundesliga 2,2004-01-29,22,RB,64,177,73,Right,4,2,74,76,68,69,58,65,59,67,58,61
416409,Germán Parreno,212453,Germán Parreño,RC Deportivo,LALIGA HYPERMOTION,1993-02-16,33,GK,64,191,78,Right,3,1,37,35,41,40,60,33,65,61,38,64
866649,Ashley Maynard-Brewer,237205,Ashley Maynard-Brewer,Charlton Ath,EFL Championship,1999-06-25,27,GK,64,188,76,Right,3,1,35,45,41,51,58,36,55,54,45,60
983186,Kyle John,247764,Kyle John,Port Vale,EFL League One,2001-02-13,25,LB,64,176,68,Right,3,2,79,74,72,85,59,73,55,65,55,60
1436258,Trey Nyoni,279128,Trey Nyoni,Liverpool,Premier League,2007-06-30,19,CM,64,180,75,Right,3,3,67,67,68,70,61,58,49,54,51,52
789589,Lewis Freestone,237175,Lewis Freestone,Stevenage,EFL League One,1999-10-26,26,CB,64,187,74,Left,2,2,74,75,64,50,60,71,77,80,78,76
899984,Boyd Lucassen,241693,Boyd Lucassen,NAC Breda,Eredivisie,1998-07-01,28,RB,64,173,72,Right,4,2,68,63,59,77,62,72,67,64,68,68
890363,Ruel Sotiriou,250812,Ruel Sotiriou,Bristol Rovers,EFL League Two,2000-08-24,25,ST,64,180,71,Right,3,3,82,82,83,83,58,82,59,71,40,62
1469758,Simon Ebonog,271252,Simon Ebonog,Havre AC,Ligue 1 McDonald's,2004-08-16,21,CM,64,180,70,Right,3,2,69,66,65,65,63,34,51,54,49,47
1525304,Mats Pannewig,274617,Mats Pannewig,VfL Bochum 1848,Bundesliga 2,2004-08-28,21,CM,64,195,90,Left,3,2,50,42,47,35,60,68,78,70,64,72
1170741,Vicente Reyes,276117,Vicente Reyes,Peterborough,EFL League One,2003-11-19,22,GK,64,194,80,Right,3,1,42,32,44,36,58,24,68,61,23,63
1363232,Maguette Gueye,74881,Maguette Gueye,R. Racing Club,LALIGA HYPERMOTION,2002-12-30,23,CDM,64,188,75,Left,2,2,60,58,51,49,61,52,64,66,69,62
1575747,Tyrique Mercera,79814,Tyrique Mercera,FC Groningen,Eredivisie,2003-12-19,22,RB,64,188,73,Right,4,2,69,74,65,63,58,66,60,59,61,62
1250495,Lequincio Zeefuik,269259,Lequincio Zeefuik,AZ,Eredivisie,2004-11-26,21,ST,64,198,78,Right,4,3,78,81,69,64,60,68,81,92,62,75
1640973,Rafik Messali,72099,Rafik Messali,Toulouse FC,Ligue 1 McDonald's,2003-04-28,23,RB,64,177,65,Right,3,2,69,76,61,67,54,68,63,63,58,63
1576553,Juan Cabrera,77144,Juan Cabrera,Fürth,Bundesliga 2,2003-02-27,23,CAM,64,188,71,Right,3,3,60,67,49,66,60,50,54,54,48,52
1116777,Gabriel Kobylak,269707,Gabriel Kobylak,Legia Warszawa,PKO BP Ekstraklasa,2002-02-20,24,GK,64,190,84,Right,2,1,32,33,25,25,48,33,67,61,44,67
1384870,Sidi Bane,74416,Sidi Bane,AVS Futebol SAD,Liga Portugal,2004-01-14,22,CB,64,184,71,Right,3,2,67,69,45,56,62,44,71,72,66,63
1526728,Vladyslav Krapyvtsov,76012,Vladyslav Krapyvtsov,Girona FC,LALIGA EA SPORTS,2005-06-25,21,GK,64,188,75,Right,3,1,35,31,32,41,58,25,40,42,22,64
1276649,Dominik Weixelbraun,79920,Dominik Weixelbraun,SK Rapid,Ö. Bundesliga,2003-12-17,22,LW,64,180,70,Left,3,3,82,80,71,69,53,58,55,64,49,55
1047663,Thibo Baeten,251349,Thibo Baeten,Go Ahead Eagles,Eredivisie,2002-06-04,24,ST,64,183,78,Left,3,3,74,76,70,64,60,75,71,77,34,65
1201554,Martin Turk,268912,Martin Turk,Estoril Praia,Liga Portugal,2003-08-21,22,GK,64,190,82,Left,2,1,40,34,28,32,54,30,55,54,26,63
1289105,Emmanuel Ekong,271923,Emmanuel Ekong,Malmö FF,Allsvenskan,2002-06-25,24,RM,64,181,74,Right,3,3,82,82,70,73,57,65,73,83,36,64
1612523,Nils Zätterström,71553,Nils Zätterström,Sheffield Utd,EFL Championship,2005-03-29,21,CB,64,192,84,Left,2,2,65,81,44,48,62,73,83,75,73,78
1640681,Aaron Bouwman,76116,Aaron Bouwman,Ajax,Eredivisie,2007-08-28,18,CB,64,188,71,Right,3,2,62,65,62,59,62,62,67,69,60,64
1610103,Nicolas Pays,76888,Nicolas Pays,Montpellier,Ligue 2 BKT,2003-07-07,22,CAM,64,180,77,Left,2,3,74,68,82,66,49,57,66,68,41,59
780817,Jacob Bedeau,235808,Jacob Bedeau,Notts County,EFL League Two,1999-12-24,26,CB,64,182,78,Left,3,2,75,73,71,61,62,80,76,88,61,75
1116199,Anthony Descotte,254503,Anthony Descotte,FC Volendam,Eredivisie,2003-08-03,22,ST,64,179,75,Right,4,3,79,74,76,77,64,63,63,66,38,58
942203,Bjarki Steinn Bjarkason,258533,Bjarki Steinn Bjarkason,Venezia,Serie BKT,2000-05-11,26,RM,64,180,71,Right,2,3,62,63,66,74,60,48,53,48,52,51
885223,Atakan Cankaya,258725,Atakan Çankaya,Karagümrük SK,Trendyol Süper Lig,1998-06-25,28,CB,64,180,78,Right,2,2,55,63,59,64,59,68,72,70,83,73
833024,Mamadou Coulibaly,279700,Mamadou Coulibaly,AS Monaco,Ligue 1 McDonald's,2004-04-21,22,CM,64,179,67,Left,2,3,63,55,68,72,63,64,49,49,56,54
1603786,Cedric Hatenboer,70069,Cedric Hatenboer,RSC Anderlecht,1A Pro League,2005-03-19,21,CM,64,188,75,Right,4,3,64,66,67,68,65,57,62,58,43,57
1572337,Christian Zawieschitzky,75825,Christian Zawieschitzky,RB Salzburg,Ö. Bundesliga,2007-05-02,19,GK,64,184,73,Right,2,1,34,33,31,47,63,29,50,51,21,63
1189606,Tom Bloxham,261732,Tom Bloxham,Blackpool,EFL League One,2003-11-01,22,RM,64,195,82,Right,3,3,74,80,66,39,58,67,74,72,47,67
1252223,Aziel Jackson,262094,Aziel Jackson,Jagiellonia,PKO BP Ekstraklasa,2001-10-25,24,CAM,64,175,68,Right,3,3,80,78,86,82,53,36,58,57,49,51
1073979,Bryan Okoh,263028,Bryan Okoh,Lausanne-Sport,Brack Super League,2003-05-16,23,CB,64,188,89,Left,3,2,65,76,62,58,48,55,84,79,74,75
1362341,Alex Murphy,270617,Alex Murphy,Newcastle Utd,Premier League,2004-06-25,22,LB,64,188,76,Left,4,2,63,65,59,59,63,65,74,71,70,71
1435604,Mark O'Mahony,272862,Mark O'Mahony,Reading,EFL League One,2005-01-14,21,ST,64,182,79,Right,3,2,74,74,68,69,62,63,69,74,66,67
1327733,Aleix Garrido,275126,Aleix Garrido,SD Eibar,LALIGA HYPERMOTION,2004-02-22,22,CM,64,170,63,Right,3,2,66,63,76,77,63,66,41,40,58,51
1206283,Joel Ideho,259403,Joel Ideho,FC Volendam,Eredivisie,2003-07-17,22,LM,64,175,70,Right,3,3,80,73,75,70,52,58,56,73,43,55
1263671,Sascha Risch,262671,Sascha Risch,Dynamo Dresden,Bundesliga 2,2000-04-13,26,LB,64,178,68,Left,3,2,74,66,82,77,56,66,49,50,62,56
1210623,Marko Lazetic,266891,Marko Lazetić,Aberdeen,Scottish Prem,2004-01-22,22,ST,64,192,80,Right,3,3,67,66,71,69,65,57,76,76,55,67
1484822,Filip Rozga,276395,Filip Rózga,SK Sturm Graz,Ö. Bundesliga,2006-08-07,19,RW,64,177,73,Left,2,4,81,86,80,69,48,72,51,54,64,59
1207956,Micah Hamilton,70035,Micah Hamilton,Middlesbrough,EFL Championship,2003-11-13,22,LM,64,177,74,Right,3,3,84,76,83,76,57,51,53,65,33,49
1525164,Pedro Carvalho,73882,Pedro Carvalho,Estoril Praia,Liga Portugal,2003-02-14,23,RB,64,176,72,Right,2,2,71,70,64,73,52,78,60,65,58,64
307178,Pierce Sweeney,207646,Pierce Sweeney,Exeter City,EFL League One,1994-09-11,31,CB,64,183,80,Right,3,2,53,51,62,65,60,75,76,72,65,73
789600,Glenn Middleton,232519,Glenn Middleton,Doncaster,EFL League One,2000-01-01,26,LM,64,176,68,Left,3,3,85,81,83,71,59,64,61,60,39,57
1157905,Johan Karlsson,257158,Johan Karlsson,Malmö FF,Allsvenskan,2001-06-20,25,RB,64,172,68,Right,3,2,69,62,72,75,61,76,58,64,53,62
493169,Baily Cargill,215211,Baily Cargill,Mansfield Town,EFL League One,1995-07-05,30,CB,64,189,87,Left,2,2,65,59,55,51,60,73,80,77,78,78
609841,Taylor Moore,226791,Taylor Moore,Bristol Rovers,EFL League Two,1997-05-12,29,CB,64,184,80,Right,3,2,62,56,57,57,59,71,72,72,70,71
1248899,Baila Diallo,261153,Baïla Diallo,Granada CF,LALIGA HYPERMOTION,2001-06-24,25,LB,64,176,70,Left,2,2,78,76,74,79,61,68,45,48,57,53
1433600,Arda Ünyay,70253,Arda Ünyay,Galatasaray,Trendyol Süper Lig,2007-01-18,19,CB,64,187,82,Right,3,2,70,70,69,53,61,56,78,77,64,70
1536103,Siren Diao,76153,Siren Diao,Cesena,Serie BKT,2005-01-21,21,ST,64,189,77,Left,3,2,74,75,70,62,62,61,67,74,61,65
1793640,Khalis Merah,80067,Khalis Merah,OL,Ligue 1 McDonald's,2007-02-24,19,CM,64,175,65,Right,3,3,66,60,77,77,59,46,39,41,46,42
742398,Tennai Watson,224307,Tennai Watson,Barnsley,EFL League One,1997-03-04,29,RB,64,183,73,Right,3,2,69,75,71,61,58,71,56,63,54,60
1076174,Rarmani Edmonds-Green,234039,Rarmani Edmonds-Green,Leyton Orient,EFL League One,1999-01-14,27,CB,64,181,73,Right,2,2,70,66,64,64,63,68,74,75,69,72
1161288,Christopher Scott,256944,Christopher Scott,Royal Antwerp FC,1A Pro League,2002-06-07,24,CAM,64,178,82,Right,3,3,74,69,77,83,63,64,56,63,61,59
1604028,Moussa Cisse,263881,Moussa Cissé,FC Basel 1893,Brack Super League,2003-04-29,23,LB,64,177,72,Left,3,2,73,75,77,77,63,61,53,61,61,57
1513342,Tobías Medina,278434,Tobías Medina,Rio Ave FC,Liga Portugal,2004-03-03,22,CM,64,170,62,Left,2,2,63,61,65,83,52,65,41,44,59,51
723575,Alessandro Confente,235835,Alessandro Confente,SS Juve Stabia,Serie BKT,1998-06-07,28,GK,64,194,74,Right,1,1,33,30,22,27,61,23,58,54,19,65
866365,Ozan Kökçü,239012,Ozan Kökçü,FC Volendam,Eredivisie,1998-08-18,27,CAM,64,176,69,Right,4,3,70,59,55,74,58,56,39,54,69,50
1244902,Mamady Bangré,261815,Mamady Bangré,Grenoble Foot 38,Ligue 2 BKT,2001-06-15,25,RM,64,171,65,Left,2,3,68,70,76,81,67,57,36,44,57,46
1106878,Alan Godoy,264092,Alan Godoy,Estrela Amadora,Liga Portugal,2003-05-04,23,ST,64,178,73,Right,3,2,76,72,74,69,59,66,62,73,45,60
1293027,Mason Burstow,265777,Mason Burstow,Bolton,EFL League One,2003-08-04,22,ST,64,187,79,Right,3,2,69,72,66,54,58,58,75,75,60,68
1289952,Massimo Zilli,268897,Massimo Zilli,Frosinone,Serie BKT,2002-07-17,23,ST,64,194,78,Right,3,2,70,70,68,70,61,55,61,70,50,58
1435849,Bernt Klaverboer,273882,Bernt Klaverboer,sc Heerenveen,Eredivisie,2005-09-26,20,GK,64,191,78,Right,2,1,24,30,24,23,62,25,65,46,15,62
1402931,Fran Topic,275077,Fran Topić,Dinamo Zagreb,Liga Hrvatska,2004-03-20,22,ST,64,185,74,Left,3,3,69,71,70,57,58,53,65,65,53,60
820598,Batuhan Sen,237232,Batuhan Şen,Galatasaray,Trendyol Süper Lig,1999-02-03,27,GK,64,192,81,Right,2,1,20,31,37,21,56,24,60,52,17,63
906921,David Otto,242183,David Otto,Viktoria Köln,3. Liga,1999-03-03,27,ST,64,185,82,Right,3,3,73,68,68,64,60,72,69,74,35,63
987134,Allan Linguet,248662,Allan Linguet,USL Dunkerque,Ligue 2 BKT,1999-08-17,26,RB,64,176,69,Right,3,2,70,74,72,71,57,64,65,61,58,63
938416,Mustafa Burak Bozan,250897,Mustafa Burak Bozan,Gaziantep,Trendyol Süper Lig,2000-08-23,25,GK,64,190,80,Right,3,1,18,21,23,27,53,28,57,49,27,65
1329169,Mika Baur,266446,Mika Baur,SC Paderborn 07,Bundesliga 2,2004-07-09,21,CAM,64,172,62,Right,3,3,67,65,76,85,48,59,34,43,50,44
1647188,Enzo Molébé,74883,Enzo Molebe,OL,Ligue 1 McDonald's,2007-09-18,18,ST,64,178,68,Right,4,3,79,77,82,77,61,56,68,67,41,60
882882,Alex Hartridge,240608,Alex Hartridge,Burton Albion,EFL League One,1999-03-09,27,CB,64,185,84,Left,2,2,71,68,64,64,62,71,81,81,62,75
1387304,Steven Nsimba,269731,Steven Nsimba,Univ. Craiova,SUPERLIGA,1996-05-31,30,ST,64,183,83,Right,3,3,75,71,68,61,60,64,72,77,53,66
678299,Alfie Kilgour,231107,Alfie Kilgour,Bristol Rovers,EFL League Two,1998-05-18,28,CB,64,188,86,Right,3,2,59,60,55,50,60,63,85,77,67,76
750841,Jack Aitchison,234099,Jack Aitchison,Exeter City,EFL League One,2000-03-05,26,CAM,64,180,70,Right,3,3,80,81,81,74,63,63,42,59,35,47
759507,Liam Fraser,242643,Liam Fraser,Reading,EFL League One,1998-02-13,28,CDM,64,185,83,Right,3,2,55,60,61,47,61,63,78,81,74,74
1184743,Casper Staring,258870,Casper Staring,NAC Breda,Eredivisie,2001-02-01,25,CDM,64,186,78,Right,3,2,67,37,67,62,62,67,71,72,64,69
1030929,Felix Higl,262838,Felix Higl,Fürth,Bundesliga 2,1997-01-08,29,ST,64,194,83,Left,3,2,54,73,56,38,58,70,80,74,49,71
1180316,Nikolas Agrafiotis,269472,Nikolas Agrafiotis,Wehen Wiesbaden,3. Liga,2000-04-25,26,ST,64,190,87,Right,4,2,68,75,57,57,61,71,82,73,53,73
1366619,Dawid Drachal,271937,Dawid Drachal,Jagiellonia,PKO BP Ekstraklasa,2005-01-31,21,RM,64,182,70,Left,4,3,81,83,71,65,55,68,53,57,35,53
1524069,Sidiki Cherif,277485,Sidiki Chérif,Angers SCO,Ligue 1 McDonald's,2006-12-15,19,ST,64,185,73,Right,3,3,66,71,59,59,62,53,62,65,39,55
1178331,Yassine Benhattab,258196,Yassine Benhattab,FC Nantes,Ligue 1 McDonald's,2002-11-18,23,CAM,64,170,59,Left,3,4,79,75,84,86,48,51,39,47,40,43
1420266,Bailey Cadamarteri,269572,Bailey Cadamarteri,Sheffield Wed,EFL Championship,2005-05-09,21,ST,64,183,76,Right,3,2,78,75,67,66,63,59,62,74,54,60
1665130,Luka Tunjic,73746,Luka Tunjić,Fortuna Sittard,Eredivisie,2005-11-19,20,CAM,64,183,77,Right,3,3,68,69,57,62,63,62,57,57,44,56
906950,Lamine Diaby-Fadiga,244762,Lamine Diaby Fadiga,Raków,PKO BP Ekstraklasa,2001-01-19,25,ST,64,188,82,Left,3,3,64,67,66,54,60,62,77,75,41,66
1617224,Alejo Sarco,71101,Alejo Sarco,Leverkusen,Bundesliga,2006-01-06,20,ST,64,179,76,Left,3,3,78,67,77,78,65,55,68,76,42,60
1417094,Will Lankshear,75272,Will Lankshear,Oxford United,EFL Championship,2005-04-20,21,ST,64,189,85,Right,3,3,61,67,62,66,61,66,75,72,62,70
1414691,Max Alleyne,76250,Max Alleyne,Watford,EFL Championship,2005-07-21,20,CB,64,185,80,Right,3,2,72,75,61,68,61,62,75,75,63,69
1322889,Fernando Romero,254725,Fernando Romero,Ind. Rivadavia,LPF,2000-04-24,26,ST,64,175,84,Right,3,2,57,73,59,64,61,64,71,71,58,67
1640966,Rafael Pinto Pedrosa,72128,Rafael Pinto Pedrosa,Karlsruher SC,Bundesliga 2,2007-09-30,18,RB,64,180,75,Right,3,2,78,72,77,63,60,63,51,62,56,56
1552425,Wouter Prins,72299,Wouter Prins,FC Groningen,Eredivisie,2004-02-06,22,LB,64,173,65,Left,3,2,77,72,73,72,58,68,55,55,72,62
186498,Jayden Stockley,195427,Jayden Stockley,Port Vale,EFL League One,1993-09-15,32,ST,64,188,79,Right,2,2,53,52,52,48,63,76,86,82,74,81
978448,Lamine Gueye,256689,Lamine Gueye,Paris FC,Ligue 1 McDonald's,1998-03-13,28,RM,64,178,74,Right,3,3,70,68,71,72,59,51,56,66,38,52
1213683,Justin Hubner,258926,Justin Hubner,Fortuna Sittard,Eredivisie,2003-09-14,22,CB,64,188,72,Left,3,2,58,57,60,59,57,58,68,68,78,68
1113678,Alex Gilbert,260402,Alex Gilbert,Middlesbrough,EFL Championship,2001-12-28,24,LM,64,183,64,Right,3,3,67,65,70,67,61,61,56,52,54,57
1137726,Lasse Nordås,262732,Lasse Nordås,Luton Town,EFL League One,2002-02-10,24,ST,64,194,82,Left,2,2,75,76,68,57,58,55,79,81,42,66
1386683,Jonas Oehmichen,264168,Jonas Oehmichen,Dynamo Dresden,Bundesliga 2,2004-03-03,22,CAM,64,177,69,Right,3,3,69,67,77,77,62,59,44,43,48,49
1478147,Adama Bojang,277578,Adama Bojang,Stade de Reims,Ligue 2 BKT,2004-05-28,22,ST,64,191,79,Right,3,3,64,71,58,45,63,58,59,67,49,57
1487914,Jarzinho Malanga,73585,Jarzinho Malanga,SV Elversberg,Bundesliga 2,2006-07-10,19,LM,64,179,80,Right,3,3,75,69,74,73,58,62,62,59,38,57
677988,Jack Fitzwater,231139,Jack Fitzwater,Exeter City,EFL League One,1997-09-23,28,CB,64,188,70,Right,3,2,70,58,61,63,66,67,71,74,66,69
1129460,Sebastian Müller,255072,Sebastian Müller,FC Schweinfurt 05,3. Liga,2001-01-23,25,RW,64,180,78,Right,3,2,81,80,82,78,60,60,61,73,40,57
1388477,Salifou Soumah,270971,Salifou Soumah,Malmö FF,Allsvenskan,2003-10-03,22,RW,64,178,74,Left,3,3,77,80,63,68,58,61,59,66,36,55
1327789,Jaydon Banel,272983,Jaydon Banel,Burnley,Premier League,2004-10-19,21,LM,64,172,65,Right,3,3,80,78,76,82,58,51,51,59,29,47
612183,Michael Cheek,72457,Michael Cheek,Bromley FC,EFL League Two,1991-08-23,34,ST,64,185,81,Right,3,2,60,59,55,48,64,83,78,75,50,74
69611,Artur Jedrzejczyk,177790,Artur Jędrzejczyk,Legia Warszawa,PKO BP Ekstraklasa,1987-11-04,38,CB,64,189,86,Right,3,2,33,34,56,61,60,66,80,66,83,76
305200,Onurcan Piri,223174,Onurcan Piri,Kayserispor,Trendyol Süper Lig,1994-09-28,31,GK,64,190,82,Right,2,1,18,20,23,22,58,26,53,46,18,64
992082,Alexandre Phliponeau,248584,Alexandre Phliponeau,ESTAC Troyes,Ligue 2 BKT,2000-01-26,26,CDM,64,180,65,Right,3,2,45,44,56,74,61,73,63,55,61,65
948981,Nils Piwernetz,263307,Nils Piwernetz,FC Schweinfurt 05,3. Liga,2000-04-03,26,LB,64,176,72,Left,2,2,74,69,80,77,55,63,60,69,65,62
1243915,Deniz Dilmen,275624,Deniz Dilmen,Başakşehir,Trendyol Süper Lig,2005-05-06,21,GK,64,198,76,Left,2,1,22,23,21,24,59,25,64,53,16,59
1553362,Aymen Sliti,75535,Aymen Sliti,Feyenoord,Eredivisie,2006-03-24,20,LW,64,175,62,Left,3,3,77,79,85,79,56,54,41,46,48,46
1586559,Rayan Fofana,77633,Rayan Fofana,RC Lens,Ligue 1 McDonald's,2006-02-12,20,ST,64,180,75,Right,3,3,71,77,68,65,60,53,58,67,45,55
1379196,Jones El-Abdellaoui,270860,Jones El-Abdellaoui,Celta,LALIGA EA SPORTS,2006-01-12,20,RM,64,184,72,Right,2,3,81,79,76,64,59,50,44,58,42,46
1515630,Axel Kayombo,278730,Axel Kayombo,SK Sturm Graz,Ö. Bundesliga,2006-02-25,20,LW,64,186,76,Right,3,3,77,73,67,56,55,49,59,57,32,51
1685514,Kyllian Antonio,75319,Kyllian Antonio,RC Lens,Ligue 1 McDonald's,2008-01-04,18,CB,64,183,75,Right,3,2,60,66,54,60,61,57,66,68,59,62
1518938,Lazar Jovanovic,79300,Lazar Jovanović,VfB Stuttgart,Bundesliga,2006-11-30,19,RM,64,184,76,Left,3,3,77,74,78,62,50,52,48,49,34,46
1186249,Oscar Wallin,266176,Oscar Wallin,Peterborough,EFL League One,2001-07-09,24,CB,64,191,82,Right,3,2,65,68,52,46,63,63,74,73,62,69
1106866,Jacen Russell-Rowe,269923,Jacen Russell-Rowe,Columbus Crew,MLS,2002-09-13,23,ST,64,183,73,Right,3,2,72,73,61,59,60,60,75,77,46,66
1526224,Ousmane Touré,278261,Ousmane Touré,LOSC Lille,Ligue 1 McDonald's,2005-02-18,21,CB,64,187,75,Right,2,2,66,75,62,60,62,58,70,68,57,64
1195106,Erik Shuranov,259855,Erik Shuranov,FC Schweinfurt 05,3. Liga,2002-02-22,24,ST,64,184,83,Right,4,3,64,70,61,63,64,50,73,74,61,65
1574548,Hayden Matthews,70192,Hayden Matthews,Portsmouth,EFL Championship,2004-06-01,22,CB,64,195,85,Right,3,2,73,68,72,53,60,75,73,77,62,72
1659455,Leon Robinson,73136,Leon Robinson,Kaiserslautern,Bundesliga 2,2001-07-11,24,CDM,64,186,75,Right,2,2,68,55,47,57,59,65,68,68,60,66
601346,Ryan Sweeney,226116,Ryan Sweeney,Mansfield Town,EFL League One,1997-04-15,29,CB,64,193,87,Left,1,2,51,55,54,62,56,75,85,75,82,81
682381,Joshua Endres,243883,Joshua Endres,FC Schweinfurt 05,3. Liga,1997-03-22,29,LW,64,179,74,Right,3,3,67,65,70,68,64,62,54,54,41,53
1019588,Anthony Roncaglia,262342,Anthony Roncaglia,SC Bastia,Ligue 2 BKT,1999-08-30,26,CB,64,180,70,Right,2,2,40,48,51,63,58,74,75,66,48,69
1189227,Emanuele Pecorino,276572,Emanuele Pecorino,Südtirol,Serie BKT,2001-07-15,24,ST,64,192,87,Left,2,2,41,60,47,42,61,53,80,70,68,70
1637860,Iker Cordoba,74785,Iker Córdoba,CD Mirandés,LALIGA HYPERMOTION,2005-11-11,20,CB,64,190,78,Left,2,2,57,53,49,51,58,58,64,67,68,63
1174844,Jovo Lukic,75209,Jovo Lukić,FC Univ. Cluj,SUPERLIGA,1998-11-28,27,ST,64,190,82,Left,3,2,58,63,51,50,61,67,74,72,60,69
1657810,Nidal Celik,77056,Nidal Čelik,RC Lens,Ligue 1 McDonald's,2006-07-17,19,CB,64,192,80,Right,3,2,52,67,47,45,61,52,81,73,67,71
817097,Sam Stubbs,237341,Sam Stubbs,Shrewsbury,EFL League Two,1998-11-20,27,CB,64,190,87,Right,3,2,56,68,47,48,61,77,80,73,74,78
1520067,Tristan Degreef,263558,Tristan Degreef,RSC Anderlecht,1A Pro League,2005-01-19,21,CAM,64,177,67,Right,3,3,71,65,75,71,51,54,34,40,25,38
891678,Paulinho,274099,Paulinho,SC Oțelul Galați,SUPERLIGA,1999-09-21,26,ST,64,186,78,Right,3,2,62,65,53,60,60,63,76,75,60,70
1561076,Hamza Güreler,70462,Hamza Güreler,Başakşehir,Trendyol Süper Lig,2006-04-10,20,CB,64,192,84,Right,3,2,65,64,40,55,61,55,57,65,61,58
680030,Daniel Cleary,233056,Daniel Cleary,Shamrock Rovers,SSE Airtricity PD,1996-03-09,30,CB,64,182,76,Right,3,2,57,53,45,50,58,72,78,74,74,76
961990,Zech Medley,240334,Zech Medley,Fleetwood Town,EFL League Two,2000-07-07,25,CB,64,195,90,Left,2,2,55,69,53,43,58,62,85,76,64,75
1282001,Fabio Blanco,262954,Fabio Blanco,Vitória SC,Liga Portugal,2004-02-18,22,RM,64,179,71,Right,3,4,67,70,67,69,55,55,43,39,39,45
1164361,Matteo Piacentini,268936,Matteo Piacentini,Cesena,Serie BKT,1999-04-20,27,CB,64,187,80,Right,2,2,59,64,59,61,62,65,72,68,70,70
1623826,Aboubaka Soumahoro,71611,Aboubaka Soumahoro,Hamburger SV,Bundesliga,2005-02-04,21,CB,64,184,71,Left,2,2,52,72,48,60,58,56,71,69,65,66
1235968,Lukas Wallner,266109,Lukas Wallner,FC Hansa Rostock,3. Liga,2003-04-26,23,CB,64,192,78,Left,3,2,66,70,62,52,56,50,75,75,66,67
1385272,Leon Grgic,274527,Leon Grgić,SK Sturm Graz,Ö. Bundesliga,2006-01-22,20,ST,64,189,78,Right,4,2,62,68,65,57,59,52,71,72,51,62
1596106,Francesco Folino,74448,Francesco Folino,Cremonese,Serie A Enilive,2002-01-23,24,CB,64,192,85,Right,3,2,59,62,42,41,58,66,81,75,62,73
722756,Jack Simpson,230882,Jack Simpson,Leyton Orient,EFL League One,1996-12-18,29,CB,64,190,83,Left,3,2,50,50,50,55,62,54,75,69,66,68
1273270,Emmanuel Fernandez,263304,Emmanuel Fernandez,Rangers,Scottish Prem,2001-11-20,24,CB,64,198,84,Right,3,2,56,60,55,51,62,64,86,77,83,79
29569,James Wilson,173734,James Wilson,Cheltenham Town,EFL League Two,1989-02-26,37,CB,64,183,73,Right,3,2,54,45,45,46,60,66,85,67,68,76
468967,Ollie Palmer,219550,Ollie Palmer,Swindon Town,EFL League Two,1992-01-21,34,ST,64,196,92,Right,3,2,46,39,32,34,62,55,91,72,84,80
253121,Paul Gladon,223115,Paul Gladon,Fortuna Sittard,Eredivisie,1992-03-18,34,ST,64,188,83,Right,4,2,52,63,58,54,61,58,76,73,46,65
789508,Tom McIntyre,235028,Tom McIntyre,Bradford City,EFL League One,1998-11-06,27,CB,64,185,73,Left,2,2,45,41,53,59,62,55,72,75,73,68
1188024,Ed Turns,263901,Ed Turns,Exeter City,EFL League One,2002-10-18,23,CB,64,182,76,Left,3,2,61,55,53,61,63,72,75,72,64,72
1318728,Connor O'Riordan,266095,Connor O'Riordan,Doncaster,EFL League One,2003-10-19,22,CB,64,193,84,Right,3,2,55,55,49,41,56,67,83,75,66,75
788495,Robin Ziegele,234861,Robin Ziegele,Jahn Regensburg,3. Liga,1997-03-13,29,CB,64,183,82,Right,3,2,55,76,64,65,56,71,81,74,71,76
1477956,Shio Fukuda,70149,Shio Fukuda,Karlsruher SC,Bundesliga 2,2004-04-08,22,ST,64,178,70,Right,3,3,73,66,85,74,63,55,41,58,35,44
1607371,Lucas Michal,70458,Lucas Michal,AS Monaco,Ligue 1 McDonald's,2005-06-22,21,LM,64,172,61,Right,3,3,76,73,73,79,61,34,41,44,31,37
1659402,Flavio Russo,74504,Flavio Russo,Entella,Serie BKT,2004-08-31,21,ST,64,178,70,Right,3,2,64,60,55,70,60,58,59,63,50,57
1524026,Jack Shepherd,277516,Jack Shepherd,Barnsley,EFL League One,2001-06-24,25,CB,64,189,83,Left,2,2,54,62,51,49,63,70,80,73,63,74
466868,Daniel Graovac,236307,Daniel Graovac,FCSB,SUPERLIGA,1993-08-08,32,CB,64,185,73,Right,3,2,36,38,45,59,63,67,72,64,70,70
1561242,Husseyn Chakroun,72675,Husseyn Chakroun,Hannover 96,Bundesliga 2,2004-11-10,21,LM,64,174,69,Left,4,3,79,73,74,75,62,58,45,48,33,46
1559853,Aliou Thiare,278569,Aliou Thiaré,Dynamo Kyiv,Ukrayina Liha,2003-12-20,22,CB,64,197,83,Left,3,2,51,55,42,32,60,61,83,76,66,74
846006,Andrias Edmundsson,79069,Andrias Edmundsson,Wisła Płock,PKO BP Ekstraklasa,2000-12-18,25,CB,64,193,81,Right,2,2,52,56,47,43,62,55,74,69,65,67
1604509,Guus Offerhaus,79029,Guus Offerhaus,SC Telstar,Eredivisie,2001-01-03,25,CB,64,188,77,Right,2,2,60,59,48,52,62,67,70,69,64,68
1285772,Stan Henderikx,80030,Stan Henderikx,Excelsior,Eredivisie,2003-07-08,22,CB,64,187,79,Left,3,2,64,61,59,65,55,60,68,70,62,65
888809,Mariano Gómez,242532,Mariano Gómez,FC Zürich,Brack Super League,1999-02-05,27,CB,64,194,88,Right,2,2,54,53,48,43,57,82,81,76,56,76
1030646,Gennaro Borrelli,252942,Gennaro Borrelli,Cagliari,Serie A Enilive,2000-03-10,26,ST,64,197,90,Right,2,2,45,56,51,45,56,59,84,74,44,69
1420942,Théo Eyoum,78761,Théo Eyoum,Le Mans FC,Ligue 2 BKT,2002-01-07,24,CB,64,184,80,Right,2,2,55,60,45,56,65,64,70,64,63,67
1081302,Álex Martin,236914,Álex Martín,Córdoba CF,LALIGA HYPERMOTION,1998-01-25,28,CB,64,183,79,Right,3,2,48,34,52,50,62,51,72,68,64,65
534391,Nathan Smith,222625,Nathan Smith,Tranmere Rovers,EFL League Two,1996-04-03,30,CB,64,182,70,Right,3,2,51,53,51,65,62,77,82,82,66,78
619507,William Boyle,224238,William Boyle,Shrewsbury,EFL League Two,1995-09-01,30,CB,64,191,84,Left,3,2,45,43,35,48,60,67,82,72,72,76
1081862,Lucas Zeller,78524,Lucas Zeller,FC Schweinfurt 05,3. Liga,2000-03-14,26,CB,64,194,85,Right,4,2,56,75,45,32,62,59,82,66,59,71
1322580,Yunus Emre Çift,276393,Yunus Emre Çift,Samsunspor,Trendyol Süper Lig,2003-09-01,22,CB,64,185,79,Right,2,2,58,63,46,56,63,67,68,68,65,67
866713,William Bianda,239502,William Bianda,Laval MFC,Ligue 2 BKT,2000-04-30,26,CB,64,185,82,Left,2,2,49,48,35,56,61,53,77,70,69,69
1413963,Jacobo Ramón,70966,Jacobo Ramón,Como,Serie A Enilive,2005-01-05,21,CB,64,196,80,Right,3,2,57,57,55,57,62,62,66,73,51,62
1185235,Sava-Arangel Cestic,258893,Sava-Arangel Čestić,Heracles Almelo,Eredivisie,2001-02-19,25,CB,64,192,87,Right,3,2,37,47,40,36,56,64,90,72,67,78
553778,Enes Mahmutovic,238840,Enes Mahmutović,NAC Breda,Eredivisie,1997-05-22,29,CB,64,191,83,Right,2,2,42,68,44,45,59,60,79,68,68,72
1118195,Luan Patrick,263813,Luan Patrick,Estrela Amadora,Liga Portugal,2002-01-20,24,CB,64,190,73,Right,3,2,53,60,43,56,65,52,55,60,56,55
213066,Kyle McFadzean,173671,Kyle McFadzean,Chesterfield,EFL League Two,1987-02-28,39,CB,64,185,85,Right,2,2,32,31,30,47,63,43,83,59,78,71
298447,Jamie Walker,206565,Jamie Walker,Grimsby Town,EFL League Two,1993-06-25,33,CM,63,175,70,Right,3,3,79,78,84,80,59,72,62,68,81,69
1280142,Matteo Francesconi,72849,Matteo Francesconi,Cesena,Serie BKT,2004-02-11,22,CM,63,183,75,Right,3,2,74,75,68,68,54,76,61,66,63,65
664514,James Brophy,230126,James Brophy,Cambridge Utd,EFL League Two,1994-07-25,31,CM,63,180,72,Left,2,3,82,87,78,69,62,84,66,65,64,70
149895,Jordan Bowery,190239,Jordan Bowery,Mansfield Town,EFL League One,1991-07-02,34,CB,63,187,84,Right,2,3,80,86,64,68,61,82,80,84,61,77
775620,Ben Fox,235216,Ben Fox,Harrogate Town,EFL League Two,1998-02-01,28,CDM,63,175,77,Right,2,2,78,75,75,65,62,82,70,72,65,72
519444,Cameron McGeehan,206089,Cameron McGeehan,Northampton,EFL League One,1995-04-06,31,CAM,63,180,71,Right,3,3,67,67,73,74,63,83,70,68,77,75
575806,Ben Thompson,225310,Ben Thompson,Bromley FC,EFL League Two,1995-10-03,30,CM,63,171,78,Right,3,2,68,69,81,79,66,79,59,73,77,68
1119073,Jamie Jellis,255196,Jamie Jellis,Walsall,EFL League Two,2001-01-12,25,CM,63,174,67,Right,2,3,68,69,75,75,64,80,68,57,77,72
789549,Aaron Lewis,233793,Aaron Lewis,Mansfield Town,EFL League One,1998-06-26,28,CM,63,179,74,Right,4,3,65,65,81,78,63,86,62,62,79,71
1667969,Andre Garcia,74364,Andre Garcia,Reading,EFL League One,2007-11-30,18,LB,63,180,67,Left,2,3,84,85,82,82,58,61,55,71,61,59
564859,Anthony Ribelin,224882,Anthony Ribelin,Le Mans FC,Ligue 2 BKT,1996-04-08,30,RB,63,177,73,Right,3,3,75,72,77,71,52,70,66,72,66,67
1006080,Robbie Gotts,246874,Robbie Gotts,Doncaster,EFL League One,1999-11-09,26,CM,63,173,70,Right,3,3,77,76,82,84,62,82,58,59,65,65
789539,Arthur Read,236818,Arthur Read,Colchester,EFL League Two,1999-11-03,26,CDM,63,178,73,Left,4,2,65,66,76,75,60,87,61,54,63,68
1123529,Tyrese Fornah,251420,Tyrese Fornah,Northampton,EFL League One,1999-09-11,26,CM,63,185,72,Right,3,3,59,65,66,70,60,82,67,64,74,72
467319,Ilmari Niskanen,258953,Ilmari Niskanen,Exeter City,EFL League One,1997-10-27,28,RM,63,177,78,Right,5,3,75,74,76,78,59,71,64,67,53,64
1422736,Karoy Anderson,277346,Karoy Anderson,Charlton Ath,EFL Championship,2004-10-01,21,CM,63,180,76,Right,3,3,69,73,72,72,63,76,67,67,63,68
1399713,Marwan Al-Sahafi,272303,Marwan Al Sahafi,Royal Antwerp FC,1A Pro League,2004-02-17,22,ST,63,179,76,Right,3,3,90,85,79,65,59,63,58,73,55,59
675040,Regan Hendry,227947,Regan Hendry,Mansfield Town,EFL League One,1998-01-21,28,CM,63,176,73,Left,3,2,65,73,76,77,61,84,58,59,56,64
889093,Jacob Italiano,241552,Jacob Italiano,Grazer AK,Ö. Bundesliga,2001-07-30,24,LB,63,177,71,Left,5,3,79,73,79,77,56,63,51,55,61,56
360099,Conor McGrandles,225279,Conor McGrandles,Lincoln City,EFL League One,1995-09-24,30,CDM,63,185,76,Right,3,2,64,65,63,58,60,80,72,66,81,76
697618,Alaa Hajji,231801,Alaa Al Hajji,Neom,ROSHN Saudi League,1995-12-03,30,CM,63,176,72,Right,3,2,67,65,67,68,58,73,62,63,62,65
1076698,Remeao Hutton,240248,Remeao Hutton,Gillingham,EFL League Two,1998-09-28,27,RB,63,175,72,Right,4,2,85,84,82,76,56,86,64,72,69,71
187427,Stephen McLaughlin,202033,Stephen McLaughlin,Mansfield Town,EFL League One,1990-06-14,36,LB,63,178,77,Left,3,3,77,72,71,66,58,70,59,69,60,62
846102,Dean Campbell,238758,Dean Campbell,Northampton,EFL League One,2001-03-19,25,CDM,63,181,71,Left,4,2,69,69,75,78,62,82,61,55,55,65
820641,Niklas Kölle,252263,Niklas Kölle,SSV Ulm 1846,3. Liga,1999-11-17,26,LM,63,181,77,Left,3,2,84,78,73,76,63,70,69,70,63,68
969245,Jack Burroughs,252379,Jack Burroughs,Northampton,EFL League One,2001-03-21,25,RB,63,188,80,Right,5,2,71,72,62,58,60,60,72,74,78,70
1284555,Svit Seslar,72824,Svit Sešlar,Eyüpspor,Trendyol Süper Lig,2002-01-09,24,CAM,63,186,71,Left,4,3,76,68,70,63,60,76,61,70,67,66
720464,Shane McLoughlin,233245,Shane McLoughlin,Cambridge Utd,EFL League Two,1997-03-01,29,RB,63,175,70,Right,3,2,74,77,80,79,59,71,57,63,53,60
867081,Jake Doyle-Hayes,240603,Jake Doyle-Hayes,Exeter City,EFL League One,1998-12-30,27,CM,63,175,68,Right,3,2,66,65,70,72,63,56,61,62,68,61
1197515,Charlie Webster,261390,Charlie Webster,Burton Albion,EFL League One,2004-01-31,22,CM,63,177,67,Right,3,3,70,64,81,66,63,64,59,61,68,62
1055829,Terry Taylor,251592,Terry Taylor,Northampton,EFL League One,2001-06-29,25,CM,63,185,78,Right,3,2,55,58,62,63,62,68,67,64,70,68
1666481,Anto Sekongo,73511,Anto Sekongo,USL Dunkerque,Ligue 2 BKT,2004-06-13,22,CM,63,178,67,Left,4,3,80,71,75,79,59,62,56,63,39,54
261807,Danny Rose,203500,Danny Rose,Grimsby Town,EFL League Two,1993-12-10,32,ST,63,173,72,Right,3,2,80,73,87,80,63,75,60,84,74,68
654084,Kyle Knoyle,229930,Kyle Knoyle,Mansfield Town,EFL League One,1996-09-24,29,RB,63,177,63,Right,3,2,82,82,82,82,57,85,65,80,56,69
938451,Klaidi Lolos,251311,Klaidi Lolos,Peterborough,EFL League One,2000-10-06,25,CAM,63,188,78,Right,3,3,70,68,72,72,62,74,69,68,64,69
1317318,Lucas Calodat,265651,Lucas Calodat,Le Mans FC,Ligue 2 BKT,2002-02-06,24,LB,63,171,64,Left,3,2,78,76,77,86,57,75,60,68,60,64
416104,Ryan Woods,205818,Ryan Woods,Oldham Athletic,EFL League Two,1993-12-13,32,CM,63,174,72,Right,3,3,65,61,77,84,60,72,57,59,72,64
171786,Funso Ojo,184242,Funso Ojo,Port Vale,EFL League One,1991-08-28,34,CM,63,177,71,Right,3,2,62,52,78,71,61,72,67,74,63,68
215804,Elias Kachunga,201514,Elias Kachunga,Cambridge Utd,EFL League Two,1992-04-22,34,RW,63,178,74,Right,2,3,71,71,70,73,63,57,67,73,67,65
469205,Ben Purrington,215855,Ben Purrington,Cambridge Utd,EFL League Two,1996-05-20,30,CB,63,178,73,Left,3,2,72,68,75,76,63,65,72,75,58,68
562891,Liam Kinsella,222405,Liam Kinsella,Cheltenham Town,EFL League Two,1996-02-23,30,CDM,63,175,75,Right,3,2,72,61,84,88,61,90,60,71,78,72
1125748,Jasper Pattenden,270455,Jasper Pattenden,Stevenage,EFL League One,2002-04-15,24,RB,63,167,73,Right,3,3,81,82,91,84,61,63,58,68,52,59
1325210,Kamil Conteh,276438,Kamil Conteh,Bristol Rovers,EFL League Two,2002-12-26,23,CDM,63,177,74,Right,3,3,74,69,82,84,57,82,68,61,73,72
776161,Brandon Hanlan,230897,Brandon Hanlan,Doncaster,EFL League One,1997-05-31,29,ST,63,182,83,Right,3,3,82,85,76,71,59,68,80,83,49,71
872989,George Lloyd,240715,George Lloyd,Shrewsbury,EFL League Two,2000-02-11,26,ST,63,173,63,Right,2,2,82,79,84,87,60,76,69,85,69,72
1089689,Joe White,254135,Joe White,Leyton Orient,EFL League One,2002-10-01,23,CM,63,186,70,Left,3,3,66,65,64,65,60,69,63,62,45,61
911761,Macauley Southam-Hales,223940,Macauley Southam-Hales,Bristol Rovers,EFL League Two,1996-02-02,30,RB,63,175,69,Right,3,3,90,87,77,83,56,62,57,67,36,55
760753,Aaron Nemane,223977,Aaron Nemane,MK Dons,EFL League Two,1997-09-26,28,RB,63,170,62,Right,2,3,88,87,90,90,54,89,34,49,52,52
1101052,Louie Watson,250791,Louie Watson,Crawley Town,EFL League Two,2001-07-06,24,CM,63,176,60,Right,3,3,69,64,69,72,57,71,55,57,56,59
1257558,Zach Booth,278047,Zach Booth,Excelsior,Eredivisie,2004-02-17,22,RM,63,175,70,Right,3,3,71,74,73,63,61,64,60,65,62,62
97194,John Fleck,189177,John Fleck,Chesterfield,EFL League Two,1991-08-24,34,CM,63,170,72,Left,2,3,53,51,69,75,66,40,64,51,75,60
203866,Antoni Sarcevic,200210,Antoni Šarčević,Bradford City,EFL League One,1992-03-13,34,CAM,63,182,78,Right,2,3,44,49,70,68,65,69,73,62,65,70
735234,Max Clark,223981,Max Clark,Gillingham,EFL League Two,1996-01-19,30,LB,63,180,73,Left,2,2,70,71,70,68,58,79,68,68,69,71
1059674,Jesus Alvarez,250992,Jesús Alvarez,SD Huesca,LALIGA HYPERMOTION,1999-11-17,26,CM,63,180,72,Right,3,2,59,60,45,67,62,70,68,68,64,68
1075210,Jack Armer,251312,Jack Armer,Burton Albion,EFL League One,2001-04-16,25,CB,63,185,74,Left,2,2,68,69,58,53,59,82,72,73,62,73
923241,Elliot Bonds,253374,Elliot Bonds,Fleetwood Town,EFL League Two,2000-03-23,26,CDM,63,188,74,Right,4,2,61,68,61,68,58,71,75,67,75,74
1108610,Caleb Watts,257247,Caleb Watts,Plymouth Argyle,EFL League One,2002-01-16,24,CAM,63,173,73,Right,3,3,71,58,82,82,63,65,55,64,75,62
521154,Sullay Kaikai,212493,Sullay Kaikai,Cambridge Utd,EFL League Two,1995-08-26,30,RM,63,182,70,Right,3,3,79,83,78,73,59,51,57,58,37,52
520336,Ben Whitfield,221953,Ben Whitfield,Barrow,EFL League Two,1996-02-28,30,RM,63,170,67,Right,3,3,84,81,91,92,55,70,39,68,49,50
1199668,Ellis Taylor,263990,Ellis Taylor,Harrogate Town,EFL League Two,2003-04-14,23,RM,63,182,72,Left,2,3,74,74,80,67,59,80,58,64,66,65
1639718,Theofanis Bakoulas,74117,Theofanis Bakoulas,Rio Ave FC,Liga Portugal,2005-01-04,21,CDM,63,182,76,Right,3,2,67,65,62,65,60,72,65,67,65,67
1694690,Mario Cantero,75697,Mario Cantero,Burgos CF,LALIGA HYPERMOTION,2002-03-13,24,CM,63,175,65,Right,3,3,61,68,58,80,64,53,49,49,55,51
793609,Jonas Hofmann,244083,Jonas Hofmann,Energie Cottbus,3. Liga,1997-02-07,29,CM,63,173,74,Right,3,2,67,68,76,82,67,71,43,46,71,56
1050813,Mark Kosznovszky,262316,Márk Kosznovszky,Portsmouth,EFL Championship,2002-04-17,24,CM,63,179,66,Right,3,2,65,66,63,68,62,60,59,59,55,58
637199,Leon Guwara,232643,Leon Guwara,Energie Cottbus,3. Liga,1996-06-28,30,LB,63,184,84,Left,2,3,80,80,67,62,60,61,71,77,70,69
1047532,Ronan Darcy,252587,Ronan Darcy,Chesterfield,EFL League Two,2000-11-04,25,CAM,63,177,72,Right,3,3,69,73,77,84,58,81,57,57,40,60
923527,Kerr McInroy,254158,Kerr McInroy,Shelbourne,SSE Airtricity PD,2000-08-31,25,CDM,63,180,78,Left,3,2,47,52,50,56,57,68,70,61,68,69
1237977,Vic Chambaere,263619,Vic Chambaere,R. Union St.-G.,1A Pro League,2003-01-10,23,GK,63,191,77,Right,3,1,42,42,48,50,46,26,58,56,28,62
1288332,Joel Ndala,74956,Joel Ndala,Hull City,EFL Championship,2006-05-31,20,LW,63,178,73,Right,3,3,91,90,87,92,55,62,70,68,45,63
165555,Danny Andrew,190620,Danny Andrew,Exeter City,EFL League One,1990-12-23,35,LB,63,180,72,Left,3,2,53,55,64,59,60,77,71,66,52,68
873017,Keanan Bennetts,241038,Keanan Bennetts,Notts County,EFL League Two,1999-03-09,27,LM,63,181,84,Left,4,3,75,69,70,73,52,54,68,62,45,60
1076696,Armando Dobra,247722,Armando Dobra,Chesterfield,EFL League Two,2001-04-14,25,CAM,63,170,60,Right,3,3,82,81,91,90,60,79,34,46,68,53
1107731,Chem Campbell,254113,Chem Campbell,Stevenage,EFL League One,2002-12-30,23,RW,63,180,72,Right,3,4,70,65,69,72,61,63,65,67,48,61
1346940,Mike Kleijn,271120,Mike Kleijn,Sparta Rotterdam,Eredivisie,2005-02-09,21,LB,63,175,65,Left,3,3,71,62,71,81,63,58,57,68,65,59
188055,Kadeem Harris,197170,Kadeem Harris,Salford City,EFL League Two,1993-06-08,33,LM,63,174,68,Right,3,3,85,82,84,84,61,56,62,61,39,56
961314,Fábio Tavares,251272,Fábio Tavares,Burton Albion,EFL League One,2001-01-22,25,ST,63,180,70,Right,2,3,81,87,70,74,59,66,56,60,44,56
1078844,Elijah Dixon-Bonner,242787,Elijah Dixon-Bonner,QPR,EFL Championship,2001-01-01,25,CM,63,180,75,Right,2,2,62,59,74,79,60,63,57,55,65,60
1289949,Owen Dodgson,264505,Owen Dodgson,Stockport,EFL League One,2003-03-19,23,LB,63,178,70,Left,2,2,66,69,59,66,59,71,65,66,58,65
1307638,Eli King,265658,Eli King,Cardiff City,EFL League One,2002-12-23,23,CDM,63,188,80,Right,3,2,60,59,61,58,61,68,68,65,59,66
1329268,Nils Rossen,266722,Nils Rossen,SC Telstar,Eredivisie,2005-08-01,20,CM,63,181,66,Left,4,3,70,70,64,70,63,54,50,56,55,52
195260,Maxime Hautbois,199705,Maxime Hautbois,Laval MFC,Ligue 2 BKT,1991-01-03,35,GK,63,181,75,Right,2,1,39,49,35,42,56,29,55,55,24,62
1281232,Jakob Napoleon Romsaas,274701,Jakob Napoleon Romsaas,Sp. Charleroi,1A Pro League,2004-05-16,22,ST,63,187,77,Right,3,3,75,78,63,55,54,64,69,69,47,63
1415486,Jordan Thomas,70787,Jordan Thomas,Cheltenham Town,EFL League Two,2001-05-02,25,RM,63,182,70,Left,3,3,81,82,77,76,57,74,53,57,63,60
1536998,Alpha Touré,73485,Alpha Touré,FC Metz,Ligue 1 McDonald's,2006-01-25,20,CDM,63,180,68,Left,3,2,73,59,69,78,54,56,56,60,61,57
1695681,Aladji Bamba,75734,Aladji Bamba,AS Monaco,Ligue 1 McDonald's,2006-07-14,19,CDM,63,194,80,Right,3,2,54,64,52,48,61,62,70,64,61,66
1631364,Uche Obiogumu,79378,Uche Obiogumu,FC Schweinfurt 05,3. Liga,2004-04-27,22,ST,63,189,78,Left,4,2,85,89,68,72,66,63,70,78,55,66
244034,Luke Young,202698,Luke Young,Cheltenham Town,EFL League Two,1993-02-22,33,CDM,63,173,72,Right,2,2,54,49,71,78,60,84,58,61,55,64
1184013,Bandiougou Fadiga,250822,Bandiougou Fadiga,FC Lorient,Ligue 1 McDonald's,2001-01-15,25,CM,63,178,70,Right,3,3,68,65,84,78,63,66,38,44,65,51
1098065,Melih Ibrahimoglu,253491,Melih Ibrahimoglu,Konyaspor,Trendyol Süper Lig,2000-07-17,25,CM,63,175,73,Right,2,3,72,69,70,78,56,66,53,52,51,56
1184443,Felix Strauss,262792,Felix Strauss,Jahn Regensburg,3. Liga,2001-03-26,25,CB,63,186,80,Right,4,2,70,70,65,48,64,76,76,74,74,76
1619435,Omar Sillah,79394,Omar Sillah,Fürth,Bundesliga 2,2003-07-25,22,ST,63,192,77,Right,3,2,81,83,71,70,48,68,80,92,63,74
789590,Ben Killip,213677,Ben Killip,Portsmouth,EFL Championship,1995-11-24,30,GK,63,188,74,Right,3,1,42,44,40,36,58,27,53,55,22,63
1086939,Gavin Kilkenny,243767,Gavin Kilkenny,Swindon Town,EFL League Two,2000-02-01,26,CM,63,170,64,Right,3,2,64,58,81,86,62,79,46,44,63,58
1206309,Bobby Kamwa,247890,Bobby Kamwa,Newport County,EFL League Two,2000-03-18,26,LM,63,183,80,Right,3,3,81,84,66,68,57,78,65,75,61,68
1184206,Erik Ring,258717,Erik Ring,Lincoln City,EFL League One,2002-04-24,24,LM,63,185,74,Right,2,3,79,81,68,71,57,70,73,74,54,69
1248004,Daniil Khudyakov,263961,Daniil Khudyakov,SK Sturm Graz,Ö. Bundesliga,2004-01-09,22,GK,63,194,85,Right,3,1,38,43,36,21,58,20,70,60,23,63
430434,Christy Pym,206555,Christy Pym,Grimsby Town,EFL League Two,1995-04-24,31,GK,63,183,81,Right,4,1,45,40,58,59,59,42,66,62,30,62
575782,Jack Stevens,225342,Jack Stevens,Reading,EFL League One,1997-08-02,28,GK,63,188,77,Right,3,1,39,44,37,55,58,32,62,59,24,62
782802,James Gibbons,235329,James Gibbons,Cambridge Utd,EFL League Two,1998-03-16,28,RB,63,175,74,Right,4,2,70,68,76,81,59,75,58,70,77,67
1187285,Ryan Alebiosu,260142,Ryan Alebiosu,Blackburn Rovers,EFL Championship,2001-12-17,24,RB,63,188,74,Right,3,2,70,65,64,60,57,72,67,68,69,69
1026387,Denis Radu,278006,Denis Radu,FC Petrolul,SUPERLIGA,2003-03-25,23,RB,63,176,72,Right,4,3,78,80,73,71,58,73,61,60,54,63
1330873,Bradley Ibrahim,279124,Bradley Ibrahim,Plymouth Argyle,EFL League One,2004-10-21,21,CDM,63,185,77,Right,2,2,62,66,69,66,60,56,67,63,83,67
1072454,Kevin Höög Jansson,254514,Kevin Höög Jansson,IFK Norrköping,Allsvenskan,2000-09-29,25,CB,63,189,81,Left,3,2,50,54,54,48,54,65,79,71,64,72
1113788,Idris Odutayo,270683,Idris Odutayo,Bromley FC,EFL League Two,2002-10-26,23,LB,63,185,78,Left,2,2,72,74,65,60,60,83,70,71,51,70
1529147,Reno Münz,278750,Reno Münz,Fürth,Bundesliga 2,2005-10-02,20,LB,63,188,81,Left,2,2,68,74,60,62,62,64,71,71,55,66
851868,Abdurrahim Dursun,241688,Abdurrahim Dursun,Gençlerbirliği,Trendyol Süper Lig,1998-12-01,27,LB,63,176,73,Left,3,2,67,72,66,74,60,54,59,59,59,58
883082,George Harmon,252067,George Harmon,Cheltenham Town,EFL League Two,2000-12-08,25,LB,63,180,72,Left,2,2,70,69,53,49,61,68,57,60,56,60
1385176,Cem Üstündag,271002,Cem Üstündag,Kasımpaşa,Trendyol Süper Lig,2001-01-20,25,CDM,63,170,61,Right,2,2,71,64,75,86,59,60,39,53,63,50
1431456,Thomas Waddingham,273082,Thomas Waddingham,Portsmouth,EFL Championship,2005-04-05,21,ST,63,185,75,Left,3,2,75,80,72,68,63,68,72,75,60,69
1520401,Tommy Simkin,276944,Tommy Simkin,Leyton Orient,EFL League One,2004-12-08,21,GK,63,190,82,Right,2,1,44,42,50,28,60,37,60,59,25,61
1641040,Lukas Reich,72130,Lukas Reich,Fürth,Bundesliga 2,2006-10-24,19,RB,63,181,78,Right,2,2,71,73,62,64,57,72,70,65,54,67
1388062,Ramien Safi,73009,Ramien Safi,Rot-Weiss Essen,3. Liga,1999-10-17,26,RM,63,177,71,Left,4,3,81,77,73,71,63,77,49,54,45,55
724611,Ibrahim Koné,190700,Ibrahim Koné,US Boulogne,Ligue 2 BKT,1989-12-05,36,GK,63,190,89,Right,2,1,35,41,36,42,59,31,80,66,31,67
1039807,Alexandre Lauray,248357,Alexandre Lauray,Le Mans FC,Ligue 2 BKT,1997-03-18,29,CDM,63,175,64,Right,2,2,67,69,59,76,60,68,55,56,58,59
1130788,Fin Stevens,259766,Fin Stevens,FC St. Pauli,Bundesliga,2003-04-10,23,RB,63,179,73,Right,3,2,63,62,69,73,62,61,62,58,66,62
1301633,Emirhan Ilkhan,266257,Emirhan İlkhan,Torino,Serie A Enilive,2004-06-01,22,CM,63,175,68,Right,3,3,68,64,73,77,56,52,33,43,59,43
1248672,Elias Manoel,271195,Elias Manoel,Santa Clara,Liga Portugal,2001-11-30,24,ST,63,176,73,Right,3,3,90,87,78,84,53,75,76,78,46,70
256599,Sam Walker,200525,Sam Walker,Bradford City,EFL League One,1991-10-02,34,GK,63,198,85,Right,2,1,40,45,32,38,60,37,63,59,27,61
259375,Mike van Duinen,205603,Mike van Duinen,Excelsior,Eredivisie,1991-11-06,34,ST,63,185,75,Right,4,3,53,56,66,62,58,46,73,69,66,65
637939,Lucas Röser,238694,Lucas Röser,SSV Ulm 1846,3. Liga,1993-12-28,32,ST,63,184,80,Right,3,3,68,79,67,69,60,62,73,72,54,66
801707,George McEachran,241160,George McEachran,Grimsby Town,EFL League Two,2000-08-30,25,CDM,63,172,66,Left,3,3,69,53,87,87,60,80,37,40,66,54
1184220,Owura Edwards,258627,Owura Edwards,Colchester,EFL League Two,2001-04-10,25,LM,63,168,67,Right,3,3,90,90,81,82,53,70,34,49,40,45
1382008,Sanoussy Ba,269875,Sanoussy Ba,Braunschweig,Bundesliga 2,2004-01-05,22,RB,63,184,74,Left,5,2,75,76,68,66,54,56,58,56,62,58
1520593,Jonah Sticker,275262,Jonah Sticker,SC Paderborn 07,Bundesliga 2,2004-05-08,22,LB,63,180,75,Right,2,2,71,72,72,67,61,62,64,69,62,63
1581744,Hamidou Makalou,77829,Hamidou Makalou,Stade Brestois 29,Ligue 1 McDonald's,2006-07-15,19,CDM,63,164,58,Right,3,2,60,58,78,79,54,64,44,40,58,52
692810,Yhoan Andzouana,231526,Yhoan Andzouana,Konyaspor,Trendyol Süper Lig,1996-12-13,29,LM,63,179,70,Right,3,3,77,74,71,71,59,58,61,60,38,56
1336743,Daniel Kanu,267941,Daniel Kanu,Walsall,EFL League Two,2004-11-14,21,ST,63,181,74,Right,3,2,71,79,71,71,70,70,66,67,56,65
1357426,Niklas Niehoff,276165,Niklas Niehoff,Holstein Kiel,Bundesliga 2,2004-08-20,21,RM,63,188,79,Right,3,2,75,81,72,67,57,57,65,71,37,58
1217743,Aurelio Oehlers,79040,Aurelio Oehlers,FC Volendam,Eredivisie,2004-02-05,22,LM,63,170,68,Right,3,3,84,80,74,68,59,51,61,61,38,54
253344,Seán Gannon,203095,Sean Gannon,Shelbourne,SSE Airtricity PD,1991-07-11,34,RB,63,185,73,Right,3,2,54,59,62,55,60,70,68,65,63,67
1457823,Justin Kalumba,275024,Justin Kalumba,Angers SCO,Ligue 1 McDonald's,2004-12-25,21,LM,63,182,75,Left,2,3,70,63,74,64,55,53,52,54,58,54
1656600,Ayoub Oufkir,74460,Ayoub Oufkir,Sparta Rotterdam,Eredivisie,2006-01-04,20,RM,63,170,66,Left,3,3,80,77,73,81,48,48,47,50,43,47
110184,Dion Malone,210205,Dion Malone,SC Telstar,Eredivisie,1989-02-13,37,CB,63,185,85,Right,3,2,56,62,50,49,61,63,75,68,75,72
767794,Manuel Wintzheimer,243378,Manuel Wintzheimer,FC Schweinfurt 05,3. Liga,1999-01-10,27,ST,63,180,78,Right,5,2,71,54,73,71,63,70,70,74,57,68
1022849,Scott Banks,255312,Scott Banks,Blackpool,EFL League One,2001-09-26,24,RM,63,183,74,Left,4,3,76,76,65,68,55,67,58,63,34,56
1350982,Samuel Kotto,272930,Samuel Kotto,KAA Gent,1A Pro League,2003-09-03,22,CB,63,190,84,Left,2,2,68,71,65,47,54,65,85,79,80,79
1632788,Rayan Bamba,71778,Rayan Bamba,AS Nancy Lorraine,Ligue 2 BKT,2004-05-14,22,RB,63,185,75,Right,3,2,71,74,60,62,56,68,60,68,57,62
1388160,Jakob Schöller,72722,Jakob Schöller,SK Rapid,Ö. Bundesliga,2005-12-09,20,CB,63,190,80,Right,2,2,84,86,65,58,57,60,75,84,57,68
1532192,Max Marie,73008,Max Marie,Braunschweig,Bundesliga 2,2004-10-02,21,CAM,63,180,73,Right,4,3,68,70,72,73,59,64,54,49,42,54
1510458,Jeremy Oyono,74304,Jérémy Oyono,Frosinone,Serie BKT,2001-04-12,25,RB,63,178,74,Right,3,2,66,70,61,62,56,76,57,59,61,63
1670614,Isaac James,74567,Isaac James,FC Alverca,Liga Portugal,2004-08-28,21,LB,63,183,75,Left,2,3,63,68,55,62,62,56,77,69,60,68
1243495,Federico Artioli,73933,Federico Artioli,Mantova,Serie BKT,2001-06-12,25,CDM,63,178,74,Right,3,2,60,50,67,67,57,81,54,52,60,62
664440,João Oliveira,228875,João Oliveira,Arka Gdynia,PKO BP Ekstraklasa,1996-01-06,30,LW,63,177,69,Right,3,3,76,73,67,65,45,67,53,55,43,55
787216,Harvey Rodgers,229087,Harvey Rodgers,Grimsby Town,EFL League Two,1996-10-20,29,CB,63,188,79,Right,3,2,65,67,56,56,62,81,74,73,64,74
1081233,Luca Hoole,258606,Luca Hoole,Shrewsbury,EFL League Two,2002-06-02,24,RB,63,180,70,Right,2,2,74,70,65,66,57,75,68,74,59,68
1337351,Hayate Matsuda,72674,Hayate Matsuda,Hannover 96,Bundesliga 2,2003-10-02,22,LB,63,173,70,Left,2,2,84,87,83,82,60,75,34,48,49,48
295061,Jordan Willis,206524,Jordan Willis,Northampton,EFL League One,1994-08-24,31,CB,63,180,79,Right,2,2,68,69,71,68,62,63,77,77,64,71
885319,Ewan Henderson,243643,Ewan Henderson,Wycombe,EFL League One,2000-03-27,26,CAM,63,186,68,Right,3,3,60,57,64,60,61,65,53,51,50,55
1019565,Jan Boller,247409,Jan Boller,SSV Ulm 1846,3. Liga,2000-03-14,26,CB,63,185,71,Right,5,2,52,63,63,60,54,67,75,70,63,70
1204282,Robert Street,260723,Robert Street,Lincoln City,EFL League One,2001-09-26,24,ST,63,188,78,Right,3,2,66,68,56,60,63,67,78,77,73,74
1362393,Tristan van Gilst,268803,Tristan van Gilst,Heracles Almelo,Eredivisie,2003-02-18,23,CAM,63,183,72,Right,2,3,76,74,74,62,58,64,62,71,39,58
1385647,Baran Mogultay,269996,Baran Mogultay,Alanyaspor,Trendyol Süper Lig,2004-05-01,22,LB,63,181,70,Left,4,2,69,74,66,66,60,64,54,50,61,58
1329813,Will Alves,271218,Will Alves,Huddersfield,EFL League One,2005-05-04,21,LM,63,179,74,Right,4,3,68,63,67,67,58,52,51,55,50,51
1117055,Oliwier Zych,271411,Oliwier Zych,Raków,PKO BP Ekstraklasa,2004-06-28,22,GK,63,193,86,Right,3,1,17,31,29,24,52,25,62,52,20,64
1533556,James Dornelly,71960,James Dornelly,Peterborough,EFL League One,2005-04-14,21,RB,63,175,65,Right,2,2,75,74,72,79,57,70,54,57,56,59
780282,Harry Smith,236025,Harry Smith,Swindon Town,EFL League Two,1995-05-18,31,ST,63,196,85,Right,3,2,50,52,33,33,60,75,91,79,84,85
950831,Ryan Johansson,255337,Ryan Johansson,Wehen Wiesbaden,3. Liga,2001-02-12,25,LM,63,184,75,Right,3,3,56,65,56,71,64,64,57,52,54,58
1012784,Daan Reiziger,261755,Daan Reiziger,SC Telstar,Eredivisie,2001-06-18,25,GK,63,184,68,Right,3,1,33,32,31,43,64,28,59,54,23,61
1350255,Sebastian Figueredo,267698,Sebastián Figueredo,CD Leganés,LALIGA HYPERMOTION,2001-08-25,24,RB,63,180,72,Right,2,2,66,75,69,67,53,71,59,57,62,63
1067265,Giorgi Abuashvili,277979,Giorgi Abuashvili,FC Metz,Ligue 1 McDonald's,2003-02-08,23,LM,63,175,72,Right,3,3,74,71,80,73,49,68,57,55,53,59
1411552,Zack Nelson,279042,Zack Nelson,Luton Town,EFL League One,2005-04-21,21,LM,63,181,74,Right,3,3,70,68,64,65,61,56,58,64,40,54
1437580,Kasper Davidsen,73125,Kasper Davidsen,Holstein Kiel,Bundesliga 2,2005-01-25,21,CDM,63,191,83,Right,3,2,62,62,55,57,62,75,78,62,63,73
1413853,Kaye Furo,75452,Kaye Furo,Club Brugge,1A Pro League,2007-02-06,19,ST,63,190,80,Right,4,2,66,76,58,54,57,57,76,77,60,68
1210310,Iker Recio,260692,Iker Recio,Cádiz CF,LALIGA HYPERMOTION,2001-01-17,25,CB,63,185,80,Left,3,2,66,66,46,60,54,68,73,74,60,69
1096396,Lucas Bergström,261375,Lucas Bergström,RCD Mallorca,LALIGA EA SPORTS,2002-09-05,23,GK,63,205,82,Right,2,1,26,34,35,30,54,25,65,55,25,62
1211647,Dylan Williams,264115,Dylan Williams,Burton Albion,EFL League One,2003-09-13,22,LB,63,178,66,Left,2,2,65,69,66,73,60,65,54,57,59,58
1533543,Cian Ashford,70026,Cian Ashford,Cardiff City,EFL League One,2004-09-24,21,RM,63,179,72,Right,3,3,77,76,73,75,63,61,57,68,54,58
1644174,Benjamin Boakye,72420,Benjamin Boakye,Arminia Bielefeld,Bundesliga 2,2005-03-07,21,RM,63,180,78,Right,3,3,82,81,71,73,59,63,51,56,39,52
1290345,Melih Bostan,74402,Melih Bostan,Konyaspor,Trendyol Süper Lig,2004-04-08,22,ST,63,173,65,Right,3,3,70,72,66,80,61,67,57,60,39,56
1586552,Chema Andres,75056,Chema Andrés,VfB Stuttgart,Bundesliga,2005-04-25,21,CDM,63,190,82,Right,3,2,57,59,57,61,62,57,66,67,63,63
1705134,Robinio Vaz,76410,Robinio Vaz,OM,Ligue 1 McDonald's,2007-02-17,19,ST,63,186,75,Right,3,3,78,79,76,58,63,46,60,75,51,55
633721,Nicholas Mickelson,246858,Nicholas Mickelson,SV Elversberg,Bundesliga 2,1999-07-24,26,RB,63,185,80,Right,4,2,72,73,66,56,57,74,70,71,55,68
1199360,Franco Carboni,270485,Franco Carboni,Empoli,Serie BKT,2003-04-04,23,LB,63,190,76,Left,2,2,63,61,50,60,61,66,65,68,61,65
1418942,Dani Pérez,272487,Dani Pérez,Real Betis,LALIGA EA SPORTS,2005-07-26,20,CM,63,173,64,Right,4,3,61,52,80,81,55,52,36,37,59,45
1233935,Makan Aiko,72891,Makan Aïko,Fortuna Sittard,Eredivisie,2001-01-07,25,ST,63,180,70,Right,3,3,74,83,68,72,62,68,52,72,34,53
1664759,Nathan De Cat,73921,Nathan De Cat,RSC Anderlecht,1A Pro League,2008-07-19,17,CDM,63,192,73,Right,3,2,64,59,58,69,60,72,66,68,62,67
873853,Marcos Lavín,240791,Marcos Lavín,USL Dunkerque,Ligue 2 BKT,1996-09-02,29,GK,63,190,79,Right,3,1,31,31,26,38,57,18,57,53,25,63
1286796,Jovon Makama,263115,Jovon Makama,Norwich,EFL Championship,2004-04-02,22,ST,63,195,89,Right,3,2,73,68,64,61,59,60,83,83,53,71
1286941,Will Jarvis,263840,Will Jarvis,Notts County,EFL League Two,2002-12-17,23,LW,63,185,65,Right,4,3,76,74,79,66,58,60,57,65,42,55
1174485,Dale Taylor,265468,Dale Taylor,Blackpool,EFL League One,2003-12-12,22,ST,63,185,71,Right,2,2,75,70,69,74,64,62,58,67,57,59
1199868,Sonny Perkins,266074,Sonny Perkins,Leyton Orient,EFL League One,2004-02-10,22,RM,63,189,73,Left,4,3,67,69,68,64,61,64,56,62,49,57
1434603,Irakli Yegoian,275982,Irakli Yegoian,Excelsior,Eredivisie,2004-03-19,22,CAM,63,168,60,Right,3,3,59,70,67,84,59,54,40,38,49,45
1696023,Gonzalo Pastor,75751,Gonzalo Pastor,FC Famalicão,Liga Portugal,2006-03-20,20,RM,63,172,65,Right,3,3,66,67,59,71,59,55,47,44,50,49
127638,Nathan Thompson,192695,Nathan Thompson,MK Dons,EFL League Two,1990-11-09,35,CB,63,177,80,Right,2,2,60,66,74,83,61,39,78,82,67,66
791427,Cameron McJannet,236465,Cameron McJannet,Grimsby Town,EFL League Two,1998-09-06,27,CB,63,180,74,Left,3,2,54,54,60,65,60,76,76,71,62,73
1073484,Paul-Philipp Besong,251224,Paul-Philipp Besong,SSV Ulm 1846,3. Liga,2000-10-06,25,ST,63,184,93,Right,3,3,73,81,69,76,58,44,78,80,56,65
964374,Danilo Orsi,262831,Danilo Orsi,AFC Wimbledon,EFL League One,1996-04-19,30,ST,63,188,73,Right,3,3,71,73,70,69,61,82,71,76,29,66
1302715,Martial Godo,271940,Martial Godo,Strasbourg,Ligue 1 McDonald's,2003-03-14,23,RM,63,169,61,Right,4,3,77,70,75,78,55,60,37,49,53,47
1515220,Amady Camara,279130,Amady Camara,FC Nantes,Ligue 1 McDonald's,2005-05-28,21,ST,63,180,73,Left,3,2,74,74,71,69,59,70,66,71,43,63
926293,Kaj de Rooij,70545,Kaj de Rooij,PEC Zwolle,Eredivisie,2000-11-25,25,LM,63,184,75,Right,3,3,68,74,63,59,58,53,60,54,54,57
1536963,Pape Sy,73929,Pape Sy,FC Metz,Ligue 1 McDonald's,1997-05-02,29,GK,63,206,91,Right,2,1,24,33,20,25,61,27,78,62,31,60
1183999,Yahya Kalley,258477,Yahya Kalley,IFK Norrköping,Allsvenskan,2001-03-20,25,LB,63,185,75,Left,2,2,73,75,71,71,59,69,59,64,58,62
1289641,Axel Camblan,264512,Axel Camblan,Clermont Foot 63,Ligue 2 BKT,2003-08-30,22,LW,63,168,60,Right,3,3,79,73,88,87,56,46,34,49,47,40
1583872,Buba Sangaré,279200,Buba Sangaré,AS Roma,Serie A Enilive,2007-08-06,18,RB,63,177,67,Right,3,2,64,63,64,68,62,50,47,55,61,51
1135808,Mahmoud Jaber,70885,Mahmoud Jaber,AS Saint-Étienne,Ligue 2 BKT,1999-10-05,26,CM,63,182,67,Right,2,2,68,66,57,73,51,60,58,57,53,57
1257829,Jonas Dirkner,262297,Jonas Dirkner,FC Hansa Rostock,3. Liga,2002-07-15,23,CDM,63,181,70,Right,3,2,58,54,68,68,64,63,59,60,61,60
1273493,Donny Bogicevic,276320,Donny Bogićević,Wehen Wiesbaden,3. Liga,2001-10-08,24,CAM,63,186,80,Right,4,3,63,63,59,54,64,58,67,55,52,61
1585825,Severin Nioule,277285,Severin Nioule,BK Häcken,Allsvenskan,2005-04-07,21,LM,63,175,70,Right,3,3,85,92,83,75,51,60,49,53,30,48
561817,Mohamed Hamdaoui,223696,Mohamed Hamdaoui,SC Telstar,Eredivisie,1993-06-10,33,ST,63,170,65,Right,3,3,77,72,79,83,65,56,41,54,35,44
1003285,Joel Senior,251006,Joel Senior,Bristol Rovers,EFL League Two,1999-06-24,27,RB,63,181,70,Right,2,2,71,69,74,73,58,81,60,65,55,65
961355,Eros Maddy,255216,Eros Maddy,Laval MFC,Ligue 2 BKT,2001-02-05,25,RM,63,177,71,Right,3,3,87,82,79,72,60,52,50,55,42,49
623713,Rushian Hepburn-Murphy,228148,Rushian Hepburn-Murphy,MK Dons,EFL League Two,1998-08-28,27,ST,63,173,65,Right,3,3,91,90,82,80,59,47,34,61,40,40
1392758,Igor Miladinovic,74326,Igor Miladinović,AS Saint-Étienne,Ligue 2 BKT,2003-06-08,23,CAM,63,166,59,Right,3,3,81,72,88,73,43,33,32,46,46,36
1692879,Oumar Camara,80025,Oumar Camara,Vitória SC,Liga Portugal,2007-05-11,19,RW,63,186,72,Right,2,3,75,74,58,58,63,59,57,57,30,52
1326195,Harrison Neal,270491,Harrison Neal,Fleetwood Town,EFL League Two,2001-12-05,24,CDM,63,180,70,Right,2,2,39,46,48,52,60,81,66,56,71,70
1286945,James Carragher,264305,James Carragher,Wigan Athletic,EFL League One,2002-11-11,23,RB,63,192,87,Right,2,2,66,70,55,54,61,58,75,74,56,67
1137393,Charlie McNeill,268435,Charlie McNeill,Sheffield Wed,EFL Championship,2003-09-09,22,ST,63,182,70,Right,4,2,71,68,72,75,60,62,63,65,48,60
1111678,Cian Hayes,260669,Cian Hayes,Peterborough,EFL League One,2003-06-21,23,RM,63,168,73,Left,2,3,80,80,89,82,58,74,37,45,37,47
1288512,Niek Schiks,272769,Niek Schiks,PSV,Eredivisie,2004-02-03,22,GK,63,188,73,Left,2,1,16,22,29,39,58,25,51,45,18,64
932160,Thierry Gale,277986,Thierry Gale,Bolton,EFL League One,2002-05-01,24,LW,63,168,58,Right,3,4,78,83,74,84,51,61,33,45,35,41
1684420,Artem Stepanov,74749,Artem Stepanov,1. FC Nürnberg,Bundesliga 2,2007-08-10,18,ST,63,192,88,Right,3,2,68,66,51,60,54,55,80,78,56,69
872726,Mete Kaan Demir,239333,Mete Kaan Demir,Eyüpspor,Trendyol Süper Lig,1998-05-13,28,LW,63,170,66,Left,3,3,78,79,69,71,51,59,40,47,39,45
902279,Luke Offord,241828,Luke Offord,MK Dons,EFL League Two,1999-11-19,26,CB,63,183,80,Right,3,2,66,64,65,57,59,79,73,81,63,73
1557032,Marco Esteban,277421,Marco Esteban,R. Oviedo,LALIGA EA SPORTS,2006-08-30,19,CB,63,183,75,Right,3,2,64,65,56,59,60,57,64,68,65,63
1665407,Don-Angelo Konadu,75690,Don-Angelo Konadu,Ajax,Eredivisie,2006-05-03,20,ST,63,190,77,Right,3,2,71,74,67,78,63,58,68,73,32,59
1646943,Patrice Covic,76111,Patrice Čović,SV Werder Bremen,Bundesliga,2007-06-25,19,CAM,63,176,68,Right,3,3,73,66,75,76,62,53,30,40,37,38
1280025,Grant-Leon Ranos,276358,Grant-Leon Ranos,M'gladbach,Bundesliga,2003-07-20,22,ST,63,180,73,Right,3,2,65,60,71,66,57,57,64,65,30,56
1737700,Lennart Karl,78063,Lennart Karl,FC Bayern München,Bundesliga,2008-02-22,18,CAM,63,168,67,Left,3,4,70,68,77,88,58,55,29,42,33,37
161632,Will Grigg,194122,Will Grigg,Chesterfield,EFL League Two,1991-07-03,34,ST,63,180,70,Right,3,2,64,52,66,68,64,62,67,69,51,63
1394403,Bobby Wales,272736,Bobby Wales,Swansea City,EFL Championship,2005-06-23,21,ST,63,185,64,Right,3,2,75,80,62,64,61,59,65,74,44,60
1165023,Fran González,278394,Fran González,Real Madrid,LALIGA EA SPORTS,2005-06-24,21,GK,63,199,72,Right,3,1,16,19,33,56,60,25,66,53,20,63
181624,Tom Flanagan,194785,Tom Flanagan,Colchester,EFL League Two,1991-10-21,34,CB,63,188,76,Right,3,2,50,50,52,46,60,74,79,71,76,77
1338846,Sota Kitano,267881,Sota Kitano,RB Salzburg,Ö. Bundesliga,2004-08-13,21,CAM,63,172,60,Right,3,3,69,62,67,85,62,56,51,60,44,51
1668016,Eric Puerto,279897,Eric Puerto,RC Deportivo,LALIGA HYPERMOTION,2002-10-28,23,GK,63,185,80,Right,3,1,15,18,22,43,60,19,48,42,20,58
1647807,Oskar Pietuszewski,75754,Oskar Pietuszewski,Jagiellonia,PKO BP Ekstraklasa,2008-05-20,18,LM,63,179,68,Right,2,3,78,79,78,70,56,59,51,55,33,50
1408529,Diego Murillo,73452,Diego Murillo,Málaga CF,LALIGA HYPERMOTION,2001-03-14,25,RB,63,182,78,Right,3,2,60,60,48,60,61,66,65,67,62,65
1614832,Trevis Dago,276324,Trévis Dago,LOSC Lille,Ligue 1 McDonald's,2005-01-21,21,ST,63,183,76,Right,3,3,71,77,70,66,58,56,63,72,48,59
1244809,Teddy Bouriaud,234537,Teddy Bouriaud,AS Nancy Lorraine,Ligue 2 BKT,1997-01-03,29,CDM,63,175,66,Left,3,3,65,60,63,77,60,46,33,37,57,41
1224181,Youssuf Sylla,261358,Youssuf Sylla,Jagiellonia,PKO BP Ekstraklasa,2002-12-19,23,ST,63,191,90,Right,3,2,56,69,40,47,58,59,88,77,49,72
1342790,Marvel,274486,Marvel,CD Leganés,LALIGA HYPERMOTION,2003-01-07,23,CB,63,184,75,Left,3,2,61,67,50,57,61,52,77,71,75,70
1699296,Rayane Bounida,76944,Rayane Bounida,Ajax,Eredivisie,2006-03-03,20,LW,63,179,62,Right,4,4,69,71,80,70,52,38,34,35,36,35
507303,Ryan Johnson,220956,Ryan Johnson,AFC Wimbledon,EFL League One,1996-10-02,29,CB,63,188,85,Left,2,2,66,71,61,57,60,72,76,75,63,72
1404077,Sebastian Otoa,271882,Sebastian Otoa,Genoa,Serie A Enilive,2004-05-13,22,CB,63,188,75,Right,3,2,59,66,47,55,64,65,65,64,61,64
1523209,Ibou Sané,278119,Ibou Sané,FC Metz,Ligue 1 McDonald's,2005-03-28,21,ST,63,180,72,Right,4,2,67,75,57,66,57,54,58,67,31,52
1515122,Arjan Malic,73113,Arjan Malić,SK Sturm Graz,Ö. Bundesliga,2005-08-28,20,RB,63,186,76,Right,3,2,59,65,60,56,62,68,71,68,53,67
1558461,Findlay Curtis,76784,Findlay Curtis,Rangers,Scottish Prem,2006-10-01,19,LW,63,180,66,Right,3,3,61,65,58,63,64,44,47,41,39,44
1337791,Yosuke Furukawa,265797,Yosuke Furukawa,SV Darmstadt 98,Bundesliga 2,2003-07-16,22,LM,63,174,65,Right,3,3,71,70,85,81,68,55,40,40,40,44
1181595,Riccardo Tonin,73138,Riccardo Tonin,Pescara,Serie BKT,2001-01-30,25,ST,63,180,79,Right,3,2,68,67,64,66,55,55,54,63,34,51
1665435,Sergi Dominguez,74544,Sergi Domínguez,Dinamo Zagreb,Liga Hrvatska,2005-04-01,21,CB,63,188,78,Right,3,2,54,61,41,46,58,54,73,69,61,66
658364,Conor McCarthy,229771,Conor McCarthy,Northampton,EFL League One,1998-04-11,28,CB,63,193,89,Right,3,2,55,53,51,41,58,69,80,74,63,74
1712125,Dani Diaz,78014,Dani Díaz,Real Sociedad B,LALIGA HYPERMOTION,2006-06-22,20,RM,63,165,58,Left,3,3,65,73,76,84,59,48,35,35,45,40
738061,Andre Becker,257236,André Becker,SSV Ulm 1846,3. Liga,1996-07-26,29,ST,63,197,92,Left,4,2,53,52,54,33,62,67,91,79,49,76
731652,Ahmet Sagat,276394,Ahmet Sağat,Kocaelispor,Trendyol Süper Lig,1996-05-27,30,ST,63,187,82,Right,5,2,65,68,52,51,63,64,68,70,28,59
1523327,Fares Ghedjemis,279877,Farès Ghedjemis,Frosinone,Serie BKT,2002-09-06,23,RW,63,183,75,Left,3,3,68,67,61,68,58,51,34,43,31,38
1055824,Seid Korac,274130,Seid Korać,Venezia,Serie BKT,2001-10-20,24,CB,63,191,88,Right,3,2,55,51,48,45,56,62,79,72,74,73
1668969,Gabriel Otegbayo,73759,Gabriel Otegbayo,Sheffield Wed,EFL Championship,2005-02-11,21,CB,63,188,79,Right,3,2,62,58,47,56,62,78,69,69,60,69
1298186,Redouane Halhal,264657,Redouane Halhal,KV Mechelen,1A Pro League,2003-03-05,23,CB,63,187,79,Right,3,2,57,61,55,60,55,50,76,69,55,65
1330204,Arif Kocaman,271754,Arif Kocaman,Kayserispor,Trendyol Süper Lig,2003-09-14,22,CB,63,184,72,Left,2,2,40,52,53,61,62,66,59,54,71,63
1487935,Yvann Titi,278282,Yvann Titi,ESTAC Troyes,Ligue 2 BKT,2006-05-05,20,RB,63,188,76,Right,2,2,57,59,48,70,58,63,55,61,51,57
961324,Jasper Moon,256473,Jasper Moon,Burton Albion,EFL League One,2000-11-24,25,CB,63,186,77,Right,3,2,57,62,49,57,61,80,72,69,61,72
1685496,Sékou Doucouré,75316,Sékou Doucouré,FC Nantes,Ligue 1 McDonald's,2005-04-26,21,CB,63,187,79,Right,3,2,50,68,48,55,57,59,64,65,58,62
1193997,Elkan Baggott,260798,Elkan Baggott,Ipswich,EFL Championship,2002-10-23,23,CB,63,194,86,Left,3,2,56,53,43,36,60,66,81,76,59,73
866148,Jordy Gillekens,256519,Jordy Gillekens,Wehen Wiesbaden,3. Liga,2000-02-18,26,CB,63,187,81,Right,3,2,57,64,55,48,59,47,72,71,68,65
1444197,Fabio Ruggeri,279228,Fabio Ruggeri,Carrarese Calcio,Serie BKT,2004-12-13,21,CB,63,180,75,Right,3,2,46,51,37,65,59,60,54,56,61,57
846291,Tim Campulka,243534,Tim Campulka,Energie Cottbus,3. Liga,1999-04-28,27,CB,63,186,76,Right,3,2,32,41,63,60,61,63,72,62,59,67
570777,Ben Heneghan,200742,Ben Heneghan,Port Vale,EFL League One,1993-09-19,32,CB,63,191,79,Right,3,2,34,50,43,36,61,53,82,68,65,71
648611,Lee Grace,231303,Lee Grace,Shamrock Rovers,SSE Airtricity PD,1992-12-01,33,CB,63,186,83,Right,3,2,34,38,39,33,60,45,72,63,65,63
181243,Niall Canavan,187154,Niall Canavan,Barrow,EFL League Two,1991-04-11,35,CB,63,191,80,Left,2,2,34,37,35,37,64,75,82,76,63,76
1288279,George Hall,266155,George Hall,Port Vale,EFL League One,2004-07-15,21,CM,62,178,70,Right,3,3,84,90,78,80,57,65,61,72,72,65
564531,Myles Hippolyte,244322,Myles Hippolyte,AFC Wimbledon,EFL League One,1994-11-09,31,CM,62,183,74,Left,4,3,82,82,68,64,62,73,73,63,61,70
480753,Reece Brown,219259,Reece Brown,Crawley Town,EFL League Two,1996-03-03,30,CM,62,175,78,Right,4,3,81,76,82,81,61,71,60,67,57,63
1184673,Samson Tovide,258749,Samson Tovide,Colchester,EFL League Two,2004-01-04,22,ST,62,188,78,Left,2,3,82,81,74,67,58,75,81,84,83,80
199190,Ollie Clarke,193608,Ollie Clarke,Swindon Town,EFL League Two,1992-06-29,34,CM,62,180,75,Right,4,2,62,67,59,75,62,75,74,78,77,75
1050300,Max Anderson,262363,Max Anderson,Crawley Town,EFL League Two,2001-05-17,25,CM,62,175,70,Right,3,2,74,78,78,80,57,82,59,61,81,69
1218557,Gibson Yah,79397,Gibson Yah,FC Volendam,Eredivisie,2003-09-27,22,CM,62,192,78,Right,3,2,74,70,63,67,58,61,79,79,58,70
1081014,Jaheim Headley,258491,Jaheim Headley,Port Vale,EFL League One,2001-09-24,24,LB,62,175,65,Left,2,3,89,84,75,82,53,72,67,72,59,67
1113728,Tommy Leigh,263371,Tommy Leigh,Bradford City,EFL League One,2000-04-13,26,CAM,62,185,75,Right,3,3,69,72,68,65,59,81,70,71,58,70
621849,Ronan Curtis,228111,Ronan Curtis,Port Vale,EFL League One,1996-03-29,30,LM,62,182,77,Right,4,4,73,75,75,62,56,76,68,71,83,73
663027,Ryan Broom,229123,Ryan Broom,Cheltenham Town,EFL League Two,1996-09-04,29,RB,62,177,80,Right,4,2,84,81,82,81,58,71,59,66,62,63
1312934,Timothy Noor Ouma,271645,Timothy Noor Ouma,Lech Poznań,PKO BP Ekstraklasa,2004-06-10,22,CM,62,183,75,Right,2,2,78,74,68,65,62,66,67,74,60,66
607142,Kane Vincent-Young,225625,Kane Vincent-Young,Colchester,EFL League Two,1996-03-15,30,RB,62,180,70,Right,4,3,82,86,77,71,57,49,68,75,60,62
260485,Ellis Harrison,203287,Ellis Harrison,Bristol Rovers,EFL League Two,1994-01-29,32,ST,62,180,79,Right,4,2,78,79,74,72,58,70,80,83,79,77
950659,Luke Bolton,233051,Luke Bolton,Mansfield Town,EFL League One,1999-10-07,26,RB,62,174,72,Right,3,3,81,78,79,79,60,66,62,70,65,64
918334,Charlie Lakin,240583,Charlie Lakin,Walsall,EFL League Two,1999-05-08,27,CM,62,183,76,Left,2,2,69,67,72,69,61,71,63,67,61,65
1664739,Aboubacar Bassinga,74370,Aboubacar Bassinga,AD Ceuta FC,LALIGA HYPERMOTION,2005-07-13,20,CM,62,178,70,Left,3,4,65,75,80,70,59,63,65,60,49,61
562889,George Maris,223810,George Maris,Mansfield Town,EFL League One,1996-03-06,30,CM,62,180,83,Right,3,2,67,69,72,68,62,70,65,63,66,66
1517798,Efe Akman,279881,Efe Akman,FC Andorra,LALIGA HYPERMOTION,2006-03-20,20,CDM,62,175,69,Right,3,3,81,66,81,76,60,65,43,48,69,54
1239448,Nathan Moriah-Welsh,264192,Nathan Moriah-Welsh,Mansfield Town,EFL League One,2002-03-18,24,CM,62,172,65,Right,3,2,71,67,80,88,61,75,60,62,75,67
1606160,Noa Mikic,70297,Noa Mikić,Dinamo Zagreb,Liga Hrvatska,2007-01-27,19,RB,62,175,65,Right,2,2,80,82,79,75,56,65,54,57,67,60
279480,Gavan Holohan,207513,Gavan Holohan,Crawley Town,EFL League Two,1991-12-15,34,CM,62,180,75,Right,3,3,70,66,75,78,62,81,58,69,70,67
661934,Justin Amaluzor,230032,Justin Amaluzor,Grimsby Town,EFL League Two,1996-10-17,29,RW,62,183,79,Left,3,3,90,91,84,65,56,65,74,76,57,68
1098783,Mark Helm,255474,Mark Helm,Fleetwood Town,EFL League Two,2001-10-21,24,CM,62,173,61,Right,4,3,71,70,75,78,62,72,56,54,55,60
1188048,Ben Woods,278040,Ben Woods,Peterborough,EFL League One,2002-09-27,23,CM,62,177,75,Left,3,2,69,67,64,68,60,75,63,60,65,66
961988,Ryan Rydel,246249,Ryan Rydel,Exeter City,EFL League One,2001-02-09,25,LB,62,181,74,Left,3,3,82,80,73,74,56,74,64,71,49,64
1271838,Evan Caffrey,267771,Evan Caffrey,Shelbourne,SSE Airtricity PD,2003-02-27,23,CM,62,178,74,Right,4,2,65,65,70,70,59,71,65,60,60,65
1382739,Benno Dietze,270111,Benno Dietze,FC Hansa Rostock,3. Liga,2003-07-15,22,CM,62,183,82,Right,2,2,70,67,72,72,59,72,71,75,59,69
1093738,Tim Latteier,259854,Tim Latteier,FC Schweinfurt 05,3. Liga,2000-05-20,26,CM,62,177,71,Right,3,2,73,64,77,78,52,71,54,57,64,60
982596,Phoenix Patterson,243845,Phoenix Patterson,Stevenage,EFL League One,2000-09-01,25,LB,62,178,70,Left,3,3,80,83,67,77,56,72,45,59,53,54
589644,Kieran Green,225772,Kieran Green,Grimsby Town,EFL League Two,1997-06-30,29,CM,62,184,78,Right,3,2,64,61,58,69,62,82,66,68,59,69
1013276,Callan Elliot,246195,Callan Elliot,Auckland FC,A-League,1999-07-07,26,RB,62,177,68,Right,2,2,80,73,73,76,55,74,66,67,60,67
866704,Ellis Chapman,240535,Ellis Chapman,Shelbourne,SSE Airtricity PD,2001-01-08,25,CAM,62,188,74,Left,4,3,66,51,67,63,59,70,69,71,60,68
1034995,Ben Waine,245539,Ben Waine,Port Vale,EFL League One,2001-06-11,25,ST,62,179,78,Right,3,2,75,78,65,61,56,64,68,74,73,68
1196750,Jack Moylan,261861,Jack Moylan,Lincoln City,EFL League One,2001-09-01,24,ST,62,181,65,Right,3,3,75,71,67,64,62,68,56,63,67,62
1410396,Ryan Trevitt,262569,Ryan Trevitt,Wigan Athletic,EFL League One,2003-03-12,23,CM,62,183,75,Right,3,3,66,56,60,70,60,64,62,61,57,61
1506448,Alwande Roaldsøy,70953,Alwande Roaldsøy,HamKam Fotball,Eliteserien,2004-06-09,22,CM,62,193,80,Right,2,2,68,54,60,57,60,60,74,72,62,68
1641041,Darryl Bakola,72098,Darryl Bakola,OM,Ligue 1 McDonald's,2007-11-30,18,CAM,62,178,70,Right,3,3,67,61,72,71,55,55,73,70,59,66
560896,Hillel Konaté,224068,Hillel Konaté,ESTAC Troyes,Ligue 2 BKT,1994-12-28,31,GK,62,182,77,Right,2,1,54,52,55,61,59,22,57,61,20,58
876793,Pius Krätschmer,256296,Pius Krätschmer,FC Schweinfurt 05,3. Liga,1997-06-16,29,CB,62,187,82,Left,3,2,64,65,64,64,57,71,76,72,60,71
112274,James Clarke,261276,James Clarke,Bohemians,SSE Airtricity PD,2001-06-28,25,ST,62,186,72,Right,4,3,71,69,72,65,58,74,58,67,65,64
1309958,Ayman Benarous,265197,Ayman Benarous,Plymouth Argyle,EFL League One,2003-07-27,22,CM,62,173,64,Left,2,3,76,67,81,81,62,67,52,58,40,54
1003685,Jacob Mendy,271139,Jacob Mendy,Peterborough,EFL League One,1996-12-27,29,LB,62,182,75,Left,4,2,85,85,74,71,53,76,70,70,62,70
1448041,Tyrese Hall,72284,Tyrese Hall,Notts County,EFL League Two,2005-09-04,20,CDM,62,169,73,Right,4,2,70,69,71,78,57,61,59,58,52,58
1643770,Sean Steur,77152,Sean Steur,Ajax,Eredivisie,2008-01-11,18,CM,62,180,62,Right,4,3,70,73,77,75,63,50,53,53,51,52
690181,Cameron Norman,213151,Cameron Norman,Tranmere Rovers,EFL League Two,1995-10-12,30,RB,62,188,74,Right,3,2,67,67,62,58,55,84,75,72,72,77
562890,Craig MacGillivray,223727,Craig MacGillivray,MK Dons,EFL League Two,1993-01-12,33,GK,62,188,78,Right,3,1,51,50,47,42,56,29,75,70,19,61
845556,Lee O'Connor,243840,Lee O'Connor,Tranmere Rovers,EFL League Two,2000-07-28,25,RB,62,178,75,Right,3,2,70,69,70,77,55,79,65,76,61,68
1425773,Mihai Toma,278573,Mihai Toma,FCSB,SUPERLIGA,2007-02-17,19,LM,62,172,69,Right,3,3,82,81,81,82,56,60,51,56,56,55
1557497,Jacopo Martini,73973,Jacopo Martini,Südtirol,Serie BKT,2004-07-10,21,CM,62,178,71,Right,3,3,73,63,75,70,54,60,52,59,55,55
1270528,Nodar Lominadze,79691,Nodar Lominadze,Estoril Praia,Liga Portugal,2002-04-04,24,CDM,62,194,83,Right,2,2,62,58,67,57,59,64,74,70,62,69
24143,Shaun Whalley,167512,Shaun Whalley,Accrington,EFL League Two,1987-08-07,38,CAM,62,176,67,Right,3,3,69,67,79,81,63,70,54,60,41,56
262531,Tom Nichols,204007,Tom Nichols,Swindon Town,EFL League Two,1993-08-28,32,ST,62,178,75,Right,3,2,75,72,79,75,62,80,60,80,52,64
962008,Taylor Perry,244715,Taylor Perry,Shrewsbury,EFL League Two,2001-07-15,24,CM,62,178,67,Right,3,3,69,68,75,70,60,70,56,51,57,59
1137375,George Broadbent,260403,George Broadbent,Doncaster,EFL League One,2000-09-30,25,CDM,62,188,77,Right,2,2,66,66,71,68,60,75,70,57,58,68
1329774,Lewis Schouten,274528,Lewis Schouten,Excelsior,Eredivisie,2004-04-04,22,CB,62,191,78,Right,3,2,64,72,51,47,57,60,71,70,60,66
1086697,Ethan Coleman,241409,Ethan Coleman,Gillingham,EFL League Two,2000-01-28,26,CDM,62,185,83,Right,3,2,67,66,57,72,57,78,73,68,71,74
1285497,Derek Mazou-Sacko,264786,Derek Mazou-Sacko,Millwall,EFL Championship,2004-10-06,21,CM,62,186,65,Right,3,3,68,64,67,68,58,72,63,67,61,65
303347,Connor Jennings,207620,Connor Jennings,Tranmere Rovers,EFL League Two,1991-10-29,34,ST,62,183,72,Right,3,2,65,52,69,68,64,81,61,67,77,70
363344,Joe Ironside,211143,Joe Ironside,Tranmere Rovers,EFL League Two,1993-10-16,32,ST,62,180,75,Right,3,2,66,67,55,70,61,76,84,80,75,80
520238,Rhys Oates,213143,Rhys Oates,Mansfield Town,EFL League One,1994-12-04,31,ST,62,185,83,Right,4,3,78,82,61,80,60,60,77,77,63,70
1113700,Cameron Congreve,268306,Cameron Congreve,Dundee FC,Scottish Prem,2004-01-24,22,LM,62,180,70,Left,3,3,80,71,73,75,57,55,57,57,38,53
662325,Elliot Newby,269149,Elliot Newby,Barrow,EFL League Two,1995-11-21,30,LM,62,177,73,Right,4,3,80,75,79,76,59,85,56,59,44,61
1254240,Kamari Doyle,277922,Kamari Doyle,Reading,EFL League One,2005-08-01,20,CAM,62,177,72,Right,5,3,70,69,65,65,59,56,58,53,53,56
1783428,Bahmed Deuff,79513,Bahmed Deuff,FC Nantes,Ligue 1 McDonald's,2006-03-10,20,CDM,62,196,85,Right,3,3,52,58,51,43,59,53,85,74,67,73
816316,Omar Bugiel,238716,Omar Bugiel,AFC Wimbledon,EFL League One,1994-01-03,32,ST,62,185,80,Right,4,2,64,66,54,58,59,77,87,89,90,85
711188,Harrison Biggins,242258,Harrison Biggins,Shrewsbury,EFL League Two,1996-03-15,30,CM,62,175,68,Right,4,2,53,54,72,75,59,80,64,58,48,65
1199140,Jonas Krumrey,262516,Jonas Krumrey,Holstein Kiel,Bundesliga 2,2003-11-25,22,GK,62,193,85,Right,2,1,53,51,37,57,58,33,73,68,17,59
1093768,Joe Tomlinson,263801,Joe Tomlinson,MK Dons,EFL League Two,2000-06-09,26,LB,62,167,71,Right,5,2,78,75,90,90,55,83,36,50,53,52
1113727,Tony Springett,268909,Tony Springett,Norwich,EFL Championship,2002-09-22,23,RM,62,173,68,Left,2,2,80,80,83,78,65,59,56,57,38,53
1405022,Joel Colwill,277584,Joel Colwill,Cardiff City,EFL League One,2004-10-27,21,CAM,62,179,68,Right,2,3,75,68,79,72,60,64,53,60,40,54
592209,Connal Trueman,225511,Connal Trueman,MK Dons,EFL League Two,1996-03-26,30,GK,62,186,74,Right,3,1,47,44,39,65,56,35,40,49,29,61
1020785,Tom Sang,242366,Tom Sang,Shrewsbury,EFL League Two,1999-06-29,27,RB,62,185,79,Right,3,2,61,60,62,55,60,64,72,69,70,69
1336022,Rubén Lopez,73934,Rubén López,RC Deportivo,LALIGA HYPERMOTION,2004-08-26,21,CM,62,175,70,Left,2,2,63,62,65,65,62,53,52,55,60,54
1242562,Brandon Bokangu,78661,Brandon Bokangu,AS Nancy Lorraine,Ligue 2 BKT,1999-12-10,26,ST,62,181,75,Right,3,3,73,79,59,67,53,61,71,70,49,64
1020552,Shadrach Ogie,250811,Shadrach Ogie,Gillingham,EFL League Two,2001-08-25,24,CB,62,185,78,Left,3,2,73,77,66,62,55,72,75,85,68,73
1406433,Marvin Kaleta,73524,Marvin Kaleta,Rotherham Utd,EFL League One,2004-09-14,21,RB,62,180,74,Right,2,2,68,70,71,67,58,66,68,65,66,67
662609,Elliott List,228685,Elliott List,Northampton,EFL League One,1997-05-12,29,ST,62,174,74,Right,3,3,88,90,86,82,58,73,54,76,45,58
1098817,Daniel Oyegoke,262930,Daniel Oyegoke,Hellas Verona,Serie A Enilive,2003-01-03,23,CB,62,178,73,Right,3,2,72,79,63,70,57,52,63,69,61,60
1080764,Tobias Eisenhuth,276271,Tobias Eisenhuth,Viktoria Köln,3. Liga,2001-09-21,24,CDM,62,183,83,Right,3,2,56,57,60,66,57,63,75,68,61,69
190424,Scott Hogan,215374,Scott Hogan,MK Dons,EFL League Two,1992-04-13,34,ST,62,180,73,Right,3,2,78,77,71,67,62,69,64,73,62,65
577914,Daniele Sommariva,225432,Daniele Sommariva,Genoa,Serie A Enilive,1997-07-18,28,GK,62,185,76,Right,2,1,40,44,37,58,58,31,57,57,27,59
933747,Ryan Graydon,246094,Ryan Graydon,Fleetwood Town,EFL League Two,1999-04-11,27,ST,62,188,76,Right,2,3,79,72,66,63,60,77,73,80,42,68
1089738,Josh Martin,251346,Josh Martin,Cheltenham Town,EFL League Two,2001-09-09,24,LW,62,177,70,Right,4,3,81,79,84,77,55,56,49,50,38,49
1133599,Leroy Abanda,255955,Leroy Abanda,Le Mans FC,Ligue 2 BKT,2000-06-07,26,LB,62,176,75,Left,2,2,77,78,70,65,53,75,66,62,62,67
1243246,Livano Comenencia,275206,Livano Comenencia,FC Zürich,Brack Super League,2004-02-03,22,RB,62,183,70,Right,3,2,74,74,70,66,60,60,59,68,63,61
1635489,Luis Engelns,71925,Luis Engelns,SC Paderborn 07,Bundesliga 2,2007-03-11,19,CM,62,188,74,Right,3,2,67,56,66,64,64,69,56,59,49,58
1615547,Precious Ugwu,75787,Precious Ugwu,FC Volendam,Eredivisie,2006-02-08,20,CB,62,192,77,Right,4,2,71,79,73,67,57,59,69,71,64,66
863820,Tyreke Wilson,240473,Tyreke Wilson,Shelbourne,SSE Airtricity PD,1999-12-02,26,LB,62,172,66,Left,2,2,72,68,71,76,52,66,52,56,63,58
1184470,Scott Smith,259186,Scott Smith,Barrow,EFL League Two,2001-02-07,25,CDM,62,173,70,Right,3,2,61,59,62,83,60,65,62,57,58,62
563240,Callum Burton,222095,Callum Burton,Wrexham,EFL Championship,1996-08-15,29,GK,62,188,80,Right,3,1,36,53,40,65,58,36,49,49,19,59
1315250,Caylan Vickers,277512,Caylan Vickers,Barnsley,EFL League One,2004-12-22,21,ST,62,172,65,Right,3,4,79,76,88,85,60,61,54,66,44,54
1315477,Omari Kellyman,278017,Omari Kellyman,Cardiff City,EFL League One,2005-09-25,20,CAM,62,191,78,Left,2,3,66,67,67,65,60,53,59,60,55,57
1607324,Gaoussou Diakite,70511,Gaoussou Diakité,Lausanne-Sport,Brack Super League,2005-09-26,20,ST,62,182,72,Right,2,2,71,71,82,72,59,65,55,59,67,60
1081906,Denzel Hall,251830,Denzel Hall,Rotherham Utd,EFL League One,2001-05-22,25,RB,62,180,73,Right,3,2,79,68,64,66,60,63,67,74,70,67
1158933,Sabit Abdulai,254230,Sabit Abdulai,FC Alverca,Liga Portugal,1999-05-11,27,CM,62,187,77,Right,3,2,61,56,59,62,62,36,57,64,66,54
597964,Kabongo Tshimanga,226018,Kabongo Tshimanga,Crawley Town,EFL League Two,1997-07-22,28,ST,62,180,78,Right,3,2,79,79,80,65,58,69,83,83,52,73
1222186,Lewis Gordon,243279,Lewis Gordon,Chesterfield,EFL League Two,2001-02-12,25,LB,62,170,64,Left,2,2,82,80,81,81,57,76,46,63,55,56
1186615,Melker Ellborg,259987,Melker Ellborg,Malmö FF,Allsvenskan,2003-05-22,23,GK,62,191,84,Right,1,1,39,44,43,32,58,25,44,44,27,63
1359647,Daniel Bassi,268740,Daniel Bassi,FK Bodø/Glimt,Eliteserien,2004-10-31,21,LW,62,178,70,Right,2,4,84,83,86,78,50,68,31,45,48,44
1552927,Luca Raimund,278177,Luca Raimund,Düsseldorf,Bundesliga 2,2005-04-09,21,CAM,62,188,76,Left,3,3,67,68,55,65,61,53,58,59,50,55
1226849,Leo Castledine,279546,Leo Castledine,Huddersfield,EFL League One,2005-08-20,20,CAM,62,175,68,Right,3,3,73,67,74,77,55,67,44,45,54,52
1642042,Neo Eccleston,72212,Neo Eccleston,Grimsby Town,EFL League Two,2003-10-11,22,RB,62,178,65,Right,3,2,78,81,71,73,57,67,57,72,65,62
759627,Harry McKirdy,229398,Harry McKirdy,Crawley Town,EFL League Two,1997-03-29,29,RM,62,175,67,Right,3,3,90,90,87,83,57,54,35,54,68,47
1162969,Isak Hansen-Aarøen,268436,Isak Hansen-Aarøen,SV Werder Bremen,Bundesliga,2004-08-22,21,CAM,62,173,65,Right,4,3,77,65,86,84,59,60,48,50,43,50
1186461,Jake Rooney,271566,Jake Rooney,Barnsley,EFL League One,2003-08-22,22,CB,62,188,78,Right,3,2,59,64,57,63,54,68,72,71,54,67
1292828,Gideon Kodua,278102,Gideon Kodua,Luton Town,EFL League One,2004-10-02,21,RM,62,178,73,Right,2,3,77,81,76,70,55,51,62,60,41,55
1283393,Milosz Piekutowski,278112,Milosz Piekutowski,Jagiellonia,PKO BP Ekstraklasa,2006-05-08,20,GK,62,189,81,Right,4,1,31,37,32,36,50,27,60,55,25,60
1624099,Wojciech Urbanski,71485,Wojciech Urbański,Legia Warszawa,PKO BP Ekstraklasa,2005-01-12,21,CM,62,184,75,Right,3,2,59,63,67,59,64,59,58,62,44,56
585355,Tyler Walker,222878,Tyler Walker,Barrow,EFL League Two,1996-10-07,29,ST,62,184,78,Right,4,3,72,73,75,70,61,55,59,69,51,57
1003332,Jayden Sweeney,252385,Jayden Sweeney,Grimsby Town,EFL League Two,2001-12-04,24,LB,62,173,68,Left,2,2,74,71,76,80,60,60,63,66,51,60
937034,Andri Fannar Baldursson,256036,Andri Fannar Baldursson,Kasımpaşa,Trendyol Süper Lig,2002-01-10,24,CDM,62,187,79,Right,3,3,53,48,60,62,59,50,66,65,64,62
1519290,Bobby Pointon,275972,Bobby Pointon,Bradford City,EFL League One,2004-01-04,22,CAM,62,170,65,Left,2,3,79,75,86,85,60,76,34,42,44,47
1508706,Geoffrey Kondo,276023,Geoffrey Kondo,USL Dunkerque,Ligue 2 BKT,2002-05-02,24,LB,62,180,70,Left,3,2,60,64,68,65,57,62,66,59,54,62
1483935,Afonso Rodrigues,277645,Afonso Rodrigues,CD Tondela,Liga Portugal,2002-08-19,23,LM,62,178,70,Left,3,4,72,73,64,68,57,57,56,66,38,53
1162510,Justin Butler,257009,Justin Butler,Energie Cottbus,3. Liga,2001-03-23,25,ST,62,188,89,Right,3,2,75,86,66,69,59,62,80,79,36,67
1400859,Isak Vural,71296,İsak Vural,Pisa,Serie A Enilive,2006-05-28,20,CM,62,183,65,Right,3,2,64,59,63,66,60,51,43,50,65,50
1203652,Silko Thomas,73861,Silko Thomas,Leicester City,EFL Championship,2004-06-25,22,LM,62,177,75,Right,4,3,79,77,78,81,57,54,51,54,42,50
1486535,Charles Herrmann,78540,Charles Herrmann,M'gladbach,Bundesliga,2006-01-21,20,RM,62,180,73,Left,2,3,71,70,72,73,53,49,52,56,45,50
791428,Jack Senior,230149,Jack Senior,Doncaster,EFL League One,1997-01-13,29,LB,62,173,63,Left,3,2,78,74,82,83,56,77,67,73,76,72
629065,Tyler Miller,231878,Tyler Miller,Bolton,EFL League One,1993-03-12,33,GK,62,193,88,Right,2,1,35,35,33,40,57,30,55,53,26,62
1068913,Adam Lewis,243056,Adam Lewis,Chesterfield,EFL League Two,1999-11-08,26,LB,62,175,72,Left,2,2,73,67,77,73,59,69,52,59,67,60
1223119,Freddie Draper,262170,Freddie Draper,Lincoln City,EFL League One,2004-07-28,21,ST,62,189,84,Right,3,2,66,58,57,60,60,61,83,79,76,76
1717491,Love Arrhov,76519,Love Arrhov,Brommapojkarna,Allsvenskan,2008-05-17,18,CAM,62,177,68,Right,3,3,75,71,72,82,58,67,43,43,63,53
1335662,Jimmy Evans,78662,Jimmy Evans,AS Nancy Lorraine,Ligue 2 BKT,1999-03-13,27,RM,62,182,73,Right,3,3,77,75,59,61,42,62,64,69,29,57
1404942,Jorge Meireles,79293,Jorge Meireles,Estrela Amadora,Liga Portugal,2004-04-04,22,LW,62,180,68,Right,3,3,71,74,66,64,44,64,48,62,51,53
184069,John Marquis,195126,John Marquis,Shrewsbury,EFL League Two,1992-05-16,34,ST,62,185,73,Right,4,2,52,50,60,66,58,76,81,74,80,79
1189626,Jackson Smith,248121,Jackson Smith,Barnsley,EFL League One,2001-10-14,24,GK,62,187,76,Right,2,1,37,36,38,46,58,20,48,47,26,61
1308894,Pedro Aleman,272904,Pedro Alemañ,Granada CF,LALIGA HYPERMOTION,2003-03-21,23,CAM,62,182,72,Left,3,3,59,65,69,66,57,63,51,49,44,53
1186485,Jude Soonsup-Bell,273930,Jude Soonsup-Bell,Grimsby Town,EFL League Two,2004-01-10,22,ST,62,182,80,Right,2,4,75,72,65,64,58,51,63,71,61,60
1104042,Ruari Paton,73512,Ruari Paton,Port Vale,EFL League One,2000-08-09,25,ST,62,177,65,Right,3,2,74,72,73,76,58,83,73,75,61,73
1744188,Noham Kamara,78216,Noham Kamara,Paris SG,Ligue 1 McDonald's,2007-01-22,19,CB,62,185,76,Right,3,2,60,65,61,60,61,47,58,64,56,55
1579433,Emirhan Demircan,79113,Emirhan Demircan,FC Utrecht,Eredivisie,2005-01-20,21,LW,62,181,74,Right,4,3,77,81,72,66,51,53,61,72,37,55
484856,Connor Mahoney,220045,Connor Mahoney,Barrow,EFL League Two,1997-02-12,29,RM,62,175,67,Left,4,3,77,72,77,78,57,64,44,45,35,47
1192092,Andy Pembélé,258843,Andy Pembélé,Paris FC,Ligue 1 McDonald's,2000-07-04,25,RM,62,180,70,Right,3,3,83,81,75,65,61,53,55,64,46,53
1385856,Davide Bartesaghi,278237,Davide Bartesaghi,Milano FC,Serie A Enilive,2005-12-29,20,LB,62,193,84,Left,2,2,54,54,47,54,59,51,74,69,61,65
1181438,Martin Expérience,78651,Martin Expérience,AS Nancy Lorraine,Ligue 2 BKT,1999-03-09,27,LB,62,178,70,Left,3,2,66,69,59,70,54,70,63,59,60,64
1602154,Issiaka Karamoko,79641,Issiaka Karamoko,SC Bastia,Ligue 2 BKT,2001-07-15,24,LM,62,182,61,Right,2,3,79,76,52,64,46,68,56,58,37,55
172841,Callum McManaman,190852,Callum McManaman,Wigan Athletic,EFL League One,1991-04-25,35,RM,62,175,73,Right,4,3,63,69,80,72,56,53,60,51,71,60
237562,Connor Ripley,202770,Connor Ripley,Swindon Town,EFL League Two,1993-02-13,33,GK,62,191,96,Right,3,1,26,28,24,38,54,21,80,63,16,62
1279914,Tiago Çukur,263486,Tiago Çukur,Karagümrük SK,Trendyol Süper Lig,2002-11-30,23,ST,62,196,90,Right,3,3,63,64,54,32,57,58,79,76,57,69
1169373,Luis Lopez,264170,Luis López,SD Eibar,LALIGA HYPERMOTION,2001-05-08,25,GK,62,197,76,Right,3,1,31,29,33,21,50,18,49,46,23,60
1216389,Mamadi Camara,260401,Mamadi Camará,Reading,EFL League One,2003-12-31,22,LW,62,174,67,Right,2,3,75,70,80,83,58,73,33,49,39,45
687115,Erhan Erentürk,269827,Erhan Erentürk,Gençlerbirliği,Trendyol Süper Lig,1995-05-30,31,GK,62,190,78,Right,2,1,29,20,39,28,45,24,56,51,26,60
1294782,Álvaro Martin,277311,Álvaro Martín,FC Andorra,LALIGA HYPERMOTION,2001-01-15,25,CAM,62,174,64,Left,3,3,74,68,72,76,58,53,47,53,38,47
1524063,Yunus Emre Konak,277705,Yunus Emre Konak,Brentford,Premier League,2006-01-10,20,CDM,62,181,72,Right,2,2,60,60,54,65,59,60,61,59,64,61
1123945,Will Swan,257330,Will Swan,Bradford City,EFL League One,2000-10-26,25,ST,62,175,75,Right,3,2,76,75,73,66,58,66,63,72,35,59
1398938,Charlie Crew,71814,Charlie Crew,Doncaster,EFL League One,2006-06-15,20,CDM,62,185,70,Right,3,2,63,64,55,56,61,66,65,63,62,65
1676874,Semm Renders,74970,Semm Renders,Royal Antwerp FC,1A Pro League,2007-12-17,18,RB,62,176,70,Right,3,2,77,70,73,69,55,56,55,56,58,56
1447050,Younes Ebnoutalib,76282,Younes Ebnoutalib,SV Elversberg,Bundesliga 2,2003-09-13,22,ST,62,187,80,Right,3,2,73,77,57,52,51,59,68,73,53,63
1179893,Luca Bolay,263138,Luca Bolay,Preußen Münster,Bundesliga 2,2002-07-25,23,LB,62,176,73,Left,3,2,72,70,74,79,54,66,47,47,52,53
1285822,Fin Back,263951,Fin Back,Wycombe,EFL League One,2002-09-25,23,RB,62,188,75,Right,2,2,64,69,67,60,58,70,61,61,58,63
1683391,Orlando Gill,75260,Orlando Gill,San Lorenzo,LPF,2000-06-11,26,GK,62,198,82,Left,3,1,22,26,35,27,47,22,32,35,20,63
1367269,Martin Rossignol,78766,Martin Rossignol,Le Mans FC,Ligue 2 BKT,2003-11-03,22,CM,62,171,70,Right,2,2,58,61,59,80,53,45,47,40,46,46
1199638,Alfie Lloyd,262290,Alfie Lloyd,Leyton Orient,EFL League One,2003-04-30,23,ST,62,182,70,Right,2,2,83,81,74,71,60,62,78,82,42,67
1187261,Sonny Cox,264478,Sonny Cox,Exeter City,EFL League One,2004-10-11,21,ST,62,178,75,Left,4,2,77,76,78,78,59,70,69,74,38,63
1602252,Renato Marin,279880,Renato Marin,Paris SG,Ligue 1 McDonald's,2006-07-10,19,GK,62,193,80,Left,3,1,26,20,39,24,53,30,41,39,18,60
1315952,Oumar Sidibe,78877,Oumar Sidibé,AS Nancy Lorraine,Ligue 2 BKT,2001-01-12,25,RM,62,176,68,Right,3,3,88,87,59,69,43,58,57,66,34,53
654097,Anthony Scully,240865,Anthony Scully,Shrewsbury,EFL League Two,1999-04-19,27,LM,62,173,66,Right,3,3,76,69,86,83,59,61,43,50,43,48
1285838,Sam Curtis,264514,Sam Curtis,Sheffield Utd,EFL Championship,2005-12-01,20,RB,62,185,76,Right,4,2,68,66,65,60,59,74,59,63,63,64
1374278,Simon Simoni,272787,Simon Simoni,Kaiserslautern,Bundesliga 2,2004-07-14,21,GK,62,192,81,Right,3,1,27,31,29,24,53,18,63,54,21,61
1670281,Ali Houary,74557,Ali Houary,Elche CF,LALIGA EA SPORTS,2005-08-05,20,CAM,62,178,68,Right,3,3,63,61,58,42,61,53,51,50,48,51
1232229,Denzel De Roeve,76289,Denzel De Roeve,SK Brann,Eliteserien,2004-08-10,21,RB,62,180,80,Right,3,2,66,66,57,62,57,61,71,69,62,67
1077230,Tyrell Warren,237696,Tyrell Warren,Grimsby Town,EFL League Two,1998-10-05,27,RB,62,183,75,Right,3,2,71,65,61,66,58,80,64,66,74,70
1108006,Marco Essimi,252137,Marco Essimi,USL Dunkerque,Ligue 2 BKT,1999-02-18,27,LM,62,182,66,Right,3,3,77,74,69,66,53,57,49,52,39,49
1184466,Luke Robinson,259389,Luke Robinson,Wigan Athletic,EFL League One,2001-11-19,24,LB,62,176,71,Left,3,2,70,75,58,69,58,70,67,64,63,67
1191046,Kamarl Grant,278987,Kamarl Grant,Millwall,EFL Championship,2002-12-10,23,CB,62,188,83,Right,4,2,61,73,55,49,61,71,76,71,73,74
1478238,Ali Jasim,74705,Ali Jasim,Al Najmah,ROSHN Saudi League,2004-01-20,22,LM,62,178,75,Right,3,3,68,66,65,66,56,68,59,64,48,59
1632055,Edmund Baidoo,75264,Edmund Baidoo,RB Salzburg,Ö. Bundesliga,2006-01-30,20,RW,62,174,73,Right,2,3,76,73,70,75,49,49,57,56,27,49
1695991,David van der Werff,75838,David van der Werff,FC Groningen,Eredivisie,2004-08-31,21,CAM,62,183,75,Right,3,3,58,57,60,65,59,42,42,42,48,43
1324328,Gioele Zacchi,80811,Gioele Zacchi,Sassuolo,Serie A Enilive,2003-07-10,22,GK,62,185,85,Right,3,1,24,25,30,51,56,26,59,51,19,61
159397,Paddy Madden,189808,Paddy Madden,Accrington,EFL League Two,1990-03-04,36,ST,62,183,76,Right,3,2,51,51,69,62,63,48,68,64,57,61
1181715,Charlie Barker,258776,Charlie Barker,Crawley Town,EFL League Two,2003-02-12,23,CB,62,180,76,Right,2,2,64,66,63,60,58,65,72,79,72,71
1183141,Göktan Gürpüz,262988,Göktan Gürpüz,Gençlerbirliği,Trendyol Süper Lig,2003-01-22,23,CAM,62,176,68,Right,4,3,68,64,82,77,62,53,37,38,40,42
1367621,Ayman Aiki,269726,Ayman Aiki,SC Bastia,Ligue 2 BKT,2005-06-25,21,RM,62,178,75,Right,3,3,73,68,77,68,63,48,68,58,30,55
1197547,Emre Tezgel,271626,Emre Tezgel,Crewe Alexandra,EFL League Two,2005-09-19,20,ST,62,182,83,Right,2,2,64,69,54,64,59,49,66,66,54,59
1130792,Mo Faal,275006,Mo Faal,Port Vale,EFL League One,2003-02-11,23,ST,62,191,89,Right,3,2,71,74,60,47,57,63,75,78,52,68
1520556,Benedikt Bauer,276270,Benedikt Bauer,Jahn Regensburg,3. Liga,2003-08-17,22,LB,62,179,74,Right,4,2,75,73,75,71,59,68,59,57,50,59
1429909,Deniz Ertas,278024,Deniz Ertaş,Konyaspor,Trendyol Süper Lig,2005-03-20,21,GK,62,193,77,Right,2,1,23,24,29,39,56,26,35,36,16,59
1479744,Yanis Issoufou,278571,Yanis Issoufou,Montpellier,Ligue 2 BKT,2006-10-28,19,RM,62,182,63,Left,2,3,70,61,76,66,55,55,69,61,28,57
1281521,Marcus Müller,279220,Marcus Müller,Holstein Kiel,Bundesliga 2,2002-08-20,23,ST,62,188,93,Right,3,2,54,58,50,47,59,56,83,76,77,75
1382375,Vasilije Adzic,75085,Vasilije Adžić,Juventus,Serie A Enilive,2006-05-12,20,CAM,62,185,75,Right,3,3,66,67,65,61,58,43,55,51,50,51
1197339,Filippo Rinaldi,278280,Filippo Rinaldi,Parma,Serie A Enilive,2002-12-04,23,GK,62,188,75,Right,3,1,23,20,22,39,56,29,53,47,25,56
1697802,Maxime Blé,75866,Maxime Blé,SC Bastia,Ligue 2 BKT,2002-07-26,23,ST,62,177,73,Right,3,3,78,76,73,64,45,49,65,69,35,55
1293028,Lukas Mazagg,270044,Lukas Mazagg,SSV Ulm 1846,3. Liga,1999-12-25,26,CB,62,188,80,Left,3,2,67,69,48,48,43,58,75,74,61,68
1273752,Nehemiah Fernandez,278034,Nehemiah Fernandez,AS Nancy Lorraine,Ligue 2 BKT,2004-12-11,21,CB,62,184,75,Right,3,2,52,64,48,56,58,56,78,68,60,68
1187387,Lucas Wolf,259643,Lucas Wolf,Viktoria Köln,3. Liga,2001-08-28,24,CAM,62,173,65,Right,4,3,74,68,81,87,58,54,34,39,44,41
1565859,Daniel Bennie,276561,Daniel Bennie,QPR,EFL Championship,2006-04-13,20,RM,62,181,75,Right,4,3,74,71,70,70,56,53,63,63,33,55
968935,Rumarn Burrell,252330,Rumarn Burrell,QPR,EFL Championship,2000-12-16,25,ST,62,180,72,Right,3,2,76,75,67,73,60,55,69,74,52,62
1218553,Julius Dirksen,269747,Julius Dirksen,Go Ahead Eagles,Eredivisie,2003-02-02,23,LB,62,185,75,Left,3,2,66,72,56,58,56,50,61,67,52,57
1330880,Niklas Castelle,70237,Niklas Castelle,Aleman. Aachen,3. Liga,2002-08-27,23,ST,62,182,77,Right,3,2,76,68,75,74,54,52,58,69,49,55
1670225,Etienne Eto'o,261339,Etienne Eto'o,CD Mirandés,LALIGA HYPERMOTION,2002-08-18,23,ST,62,191,76,Right,3,3,60,64,62,48,57,58,59,63,50,57
1668215,Dimitris Rallis,74340,Dimitris Rallis,Jagiellonia,PKO BP Ekstraklasa,2005-03-26,21,ST,62,189,74,Right,3,2,70,62,67,65,58,73,65,70,34,61
652905,Seán Boyd,230722,Seán Boyd,Shelbourne,SSE Airtricity PD,1998-06-20,28,ST,62,195,83,Right,2,2,50,49,34,33,60,64,81,75,81,76
1239535,Riley Harbottle,241699,Riley Harbottle,AFC Wimbledon,EFL League One,2000-09-26,25,CB,62,190,75,Right,3,2,69,66,60,46,58,69,79,78,62,73
1113676,Adrian Akande,263336,Adrian Akande,Colchester,EFL League Two,2003-10-22,22,LM,62,174,64,Right,3,3,84,82,83,75,56,51,46,51,41,47
1235088,David Okagbue,274474,David Okagbue,Peterborough,EFL League One,2004-02-04,22,CB,62,190,78,Right,2,2,65,75,47,63,61,77,81,77,59,75
1413926,Max Scholze,72301,Max Scholze,SSV Ulm 1846,3. Liga,2005-04-30,21,RB,62,184,76,Right,3,2,67,62,55,65,56,59,54,57,63,57
1389300,Maas Willemsen,79163,Maas Willemsen,sc Heerenveen,Eredivisie,2003-04-29,23,CB,62,191,78,Left,3,2,58,63,46,48,59,63,69,67,66,67
748529,Toyosi Olusanya,232642,Toyosi Olusanya,Doncaster,EFL League One,1997-10-14,28,ST,62,176,68,Right,3,2,81,85,75,67,61,39,47,63,30,42
1251926,Hugo Pérez,270859,Hugo Pérez,SD Huesca,LALIGA HYPERMOTION,2002-12-16,23,CB,62,189,75,Right,3,2,56,59,64,51,62,63,68,67,61,65
1306075,Declan Frith,78317,Declan Frith,Peterborough,EFL League One,2002-05-16,24,LM,62,173,65,Left,4,3,75,74,76,81,56,47,39,43,28,39
23229,Billy Sharp,163050,Billy Sharp,Doncaster,EFL League One,1986-02-05,40,ST,62,175,70,Right,3,2,37,33,63,71,65,49,70,62,73,65
1288444,Robin Velasco,276429,Robin Velasco,Viktoria Köln,3. Liga,2002-06-24,24,RM,62,169,65,Left,3,2,72,71,72,81,50,48,36,40,50,42
1428672,Ylies Aradj,278205,Ylies Aradj,Laval MFC,Ligue 2 BKT,2005-06-05,21,LB,62,179,68,Left,3,2,62,54,52,73,60,61,54,58,58,57
1218999,Diogo Monteiro,263734,Diogo Monteiro,Arouca,Liga Portugal,2005-01-28,21,CB,62,184,73,Right,3,2,62,62,52,58,56,58,64,65,67,63
1191891,Lucas Ness,272672,Lucas Ness,Notts County,EFL League Two,2002-02-07,24,CB,62,190,80,Right,2,2,61,63,47,53,57,68,78,66,64,72
1185783,Sebastian Revan,275599,Sebastian Revan,Burton Albion,EFL League One,2003-07-14,22,LB,62,181,65,Left,3,2,65,53,55,69,61,61,48,53,57,53
1675933,Marc Domenech,74583,Marc Domènech,RCD Mallorca,LALIGA EA SPORTS,2006-12-01,19,ST,62,182,70,Right,3,2,59,66,62,54,54,42,55,60,50,51
1437306,Yuto Tsunashima,80596,Yuto Tsunashima,Royal Antwerp FC,1A Pro League,2000-08-15,25,CB,62,188,75,Right,3,2,64,67,50,60,54,60,61,67,63,61
687441,Ciaran Kelly,231396,Ciarán Kelly,Bradford City,EFL League One,1998-07-04,27,CB,62,191,79,Left,2,2,51,59,44,38,58,63,83,73,68,75
1158927,Diego Bri,258689,Diego Bri,Córdoba CF,LALIGA HYPERMOTION,2002-09-12,23,RW,62,177,67,Left,3,3,73,73,63,67,54,58,45,43,25,44
1438609,Erwan Colas,78771,Erwan Colas,Le Mans FC,Ligue 2 BKT,1997-04-22,29,LW,62,179,70,Right,3,3,67,67,67,69,51,42,59,50,36,50
1355258,Ruairi McConville,75768,Ruairi McConville,Norwich,EFL Championship,2005-05-01,21,CB,62,193,89,Right,4,2,63,57,49,45,62,59,77,75,60,69
1416581,Callum Osmand,79342,Callum Osmand,Celtic,Scottish Prem,2005-11-08,20,ST,62,179,69,Right,3,2,79,74,75,72,67,66,49,63,49,54
1016654,Jesse Debrah,245070,Jesse Debrah,Port Vale,EFL League One,2000-05-01,26,CB,62,191,92,Right,2,2,65,70,55,52,59,72,81,77,67,76
1441584,Jay McGrath,257698,Jay McGrath,Doncaster,EFL League One,2003-04-15,23,CB,62,190,83,Left,3,2,64,63,60,55,58,70,79,76,62,73
1460253,Nesta Elphege,275130,Nesta Elphege,Grenoble Foot 38,Ligue 2 BKT,2001-01-09,25,ST,62,196,82,Left,3,2,49,64,51,34,57,70,87,81,46,74
1603757,Siaka Bakayoko,70025,Siaka Bakayoko,Amiens SC,Ligue 2 BKT,2005-05-26,21,CB,62,178,65,Right,2,2,62,62,57,62,55,49,70,63,60,62
1186515,Khayon Edwards,274389,Khayon Edwards,Estoril Praia,Liga Portugal,2003-09-12,22,ST,62,180,73,Right,3,2,68,69,64,70,60,51,65,67,51,59
1513526,John Paul Dembe,276769,John Paul Dembe,BK Häcken,Allsvenskan,2005-07-03,20,ST,62,191,82,Right,3,2,68,82,55,60,56,56,70,72,30,59
1576487,Otto Stange,279213,Otto Stange,SV Elversberg,Bundesliga 2,2007-02-09,19,ST,62,187,82,Right,3,3,61,64,58,62,54,54,67,65,47,60
1663094,Filippo Mané,73016,Filippo Mane,Borussia Dortmund,Bundesliga,2005-03-08,21,CB,62,188,77,Right,3,2,66,69,63,64,61,46,69,70,59,61
1678681,Hennes Behrens,76922,Hennes Behrens,TSG Hoffenheim,Bundesliga,2005-01-19,21,LB,62,175,70,Left,2,2,68,58,55,70,62,61,50,55,60,55
1202082,James Connolly,266328,James Connolly,Crewe Alexandra,EFL League Two,2001-11-02,24,CB,62,185,84,Right,4,2,60,55,51,64,56,66,75,72,60,70
477589,Fernando Martinez,271855,Fernando Martínez,Central Córdoba,LPF,2000-07-27,25,RB,62,175,72,Right,2,2,63,63,58,73,53,64,50,53,60,56
1189480,Devon Koswal,79030,Devon Koswal,SC Telstar,Eredivisie,2003-08-21,22,CB,62,192,80,Right,2,2,65,69,44,43,56,69,71,72,55,67
1172814,Zeno Ibsen Rossi,257291,Zeno Ibsen Rossi,Cambridge Utd,EFL League Two,2000-10-28,25,CB,62,194,83,Right,3,2,53,64,52,37,54,62,81,74,62,72
1405862,Josue Kongolo,278777,Josue Kongolo,KRC Genk,1A Pro League,2006-04-13,20,CB,62,184,75,Right,3,2,66,68,69,52,58,47,75,75,63,66
1481890,Roméo Beney,279514,Roméo Beney,FC Famalicão,Liga Portugal,2005-01-19,21,RW,62,187,76,Right,3,3,66,65,64,52,60,56,67,66,33,57
1418746,Aleksandar Kahvic,74874,Aleksandar Kahvić,SSV Ulm 1846,3. Liga,2004-01-02,22,ST,62,192,86,Right,3,2,53,55,52,49,59,62,80,74,52,70
238776,Jamille Matt,212683,Jamille Matt,Walsall,EFL League Two,1989-10-20,36,ST,62,194,92,Right,3,2,38,41,41,31,65,48,90,72,61,73
1366623,Karem Zoabi,73600,Karem Zoabi,Rio Ave FC,Liga Portugal,2006-05-03,20,ST,62,184,76,Left,2,2,66,68,62,59,59,56,62,68,34,55
1357639,Yannis Nahounou,74077,Yannis Nahounou,AS Nancy Lorraine,Ligue 2 BKT,2004-05-16,22,CB,62,193,85,Right,2,2,64,65,48,48,51,58,80,74,61,70
1670276,Matia Barzic,74559,Matia Barzić,Cultural Leonesa,LALIGA HYPERMOTION,2004-05-31,22,CB,62,190,82,Right,3,2,56,58,55,43,58,63,72,70,61,67
533777,Charlie Raglan,205159,Charlie Raglan,Barrow,EFL League Two,1993-04-28,33,CB,62,185,75,Right,3,2,51,51,50,56,59,72,82,73,67,76
807775,Brandon Cooper,237316,Brandon Cooper,Salford City,EFL League Two,2000-01-14,26,CB,62,185,84,Right,3,2,53,54,49,62,60,67,73,69,62,69
1005751,Priestley Farquharson,260818,Priestley Farquharson,Walsall,EFL League Two,1997-03-15,29,CB,62,191,93,Right,3,2,65,60,45,34,57,53,88,72,65,74
1286272,Rares Burnete,277636,Rares Burnete,SS Juve Stabia,Serie BKT,2004-01-31,22,ST,62,185,76,Right,3,2,56,61,48,60,54,41,58,62,54,53
1670129,Iker Martinez,74608,Iker Martínez,R. Sporting,LALIGA HYPERMOTION,2004-01-01,22,RB,62,173,67,Right,3,2,63,55,57,80,63,60,41,47,62,50
607858,Curtis Tilt,240446,Curtis Tilt,Bradford City,EFL League One,1991-08-04,34,CB,62,189,75,Left,3,2,49,51,50,65,60,72,80,70,66,75
564582,Jordan Turnbull,206170,Jordan Turnbull,Tranmere Rovers,EFL League Two,1994-10-30,31,CB,62,185,72,Left,2,2,50,50,56,59,57,79,80,80,73,78
591751,Omar Sowunmi,223069,Omar Sowunmi,Bromley FC,EFL League Two,1995-11-07,30,CB,62,199,93,Right,2,2,43,60,34,32,62,73,91,65,60,79
1362137,Billy van Duijl,271147,Billy van Duijl,AZ,Eredivisie,2005-10-04,20,CB,62,191,72,Left,3,2,39,39,54,62,56,42,67,66,66,61
194278,Sinan Osmanoglu,200655,Sinan Osmanoğlu,Gençlerbirliği,Trendyol Süper Lig,1990-01-09,36,CB,62,194,78,Right,2,2,33,32,33,33,55,65,77,66,72,72
1398350,Patrick Nuamah,271013,Patrick Nuamah,Catanzaro,Serie BKT,2005-12-31,20,CM,61,179,72,Right,4,2,79,79,70,72,59,66,58,69,65,62
664521,Harry Clifton,234497,Harry Clifton,Doncaster,EFL League One,1998-06-12,28,CM,61,180,76,Right,3,2,75,70,72,71,61,88,64,67,80,73
493164,Tom Conlon,220635,Tom Conlon,Oldham Athletic,EFL League Two,1996-02-03,30,CM,61,173,62,Left,2,3,75,65,82,88,60,75,55,69,70,64
540077,Ben Close,222937,Ben Close,Doncaster,EFL League One,1996-08-08,29,CM,61,175,75,Right,4,3,68,69,73,71,59,70,63,66,53,63
1191890,Jay Mingi,259120,Jay Mingi,Crewe Alexandra,EFL League Two,2000-10-22,25,CB,61,185,69,Right,3,2,72,71,78,83,60,65,68,70,64,67
406919,Kieron Morris,208852,Kieron Morris,Oldham Athletic,EFL League Two,1994-06-03,32,LM,61,178,71,Left,4,3,68,67,80,74,58,72,66,63,61,66
789495,Jack Earing,240323,Jack Earing,Barrow,EFL League Two,1999-01-21,27,CM,61,182,80,Right,4,3,65,68,67,70,60,64,64,58,61,63
838174,Tyrese Shade,240373,Tyrese Shade,Burton Albion,EFL League One,2000-06-09,26,LM,61,183,76,Right,3,3,83,84,77,69,55,68,69,74,58,67
1081272,Tivonge Rushesha,253106,Tivonge Rushesha,Reading,EFL League One,2002-07-24,23,CDM,61,174,76,Right,3,2,75,73,76,89,55,58,52,61,75,59
789643,Kellan Gordon,231615,Kellan Gordon,Notts County,EFL League Two,1997-12-25,28,RB,61,179,76,Right,2,2,77,82,71,69,56,68,64,72,66,66
664503,Aaron McEneff,225998,Aaron McEneff,Shamrock Rovers,SSE Airtricity PD,1995-07-09,30,CM,61,175,70,Right,3,2,62,62,70,70,59,65,65,61,57,63
807742,George Lapslie,227682,George Lapslie,Bradford City,EFL League One,1997-09-05,28,CAM,61,180,74,Right,3,3,65,62,73,80,60,71,61,74,65,65
668421,Darren Oldaker,230590,Darren Oldaker,Swindon Town,EFL League Two,1999-01-04,27,CDM,61,178,81,Right,3,2,69,70,71,66,59,73,62,63,56,64
793601,Mark Coyle,246591,Mark Coyle,Shelbourne,SSE Airtricity PD,1997-02-13,29,CM,61,178,68,Right,4,2,64,55,63,70,62,83,75,67,74,76
1076693,Joe Walsh,250804,Joe Walsh,QPR,EFL Championship,2002-04-01,24,GK,61,185,78,Right,5,1,53,65,64,49,51,40,53,56,21,56
1314353,Adam Mayor,271675,Adam Mayor,Cambridge Utd,EFL League Two,2004-04-10,22,LB,61,170,65,Left,3,3,75,77,85,85,54,73,49,54,71,60
1191050,Jude Arthurs,72454,Jude Arthurs,Bromley FC,EFL League Two,2001-08-06,24,CM,61,178,74,Right,3,2,67,73,77,79,62,80,51,47,68,61
1086940,Conor Grant,254496,Conor Grant,Notts County,EFL League Two,2001-07-23,24,CAM,61,178,74,Right,3,3,78,75,75,76,57,69,52,59,53,57
1387200,Ibrahim Fofana,274440,Ibrahim Fofana,Amiens SC,Ligue 2 BKT,2003-10-02,22,CM,61,178,75,Right,3,2,66,65,60,69,58,65,63,68,58,63
1424756,Arkell Jude-Boyd,72809,Arkell Jude-Boyd,Cheltenham Town,EFL League Two,2003-01-22,23,RB,61,182,77,Right,3,2,74,75,63,62,58,72,67,64,73,69
522123,Jack Powell,209368,Jack Powell,Crewe Alexandra,EFL League Two,1994-01-29,32,CM,61,177,74,Right,3,3,59,65,83,79,59,73,61,49,55,62
1115525,Scott Robertson,253974,Scott Robertson,Notts County,EFL League Two,2001-07-27,24,CM,61,185,77,Left,3,2,66,68,73,82,55,68,59,51,72,63
1761869,Jeremiah Mensah,80665,Jeremiah Mensah,Leverkusen,Bundesliga,2008-02-21,18,CM,61,176,68,Right,3,2,67,69,55,65,58,60,55,55,50,55
1430950,Jayden Luker,278895,Jayden Luker,Notts County,EFL League Two,2005-04-30,21,RM,61,178,73,Left,3,3,71,80,76,69,54,60,61,68,63,62
713291,George Miller,231929,George Miller,Cheltenham Town,EFL League Two,1998-01-02,28,ST,61,178,64,Right,3,2,81,84,80,77,59,78,65,75,76,71
603533,Cazim Suljic,226205,Ćazim Suljić,AS Nancy Lorraine,Ligue 2 BKT,1996-10-29,29,CM,61,178,74,Right,3,3,63,56,73,74,60,34,64,67,65,57
113003,Albert Adomah,186783,Albert Adomah,Walsall,EFL League Two,1987-12-13,38,ST,61,185,74,Right,3,4,65,63,65,62,62,49,60,61,64,58
883056,Connor Malley,248723,Connor Malley,Shamrock Rovers,SSE Airtricity PD,2000-03-20,26,CDM,61,185,73,Right,4,3,56,62,57,58,56,68,64,59,65,65
1515147,Tim Trummer,76299,Tim Trummer,RB Salzburg,Ö. Bundesliga,2005-11-10,20,RB,61,189,75,Right,3,3,76,72,63,67,55,64,63,68,52,61
1413887,Ben Krauhaus,72456,Ben Krauhaus,Bromley FC,EFL League Two,2004-10-12,21,RM,61,177,74,Left,3,3,76,74,74,71,55,68,52,54,56,57
1285463,Kelly N'Mai,263975,Kelly N'Mai,Salford City,EFL League Two,2004-05-01,22,LB,61,168,63,Right,3,3,90,90,86,91,59,72,33,49,42,45
1310255,Dion Kacuri,270847,Dion Kacuri,FC Basel 1893,Brack Super League,2004-02-11,22,CM,61,188,82,Left,3,3,66,72,69,51,59,48,72,63,58,63
874605,Robbie McKenzie,231411,Robbie McKenzie,Gillingham,EFL League Two,1998-09-25,27,CDM,61,184,75,Right,2,2,66,68,58,52,59,80,72,70,62,72
1189223,Patrizio Masini,276485,Patrizio Masini,Genoa,Serie A Enilive,2001-01-27,25,CM,61,182,72,Right,2,2,67,68,64,68,61,64,51,59,63,57
682552,Jonathan Leko,231408,Jonathan Leko,MK Dons,EFL League Two,1999-04-24,27,ST,61,182,75,Right,4,3,85,86,78,73,56,51,61,74,57,58
1353551,Sammy Braybrooke,267868,Sammy Braybrooke,Newport County,EFL League Two,2004-03-12,22,CDM,61,178,66,Right,3,2,61,62,64,64,60,55,59,58,58,58
1294800,Patrick Brouwer,270475,Patrick Brouwer,SC Telstar,Eredivisie,2001-03-19,25,RM,61,176,70,Right,3,3,72,68,62,74,52,67,49,57,58,56
1631610,Milan Aleksic,74917,Milan Aleksić,Cracovia,PKO BP Ekstraklasa,2005-08-30,20,CM,61,179,71,Right,3,2,65,66,69,72,58,55,53,55,52,53
1072494,Ted Tattermusch,251823,Ted Tattermusch,Energie Cottbus,3. Liga,2001-05-08,25,ST,61,194,89,Right,3,2,65,65,66,58,62,64,80,77,60,72
1276988,Dariusz Stalmach,265580,Dariusz Stalmach,1. FC Magdeburg,Bundesliga 2,2005-12-08,20,CM,61,182,75,Right,2,2,64,63,66,64,62,66,60,61,60,62
1304779,Bryant Bilongo,273535,Bryant Bilongo,Bristol Rovers,EFL League Two,2001-09-15,24,LB,61,180,80,Left,3,2,72,74,75,73,58,65,62,68,67,64
1487909,Eric da Silva Moreira,71634,Eric da Silva Moreira,Rio Ave FC,Liga Portugal,2006-05-03,20,RM,61,184,82,Right,2,3,75,73,73,66,53,58,61,63,51,58
621869,Brandon Comley,223918,Brandon Comley,Walsall,EFL League Two,1995-11-18,30,CDM,61,180,72,Right,3,2,58,61,59,64,57,67,70,70,76,70
794462,Joe Sbarra,236437,Joe Sbarra,Doncaster,EFL League One,1998-12-21,27,CM,61,168,62,Right,3,3,76,65,89,89,60,75,33,44,50,47
1292838,Daniel Gore,268443,Daniel Gore,Rotherham Utd,EFL League One,2004-09-26,21,CM,61,173,65,Right,3,3,75,69,80,84,63,61,45,44,70,54
1504551,Adrian Skogmar,277751,Adrian Skogmar,Malmö FF,Allsvenskan,2005-11-23,20,RB,61,172,70,Right,3,2,66,63,82,91,57,73,57,59,70,64
1357698,Matteo Bignetti,268623,Matteo Bignetti,SK Sturm Graz,Ö. Bundesliga,2004-05-06,22,GK,61,190,76,Right,4,1,45,43,52,50,52,28,61,64,27,58
1421813,Zak Sturge,278007,Zak Sturge,Millwall,EFL Championship,2004-06-15,22,LB,61,188,78,Left,3,2,70,76,67,65,58,61,71,71,70,68
1387248,Loïc Etoga,73081,Loïc Etoga,SC Bastia,Ligue 2 BKT,2003-04-01,23,CDM,61,187,73,Right,3,2,64,65,61,59,57,72,61,64,63,64
1586556,Daniel Gleiber,75280,Daniel Gleiber,1. FSV Mainz 05,Bundesliga,2005-02-01,21,CM,61,178,72,Left,3,2,67,55,66,69,59,51,52,53,55,52
814567,Innes Cameron,238995,Innes Cameron,Barrow,EFL League Two,2000-08-22,25,ST,61,190,75,Right,3,2,50,55,55,64,58,65,78,72,69,73
1529483,Kornel Lisman,70963,Kornel Lisman,Lech Poznań,PKO BP Ekstraklasa,2006-02-20,20,LM,61,186,74,Right,3,3,72,77,72,52,54,60,58,62,54,58
864840,Maxence Carlier,238996,Maxence Carlier,AS Nancy Lorraine,Ligue 2 BKT,1997-03-15,29,CDM,61,186,72,Right,3,2,64,67,60,58,55,70,70,69,54,67
1235094,Tommi O'Reilly,267849,Tommi O'Reilly,Crewe Alexandra,EFL League Two,2003-12-15,22,RM,61,170,63,Left,3,3,69,66,82,79,56,67,43,46,45,50
1331666,Lewis Orford,70230,Lewis Orford,Stevenage,EFL League One,2006-02-18,20,CDM,61,182,70,Right,3,2,60,62,58,63,58,64,63,56,57,62
1068592,Darragh Burns,251219,Darragh Burns,Grimsby Town,EFL League Two,2002-08-06,23,RM,61,176,72,Left,4,3,73,77,80,79,54,68,42,49,51,51
1326921,Beyatt Lekoueiry,77114,Beyatt Lekoueiry,Lausanne-Sport,Brack Super League,2005-04-11,21,CAM,61,171,70,Left,3,3,74,75,75,78,54,50,50,58,55,51
1504741,Isak Brusberg,278582,Isak Brusberg,BK Häcken,Allsvenskan,2006-09-05,19,RW,61,188,78,Right,3,3,58,61,64,56,59,59,68,65,55,63
1280024,Marcel Wenig,269994,Marcel Wenig,SSV Ulm 1846,3. Liga,2004-05-04,22,CAM,61,188,80,Right,3,3,60,64,65,53,52,51,60,59,47,55
1659420,Vitalie Becker,72964,Vitalie Becker,FC Schalke 04,Bundesliga 2,2005-03-03,21,LB,61,179,71,Left,3,2,63,60,71,61,56,54,55,57,71,58
1670190,Théo Chennahi,74477,Théo Chennahi,Montpellier,Ligue 2 BKT,2005-02-06,21,CM,61,182,72,Right,3,3,55,55,62,64,59,53,69,52,46,60
127653,Warren Burrell,257873,Warren Burrell,Harrogate Town,EFL League Two,1990-06-03,36,LB,61,178,76,Right,4,2,66,67,64,68,56,74,72,79,65,71
1420829,Nathan Asiimwe,277343,Nathan Asiimwe,AFC Wimbledon,EFL League One,2004-12-29,21,RB,61,185,78,Right,4,2,71,75,65,67,55,78,68,67,61,69
1670272,Matteo Cichella,74533,Matteo Cichella,Frosinone,Serie BKT,2005-10-04,20,CM,61,175,75,Right,3,2,63,56,60,72,59,66,54,52,52,57
1787535,Christian Comotto,80597,Christian Comotto,Spezia,Serie BKT,2008-04-25,18,CM,61,185,77,Right,3,2,64,63,56,61,66,45,50,54,48,49
330458,Mirko Salvi,209332,Mirko Salvi,FC Basel 1893,Brack Super League,1994-02-14,32,GK,61,188,82,Right,3,1,44,35,50,54,58,38,61,58,34,61
684734,Donald Love,213686,Donald Love,Accrington,EFL League Two,1994-12-02,31,RB,61,178,72,Right,3,2,70,69,65,75,57,79,67,73,59,69
1250794,Leonhard Münst,263135,Leonhard Münst,Viktoria Köln,3. Liga,2002-01-22,24,CM,61,183,74,Right,3,2,55,54,56,64,63,52,61,61,53,57
1215525,Gatlin O'Donkor,269930,Gatlin O'Donkor,Oxford United,EFL Championship,2004-10-14,21,ST,61,178,64,Left,3,2,72,72,70,75,55,58,75,75,60,68
1050325,Alessio Furlanetto,270217,Alessio Furlanetto,Latium,Serie A Enilive,2002-02-07,24,GK,61,191,78,Right,2,1,37,43,40,27,51,29,57,54,22,55
1705340,Ismael Bekhoucha,73375,Ismael Bekhoucha,Getafe CF,LALIGA EA SPORTS,2004-11-20,21,RB,61,180,69,Right,2,2,72,73,69,71,58,67,58,60,67,62
824218,Josh Hawkes,237731,Josh Hawkes,Oldham Athletic,EFL League Two,1999-01-28,27,LM,61,180,70,Right,3,3,72,69,72,71,54,66,56,53,41,55
1430145,Arif Bosluk,275258,Arif Boşluk,Trabzonspor,Trendyol Süper Lig,2003-06-06,23,LB,61,184,75,Left,2,2,71,68,65,59,60,62,55,64,65,59
1473806,Marco Palestra,278339,Marco Palestra,Cagliari,Serie A Enilive,2005-03-03,21,RM,61,186,75,Right,3,3,67,66,56,60,60,51,60,62,52,56
1310630,Tom de Graaff,279508,Tom de Graaff,PEC Zwolle,Eredivisie,2004-12-10,21,GK,61,193,78,Left,3,1,34,29,32,40,59,26,58,54,37,59
1327326,Jemiah Umolu,76338,Jemiah Umolu,Bromley FC,EFL League Two,2005-10-28,20,ST,61,190,86,Left,3,2,68,73,57,47,58,58,80,75,64,71
1112686,James Maxwell,270748,James Maxwell,Doncaster,EFL League One,2001-12-09,24,LB,61,179,74,Left,3,2,72,71,72,69,58,71,62,57,74,66
1393697,Robbin Weijenberg,271270,Robbin Weijenberg,Go Ahead Eagles,Eredivisie,2004-11-08,21,CAM,61,180,70,Right,2,3,64,69,62,68,54,49,61,64,44,55
1426161,Carlos Lopez,271491,Carlos López,Málaga CF,LALIGA HYPERMOTION,2004-11-13,21,GK,61,183,70,Right,3,1,36,35,40,42,58,23,44,43,20,59
1098343,Ole Wohlers,73147,Ole Wohlers,Wehen Wiesbaden,3. Liga,2000-07-23,25,ST,61,182,74,Right,3,2,64,66,54,64,56,55,61,67,50,58
1190027,Noam Emeran,254998,Noam Emeran,FC Groningen,Eredivisie,2002-09-24,23,LM,61,179,67,Left,4,3,79,72,86,70,54,58,53,56,45,53
1273271,Elliott Nevitt,263192,Elliott Nevitt,Gillingham,EFL League Two,1996-10-30,29,ST,61,183,80,Right,3,2,66,68,64,77,58,79,85,79,64,79
1445075,Jannik Hofmann,274565,Jannik Hofmann,Rot-Weiss Essen,3. Liga,2002-02-28,24,RB,61,177,75,Right,3,2,68,71,72,73,54,67,56,56,56,59
1426548,Maleace Asamoah,277532,Maleace Asamoah,Wigan Athletic,EFL League One,2002-11-15,23,RM,61,183,79,Right,3,3,85,83,75,71,53,61,56,68,43,55
1398915,Ethan Wheatley,71973,Ethan Wheatley,Northampton,EFL League One,2006-01-20,20,ST,61,188,81,Right,4,3,70,74,68,63,56,62,66,68,50,62
1684401,Kerim Alajbegovic,75533,Kerim Alajbegović,RB Salzburg,Ö. Bundesliga,2007-09-21,18,LM,61,185,70,Right,4,3,69,70,74,81,54,60,50,52,50,53
1216005,Harvey Blair,278134,Harvey Blair,Portsmouth,EFL Championship,2003-09-14,22,LM,61,178,70,Right,2,3,85,84,75,67,54,53,50,57,67,55
662373,Aden Baldwin,234940,Aden Baldwin,Bradford City,EFL League One,1997-06-10,29,CB,61,183,70,Right,2,2,64,67,61,65,58,72,71,70,64,70
1187359,Max Dyche,258903,Max Dyche,Northampton,EFL League One,2003-02-22,23,CB,61,186,83,Right,4,2,70,69,62,64,62,72,79,75,66,74
1305566,Manu Rico,266026,Manu Rico,SD Huesca,LALIGA HYPERMOTION,2003-01-10,23,LM,61,178,76,Left,2,3,64,66,62,75,44,61,57,55,39,54
1257557,Jack Henry-Francis,274390,Jack Henry-Francis,Shelbourne,SSE Airtricity PD,2003-09-03,22,CDM,61,181,70,Right,3,2,59,54,63,60,59,63,54,50,59,57
1679978,Aristide Zossou,75051,Aristide Zossou,USL Dunkerque,Ligue 2 BKT,2005-06-14,21,LM,61,178,68,Right,2,3,77,75,77,66,56,60,48,55,44,51
746895,Charles Vernam,212167,Charles Vernam,Grimsby Town,EFL League Two,1996-10-08,29,LM,61,170,74,Right,4,3,84,82,91,90,55,62,34,55,47,45
1410083,Emrecan Bulut,70241,Emrecan Bulut,Çaykur Rizespor,Trendyol Süper Lig,2002-11-26,23,LM,61,185,80,Right,2,3,68,69,55,55,52,57,67,67,44,60
1320890,Emil Højlund,276979,Emil Højlund,FC Schalke 04,Bundesliga 2,2005-01-04,21,ST,61,192,90,Right,3,2,65,77,58,64,58,58,77,75,49,67
1390339,Kenan Busuladzic,71996,Kenan Busuladžić,Malmö FF,Allsvenskan,2007-02-06,19,CDM,61,181,72,Right,3,2,68,64,76,77,56,71,52,48,73,61
1083802,Lucas Hermes,79326,Lucas Hermes,Jahn Regensburg,3. Liga,2000-03-23,26,ST,61,182,87,Right,3,2,63,69,58,59,54,58,68,67,48,61
1288273,David Hummel,79401,David Hummel,FC Hansa Rostock,3. Liga,2002-01-01,24,ST,61,180,80,Right,3,2,66,70,68,72,60,65,68,70,58,65
1576555,Furkan Gedik,79135,Furkan Gedik,Kocaelispor,Trendyol Süper Lig,2002-07-12,23,LW,61,170,65,Left,3,3,85,80,82,84,42,60,38,52,29,42
1633013,João Carvalho,77188,João Carvalho,SC Braga,Liga Portugal,2004-04-09,22,GK,61,192,78,Right,2,1,16,25,31,23,40,22,59,48,23,62
784365,Nicke Kabamba,237355,Nicke Kabamba,Bromley FC,EFL League Two,1993-02-01,33,ST,61,191,75,Right,4,2,63,67,67,50,58,42,82,78,77,71
1385841,Noel Eichinger,270514,Noel Eichinger,Jahn Regensburg,3. Liga,2001-08-02,24,ST,61,182,79,Right,3,2,67,62,59,65,57,69,65,69,45,62
1089684,Aaron Pressley,260728,Aaron Pressley,Walsall,EFL League Two,2001-11-07,24,ST,61,194,89,Right,3,2,67,68,54,40,57,67,84,80,75,78
1236818,Harvey Davies,271977,Harvey Davies,Crawley Town,EFL League Two,2003-09-03,22,GK,61,190,80,Left,2,1,30,28,33,26,54,20,63,55,26,59
1433230,Romelle Donovan,278919,Romelle Donovan,Brentford,Premier League,2006-11-30,19,RM,61,171,67,Left,3,4,80,79,85,85,56,53,42,46,40,45
1604388,Leander Popp,70092,Leander Popp,Viktoria Köln,3. Liga,2005-05-26,21,LM,61,180,81,Right,3,3,77,75,63,64,54,60,62,71,39,57
1130810,Lewis Macari,263739,Lewis Macari,Notts County,EFL League Two,2002-02-08,24,CB,61,183,82,Right,3,2,65,68,55,51,58,53,70,77,56,63
1353441,Alfred Caicedo,264004,Alfred Caicedo,Cádiz CF,LALIGA HYPERMOTION,2004-09-10,21,LB,61,178,71,Left,3,2,75,75,65,71,54,67,63,72,53,62
1195213,Will Davies,72459,Will Davies,Fleetwood Town,EFL League Two,1999-06-06,27,ST,61,186,81,Right,3,2,70,71,66,68,60,66,68,69,44,63
523192,Courtney Baker-Richardson,220893,Courtney Baker-Richardson,Newport County,EFL League Two,1995-12-05,30,ST,61,188,83,Right,3,2,65,72,54,60,58,70,80,76,44,70
730552,Ryan Loft,236611,Ryan Loft,Crawley Town,EFL League Two,1997-09-14,28,ST,61,190,77,Right,3,2,55,57,52,53,56,70,82,75,66,75
1435707,Leon Reichardt,273885,Leon Reichardt,FC Hansa Rostock,3. Liga,2004-06-28,22,CB,61,190,69,Left,3,2,63,54,46,60,63,65,59,63,56,60
1759644,Kacper Koscierski,78776,Kacper Kościerski,VfL Bochum 1848,Bundesliga 2,2007-06-23,19,RB,61,179,71,Right,3,2,71,68,70,67,56,60,51,59,58,55
1420196,Zach Mitchell,272673,Zach Mitchell,Hibernian,Scottish Prem,2005-01-09,21,CB,61,185,82,Right,3,2,66,67,43,61,59,64,73,71,58,68
1332456,Gustav Lindgren,272709,Gustav Lindgren,Peterborough,EFL League One,2001-08-16,24,ST,61,180,81,Right,3,2,65,69,60,58,57,64,63,65,30,57
1323669,Lorenzo Aguado,75831,Lorenzo Aguado,Albacete BP,LALIGA HYPERMOTION,2002-09-19,23,RB,61,177,77,Right,3,2,58,54,56,68,55,59,58,60,56,58
1553520,Noah Maboulou,80346,Noah Maboulou,1. FC Nürnberg,Bundesliga 2,2005-01-16,21,ST,61,190,82,Right,3,2,64,68,57,62,57,60,73,74,55,66
718093,Kyle Cameron,232114,Kyle Cameron,Bromley FC,EFL League Two,1997-01-15,29,CB,61,190,87,Left,4,2,52,53,59,49,59,75,74,67,68,73
1132520,Jack Holmes,73910,Jack Holmes,Rotherham Utd,EFL League One,2001-09-19,24,RM,61,175,69,Right,3,3,76,78,72,75,57,52,48,47,50,49
1397981,Zakaria Fdaouch,78660,Zakaria Fdaouch,AS Nancy Lorraine,Ligue 2 BKT,1997-03-11,29,LM,61,172,60,Left,3,3,69,69,69,68,41,70,53,53,33,53
1334831,Harrison Burke,79112,Harrison Burke,Walsall,EFL League Two,2002-09-13,23,CB,61,187,90,Right,4,2,57,66,53,61,57,69,87,86,62,77
1484827,Riccardo Pagano,276951,Riccardo Pagano,Bari,Serie BKT,2004-11-28,21,CM,61,175,69,Right,3,3,53,56,62,73,64,39,35,38,45,38
1390003,Ryan One,278896,Ryan Oné,Sheffield Utd,EFL Championship,2006-06-26,20,ST,61,188,74,Left,2,3,71,74,66,62,56,52,72,77,56,64
1697720,Naoufel El Hannach,75057,Naoufel El Hannach,Montpellier,Ligue 2 BKT,2006-12-07,19,CB,61,183,66,Right,3,2,62,67,65,62,49,60,58,64,56,58
1720268,Enzo Montet,77539,Enzo Montet,Laval MFC,Ligue 2 BKT,2003-05-10,23,CDM,61,180,68,Left,3,3,55,51,61,62,59,66,68,52,49,63
939779,Maï Traoré,261454,Maï Traoré,Notts County,EFL League Two,1999-11-24,26,ST,61,185,74,Left,2,2,78,74,74,60,59,63,67,76,60,65
1354820,Rosen Bozhinov,72912,Rosen Bozhinov,Royal Antwerp FC,1A Pro League,2005-01-23,21,CB,61,193,81,Left,3,2,62,70,48,43,58,57,71,71,63,66
1664716,Dayann Methalie,74491,Dayann Methalie,Toulouse FC,Ligue 1 McDonald's,2006-02-15,20,CB,61,186,70,Left,2,2,64,57,58,77,58,58,60,61,62,60
1646629,Salim Musah,79455,Salim Musah,SV Werder Bremen,Bundesliga,2006-02-22,20,ST,61,198,84,Right,3,2,65,68,45,39,62,60,69,70,47,62
1797449,Cleo Melieres,80578,Cléo Mélières,FC Metz,Ligue 1 McDonald's,2005-04-13,21,RB,61,175,65,Right,2,2,72,65,66,77,52,58,44,48,54,50
907046,Bojan Radulovic,243831,Bojan Radulović,Huddersfield,EFL League One,1999-12-29,26,ST,61,192,80,Right,3,2,47,55,60,54,60,70,74,64,51,68
886088,Jack Tucker,241507,Jack Tucker,Colchester,EFL League Two,1999-11-13,26,CB,61,192,85,Right,3,2,69,57,47,48,57,74,81,79,65,76
1285477,Deji Elerewe,264334,Deji Elerewe,Bromley FC,EFL League Two,2003-09-14,22,CB,61,189,77,Right,2,2,69,69,41,54,58,68,76,76,56,70
1215976,Adebola Oluwo,78407,Adebola Oluwo,Salford City,EFL League Two,1999-11-19,26,CB,61,191,88,Right,3,2,66,69,51,49,57,70,77,77,63,72
1572340,Jannik Schuster,79918,Jannik Schuster,RB Salzburg,Ö. Bundesliga,2006-05-16,20,CB,61,190,80,Right,2,2,55,60,51,71,49,56,73,70,55,65
1327150,Arijon Ibrahimovic,266236,Arijon Ibrahimović,Heidenheim,Bundesliga,2005-12-11,20,LM,61,176,69,Right,3,3,64,54,71,76,58,38,47,55,48,45
1334829,Alfie Dorrington,279117,Alfie Dorrington,Aberdeen,Scottish Prem,2005-04-20,21,CB,61,192,78,Right,3,2,59,64,50,45,57,50,71,68,61,64
1641009,Wojciech Monka,72095,Wojciech Mońka,Lech Poznań,PKO BP Ekstraklasa,2007-01-18,19,CB,61,192,78,Right,2,2,61,65,54,60,53,62,72,69,57,66
791680,Diego Diaz,77640,Diego Díaz,Unión,LPF,2002-01-10,24,ST,61,180,75,Right,3,2,55,57,56,66,44,57,65,68,55,61
1752228,Lanroy Machine,78377,Lanroy Machine,Angers SCO,Ligue 1 McDonald's,2005-10-13,20,ST,61,183,75,Right,3,2,66,74,59,64,56,57,77,74,29,62
1283015,Justin Janitzek,274101,Justin Janitzek,Wehen Wiesbaden,3. Liga,2004-02-10,22,CB,61,192,80,Right,3,2,60,57,47,44,53,47,62,66,59,58
1467817,Diego Aznar,273581,Diego Aznar,SD Huesca,LALIGA HYPERMOTION,2003-01-01,23,ST,61,180,76,Right,2,2,54,54,58,64,56,62,60,64,60,61
1209498,Michael Stickland,263796,Michael Stickland,Reading,EFL League One,2003-11-09,22,CB,61,182,73,Right,3,2,60,65,55,51,57,53,69,68,72,66
1668296,Jérémie Matumona,78758,Jérémie Matumona,En Avant Guingamp,Ligue 2 BKT,2006-06-03,20,RB,61,180,80,Right,2,2,67,60,59,62,64,64,77,59,31,64
1603751,Coleen Louis,70018,Coleen Louis,Amiens SC,Ligue 2 BKT,2005-06-30,21,LB,61,184,65,Left,3,2,63,60,55,76,52,54,57,65,54,56
1562396,Yvan Ikia Dimi,278825,Yvan Ikia Dimi,Amiens SC,Ligue 2 BKT,2004-09-26,21,LM,61,175,70,Left,2,3,78,76,72,71,52,38,41,42,25,37
1669628,Jeff Ekhator,74485,Jeff Ekhator,Genoa,Serie A Enilive,2006-11-11,19,ST,61,175,75,Right,3,2,68,67,59,67,59,57,56,63,45,54
1523092,Francisco Gonçalves,72691,Francisco Gonçalves,Nacional,Liga Portugal,2004-03-05,22,CB,61,188,84,Right,2,2,55,55,41,63,63,63,82,74,58,72
1074983,Leo Matzler,252231,Leo Mätzler,Jahn Regensburg,3. Liga,2002-04-17,24,CB,61,189,75,Right,3,2,65,60,44,56,59,60,71,72,64,67
1250240,Josh Feeney,268550,Josh Feeney,Huddersfield,EFL League One,2005-05-06,21,CB,61,193,76,Right,3,2,55,55,42,52,57,66,70,66,59,67
1577912,Adam Boayar,279035,Adam Boayar,Elche CF,LALIGA EA SPORTS,2005-10-13,20,ST,61,178,74,Right,3,3,58,64,58,63,53,55,54,61,30,50
1426063,Lasse Wilhelm,279219,Lasse Wilhelm,Saarbrücken,3. Liga,2003-03-20,23,CB,61,188,80,Right,4,2,55,63,56,55,59,37,65,65,54,56
1396091,Gabriele Bracaglia,74536,Gabriele Bracaglia,Frosinone,Serie BKT,2003-07-19,22,CB,61,185,75,Left,3,2,62,60,45,59,56,64,61,67,61,62
1447049,Federico Accornero,274721,Federico Accornero,Carrarese Calcio,Serie BKT,2004-02-05,22,LW,61,170,71,Right,3,3,68,64,70,67,53,48,38,38,47,42
1487920,Bastien Meupiyou,278057,Bastien Meupiyou,FC Alverca,Liga Portugal,2006-03-19,20,CB,61,191,80,Left,3,2,61,56,43,44,56,56,70,69,51,63
865152,Sam Lavelle,228928,Sam Lavelle,Grimsby Town,EFL League Two,1996-10-03,29,CB,61,188,76,Right,3,2,55,54,43,60,59,71,79,64,65,73
1203609,Jack Sanders,257487,Jack Sanders,MK Dons,EFL League Two,1999-03-18,27,CB,61,193,88,Right,2,2,50,44,36,37,55,67,87,73,75,79
575792,Farrend Rawson,223852,Farrend Rawson,Accrington,EFL League Two,1996-07-11,29,CB,61,193,73,Right,3,2,50,49,38,41,54,78,81,64,60,75
1284065,Mamadou Jobe,262714,Mamadou Jobe,Cambridge Utd,EFL League Two,2003-03-02,23,CB,61,185,77,Right,3,2,68,63,61,55,56,49,73,73,57,64
1243906,Silvinho Esajas,261673,Silvinho Esajas,FC Volendam,Eredivisie,2002-07-08,23,CB,61,190,81,Right,3,2,55,58,44,59,64,66,66,62,57,64
32392,Byron Webster,186122,Byron Webster,Bromley FC,EFL League Two,1987-03-31,39,CB,61,191,88,Right,3,2,34,34,40,33,56,50,82,68,72,71
279487,Neill Byrne,204870,Neill Byrne,Bradford City,EFL League One,1993-02-02,33,CB,61,190,74,Right,2,2,48,43,41,41,59,70,76,69,68,73
1286164,Noah König,264223,Noah König,Fürth,Bundesliga 2,2003-05-17,23,CB,61,188,86,Right,3,2,52,40,55,37,53,41,78,71,50,63
1575429,Tom Iorpenda,278986,Tom Iorpenda,Notts County,EFL League Two,2005-04-06,21,CM,60,193,82,Right,3,2,67,76,65,62,60,69,77,67,60,71
1089073,Evan Khouri,261897,Evan Khouri,Grimsby Town,EFL League Two,2003-01-21,23,CM,60,179,73,Left,3,3,71,72,72,68,60,83,58,55,78,68
1526413,Kai Andrews,277657,Kai Andrews,Coventry City,EFL Championship,2006-08-06,19,CM,60,186,72,Right,3,2,69,74,66,72,59,59,61,65,60,61
1010429,Clarke Oduor,237503,Clarke Oduor,Grimsby Town,EFL League Two,1999-06-25,27,CM,60,176,70,Left,3,3,81,76,78,82,60,59,56,64,59,58
1226748,Julius Beck,262153,Julius Beck,SK Sturm Graz,Ö. Bundesliga,2005-04-27,21,CM,60,178,73,Right,3,2,71,70,61,79,59,62,59,69,66,62
693689,James Ball,243575,James Ball,Swindon Town,EFL League Two,1995-12-01,30,CM,60,191,87,Right,3,2,52,54,54,50,61,71,82,74,69,76
730242,Trevor Clarke,231926,Trevor Clarke,Shamrock Rovers,SSE Airtricity PD,1998-03-26,28,LM,60,175,65,Left,2,3,75,81,75,69,51,56,61,67,68,61
766648,Callum Maycock,233377,Callum Maycock,AFC Wimbledon,EFL League One,1997-12-23,28,CM,60,182,71,Right,3,2,65,68,58,65,61,71,69,64,68,69
1533560,Donay O'Brien-Brady,72070,Donay O'Brien-Brady,Peterborough,EFL League One,2004-01-15,22,CDM,60,174,70,Left,2,2,74,79,71,72,60,64,55,55,60,58
571546,Conor Grant,216790,Conor Grant,Accrington,EFL League Two,1995-04-18,31,LB,60,184,76,Left,3,3,67,64,77,74,59,49,69,65,58,62
1020519,Ashley Charles,234487,Ashley Charles,Bromley FC,EFL League Two,1999-05-15,27,CDM,60,180,76,Right,3,2,75,73,68,69,52,71,63,70,84,70
1184681,Ciaran Gilligan,257128,Ciaran Gilligan,Burton Albion,EFL League One,2002-01-19,24,CM,60,180,79,Right,3,2,73,75,74,71,58,73,60,62,60,63
770268,Rosaire Longelo,244985,Rosaire Longelo,Salford City,EFL League Two,1999-10-20,26,LB,60,184,72,Left,3,3,83,82,76,73,55,52,60,67,42,55
1106545,Daniel Kelly,70220,Daniel Kelly,Millwall,EFL Championship,2005-10-03,20,CM,60,178,72,Left,3,2,66,71,60,77,60,55,65,59,67,63
1186512,Ryan Finnigan,260929,Ryan Finnigan,Walsall,EFL League Two,2003-09-23,22,CM,60,185,77,Right,3,2,69,63,67,68,56,67,58,60,62,61
1288112,Zech Obiero,267744,Zech Obiero,Leyton Orient,EFL League One,2005-01-27,21,CM,60,170,67,Right,3,3,75,71,81,83,59,64,51,59,59,56
1448049,Gabriel Sigua,277060,Gabriel Sigua,Lausanne-Sport,Brack Super League,2005-06-30,21,CM,60,190,88,Right,3,2,66,65,58,57,60,60,73,55,62,67
1562448,Vimal Yoganathan,71068,Vimal Yoganathan,Barnsley,EFL League One,2006-01-13,20,CM,60,191,81,Left,3,2,66,69,66,53,61,54,69,65,54,62
1195337,Evan Weir,265829,Evan Weir,Walsall,EFL League Two,2002-04-16,24,LB,60,185,82,Left,2,2,67,67,60,53,52,65,68,67,78,69
978378,Moritz Hannemann,276195,Moritz Hannemann,Energie Cottbus,3. Liga,1998-04-09,28,RW,60,188,78,Right,3,3,70,71,58,56,57,63,68,62,54,64
1439541,Ben Perry,77124,Ben Perry,Colchester,EFL League Two,2004-10-11,21,CM,60,183,70,Right,3,2,66,66,61,58,59,57,54,59,61,56
711363,Diallang Jaiyesimi,232520,Diallang Jaiyesimi,Leyton Orient,EFL League One,1998-05-07,28,LM,60,178,77,Right,3,4,66,63,62,65,59,40,73,68,60,62
1382059,Alan Núñez,269088,Alan Nuñez,Nacional,Liga Portugal,2004-10-01,21,RB,60,176,65,Right,2,2,73,74,70,67,54,60,54,57,58,56
1533558,Harley Mills,70984,Harley Mills,Peterborough,EFL League One,2005-11-03,20,LB,60,181,75,Left,3,2,67,69,67,66,55,78,62,62,58,65
873013,Jack Roles,241037,Jack Roles,Crawley Town,EFL League Two,1999-02-26,27,CM,60,182,66,Right,4,3,68,66,69,71,59,36,47,44,48,44
1187307,Harry Wood,263650,Harry Wood,Shelbourne,SSE Airtricity PD,2002-08-02,23,CM,60,178,78,Right,3,2,66,63,67,61,55,63,60,58,43,57
1198316,Samir Lagsir,259401,Samir Lagsir,PEC Zwolle,Eredivisie,2003-05-20,23,LM,60,178,73,Right,3,3,78,76,75,65,52,31,57,53,54,50
1283236,Isaac Ogundere,263938,Isaac Ogundere,AFC Wimbledon,EFL League One,2002-11-06,23,CB,60,177,69,Right,2,2,79,80,78,74,59,69,70,72,57,67
170593,Adam Matthews,193768,Adam Matthews,Shamrock Rovers,SSE Airtricity PD,1992-01-13,34,RB,60,178,71,Right,3,2,53,58,58,70,60,39,69,63,66,61
730546,Regan Booty,229208,Regan Booty,Barrow,EFL League Two,1998-03-04,28,CM,60,180,75,Left,2,2,67,62,75,76,58,84,59,51,47,62
1045828,Dara Costelloe,271018,Dara Costelloe,Wigan Athletic,EFL League One,2002-12-11,23,ST,60,175,74,Right,3,3,76,71,68,71,55,67,68,70,55,65
1755657,Mertcan Ayhan,78537,Mertcan Ayhan,FC Schalke 04,Bundesliga 2,2006-09-08,19,CB,60,190,80,Right,3,2,62,60,52,62,51,62,69,67,71,68
154807,Joe Day,203034,Joe Day,Cheltenham Town,EFL League Two,1990-08-13,35,GK,60,190,84,Left,2,1,49,53,57,53,55,35,75,66,40,61
1295636,Kylian Kouassi,263387,Kylian Kouassi,Cambridge Utd,EFL League Two,2003-06-18,23,ST,60,175,70,Right,3,3,72,77,77,79,57,59,74,72,63,68
726705,Maziar Kouhyar,233128,Maziar Kouhyar,Notts County,EFL League Two,1997-09-29,28,LM,60,173,69,Right,3,3,75,76,76,75,51,72,60,58,41,59
1447957,Louis Köster,274696,Louis Köster,Holstein Kiel,Bundesliga 2,2003-01-25,23,LW,60,189,83,Right,3,3,68,68,64,58,59,63,68,61,49,63
1487859,Paul Argney,71265,Paul Argney,Havre AC,Ligue 1 McDonald's,2006-05-23,20,GK,60,186,73,Right,2,1,44,43,43,45,57,27,47,48,22,54
1602223,Gökdeniz Gürpüz,279882,Gökdeniz Gürpüz,Galatasaray,Trendyol Süper Lig,2006-02-25,20,CM,60,176,71,Right,3,2,79,67,78,75,59,53,44,46,48,47
1427016,Jakub Vinarcík,76845,Jakub Vinarčík,Arouca,Liga Portugal,2005-07-11,20,GK,60,187,69,Right,2,1,44,35,30,38,54,26,54,53,21,62
1701453,Gabriel Reiziger,78785,Gabriël Reiziger,PEC Zwolle,Eredivisie,2005-10-10,20,CAM,60,175,70,Right,2,3,77,76,73,75,52,36,55,62,44,48
1098754,Ethan Brierley,258724,Ethan Brierley,Exeter City,EFL League One,2003-11-23,22,CM,60,173,71,Right,2,2,68,67,74,83,58,66,51,48,52,55
1400168,Jannis Boziaris,72549,Jannis Boziaris,Energie Cottbus,3. Liga,2003-04-10,23,CAM,60,178,71,Right,3,3,78,65,82,84,55,55,49,56,58,53
1603681,Francis Onyeka,70037,Francis Onyeka,VfL Bochum 1848,Bundesliga 2,2007-04-29,19,CAM,60,186,72,Left,4,3,60,68,72,61,55,57,59,60,42,55
1460327,Jesse Randall,73092,Jesse Randall,Auckland FC,A-League,2002-08-19,23,LM,60,176,70,Right,2,3,79,78,70,73,56,60,58,66,56,59
1664718,Mathis Saka,74134,Mathis Saka,Rodez AF,Ligue 2 BKT,2006-09-20,19,CM,60,175,65,Right,3,3,68,60,75,81,52,57,47,49,53,51
1584084,Ange Martial Tia,77712,Ange Martial Tia,Stade de Reims,Ligue 2 BKT,2006-11-20,19,CAM,60,178,68,Right,3,3,68,66,84,74,48,64,50,51,45,53
488186,Ian Lawlor,209750,Ian Lawlor,Doncaster,EFL League One,1994-10-27,31,GK,60,193,80,Right,3,1,40,46,63,43,54,28,70,60,37,60
891387,Charlie Brown,238191,Charlie Brown,Accrington,EFL League Two,1999-09-23,26,RM,60,175,69,Left,3,3,82,81,78,81,54,62,61,76,50,60
843660,Aaron Drinan,242286,Aaron Drinan,Swindon Town,EFL League Two,1998-05-06,28,ST,60,182,70,Right,3,2,76,76,70,72,57,70,64,73,52,64
1469332,Kyrell Lisbie,78923,Kyrell Lisbie,Peterborough,EFL League One,2003-12-01,22,LM,60,178,72,Right,3,3,84,86,72,68,55,52,66,64,44,58
1274040,Theo Le Normand,263347,Théo Le Normand,FC Andorra,LALIGA HYPERMOTION,2000-08-08,25,LM,60,180,76,Right,3,3,75,72,73,73,52,58,70,60,60,65
1326041,Tomás Mendes,267958,Tomás Mendes,FC Alverca,Liga Portugal,2004-11-21,21,CM,60,179,69,Right,4,2,64,62,56,60,62,53,63,53,55,58
1592418,Lisandru Olmeta,276322,Lisandru Olmeta,SC Bastia,Ligue 2 BKT,2005-07-21,20,GK,60,190,75,Right,3,1,26,33,38,33,48,32,51,46,38,59
1667649,Daren Mosengo,73624,Daren Mosengo,Havre AC,Ligue 1 McDonald's,2006-08-11,19,CM,60,180,70,Right,2,2,53,52,59,62,60,50,59,55,60,57
1673117,Jan Salas,74716,Jan Salas,Córdoba CF,LALIGA HYPERMOTION,2005-08-10,20,CM,60,182,67,Right,3,2,58,59,58,63,58,49,51,44,51,50
1113912,Jovan Malcolm,264445,Jovan Malcolm,Stevenage,EFL League One,2002-12-10,23,ST,60,180,77,Right,3,3,82,84,65,66,58,57,69,73,59,64
1513928,Justin Obikwu,276931,Justin Obikwu,Lincoln City,EFL League One,2004-05-06,22,ST,60,193,69,Right,3,2,82,84,57,46,56,59,77,83,66,71
597503,Luke McGee,225361,Luke McGee,Tranmere Rovers,EFL League Two,1995-09-02,30,GK,60,193,83,Right,3,1,33,42,33,45,54,26,51,49,26,60
1344244,Rafik El Arguioui,75946,Rafik El Arguioui,FC Utrecht,Eredivisie,2005-07-31,20,CAM,60,178,74,Right,3,3,64,68,72,72,58,54,60,60,41,55
1107967,Muharrem Cinan,79131,Muharrem Cinan,Kocaelispor,Trendyol Süper Lig,1998-05-13,28,LB,60,179,70,Left,2,2,80,76,77,72,53,63,48,50,62,55
1517121,Tim Kloss,276783,Tim Kloss,Viktoria Köln,3. Liga,2004-06-05,22,CDM,60,190,82,Left,3,2,68,66,56,57,53,65,71,74,49,65
1430852,Louie Marsh,277804,Louie Marsh,Sheffield Utd,EFL Championship,2003-10-16,22,ST,60,176,65,Right,2,3,69,67,70,78,59,51,50,58,49,50
1624062,Marc Giger,76976,Marc Giger,R. Union St.-G.,1A Pro League,2004-03-27,22,ST,60,186,78,Right,3,2,60,53,49,57,55,64,68,68,50,63
865937,Jake Eastwood,231046,Jake Eastwood,Cambridge Utd,EFL League Two,1996-10-03,29,GK,60,190,81,Right,2,1,39,35,52,44,56,33,53,52,38,58
724365,Liam Gibson,232648,Liam Gibson,Harrogate Town,EFL League Two,1997-04-25,29,CB,60,185,71,Left,3,2,64,67,65,60,59,73,70,76,58,69
687860,Alexander Sebald,244458,Alexander Sebald,Energie Cottbus,3. Liga,1996-07-27,29,GK,60,189,80,Right,3,1,32,40,35,38,48,32,69,56,14,56
1309966,Andrew Oluwabori,77391,Andrew Oluwabori,Exeter City,EFL League One,2001-09-30,24,ST,60,187,80,Right,3,3,76,78,62,62,53,57,58,66,51,57
197116,Aaron Greene,198543,Aaron Greene,Shamrock Rovers,SSE Airtricity PD,1990-01-02,36,ST,60,181,82,Left,3,3,54,54,58,64,53,47,68,65,67,62
961344,Lewis Cass,243827,Lewis Cass,Harrogate Town,EFL League Two,2000-02-27,26,RB,60,186,74,Right,3,2,64,67,62,53,55,60,74,71,61,68
1068914,Paul Glatzel,247507,Paul Glatzel,Swindon Town,EFL League Two,2001-02-20,25,ST,60,174,67,Left,3,3,74,72,79,81,56,51,55,66,42,52
1230517,Tom Nixon,263329,Tom Nixon,Doncaster,EFL League One,2002-11-25,23,RB,60,185,83,Right,3,2,67,64,64,66,58,70,64,55,62,65
1288116,Killian Cahill,75106,Killian Cahill,Leyton Orient,EFL League One,2003-11-03,22,GK,60,182,67,Right,3,1,25,23,27,44,48,30,48,43,24,58
1609213,Mateus Mané,77593,Mateus Mané,Wolves,Premier League,2007-09-16,18,ST,60,175,71,Right,3,3,73,77,64,68,57,55,63,70,59,61
1098797,Kameron Ledwidge,253421,Kameron Ledwidge,Shelbourne,SSE Airtricity PD,2001-04-07,25,CB,60,177,73,Left,2,2,65,66,52,62,60,69,73,67,71,71
1114371,Ewan Hatfout,254662,Ewan Hatfout,Le Mans FC,Ligue 2 BKT,2000-04-01,26,GK,60,193,79,Right,3,1,29,19,37,42,45,24,39,38,25,63
1559628,Maximilian Weisbäcker,79377,Maximilian Weisbäcker,FC Schweinfurt 05,3. Liga,2001-04-18,25,GK,60,200,85,Left,2,1,24,21,34,27,44,25,62,53,22,60
28109,Kevin McDonald,175314,Kevin McDonald,Exeter City,EFL League One,1988-11-04,37,CDM,60,192,83,Right,4,2,32,31,39,35,58,30,75,59,73,63
1253866,Francis Okoronkwo,74635,Francis Okoronkwo,Lincoln City,EFL League One,2004-09-18,21,ST,60,188,82,Left,3,2,73,71,64,66,55,57,69,71,38,60
1690071,Rhodri Smith,75656,Rhodri Smith,BSC Young Boys,Brack Super League,2006-09-09,19,LB,60,185,75,Left,2,2,68,69,64,68,56,50,52,52,48,51
1700518,Bernard Nguene,76034,Bernard Nguene,OGC Nice,Ligue 1 McDonald's,2006-08-04,19,ST,60,178,72,Right,3,3,77,74,63,70,48,55,72,77,28,59
1531528,Benjamin Zank,79321,Benjamin Zank,Viktoria Köln,3. Liga,2004-08-14,21,ST,60,195,91,Right,3,2,57,70,31,31,59,62,88,79,65,76
1064852,Darragh Power,253760,Darragh Power,Cheltenham Town,EFL League Two,2000-12-29,25,RB,60,173,73,Right,2,2,72,70,76,77,57,70,54,56,51,58
1197653,Lee Bonis,79284,Lee Bonis,Chesterfield,EFL League Two,1999-08-03,26,ST,60,186,82,Right,3,2,72,73,68,67,59,66,72,74,36,63
1793498,Cajetan Lenz,80218,Cajetan Lenz,VfL Bochum 1848,Bundesliga 2,2006-06-16,20,CDM,60,190,80,Right,3,2,60,56,50,48,51,59,70,69,54,64
178539,James Norwood,193701,James Norwood,Fleetwood Town,EFL League Two,1990-09-05,35,ST,60,180,76,Right,3,2,52,49,69,64,59,50,71,77,70,66
967230,David Harrington,246166,David Harrington,Fleetwood Town,EFL League Two,2000-07-01,26,GK,60,184,79,Right,3,1,22,19,32,44,51,23,32,34,28,60
1526613,Ange-Loïc N’Gatta,277938,Ange-Loïc N'Gatta,Grenoble Foot 38,Ligue 2 BKT,2003-12-11,22,RB,60,181,72,Right,2,2,66,54,60,66,51,59,69,68,58,64
1645514,Amine Chabane,72308,Amine Chabane,Amiens SC,Ligue 2 BKT,2006-08-15,19,RB,60,183,72,Right,3,2,66,64,52,68,49,55,73,64,51,64
35513,Mark Howard,183789,Mark Howard,Salford City,EFL League Two,1986-09-21,39,GK,60,183,76,Right,3,1,29,24,34,45,56,30,68,57,23,61
1215016,Samed Onur,258897,Samed Onur,Gençlerbirliği,Trendyol Süper Lig,2002-07-15,23,CAM,60,175,67,Left,3,2,69,66,71,76,47,45,38,38,47,42
1700199,Aymeric Faurand-Tournaire,76040,Aymeric Faurand-Tournaire,Laval MFC,Ligue 2 BKT,2004-04-14,22,ST,60,181,70,Right,2,2,66,69,69,66,51,64,68,70,39,61
1712126,Yousri Sbai,77561,Yousri Sbai,N.E.C. Nijmegen,Eredivisie,2004-08-08,21,RB,60,173,67,Right,2,2,75,73,76,76,50,59,41,47,59,49
788719,Jake Turner,236337,Jake Turner,Gillingham,EFL League Two,1999-02-25,27,GK,60,194,82,Right,3,1,18,29,40,48,53,27,49,42,21,59
1096696,James Norris,264561,James Norris,Shelbourne,SSE Airtricity PD,2003-04-04,23,LB,60,178,73,Left,3,2,68,68,56,58,51,62,54,56,51,56
1435443,Patrick Ouotro,72306,Patrick Ouotro,AS Nancy Lorraine,Ligue 2 BKT,2005-09-13,20,ST,60,182,78,Right,3,3,67,74,62,62,48,63,77,74,36,65
1515457,Abdulsamet Burak,277749,Abdulsamet Burak,Kayserispor,Trendyol Süper Lig,1996-05-13,30,CB,60,183,78,Left,2,2,63,54,54,58,49,60,66,66,67,65
1669931,Victor Orakpo,74480,Victor Orakpo,Montpellier,Ligue 2 BKT,2006-01-14,20,ST,60,194,79,Right,3,3,70,76,65,57,48,58,65,71,28,56
1717064,Yanis Rafii,77362,Yanis Rafii,Amiens SC,Ligue 2 BKT,2005-06-26,21,ST,60,186,75,Right,3,2,56,59,59,57,53,54,76,74,46,64
1192954,Dani van den Heuvel,258555,Dani van den Heuvel,Club Brugge,1A Pro League,2003-05-28,23,GK,60,188,75,Right,3,1,17,24,37,46,52,16,50,44,20,57
1693008,Ali Maamar,75658,Ali Maamar,RSC Anderlecht,1A Pro League,2005-03-23,21,RB,60,182,75,Right,3,2,69,57,64,65,63,67,60,54,60,61
160368,Scot Bennett,190240,Scot Bennett,Cheltenham Town,EFL League Two,1990-11-30,35,CB,60,178,81,Right,3,2,34,40,38,46,58,71,70,66,65,69
824650,Daniel Azevedo,70284,Daniel Azevedo,Casa Pia AC,Liga Portugal,1998-02-12,28,GK,60,195,90,Right,1,1,20,21,22,22,49,20,80,60,24,63
1612239,Michael Noonan,71919,Michael Noonan,Shamrock Rovers,SSE Airtricity PD,2008-07-31,17,ST,60,180,75,Left,3,2,69,72,67,65,60,63,57,63,45,56
1273881,Sékou Fofana,263031,Sékou Fofana,Lausanne-Sport,Brack Super League,2003-03-25,23,LB,60,178,78,Left,3,2,67,71,62,69,58,64,66,54,46,61
1637886,Oscar Naasei Oppong,74604,Oscar Naasei Oppong,Granada CF,LALIGA HYPERMOTION,2005-02-24,21,CB,60,183,72,Right,2,2,54,63,47,61,52,62,59,58,58,60
1506576,Luca Basceanu,75478,Luca Băsceanu,Univ. Craiova,SUPERLIGA,2006-05-17,20,CAM,60,170,56,Right,2,4,67,70,65,72,45,42,37,36,40,39
1708116,Eser Gürbüz,76747,Eser Gürbüz,sc Heerenveen,Eredivisie,2007-03-06,19,RM,60,178,72,Left,3,3,66,67,74,67,47,52,50,43,32,47
1024928,Khalid Al Ghannam,248498,Khalid Al Ghannam,Al Ettifaq,ROSHN Saudi League,2000-11-07,25,LM,60,171,64,Right,3,4,73,69,84,79,51,51,39,43,34,41
1626148,Dustin Forkel,73306,Dustin Forkel,Jahn Regensburg,3. Liga,2005-01-26,21,ST,60,180,72,Left,4,2,69,76,63,55,55,61,55,65,42,54
1332788,Dajaune Brown,277463,Dajaune Brown,Port Vale,EFL League One,2005-10-16,20,ST,60,182,83,Right,3,2,72,70,67,73,60,56,61,66,38,55
1796096,Hamza Koutoune,80689,Hamza Koutoune,FC Annecy,Ligue 2 BKT,2006-09-17,19,RB,60,177,62,Right,3,3,73,68,67,73,49,62,42,47,56,50
962014,Santiago Eneme,256728,Santiago Eneme,Sparta Praha,Česká Liga,2000-09-29,25,CAM,60,183,65,Right,3,3,55,56,53,57,58,44,52,44,46,48
960599,Gianmarco Cangiano,257217,Gianmarco Cangiano,Pescara,Serie BKT,2001-11-16,24,LW,60,175,73,Right,3,3,70,65,68,72,51,48,42,45,41,43
1668291,Brice Oggad,78769,Brice Oggad,Le Mans FC,Ligue 2 BKT,1997-05-22,29,LW,60,182,70,Right,2,3,57,59,51,67,48,45,68,51,34,55
1587680,Nolan Martens,80150,Nolan Martens,Excelsior,Eredivisie,2004-07-07,21,RB,60,180,70,Right,3,2,67,66,56,64,57,58,53,52,61,56
1532672,Jonah Kusi-Asare,278578,Jonah Kusi-Asare,Fulham,Premier League,2007-07-04,18,ST,60,196,84,Right,3,2,55,66,59,55,56,54,77,74,49,66
1743835,James Clarke,229126,James Clarke,Newport County,EFL League Two,1989-11-17,36,CB,60,183,84,Right,3,2,41,39,45,54,59,69,81,67,68,75
1321553,Stefano Marino,266012,Stefano Marino,SC Paderborn 07,Bundesliga 2,2004-03-12,22,ST,60,186,79,Right,4,3,67,68,80,69,55,70,66,67,39,62
1659415,Peter Remmert,72965,Peter Remmert,FC Schalke 04,Bundesliga 2,2005-07-09,20,ST,60,193,90,Right,3,2,49,62,45,41,60,60,76,71,62,69
1076170,Ibrahim Bakare,252844,Ibrahim Bakare,Cheltenham Town,EFL League Two,2002-05-07,24,CB,60,188,88,Right,2,2,64,64,56,58,55,63,84,76,70,76
1284429,Javier Guerra,274363,Javier Guerra,Nacional Potosí,Sudamericana,2004-04-06,22,RB,60,180,71,Right,1,2,73,70,64,67,54,69,52,56,48,56
1296769,Zach Abbott,74242,Zach Abbott,Nott'm Forest,Premier League,2006-05-13,20,CB,60,180,70,Right,3,2,57,58,53,52,55,57,61,62,62,60
1317097,James Golding,266577,James Golding,Crewe Alexandra,EFL League Two,2004-08-10,21,CB,60,188,71,Right,3,2,59,65,55,55,55,43,68,67,58,60
1164489,Ciarán Brennan,254317,Ciaran Brennan,Newport County,EFL League Two,2000-05-05,26,CB,60,189,70,Right,3,2,63,63,52,55,59,69,72,70,47,66
1643851,Karim Coulibaly,77636,Karim Coulibaly,SV Werder Bremen,Bundesliga,2007-05-23,19,CB,60,191,83,Left,3,2,61,65,62,60,60,53,65,65,62,61
968915,Harrison Holgate,251264,Harrison Holgate,Fleetwood Town,EFL League Two,2000-07-01,26,CB,60,186,70,Right,2,2,64,56,45,63,57,51,75,71,59,66
662956,Robbie Cundy,229182,Robbie Cundy,Cheltenham Town,EFL League Two,1997-05-30,29,CB,60,189,82,Right,3,2,53,56,49,61,56,57,74,69,59,67
920384,Joy Mukena,243277,Joy Mukena,Crawley Town,EFL League Two,1999-07-03,26,CB,60,190,83,Right,2,2,59,52,50,60,58,56,74,71,54,65
1441821,Finley Potter,71216,Finley Potter,Fleetwood Town,EFL League Two,2004-03-14,22,CB,60,182,75,Right,3,2,57,63,61,58,58,61,73,67,59,67
340108,Josip Calusic,73312,Josip Ćalušić,Konyaspor,Trendyol Süper Lig,1993-10-11,32,CB,60,187,80,Left,3,2,54,52,39,46,49,58,65,62,46,59
711340,Josh Gordon,239504,Josh Gordon,Barrow,EFL League Two,1994-10-10,31,ST,59,178,70,Right,3,2,76,78,80,82,57,73,69,82,81,73
1024958,Kyran Lofthouse,246662,Kyran Lofthouse,Burton Albion,EFL League One,2000-09-15,25,RM,59,180,77,Right,4,2,78,77,74,77,55,67,66,69,52,64
1273274,Liam Coyle,238410,Liam Coyle,Accrington,EFL League Two,1999-12-06,26,CM,59,175,73,Right,3,2,60,62,78,84,60,70,61,60,79,67
1235101,Courtney Clarke,79057,Courtney Clarke,Walsall,EFL League Two,2003-04-20,23,RB,59,180,76,Right,4,2,77,78,72,70,53,75,64,65,60,66
1123946,Matthew Dennis,257614,Matthew Dennis,Notts County,EFL League Two,2002-04-15,24,ST,59,186,80,Right,3,3,82,86,74,75,54,56,73,80,53,65
1533539,Jake Richards,278136,Jake Richards,Luton Town,EFL League One,2007-08-08,18,CM,59,178,74,Left,3,2,73,70,72,76,57,58,53,57,50,54
1181104,Cameron Antwi,257261,Cameron Antwi,Newport County,EFL League Two,2001-10-07,24,CM,59,177,68,Right,2,2,60,65,65,70,59,71,68,61,56,66
1561984,Sima Suso,278834,Sima Suso,Düsseldorf,Bundesliga 2,2005-05-28,21,CDM,59,187,84,Left,3,2,59,67,55,48,48,54,72,70,55,64
1473815,Jack Shorrock,277412,Jack Shorrock,Port Vale,EFL League One,2007-04-28,19,LB,59,178,73,Left,3,2,79,76,78,80,55,64,51,55,67,58
1553376,Thijs Kraaijeveld,77664,Thijs Kraaijeveld,Feyenoord,Eredivisie,2007-05-03,19,CM,59,185,75,Right,4,2,63,68,62,59,59,53,60,64,40,54
906938,Stephen Duke-McKenna,242961,Stephen Duke-McKenna,Harrogate Town,EFL League Two,2000-08-17,25,CAM,59,170,65,Right,3,3,84,76,81,83,57,53,32,56,53,43
1204322,Ade Adeyemo,276860,Ade Adeyemo,Crawley Town,EFL League Two,1998-07-13,27,RM,59,188,78,Right,3,2,74,76,66,60,50,62,66,64,41,60
1526610,William Benard,277942,William Benard,Laval MFC,Ligue 2 BKT,2003-04-27,23,CM,59,182,75,Right,3,2,65,65,55,72,48,65,57,59,64,61
968948,Haji Mnoga,246173,Haji Mnoga,Salford City,EFL League Two,2002-04-16,24,RB,59,185,78,Right,3,2,80,79,68,60,53,73,79,79,79,78
1220549,Tete Yengi,260386,Tete Yengi,Livingston,Scottish Prem,2000-11-28,25,ST,59,197,89,Right,5,3,73,66,51,34,55,61,89,74,75,78
1339308,Alper Demirol,270958,Alper Demirol,Karagümrük SK,Trendyol Süper Lig,2002-10-01,23,CM,59,184,77,Right,3,2,64,61,62,60,55,63,66,62,58,63
1089745,Nelson Khumbeni,272886,Nelson Khumbeni,Gillingham,EFL League Two,2002-10-14,23,CDM,59,171,72,Right,3,2,67,66,82,78,58,70,58,56,55,60
1580713,Miguel Perez,274492,Miguel Perez,St. Louis CITY SC,MLS,2005-04-28,21,CDM,59,180,70,Right,5,3,62,62,63,66,60,53,54,50,48,52
1565858,Jaylan Pearman,276562,Jaylan Pearman,QPR,EFL Championship,2006-04-18,20,ST,59,175,70,Right,3,2,66,74,58,74,61,68,47,54,49,53
1249605,Jenson Metcalfe,279625,Jenson Metcalfe,Bradford City,EFL League One,2004-09-06,21,CDM,59,183,76,Right,2,2,63,65,60,62,58,65,58,58,59,60
1659454,Mika Haas,73137,Mika Haas,Kaiserslautern,Bundesliga 2,2005-08-11,20,LB,59,181,72,Left,3,2,78,78,64,70,55,58,51,59,56,54
1105534,Dan Martin,258592,Dan Martin,Accrington,EFL League Two,2002-04-19,24,CDM,59,176,62,Right,2,2,69,66,62,70,56,67,62,55,75,66
1117827,Josh Austerfield,252435,Josh Austerfield,Salford City,EFL League Two,2001-11-02,24,CDM,59,179,68,Right,2,2,68,67,71,69,58,72,58,60,52,60
1195372,Dylan Duffy,267419,Dylan Duffy,Chesterfield,EFL League Two,2002-11-28,23,LM,59,189,82,Left,3,3,74,71,65,62,53,61,59,64,49,58
1169591,John-Kymani Gordon,273464,John-Kymani Gordon,Colchester,EFL League Two,2003-02-13,23,LM,59,181,68,Right,4,3,80,80,70,73,56,59,62,72,47,59
843665,John Martin,243127,John Martin,Shelbourne,SSE Airtricity PD,1999-01-05,27,ST,59,185,70,Right,3,3,61,63,62,59,53,72,66,65,60,66
1125882,Reece Smith,79162,Reece Smith,Harrogate Town,EFL League Two,2002-04-28,24,LM,59,185,75,Right,4,3,81,79,74,71,55,63,59,60,40,56
330466,Lee Angol,210244,Lee Angol,Cheltenham Town,EFL League Two,1994-08-04,31,ST,59,193,85,Right,3,3,73,76,68,70,55,55,72,74,46,63
807013,Reagan Ogle,236702,Reagan Ogle,Oldham Athletic,EFL League Two,1999-03-29,27,CB,59,181,77,Right,4,2,73,71,71,76,59,75,66,67,60,67
612735,Mathew Hudson,227529,Mathew Hudson,Oldham Athletic,EFL League Two,1998-07-29,27,GK,59,193,75,Right,3,1,49,42,37,54,53,41,51,53,17,60
1536786,Enes Albak,278374,Enes Albak,Samsunspor,Trendyol Süper Lig,2005-05-16,21,LB,59,175,69,Right,2,2,61,66,64,59,57,61,59,57,51,58
1738340,Rudy Matondo,78070,Rudy Matondo,AJ Auxerre,Ligue 1 McDonald's,2008-03-13,18,CM,59,178,68,Right,3,3,64,58,64,73,48,58,57,55,55,57
1688881,Kevin Barcella,75449,Kevin Barcella,Frosinone,Serie BKT,2006-06-17,20,CM,59,177,75,Right,3,2,66,65,67,69,54,52,52,44,42,50
792702,Tyler Walton,73754,Tyler Walton,Accrington,EFL League Two,1998-09-23,27,ST,59,186,76,Right,3,2,70,69,64,58,58,71,68,65,44,64
1667685,Enrique Aguilar,79917,Enrique Aguilar,RB Salzburg,Ö. Bundesliga,2007-01-27,19,ST,59,183,74,Right,3,4,83,81,73,65,52,53,58,69,47,55
1227404,Reyes Cleary,271560,Reyes Cleary,Barnsley,EFL League One,2004-04-13,22,ST,59,185,75,Right,3,2,73,74,65,69,56,67,80,78,35,68
982301,Zico Asare,73261,Zico Asare,Harrogate Town,EFL League Two,2001-04-11,25,RB,59,176,78,Right,3,2,89,88,81,70,55,60,69,75,53,64
1771197,David Santos Daiber,79317,David Santos Daiber,FC Bayern München,Bundesliga,2007-01-10,19,CDM,59,179,72,Right,3,2,60,61,68,67,61,50,33,45,57,43
1797459,Sam de Laat,80556,Sam de Laat,N.E.C. Nijmegen,Eredivisie,2006-06-12,20,CM,59,180,70,Right,3,2,62,64,55,69,58,61,53,54,57,56
1586395,Daniel Kelly,242638,Daniel Kelly,Shelbourne,SSE Airtricity PD,1996-05-21,30,RM,59,183,60,Right,2,3,72,80,62,53,51,44,48,56,53,48
778775,Shawn McCoulsky,231613,Shawn McCoulsky,Harrogate Town,EFL League Two,1997-01-06,29,ST,59,188,82,Right,3,2,90,90,73,69,55,62,67,79,58,65
1330846,Sonny Aljofree,278121,Sonny Aljofree,Notts County,EFL League Two,2004-12-04,21,CB,59,184,72,Right,3,2,74,66,65,52,58,69,70,69,67,69
1343474,Devan Tanton,279007,Devan Tanton,Chesterfield,EFL League Two,2004-01-03,22,RB,59,175,71,Right,3,2,67,68,67,73,53,71,64,59,63,65
1331697,Finley Munroe,72027,Finley Munroe,Swindon Town,EFL League Two,2005-02-08,21,LB,59,183,77,Left,2,2,62,66,60,59,54,61,70,75,65,67
896065,Reece Staunton,256672,Reece Staunton,Grimsby Town,EFL League Two,2001-12-10,24,LB,59,183,76,Left,3,2,68,70,66,69,54,63,72,68,52,66
1195885,Juan Larios,271669,Juan Larios,Cultural Leonesa,LALIGA HYPERMOTION,2004-01-12,22,LB,59,170,68,Left,3,2,72,65,68,82,53,51,44,48,55,48
1365245,Harrison Jones,71493,Harrison Jones,Sunderland,Premier League,2004-12-25,21,CAM,59,175,68,Left,3,3,69,67,71,76,58,52,45,42,40,46
1348438,Freddie Issaka,268606,Freddie Issaka,Bristol Rovers,EFL League Two,2006-07-28,19,ST,59,177,69,Right,3,3,81,77,78,71,58,50,55,67,36,51
1203658,Divin Mubama,271227,Divin Mubama,Stoke City,EFL Championship,2004-10-25,21,ST,59,183,70,Left,3,2,70,74,63,67,56,54,62,67,58,59
1413783,Fábio Jaló,272446,Fábio Jaló,Barnsley,EFL League One,2005-11-18,20,ST,59,177,70,Left,4,2,81,72,77,74,60,53,51,64,45,51
1553368,Nesto Groen,80151,Nesto Groen,Excelsior,Eredivisie,2004-07-22,21,ST,59,185,75,Right,3,2,62,66,52,57,51,58,60,68,55,59
1105523,Josh Davison,254838,Josh Davison,Tranmere Rovers,EFL League Two,1999-09-16,26,ST,59,188,79,Right,4,2,61,66,59,61,54,72,83,77,73,78
1290613,Nicolo Cavuoti,271202,Nicolò Cavuoti,Cagliari,Serie A Enilive,2003-04-04,23,CAM,59,177,73,Left,3,3,74,63,71,70,56,44,52,49,38,47
1434858,Roy Steur,271748,Roy Steur,FC Volendam,Eredivisie,2005-02-01,21,GK,59,192,85,Right,3,1,27,30,35,25,52,29,62,54,27,58
1098816,Nathan Butler-Oyedeji,273926,Nathan Butler-Oyedeji,Lausanne-Sport,Brack Super League,2003-01-04,23,ST,59,177,74,Right,3,3,74,70,73,73,56,48,54,64,48,52
1213676,Lewis Shipley,277007,Lewis Shipley,Barrow,EFL League Two,2003-11-29,22,LB,59,185,79,Left,3,2,65,71,52,55,55,69,70,64,56,67
1621082,Edoardo Motta,277802,Edoardo Motta,Reggiana,Serie BKT,2005-01-13,21,GK,59,194,87,Right,2,1,18,22,26,29,50,24,70,54,20,58
1116589,Giuseppe Ciocci,271199,Giuseppe Ciocci,Cagliari,Serie A Enilive,2002-01-24,24,GK,59,190,86,Right,2,1,21,28,36,25,55,34,65,53,21,57
119521,Seamus Conneely,187782,Seámus Conneely,Accrington,EFL League Two,1988-07-09,37,CDM,59,175,68,Right,3,2,36,34,57,68,59,48,67,56,68,62
1319909,Rijk Janse,265747,Rijk Janse,N.E.C. Nijmegen,Eredivisie,2002-04-16,24,GK,59,189,72,Right,3,1,27,24,33,32,62,22,54,48,23,58
891482,Mirza Cihan,260559,Mirza Cihan,Gaziantep,Trendyol Süper Lig,2000-10-26,25,LM,59,175,67,Right,3,2,64,69,50,79,46,44,40,38,40,41
1182933,Antwoine Hackford,260192,Antwoine Hackford,AFC Wimbledon,EFL League One,2004-03-20,22,ST,59,177,70,Right,3,3,87,85,70,73,57,52,62,69,29,53
1388695,Izzet Celik,263621,İzzet Çelik,Alanyaspor,Trendyol Süper Lig,2004-06-20,22,CAM,59,173,60,Right,3,2,68,60,71,78,49,44,34,34,50,40
919849,Julian Larsson,255525,Julian Larsson,Burton Albion,EFL League One,2001-04-21,25,ST,59,178,72,Right,2,2,74,71,77,66,58,54,55,66,29,50
1229066,Josh Andrews,256786,Josh Andrews,Gillingham,EFL League Two,2001-10-16,24,ST,59,196,90,Right,2,2,62,67,39,42,55,62,83,76,44,70
1453338,Jay Robinson,78184,Jay Robinson,Southampton,EFL Championship,2007-03-15,19,ST,59,180,65,Right,4,2,69,66,70,74,55,54,48,53,40,48
1523842,Benn Ward,274404,Benn Ward,Accrington,EFL League Two,2003-10-31,22,CB,59,188,78,Left,3,2,65,73,61,57,53,59,71,70,58,65
1686118,Lucas Herrington,75145,Lucas Herrington,Brisbane Roar,A-League,2007-09-05,18,CB,59,190,80,Right,3,2,63,67,50,58,58,63,67,66,65,66
1263278,Jamie Mullins,263411,Jamie Mullins,Wycombe,EFL League One,2004-09-29,21,CAM,59,171,74,Right,3,4,78,63,72,73,55,56,32,41,42,40
966023,Ben Knight,263955,Ben Knight,Cambridge Utd,EFL League Two,2002-06-14,24,RW,59,170,59,Left,3,3,72,62,84,89,43,41,36,40,37,38
1389720,Dion Versluis,76285,Dion Versluis,NAC Breda,Eredivisie,2003-02-17,23,ST,59,192,80,Right,3,2,51,59,55,46,58,55,66,65,54,61
1680585,Felix Emmanuel Tsimba,75526,Felix Emmanuel Tsimba,BSC Young Boys,Brack Super League,2006-06-22,20,ST,59,185,80,Right,3,2,65,67,58,55,55,50,65,66,38,56
1428563,Franci Bouebari,273533,Franci Bouebari,Rot-Weiss Essen,3. Liga,2003-09-12,22,LB,59,187,80,Left,2,2,60,54,49,56,57,55,67,65,58,62
1473681,Nyamekye Awortwie-Grant,79503,Nyamekye Awortwie-Grant,Energie Cottbus,3. Liga,2000-08-07,25,CB,59,193,82,Right,3,2,66,69,47,44,49,63,80,74,62,72
1413371,Adrian Palacios,72955,Adrián Palacios,KRC Genk,1A Pro League,2004-06-07,22,CB,59,186,82,Left,3,2,55,64,57,55,48,58,70,67,60,65
1577843,Bruno Ogbus,279045,Bruno Ogbus,SC Freiburg,Bundesliga,2005-12-17,20,CB,59,185,84,Right,3,2,63,66,59,60,51,38,69,63,59,59
962703,Cameron Evans,252305,Cameron Evans,Newport County,EFL League Two,2001-02-23,25,CB,59,182,78,Right,3,2,59,62,51,50,56,71,72,70,58,69
1396874,Devon Matthews,77046,Devon Matthews,Accrington,EFL League Two,2000-01-04,26,CB,59,190,80,Right,2,2,57,63,47,45,52,61,75,69,62,69
1355530,Brahim Ghalidi,268561,Brahim Ghalidi,NAC Breda,Eredivisie,2005-01-31,21,LM,59,178,69,Right,3,3,76,71,79,82,44,48,31,36,24,34
1669433,Sankhoun Diawara,74510,Sankhoun Diawara,ESTAC Troyes,Ligue 2 BKT,2006-01-13,20,CB,59,188,75,Left,2,2,50,68,42,48,52,60,72,69,59,66
1463600,Aaron Bibout,278479,Aaron Bibout,KRC Genk,1A Pro League,2004-09-03,21,ST,59,193,83,Right,3,2,58,58,55,75,58,55,66,67,30,56
1346646,Delano McCoy-Splatt,79444,Delano McCoy-Splatt,AFC Wimbledon,EFL League One,2004-10-11,21,CM,58,171,67,Right,3,3,75,78,77,79,58,55,58,56,48,55
1276301,Antony Papadopoulos,262326,Antony Papadopoulos,Crawley Town,EFL League Two,2002-11-12,23,CM,58,175,74,Right,3,2,69,72,64,66,56,63,63,55,55,61
1217143,Matt Dibley-Dias,278220,Matt Dibley-Dias,Chesterfield,EFL League Two,2003-10-29,22,CM,58,171,65,Right,3,2,67,69,77,83,56,52,50,51,66,54
46382,David Worrall,179636,David Worrall,Barrow,EFL League Two,1990-06-12,36,RB,58,170,67,Right,4,3,68,67,79,81,57,62,54,65,49,56
1288868,Kane Thompson-Sommers,251284,Kane Thompson-Sommers,MK Dons,EFL League Two,2000-12-01,25,CM,58,185,73,Right,3,2,68,70,60,59,58,67,65,64,56,64
1113742,Charlie Wellens,257472,Charlie Wellens,Leyton Orient,EFL League One,2002-12-05,23,CM,58,175,65,Right,3,2,66,63,70,76,58,63,54,48,56,56
793691,Luke Hannant,242212,Luke Hannant,Oldham Athletic,EFL League Two,1993-11-04,32,LM,58,180,67,Right,3,3,70,70,60,73,57,71,60,59,69,65
1186523,Oscar Thorn,274742,Oscar Thorn,Lincoln City,EFL League One,2004-03-22,22,RM,58,191,76,Right,4,2,91,88,67,75,50,61,63,71,27,56
1606170,Jonathan Bland,70319,Jonathan Bland,Barnsley,EFL League One,2005-10-24,20,CM,58,183,77,Right,3,2,55,64,65,61,60,64,68,60,55,64
1553434,Andreas Verstraeten,74450,Andreas Verstraeten,Royal Antwerp FC,1A Pro League,2006-01-10,20,CB,58,177,68,Left,2,2,72,73,75,71,55,66,60,61,57,61
1353104,Tochukwu Nnadi,78424,Tochukwu Nnadi,Zulte Waregem,1A Pro League,2003-06-30,23,CM,58,176,67,Right,3,2,50,56,63,65,54,75,67,60,54,66
1327311,Kyle McAdam,79201,Kyle McAdam,Mansfield Town,EFL League One,2004-12-24,21,LM,58,184,79,Left,2,3,74,75,71,68,51,69,61,63,45,60
1288109,Ryan Howley,262044,Ryan Howley,Bristol Rovers,EFL League Two,2003-11-23,22,CAM,58,187,74,Right,3,2,50,62,54,68,54,54,62,56,66,61
1276931,Markus Haaland,278720,Markus Haaland,SK Brann,Eliteserien,2005-03-08,21,LW,58,182,76,Right,3,2,60,63,59,61,58,64,59,54,59,60
1575564,Tommy Backwell,278984,Tommy Backwell,Cheltenham Town,EFL League Two,2003-06-22,23,CAM,58,183,71,Right,2,2,68,69,73,70,58,52,51,51,73,56
1416627,Davis Asante,79328,Davis Asante,Jahn Regensburg,3. Liga,2003-04-15,23,RW,58,182,74,Right,3,2,76,77,63,63,47,53,60,60,38,54
662366,Sam Hornby,229393,Sam Hornby,Walsall,EFL League Two,1995-02-14,31,GK,58,185,80,Left,2,1,55,46,38,51,52,24,58,60,17,54
862954,Kenan Fatkic,243893,Kenan Fatkić,FC Hansa Rostock,3. Liga,1997-08-20,28,CDM,58,186,75,Left,3,2,61,63,62,60,53,62,64,53,43,59
749025,Lewis Ward,223988,Lewis Ward,Swindon Town,EFL League Two,1997-03-05,29,GK,58,195,81,Right,2,1,46,44,41,47,53,38,51,53,36,57
1520214,Luca Woodhouse,271430,Luca Woodhouse,Exeter City,EFL League One,2004-07-25,21,CB,58,188,79,Left,3,2,68,67,62,60,58,64,62,66,61,63
1576485,Tom Dean,74169,Tom Dean,Exeter City,EFL League One,2005-11-30,20,RM,58,180,78,Right,2,2,77,79,55,65,55,56,59,62,58,58
1736527,Alexandro Maidana,77972,Alexandro Maidana,Guaraní,Sudamericana,2005-07-26,20,LB,58,173,73,Left,2,2,74,73,65,42,45,64,54,52,45,55
1713570,Tanguy Ahile,74139,Tanguy Ahile,En Avant Guingamp,Ligue 2 BKT,2004-09-07,21,CDM,58,178,70,Right,3,2,64,59,66,71,47,61,68,63,65,65
1668214,Isaiah Ahmed,74337,Isaiah Ahmed,sc Heerenveen,Eredivisie,2005-12-28,20,CDM,58,186,75,Right,2,2,63,59,58,60,55,62,58,64,64,61
1797591,Robin van Cruijsen,80489,Robin van Cruijsen,FC Volendam,Eredivisie,2006-02-20,20,CAM,58,170,62,Left,3,3,74,71,66,63,49,48,44,47,41,45
1032780,Darragh Nugent,259472,Darragh Nugent,Shamrock Rovers,SSE Airtricity PD,2001-03-01,25,CM,58,183,72,Right,3,2,44,41,53,56,57,65,63,57,66,64
1610969,Emmanuel Gyamfi,72378,Emmanuel Gyamfi,Aberdeen,Scottish Prem,2003-07-23,22,LB,58,178,74,Right,3,2,70,69,71,71,53,59,54,57,70,59
1249615,Luke Butterfield,78115,Luke Butterfield,Chesterfield,EFL League Two,2003-09-29,22,CDM,58,189,84,Right,3,2,63,64,59,56,55,57,66,65,52,61
1184675,Sam Long,258056,Sam Long,Bromley FC,EFL League Two,2002-11-12,23,GK,58,188,80,Right,3,1,40,45,49,53,56,33,51,50,15,54
1645924,Tristan Schenkhuizen,73547,Tristan Schenkhuizen,Fortuna Sittard,Eredivisie,2004-07-12,21,CDM,58,178,71,Left,3,2,63,65,57,62,58,49,56,57,56,54
1507603,Muhamed Buljubasic,73936,Muhamed Buljubašić,Çaykur Rizespor,Trendyol Süper Lig,2004-07-04,21,CM,58,180,75,Right,3,2,51,58,55,65,58,54,55,56,56,55
1797614,Anis Ouzenadji,80538,Anis Ouzenadji,ESTAC Troyes,Ligue 2 BKT,2006-11-04,19,LB,58,165,56,Left,3,2,74,70,72,91,41,54,39,46,54,46
938380,Jaze Kabia,255980,Jaze Kabia,Grimsby Town,EFL League Two,2000-08-07,25,RM,58,175,65,Right,4,2,82,83,76,69,60,58,46,64,50,51
1190861,Logan Pye,268441,Logan Pye,Accrington,EFL League Two,2003-10-26,22,LB,58,178,70,Left,3,2,75,77,76,75,54,58,52,56,54,54
1666101,Lauris Bausenwein,78646,Lauris Bausenwein,FC Schweinfurt 05,3. Liga,2005-03-06,21,RM,58,180,70,Right,2,2,85,77,63,68,46,52,48,53,35,47
1605949,Freddie Sass,79203,Freddie Sass,Accrington,EFL League Two,2001-07-27,24,LB,58,188,83,Left,2,2,65,73,61,63,51,83,79,62,73,78
1797586,Jermaine Rijssel,80490,Jermaine Rijssel,sc Heerenveen,Eredivisie,2005-03-25,21,RM,58,179,71,Right,3,3,82,85,77,73,43,46,49,58,38,47
1296385,Myles Roberts,275272,Myles Roberts,Walsall,EFL League Two,2001-12-09,24,GK,58,193,78,Right,3,1,35,42,27,25,40,21,54,51,20,59
1276328,Nesta Zahui,74497,Nesta Zahui,Grenoble Foot 38,Ligue 2 BKT,2003-03-05,23,RM,58,175,65,Right,3,3,79,71,75,81,47,44,42,46,53,45
1797588,Nadir El Jamali,80537,Nadir El Jamali,AS Saint-Étienne,Ligue 2 BKT,2007-04-17,19,CM,58,180,72,Right,4,2,71,64,57,66,49,58,51,55,62,55
1078851,Ben Winterbottom,262559,Ben Winterbottom,Barrow,EFL League Two,2001-07-16,24,GK,58,188,66,Right,3,1,33,19,37,36,34,24,52,49,21,55
1580249,Olabade Aluko,78229,Olabade Aluko,Leicester City,EFL Championship,2006-11-30,19,LB,58,182,78,Right,4,2,72,73,66,69,54,62,64,63,59,62
241728,Jason Lowe,200292,Jason Lowe,Tranmere Rovers,EFL League Two,1991-09-02,34,CB,58,183,80,Right,3,2,53,47,59,66,54,36,73,65,61,61
1244302,Joe Wormleighton,272369,Joe Wormleighton,Northampton,EFL League One,2003-12-30,22,RB,58,178,70,Right,3,2,69,64,65,67,53,52,60,59,70,60
1186465,Charlie Whitaker,268633,Charlie Whitaker,Tranmere Rovers,EFL League Two,2003-09-16,22,CAM,58,179,74,Right,3,3,69,69,70,67,56,46,52,55,47,50
1485185,Nick Akoto,73765,Nick Akoto,Burton Albion,EFL League One,1998-09-16,27,RB,58,188,75,Right,3,2,65,69,54,52,55,56,68,63,58,63
1791803,Youssef Njoya,79530,Youssef Njoya,En Avant Guingamp,Ligue 2 BKT,2004-04-18,22,LM,58,179,70,Right,2,3,78,71,74,75,39,56,44,46,41,47
109262,Mark Oxley,186494,Mark Oxley,Harrogate Town,EFL League Two,1990-09-28,35,GK,58,190,87,Right,2,1,31,28,53,52,55,30,65,55,40,60
1116947,Rico Richards,257793,Rico Richards,Walsall,EFL League Two,2003-09-27,22,CAM,58,182,68,Left,3,3,72,80,71,72,56,54,58,53,33,52
548798,Michael Kelly,222612,Michael Kelly,Accrington,EFL League Two,1996-07-13,29,GK,58,196,86,Right,2,1,30,27,28,40,50,37,78,63,18,59
1254270,Kristi Montgomery,270140,Kristi Montgomery,Blackburn Rovers,EFL Championship,2004-05-31,22,RB,58,170,65,Right,3,2,76,71,76,81,55,55,47,54,50,50
1331712,Jack Milne,267800,Jack Milne,Aberdeen,Scottish Prem,2003-02-10,23,CDM,58,192,81,Right,2,2,52,59,50,37,57,49,64,57,57,59
1599299,Joel McGregor,279766,Joel McGregor,Swindon Town,EFL League Two,2006-01-15,20,RB,58,178,74,Right,3,2,80,74,84,82,51,66,34,44,44,45
1788033,Jake Tabor,80062,Jake Tabor,Swindon Town,EFL League Two,2002-08-26,23,ST,58,175,67,Right,3,2,83,85,78,82,53,73,52,68,49,57
577611,Joe McDonnell,223827,Joe McDonnell,AFC Wimbledon,EFL League One,1994-05-19,32,GK,58,178,70,Right,2,1,27,29,26,25,50,27,36,36,16,58
1108609,Kian Harratt,254552,Kian Harratt,Oldham Athletic,EFL League Two,2002-06-21,24,ST,58,179,68,Left,3,2,77,74,61,71,55,61,69,74,65,66
1700201,Key-Shawn Wong-A-Soij,79822,Key-Shawn Wong-A-Soij,FC Volendam,Eredivisie,2006-10-01,19,LM,58,175,68,Right,3,2,71,73,65,71,42,46,47,46,39,45
1793695,Pepijn Reulen,80579,Pepijn Reulen,NAC Breda,Eredivisie,2008-06-01,18,ST,58,180,70,Right,3,3,72,73,58,67,57,60,58,66,65,60
1353700,Lewis Billington,268540,Lewis Billington,Crewe Alexandra,EFL League Two,2004-02-17,22,RB,58,185,80,Right,3,2,68,65,54,51,54,62,72,71,46,64
1637200,Myron Mau-Asam,71963,Myron Mau-Asam,FC Volendam,Eredivisie,2004-04-01,22,LB,58,170,65,Left,3,2,69,67,64,46,54,45,52,48,49,49
1585464,Kevin-Prince Milla,72543,Kevin-Prince Milla,Sparta Praha,Česká Liga,2003-12-25,22,ST,58,187,80,Right,3,2,51,58,48,46,57,54,78,71,52,66
1209961,Emir Ortakaya,278369,Emir Ortakaya,Eyüpspor,Trendyol Süper Lig,2004-06-22,22,CB,58,185,75,Left,2,2,57,56,50,52,49,59,58,56,51,57
1302808,Jeremiah Okine-Peters,80442,Jeremiah Okine-Peters,Reading,EFL League One,2004-12-16,21,RW,58,171,65,Right,3,3,78,78,77,83,53,52,49,49,40,48
982299,Luca Ashby-Hammond,242382,Luca Ashby-Hammond,Plymouth Argyle,EFL League One,2001-03-25,25,GK,58,185,76,Right,3,1,23,26,25,20,52,15,48,42,14,54
301465,Ross Fitzsimons,207528,Ross Fitzsimons,Northampton,EFL League One,1994-05-28,32,GK,58,185,75,Right,3,1,34,27,38,44,60,27,51,49,35,52
748384,Jordan Wright,233970,Jordan Wright,Newport County,EFL League Two,1999-02-27,27,GK,58,190,86,Right,2,1,20,22,35,28,51,24,46,42,28,56
1304955,Jack Stevens,260439,Jack Stevens,Oldham Athletic,EFL League Two,2000-12-14,25,ST,58,175,72,Right,2,2,72,74,70,74,56,54,55,65,36,51
1283966,Josh Woods,263811,Josh Woods,Accrington,EFL League Two,2000-07-05,25,ST,58,179,75,Right,2,2,78,76,64,68,56,54,55,66,49,54
498437,Fernando Díaz,271025,Fernando Díaz,Unión,LPF,2001-02-28,25,LB,58,180,79,Left,3,2,70,74,65,65,53,66,65,56,47,61
1342756,Luís Semedo,276425,Luís Semedo,Moreirense FC,Liga Portugal,2003-08-11,22,ST,58,192,80,Right,3,2,56,61,58,54,54,62,79,71,58,70
1514638,Noa Mupemba,276543,Noa Mupemba,Laval MFC,Ligue 2 BKT,2002-07-27,23,ST,58,180,75,Right,3,2,65,62,53,69,51,60,64,65,41,58
1419978,Elijah Morrison,72124,Elijah Morrison,Bristol City,EFL Championship,2006-03-18,20,LM,58,175,65,Left,2,2,73,71,73,78,54,53,37,39,39,42
959240,Kelsey Mooney,241438,Kelsey Mooney,Accrington,EFL League Two,1999-02-05,27,ST,58,190,79,Right,3,3,70,69,65,69,56,58,75,73,39,63
1077893,Geraldo Bajrami,246080,Geraldo Bajrami,Crawley Town,EFL League Two,1999-09-24,26,CB,58,182,78,Right,3,2,59,62,65,60,54,60,72,67,56,66
1025391,Nurettin Korkmaz,248814,Nurettin Korkmaz,Kayserispor,Trendyol Süper Lig,2002-06-27,24,LM,58,172,70,Left,3,2,66,69,53,78,41,36,42,38,33,39
1315280,Sam Gale,265596,Sam Gale,Gillingham,EFL League Two,2004-10-01,21,CB,58,187,75,Right,3,2,62,65,56,63,53,62,71,68,68,68
1399943,Luc De Fougerolles,279008,Luc De Fougerolles,FCV Dender EH,1A Pro League,2005-10-12,20,CB,58,178,72,Right,4,2,65,63,57,64,56,63,57,62,52,58
1714514,Enzo Kana Biyik,77147,Enzo Kana-Biyik,Lausanne-Sport,Brack Super League,2007-01-08,19,ST,58,189,81,Right,3,2,61,67,62,60,38,47,71,69,33,57
975117,Metehan Altunbas,260459,Metehan Altunbaş,Eyüpspor,Trendyol Süper Lig,2003-01-07,23,ST,58,184,72,Right,3,3,59,64,61,58,51,34,65,64,51,54
1526724,Callum Stewart,76572,Callum Stewart,Shrewsbury,EFL League Two,2001-12-14,24,ST,58,180,73,Right,3,3,78,77,53,66,54,57,55,66,26,50
1709484,Kaio Eduardo,76618,Kaio Eduardo,FC Basel 1893,Brack Super League,2005-04-29,21,ST,58,188,75,Right,3,2,68,68,67,69,48,57,55,59,33,51
187593,Rory Gaffney,207491,Rory Gaffney,Shamrock Rovers,SSE Airtricity PD,1989-10-23,36,ST,58,185,84,Right,4,2,34,36,47,50,60,33,72,62,65,60
1748405,Prosper Peter,78295,Prosper Peter,Angers SCO,Ligue 1 McDonald's,2007-08-09,18,ST,58,181,75,Right,3,3,56,52,56,68,52,55,52,58,34,49
960996,Ollie Kensdale,244241,Ollie Kensdale,Barnet,EFL League Two,2000-04-20,26,CB,58,191,85,Right,3,2,61,55,47,45,56,63,78,72,59,70
1526542,Ephraim Yeboah,278248,Ephraim Yeboah,Bristol City,EFL Championship,2006-07-21,19,RM,58,177,63,Right,3,2,83,82,68,68,50,51,36,55,32,40
1710550,Milan Mbeng,77433,Milan Mbeng,Shelbourne,SSE Airtricity PD,2002-04-06,24,CB,58,182,77,Right,3,2,57,52,47,57,45,55,67,64,58,62
1797590,Jesper Tielemans,80488,Jesper Tielemans,FC Volendam,Eredivisie,2006-05-17,20,ST,58,180,78,Right,3,2,61,63,56,64,54,52,57,64,32,51
1415326,Gabriele Calvani,74520,Gabriele Calvani,Frosinone,Serie BKT,2004-01-12,22,CB,58,184,75,Right,3,2,51,59,42,59,58,64,58,58,61,60
1304777,Declan Skura,276385,Declan Skura,Wycombe,EFL League One,2002-04-09,24,CB,58,188,80,Right,3,2,65,64,49,56,52,59,69,67,56,64
1189618,Will Sutton,259276,Will Sutton,Oldham Athletic,EFL League Two,2002-10-30,23,CB,58,188,82,Right,3,2,58,60,58,56,58,60,74,68,59,67
1718165,Harry Hilvenius,77311,Harry Hilvenius,BK Häcken,Allsvenskan,2007-10-06,18,CB,58,185,78,Right,3,2,55,64,50,56,59,58,60,61,54,58
1344654,Mathis Hamdi,276824,Mathis Hamdi,ESTAC Troyes,Ligue 2 BKT,2003-10-18,22,LB,58,180,66,Left,3,2,57,59,56,52,54,58,55,51,53,55
1709473,Mathys Detourbet,76616,Mathys Detourbet,ESTAC Troyes,Ligue 2 BKT,2007-04-29,19,ST,58,175,65,Right,3,3,69,57,76,76,55,41,41,51,31,40
1668295,Noa Boisse,78760,Noa Boissé,Le Mans FC,Ligue 2 BKT,2006-01-20,20,RB,58,170,70,Right,3,2,61,50,58,84,56,57,48,53,56,52
1706477,Lenny Agbaire,79718,Lenny Agbaire,Rotherham Utd,EFL League One,2005-03-04,21,CB,58,194,82,Right,2,2,51,55,40,41,57,52,71,65,58,63
1645922,Matteo Palma,72324,Matteo Palma,Udinese,Serie A Enilive,2008-03-13,18,CB,58,194,85,Right,3,2,50,53,34,34,56,56,57,53,61,57
1365254,Jack Grieves,273600,Jack Grieves,Watford,EFL Championship,2004-12-05,21,RM,57,180,75,Right,3,2,74,72,71,68,55,66,63,66,57,63
1585611,Alex Henderson,276980,Alex Henderson,Accrington,EFL League Two,2004-09-25,21,CAM,57,182,75,Right,3,2,68,71,69,66,55,70,69,61,60,67
1201545,Harry McHugh,262049,Harry McHugh,Wigan Athletic,EFL League One,2002-09-14,23,CM,57,179,75,Left,3,2,72,74,72,68,58,56,53,55,45,52
1154746,Géza Dávid Turi,77037,Géza Dávid-Turi,Grimsby Town,EFL League Two,2001-10-06,24,CM,57,184,70,Right,3,2,67,68,61,61,53,71,59,56,47,59
1351007,Jack Perkins,80243,Jack Perkins,Northampton,EFL League One,2003-10-26,22,CM,57,178,71,Left,2,2,68,66,68,69,58,57,54,52,51,54
1113914,Kallum Cesay,268904,Kallum Cesay,Salford City,EFL League Two,2002-09-04,23,CM,57,189,83,Right,3,2,59,64,53,44,59,62,62,56,59,61
1793491,Ayoub Chaikhoun,79267,Ayoub Chaikhoun,1. FC Nürnberg,Bundesliga 2,2005-01-22,21,CM,57,183,76,Right,3,2,72,67,71,67,55,53,54,50,42,51
1287618,Oliver Hammond,263950,Oliver Hammond,Oldham Athletic,EFL League Two,2002-11-13,23,CM,57,179,71,Right,2,2,68,65,66,73,56,65,58,56,59,60
1202090,Joe Snowdon,263324,Joe Snowdon,Swindon Town,EFL League Two,2004-02-14,22,CAM,57,176,70,Right,3,3,67,64,53,66,55,62,50,51,57,54
1116908,Charlie Caton,256864,Charlie Caton,Accrington,EFL League Two,2002-11-25,23,ST,57,182,72,Left,2,2,77,72,72,73,54,64,62,69,33,57
1390011,Ronan Maher,270544,Ronan Maher,Walsall,EFL League Two,2004-12-30,21,CAM,57,175,70,Left,3,3,79,71,85,87,51,66,35,42,46,45
1422743,Elyh Harrison,274988,Elyh Harrison,Shrewsbury,EFL League Two,2006-02-19,20,GK,57,182,70,Right,2,1,48,48,45,39,53,20,30,41,23,56
1381600,Billy Kirkman,74338,Billy Kirkman,Swindon Town,EFL League Two,2004-02-26,22,LB,57,186,76,Left,3,2,70,74,60,62,47,62,68,64,61,65
1619434,Milad Nejad,76980,Milad Nejad,Wehen Wiesbaden,3. Liga,2004-09-29,21,CM,57,182,77,Left,3,2,54,60,64,66,55,51,59,54,50,55
1665780,Joe Thomas,72939,Joe Thomas,Newport County,EFL League Two,2002-03-12,24,RB,57,185,79,Right,2,2,71,75,66,63,51,69,63,62,45,61
1308353,Brandon Khela,270113,Brandon Khela,Peterborough,EFL League One,2005-01-19,21,CM,57,185,75,Right,2,2,67,55,62,65,57,57,59,52,59,58
1566101,Kyreece Lisbie,270609,Kyreece Lisbie,Colchester,EFL League Two,2003-12-01,22,RM,57,180,67,Right,3,2,90,89,60,67,47,53,54,59,44,52
1420188,Aron Sasu,274228,Aron Sasu,AFC Wimbledon,EFL League One,2005-03-05,21,LM,57,190,86,Right,2,2,74,81,61,62,48,55,69,74,40,60
1382720,Devin Angleberger,270548,Devin Angleberger,FC Schweinfurt 05,3. Liga,2003-03-05,23,CM,57,179,67,Right,3,2,64,62,73,74,55,52,48,42,44,48
1523323,Rayan Slimani,72141,Rayan Slimani,Red Star FC,Ligue 2 BKT,2003-08-03,22,CM,57,174,63,Left,3,2,65,55,72,81,56,51,46,42,53,48
1096324,Vontae Daley-Campbell,258529,Vontae Daley-Campbell,Chesterfield,EFL League Two,2001-04-02,25,RB,57,183,74,Right,3,2,70,67,58,65,50,68,63,60,57,63
1573605,Sam Parker,278958,Sam Parker,Swansea City,EFL Championship,2006-07-07,19,RB,57,178,65,Right,3,2,68,69,67,64,54,53,66,72,52,60
1360346,Habeeb Ogunneye,272644,Habeeb Ogunneye,Newport County,EFL League Two,2005-11-12,20,RB,57,175,64,Right,3,2,75,72,77,76,55,46,55,59,55,53
1787153,Charlie Warren,79114,Charlie Warren,Bolton,EFL League One,2004-01-24,22,RM,57,181,74,Left,3,3,67,74,64,61,56,55,64,62,42,57
1536764,Batuhan Yavuz,278056,Batuhan Yavuz,Alanyaspor,Trendyol Süper Lig,2005-05-04,21,RB,57,177,68,Right,3,2,71,70,64,73,52,55,50,50,66,54
1607778,Oumar Pona,70541,Oumar Pona,Angers SCO,Ligue 1 McDonald's,2006-06-21,20,GK,57,195,78,Right,2,1,38,41,33,36,48,30,67,57,28,55
1370500,Aribim Pepple,271325,Aribim Pepple,Plymouth Argyle,EFL League One,2002-12-25,23,ST,57,185,72,Right,4,2,76,70,70,69,52,59,77,77,51,67
1420725,Owen Oseni,76223,Owen Oseni,Plymouth Argyle,EFL League One,2003-05-07,23,ST,57,179,72,Right,3,3,73,74,68,69,54,56,60,65,49,57
1384552,Michael Spellman,73308,Michael Spellman,Newport County,EFL League Two,2002-09-21,23,LW,57,185,75,Left,3,2,71,69,64,58,54,48,57,54,40,51
1670161,Jorge Salinas,74606,Jorge Salinas,R. Racing Club,LALIGA HYPERMOTION,2007-04-03,19,LB,57,181,78,Left,2,3,69,71,58,66,59,58,56,55,58,57
1302409,Enes Keskin,277671,Enes Keskin,Alanyaspor,Trendyol Süper Lig,2001-06-04,25,CM,57,185,70,Right,2,2,50,54,43,62,56,53,48,49,58,51
1437207,Pietro Candelari,278301,Pietro Candelari,Spezia,Serie BKT,2005-01-21,21,CM,57,178,73,Right,3,2,56,54,58,63,61,51,49,45,51,50
1400214,Damola Ajayi,76571,Damola Ajayi,Doncaster,EFL League One,2005-12-27,20,RM,57,176,73,Left,3,3,74,76,77,75,51,58,43,42,39,46
1393636,Duke Verduin,275419,Duke Verduin,PEC Zwolle,Eredivisie,2003-10-30,22,GK,57,195,82,Right,3,1,32,29,40,37,55,26,57,52,18,57
1693550,Diego Diaz,75632,Diego Díaz,R. Racing Club,LALIGA HYPERMOTION,2005-05-31,21,CAM,57,173,66,Right,3,3,60,64,54,79,48,38,38,33,39,38
1722960,Ofosu Boakye,77624,Ofosu Boakye,Go Ahead Eagles,Eredivisie,2007-07-10,18,ST,57,181,75,Right,2,2,60,63,50,78,47,46,46,53,40,45
1705086,Tom Donaghy,267739,Tom Donaghy,Oldham Athletic,EFL League Two,2003-04-18,23,GK,57,188,82,Right,2,1,28,20,31,39,52,23,57,49,19,56
1624100,Amine Boukamir,71624,Amine Boukamir,Sp. Charleroi,1A Pro League,2006-10-23,19,CDM,57,176,72,Right,3,2,59,58,47,69,54,45,53,49,56,51
1093798,Jake Bickerstaff,262522,Jake Bickerstaff,Cheltenham Town,EFL League Two,2001-09-11,24,ST,57,188,80,Right,3,3,67,74,69,66,54,63,71,67,40,63
1342958,Timo Jansink,268449,Timo Jansink,Heracles Almelo,Eredivisie,2003-03-16,23,GK,57,198,82,Right,3,1,22,31,23,23,55,17,58,39,20,56
1289655,Lorenzo Palmisani,276725,Lorenzo Palmisani,Frosinone,Serie BKT,2004-06-12,22,GK,57,185,79,Right,3,1,23,28,30,22,50,18,58,49,19,56
1670120,Daan van Reeuwijk,74335,Daan van Reeuwijk,NAC Breda,Eredivisie,2007-05-09,19,CB,57,188,75,Right,3,2,59,61,55,60,54,56,64,60,50,59
1576743,Hamza Abdallah,279052,Hamza Abdallah,Lausanne-Sport,Brack Super League,2003-06-13,23,RB,57,177,70,Right,2,2,65,63,59,68,59,53,50,50,50,51
1636825,Igor Tyjon,71956,Igor Tyjon,Blackburn Rovers,EFL Championship,2008-03-20,18,ST,57,181,71,Right,3,2,68,70,69,71,55,52,53,55,41,50
816396,Marcus Dinanga,235218,Marcus Dinanga,Bromley FC,EFL League Two,1998-01-02,28,ST,57,180,78,Right,3,2,72,70,68,62,53,61,61,66,27,54
1287392,Ben Lloyd,270065,Ben Lloyd,Newport County,EFL League Two,2005-03-14,21,CAM,57,175,65,Left,3,3,67,72,71,76,57,32,36,34,37,35
1281389,Rasmus Holten,275492,Rasmus Holten,SK Brann,Eliteserien,2005-02-20,21,CB,57,195,80,Right,3,2,55,54,35,47,48,52,74,64,61,65
1667947,Kayden Hughes,74158,Kayden Hughes,Fleetwood Town,EFL League Two,2005-11-28,20,CB,57,186,82,Left,2,2,67,65,60,54,53,61,72,70,60,67
1447988,Gerard Vandeplas,74372,Gerard Vandeplas,Royal Antwerp FC,1A Pro League,2006-02-25,20,ST,57,182,72,Right,3,2,66,68,64,61,47,56,58,62,38,54
1186459,Michael Forbes,70446,Michael Forbes,Northampton,EFL League One,2004-06-19,22,CB,57,188,76,Left,2,2,50,55,45,47,53,55,71,64,62,65
1751147,Donovan Basset,78404,Donovan Basset,SC Bastia,Ligue 2 BKT,2004-01-05,22,CB,57,186,70,Left,2,2,61,65,50,68,52,59,65,65,48,60
1227362,Filozofe Mabete,79092,Filozofe Mabete,Swindon Town,EFL League Two,2005-03-14,21,CB,57,189,85,Right,2,2,60,65,49,48,53,53,73,68,52,64
1315290,Bobby Faulkner,265575,Bobby Faulkner,Harrogate Town,EFL League Two,2004-08-05,21,CB,57,186,81,Right,2,2,63,68,63,61,51,56,73,70,59,66
1401987,Finn Delap,276060,Finn Delap,Burton Albion,EFL League One,2005-03-09,21,CB,57,182,75,Right,2,2,63,63,54,60,54,64,72,69,52,66
1239597,Seán Grehan,261988,Seán Grehan,Doncaster,EFL League One,2004-01-08,22,CB,57,184,80,Right,3,2,56,51,54,47,52,53,67,63,56,61
1668195,Matteo Commaret,79515,Mattéo Commaret,Laval MFC,Ligue 2 BKT,2002-01-02,24,CB,57,184,75,Right,3,2,59,65,45,58,47,62,59,57,52,58
1302814,Kaelan Casey,278098,Kaelan Casey,Swansea City,EFL Championship,2004-10-28,21,CB,57,185,70,Right,2,2,55,58,49,50,51,52,65,63,55,60
1744576,Telli Siwe,78215,Telli Siwe,AJ Auxerre,Ligue 1 McDonald's,2004-12-14,21,CB,57,180,70,Right,2,2,63,58,53,53,46,54,70,70,58,64
1645927,Jop Tijink,72992,Jop Tijink,Heracles Almelo,Eredivisie,2005-01-30,21,CB,57,188,76,Left,2,2,52,53,38,60,52,53,59,57,54,56
1406565,Kai Whitmore,72953,Kai Whitmore,Newport County,EFL League Two,2001-03-25,25,CM,56,178,71,Right,3,2,66,63,62,61,56,69,63,53,52,62
1101137,Harrison Sohna,265418,Harrison Sohna,Cheltenham Town,EFL League Two,2002-07-01,24,CM,56,178,73,Left,4,2,69,64,79,77,57,66,56,50,55,58
1437876,Sean Fusire,274394,Sean Fusire,Sheffield Wed,EFL Championship,2005-05-31,21,CM,56,181,70,Right,3,2,71,73,65,73,56,54,54,55,45,52
1420205,George Morrison,78047,George Morrison,Fleetwood Town,EFL League Two,2005-10-24,20,CM,56,177,74,Right,3,2,69,71,68,67,54,63,49,43,68,56
1533554,Rhys Walters,277413,Rhys Walters,Port Vale,EFL League One,2005-11-18,20,CM,56,176,73,Right,3,2,69,65,67,69,55,58,56,50,48,55
1604505,Nathan Tinsdale,74360,Nathan Tinsdale,Hull City,EFL Championship,2005-08-05,20,CM,56,176,68,Right,3,2,69,65,72,73,56,56,47,41,47,49
1327313,Darren Robinson,270593,Darren Robinson,St. Pats,SSE Airtricity PD,2004-12-29,21,CM,56,187,77,Right,3,2,58,63,60,62,60,58,56,55,64,58
1420268,Rio Shipston,272702,Rio Shipston,Sheffield Wed,EFL Championship,2004-11-07,21,CM,56,174,63,Right,3,2,64,69,66,73,50,60,36,40,61,47
1579342,Shay Spencer,75407,Shay Spencer,Reading,EFL League One,2003-11-09,22,CDM,56,176,64,Right,3,2,68,61,66,73,54,59,63,58,55,60
1340478,John Ryan,267883,John Ryan,Reading,EFL League One,2004-01-21,22,LB,56,178,70,Left,4,2,73,76,63,65,53,51,54,56,51,53
1420183,Caleb Roberts,272465,Caleb Roberts,Plymouth Argyle,EFL League One,2005-10-24,20,CM,56,178,74,Right,3,2,65,66,67,69,57,53,58,51,58,56
1406767,Marco Wörner,274993,Marco Wörner,SC Paderborn 07,Bundesliga 2,2004-09-25,21,CAM,56,185,77,Right,3,2,66,69,63,60,58,51,59,59,60,57
1431282,Cameron Ashia,77738,Cameron Ashia,Huddersfield,EFL League One,2006-10-08,19,CAM,56,175,67,Right,3,3,70,72,74,72,54,54,61,54,51,57
1285813,Noah Rupp,263985,Noah Rupp,FC Thun,Brack Super League,2003-08-13,22,CM,56,184,75,Left,3,2,63,55,64,61,58,34,58,58,48,50
1343495,Charlie Finney,269949,Charlie Finney,Crewe Alexandra,EFL League Two,2003-10-28,22,LB,56,170,72,Left,3,2,74,70,82,73,51,63,38,41,47,46
1378319,Cory O'Sullivan,277852,Cory O'Sullivan,Shamrock Rovers,SSE Airtricity PD,2006-05-02,20,CB,56,173,70,Left,3,2,71,69,63,55,55,61,68,73,55,64
886138,Jay Bird,252549,Jay Bird,Salford City,EFL League Two,2001-05-06,25,ST,56,186,70,Right,3,2,73,73,64,59,51,61,72,74,44,64
1668672,Ashqar Ahmed,75485,Ashqar Ahmed,Reading,EFL League One,2007-08-31,18,RB,56,191,75,Right,2,2,72,77,63,64,52,40,74,75,70,65
1791917,Alexandre Zaouai,79929,Alexandre Zaouai,SC Bastia,Ligue 2 BKT,2005-04-01,21,CAM,56,177,69,Right,2,2,76,73,71,71,45,51,42,44,48,46
1385185,Belmin Beganovic,269855,Belmin Beganović,SK Sturm Graz,Ö. Bundesliga,2004-09-09,21,ST,56,183,76,Left,3,2,74,76,73,63,52,56,62,62,28,54
1315286,Joseph Gbode,265597,Joseph Gbode,Luton Town,EFL League One,2005-04-08,21,ST,56,186,95,Right,2,2,82,85,74,64,48,65,84,83,26,68
1631615,Adrien Thibaut,75261,Adrien Thibaut,Crewe Alexandra,EFL League Two,2004-07-11,21,ST,56,180,77,Right,3,2,77,75,68,69,54,61,69,70,41,61
1340633,Mathaeus Roberts,80008,Mathaeus Roberts,Stevenage,EFL League One,2004-11-30,21,CAM,56,175,67,Right,3,3,68,70,76,79,52,48,46,41,47,46
1321336,Glenn McConnell,266528,Glenn McConnell,Cambridge Utd,EFL League Two,2005-04-26,21,CAM,56,173,71,Right,3,3,62,55,71,79,56,34,50,44,65,49
1664997,James Bello,74630,James Bello,Viktoria Plzeň,Česká Liga,2005-05-01,21,ST,56,183,80,Right,2,2,72,77,56,58,49,56,60,65,50,57
1132836,Tom Cursons,76798,Tom Cursons,Harrogate Town,EFL League Two,2001-12-08,24,ST,56,186,80,Left,3,2,69,70,68,64,52,63,61,68,40,58
1608514,Ehije Ukaki,79306,Ehije Ukaki,Sheffield Utd,EFL Championship,2004-10-02,21,RM,56,175,71,Right,3,3,74,76,75,78,51,48,52,50,39,48
1791877,Ethan Clavreul,80239,Ethan Clavreul,Laval MFC,Ligue 2 BKT,2006-06-29,20,CAM,56,181,60,Right,2,2,63,60,55,75,55,55,56,53,59,56
1581073,Micah Mbick,279249,Micah Mbick,Colchester,EFL League Two,2006-11-08,19,ST,56,185,79,Right,3,2,63,65,65,63,51,55,73,70,48,63
1416719,Marcus Wyllie,74116,Marcus Wyllie,Gillingham,EFL League Two,1999-07-16,26,ST,56,180,79,Right,3,2,75,78,69,66,51,62,61,67,46,59
1057939,Kevin Berkoe,248815,Kevin Berkoe,Salford City,EFL League Two,2001-07-05,24,LB,56,178,69,Left,3,2,75,80,73,52,50,58,64,63,54,60
1562337,Jaden Dixon,278828,Jaden Dixon,Stoke City,EFL Championship,2007-02-07,19,CB,56,180,76,Right,3,2,66,68,64,67,54,52,67,72,56,61
1290869,Rico Browne,75149,Rico Browne,Walsall,EFL League Two,2003-12-28,22,CB,56,188,78,Right,4,2,62,66,48,53,51,58,77,66,64,69
1331082,Zak Bradshaw,70836,Zak Bradshaw,Cambridge Utd,EFL League Two,2003-09-22,22,LB,56,188,70,Left,2,2,57,62,52,60,52,58,69,64,60,64
589258,Elias Lorenz,71290,Elias Lorenz,SK Sturm Graz,Ö. Bundesliga,2006-03-27,20,GK,56,194,80,Right,3,1,18,29,21,23,49,24,62,51,22,56
1418089,Favour Fawunmi,77599,Favour Fawunmi,Stoke City,EFL Championship,2006-04-26,20,RM,56,180,70,Left,3,3,68,71,67,69,53,34,44,36,46,42
1676705,Luca Blondeau,79037,Luca Blondeau,FC Volendam,Eredivisie,2006-02-11,20,CB,56,194,80,Right,3,2,63,60,47,47,52,54,67,66,40,58
1612774,Billy Blacker,71129,Billy Blacker,Tranmere Rovers,EFL League Two,2006-05-25,20,LM,56,175,73,Right,3,2,73,66,69,70,52,34,36,38,31,35
1646353,Junior Ajayi,72322,Junior Ajayi,Hellas Verona,Serie A Enilive,2004-10-11,21,ST,56,183,75,Right,3,2,68,64,65,67,56,44,57,59,32,49
1577916,Ollie Dewsbury,77732,Ollie Dewsbury,Bristol Rovers,EFL League Two,2008-02-22,18,LW,56,180,71,Left,3,2,68,67,63,66,54,41,50,47,41,46
1428295,Lee Jenkins,79202,Lee Jenkins,Newport County,EFL League Two,2001-08-30,24,CB,56,183,81,Right,2,2,65,67,59,57,52,61,76,70,54,68
1436730,Keisuke Goto,76570,Keisuke Goto,STVV,1A Pro League,2005-06-03,21,ST,56,191,85,Right,3,2,53,53,52,46,55,59,80,73,35,65
1584153,Charlie Waller,276055,Charlie Waller,MK Dons,EFL League Two,2005-03-11,21,CB,56,193,85,Left,3,2,60,63,53,42,52,63,74,75,52,67
1614815,Dovydas Sasnauskas,71274,Dovydas Sasnauskas,Sheffield Utd,EFL Championship,2007-02-16,19,CB,56,184,78,Right,3,2,62,58,52,57,53,55,69,65,54,62
1410178,Ciaran McGuckin,273979,Ciaran McGuckin,Rotherham Utd,EFL League One,2003-12-30,22,ST,56,188,70,Right,2,2,57,63,57,54,54,57,65,62,44,59
1528839,Thomas Wilson-Brown,77053,Thomas Wilson-Brown,Swindon Town,EFL League Two,2004-10-05,21,CB,56,194,84,Left,2,2,61,60,43,39,53,62,69,65,54,64
1797606,Zakaria Ztouti,80554,Zakaria Ztouti,AS Nancy Lorraine,Ligue 2 BKT,2006-10-20,19,ST,56,182,64,Right,3,2,61,62,59,57,51,55,44,51,30,44
1700209,Thomas Campaniello,76025,Thomas Campaniello,Empoli,Serie BKT,2008-02-29,18,ST,56,180,70,Left,3,2,53,58,48,60,51,37,50,49,42,45
1714103,Mick Schmetgens,77127,Mick Schmetgens,SV Werder Bremen,Bundesliga,2007-09-09,18,CB,56,190,85,Right,2,2,52,55,36,45,51,40,69,62,51,58
1375413,Lewis Temple,270118,Lewis Temple,Shelbourne,SSE Airtricity PD,2005-06-11,21,CB,56,191,76,Right,2,2,45,39,39,37,40,45,70,64,54,60
1390036,Tommy McDermott,271065,Tommy McDermott,Shrewsbury,EFL League Two,2005-06-01,21,CM,55,178,74,Left,3,3,75,72,75,75,50,63,53,56,43,54
1420819,George Hoddle,272650,George Hoddle,Cambridge Utd,EFL League Two,2005-09-06,20,CM,55,173,63,Right,3,2,62,69,77,73,55,53,48,46,55,51
1416706,Law McCabe,279251,Law McCabe,Plymouth Argyle,EFL League One,2006-01-16,20,CAM,55,173,68,Right,3,3,73,70,71,77,53,55,53,50,41,51
1709474,Youssef Hamdaoui,70941,Youssef Hamdaoui,Royal Antwerp FC,1A Pro League,2008-03-20,18,CM,55,184,72,Right,4,2,80,71,86,88,49,38,30,37,33,33
1668671,Ronan Kpakio,75296,Ronan Kpakio,Cardiff City,EFL League One,2007-05-25,19,RB,55,178,69,Right,3,2,73,74,71,71,54,50,52,55,52,52
1084272,Marcus Ifill,253445,Marcus Ifill,Bromley FC,EFL League Two,2003-11-02,22,LM,55,176,66,Right,3,2,81,80,83,76,44,64,37,45,51,47
1755824,Ismaël Guerti,78584,Ismaël Guerti,FC Metz,Ligue 1 McDonald's,2004-07-30,21,CAM,55,178,70,Right,2,2,61,63,55,72,54,52,49,49,55,51
1431132,Michael Reindorf,276531,Michael Reindorf,Newport County,EFL League Two,2005-05-10,21,CAM,55,180,77,Right,3,2,71,79,71,65,53,50,59,54,48,54
1580903,Owen Devonport,276978,Owen Devonport,Fleetwood Town,EFL League Two,2005-01-02,21,ST,55,186,79,Right,2,2,69,72,64,66,53,55,68,74,46,61
1359279,Soul Kader,73222,Soul Kader,Bromley FC,EFL League Two,2004-01-31,22,ST,55,183,79,Right,3,2,75,73,70,67,49,66,60,66,52,60
1552957,Cameron Gardner,278213,Cameron Gardner,Grimsby Town,EFL League Two,2005-09-22,20,ST,55,183,70,Left,3,2,76,74,60,63,52,62,69,70,39,61
1134460,Taishi Brandon Nozawa,255039,Taishi Brandon Nozawa,Royal Antwerp FC,1A Pro League,2002-12-25,23,GK,55,193,90,Right,3,1,28,21,31,31,41,26,68,55,17,54
938757,Furkan Beklevic,252281,Furkan Bekleviç,Karagümrük SK,Trendyol Süper Lig,1999-01-31,27,GK,55,189,73,Right,2,1,30,30,27,48,50,22,43,39,24,54
1675986,Tanatswa Nyakuhwa,78391,Tanatswa Nyakuhwa,Cardiff City,EFL League One,2005-09-17,20,RM,55,176,66,Right,3,3,74,78,73,76,54,38,43,39,38,41
1425209,Sol Solomon,73040,Sol Solomon,Tranmere Rovers,EFL League Two,2001-03-17,25,ST,55,178,73,Right,3,2,71,69,69,67,52,59,47,55,40,49
1715680,Bartosz Mazurek,77376,Bartosz Mazurek,Jagiellonia,PKO BP Ekstraklasa,2007-01-03,19,CAM,55,176,67,Right,2,2,64,62,69,72,42,47,34,34,42,39
1797603,Viktor Dzodic,80295,Viktor Džodić,Montpellier,Ligue 2 BKT,2006-11-15,19,GK,55,186,72,Right,2,1,18,26,29,41,55,29,33,31,22,50
1352860,Ajay Matthews,72061,Ajay Matthews,Millwall,EFL Championship,2006-06-11,20,ST,55,177,70,Right,3,2,69,66,61,59,53,52,53,59,32,49
1396786,Kane Drummond,72582,Kane Drummond,Oldham Athletic,EFL League Two,2000-12-19,25,ST,55,178,70,Right,2,2,73,73,63,55,51,55,52,59,31,49
1554645,Connor Barratt,77643,Connor Barratt,Barnsley,EFL League One,2004-04-05,22,CB,55,190,78,Right,3,2,64,66,47,49,53,59,64,61,54,61
1639134,Dylan Lawlor,72046,Dylan Lawlor,Cardiff City,EFL League One,2006-01-01,20,CB,55,182,74,Right,3,2,58,59,52,54,52,49,64,60,56,58
1706529,Jokubas Mazionis,80205,Jokūbas Mažionis,Cheltenham Town,EFL League Two,2006-06-23,20,CB,55,199,90,Right,2,2,47,52,42,36,51,55,75,64,53,65
1751615,Ibrahim Fullah,78400,Ibrahim Fullah,Charlton Ath,EFL Championship,2007-04-05,19,CM,54,176,67,Right,2,2,64,69,70,74,56,53,53,50,52,53
1285482,Yigit Emre Celtik,263724,Yiğit Emre Çeltik,Kayserispor,Trendyol Süper Lig,2003-04-07,23,CM,54,164,62,Left,3,2,68,66,72,81,50,57,39,36,62,48
1316151,Callum Tripp,265573,Callum Tripp,MK Dons,EFL League Two,2006-08-28,19,CB,54,193,79,Right,3,2,65,68,67,50,52,63,72,66,53,66
1429137,Owen Lunt,270933,Owen Lunt,Crewe Alexandra,EFL League Two,2004-09-02,21,CM,54,177,73,Right,3,2,68,65,66,70,54,58,40,41,56,48
1663143,Can Moustfa,73201,Can Moustfa,Energie Cottbus,3. Liga,2004-11-19,21,CAM,54,176,65,Right,4,2,84,75,86,78,41,44,39,43,44,41
1692206,Lucca Mendonca,78303,Lucca Mendonça,Peterborough,EFL League One,2007-10-02,18,CB,54,183,71,Right,3,2,59,64,59,57,53,55,67,61,56,62
1437879,Aaron James,271854,Aaron James,Wrexham,EFL Championship,2005-06-30,21,CB,54,183,79,Right,2,2,66,67,63,65,50,65,69,63,48,64
1558320,Matthew Turner,277586,Matthew Turner,Cardiff City,EFL League One,2003-03-27,23,GK,54,194,77,Right,2,1,18,27,24,21,52,26,55,45,20,52
1748177,Daeshon Lawrence,78298,Daeshon Lawrence,Bolton,EFL League One,2006-10-13,19,ST,54,180,70,Right,3,2,66,68,62,64,54,34,55,57,45,48
1296758,Louis Flower,79388,Louis Flower,Crawley Town,EFL League Two,2004-10-06,21,ST,54,183,76,Right,2,2,71,70,55,60,50,55,58,66,36,53
1513404,Seydou Traore,276679,Seydou Traoré,Lausanne-Sport,Brack Super League,2004-12-05,21,ST,54,185,72,Right,3,2,65,61,58,66,55,51,57,58,30,50
1166239,Jack Evans,242730,Jack Evans,Harrogate Town,EFL League Two,2000-08-10,25,CM,53,173,64,Left,3,2,68,66,56,84,49,70,62,59,70,65
1665584,Charlie Cummins,74164,Charlie Cummins,Exeter City,EFL League One,2005-06-13,21,CM,53,188,82,Right,3,2,63,64,59,58,51,53,67,59,56,61
1690759,Ryan Doherty,75514,Ryan Doherty,Stevenage,EFL League One,2008-08-26,17,CM,53,180,70,Right,3,2,65,68,72,83,52,35,47,40,49,44
1662755,Souleymane N'Diaye,73656,Souleymane N'Diaye,Lausanne-Sport,Brack Super League,2005-11-01,20,CM,53,189,80,Right,3,2,67,67,50,68,49,55,53,46,51,53
1675663,Liam Roberts,76137,Liam Roberts,Fleetwood Town,EFL League Two,2007-01-27,19,RM,53,174,72,Left,2,2,75,74,76,72,47,57,46,44,36,47
1668675,Henry Brown,77789,Henry Brown,Grimsby Town,EFL League Two,2007-04-20,19,CAM,53,175,72,Right,3,3,73,71,75,70,53,59,44,39,39,47
1577119,Diego Mascardi,279891,Diego Mascardi,Spezia,Serie BKT,2006-09-26,19,GK,53,190,80,Right,3,1,33,29,40,51,48,22,59,52,22,51
1665577,Kamil Dudek,73862,Kamil Dudek,Burton Albion,EFL League One,2005-10-10,20,GK,53,191,78,Right,2,1,29,30,27,32,53,18,55,48,35,52
1618820,Nicholas Michalski,71447,Nicholas Michalski,Blackburn Rovers,EFL Championship,2007-03-14,19,GK,53,188,82,Right,3,1,26,28,29,39,47,18,61,52,17,51
1699536,Stan Dancey,77297,Stan Dancey,Crewe Alexandra,EFL League Two,2007-03-08,19,RB,53,176,71,Right,2,2,75,74,74,79,47,59,49,47,47,51
1667970,Che Gardner,74363,Che Gardner,Stockport,EFL League One,2007-05-26,19,ST,53,175,68,Left,3,2,74,75,73,74,53,43,40,39,36,40
1585612,Kyrell Malcolm,279236,Kyrell Malcolm,Salford City,EFL League Two,2007-06-12,19,RM,53,178,73,Right,3,2,79,81,71,73,45,49,39,39,33,40
1579029,Dan Ellison,72970,Dan Ellison,Bristol Rovers,EFL League Two,2005-03-30,21,CB,53,185,85,Right,3,2,57,64,51,61,48,64,59,59,53,59
1682653,Sam Inwood,75265,Sam Inwood,Bolton,EFL League One,2005-09-17,20,CB,53,183,73,Right,2,2,55,59,53,54,53,52,61,57,54,57
1736524,Phil Croker,80135,Phil Croker,Crewe Alexandra,EFL League Two,2006-10-09,19,CB,53,183,78,Right,2,2,52,55,47,52,51,55,71,61,46,62
1668673,Liam Oakes,74525,Liam Oakes,Exeter City,EFL League One,2007-01-10,19,CM,52,176,70,Right,2,2,67,70,68,72,52,52,52,50,51,52
1583405,Gbolahan Okewoye,279182,Gbolahan Okewoye,Lincoln City,EFL League One,2006-11-20,19,CM,52,177,68,Right,2,2,64,69,66,68,54,52,57,49,55,55
1642043,Dakarai Mafico,72210,Dakarai Mafico,Cardiff City,EFL League One,2006-12-07,19,CM,52,175,66,Left,2,2,69,66,73,76,52,52,48,42,45,48
1739913,Harry Tustin,78122,Harry Tustin,Cheltenham Town,EFL League Two,2007-05-09,19,CM,52,170,62,Right,3,2,73,68,84,86,48,57,44,39,50,48
1664013,Harry Ashfield,73943,Harry Ashfield,Wrexham,EFL Championship,2006-03-23,20,CM,52,184,73,Right,3,2,63,62,60,60,51,64,54,50,45,55
1751619,Jack Newall,78399,Jack Newall,Burton Albion,EFL League One,2007-03-19,19,ST,52,175,68,Right,3,2,65,69,72,70,50,49,52,49,41,49
1787195,George Birch,80232,George Birch,Exeter City,EFL League One,2006-09-24,19,CAM,52,162,56,Right,3,3,74,70,84,88,51,48,32,38,41,38
1793678,Robson Woodcock,80347,Robson Woodcock,Barnsley,EFL League One,2007-11-27,18,LB,52,183,73,Left,3,2,67,64,60,59,50,52,57,50,52,54
1609214,Jaiden Bartolo,74350,Jaiden Bartolo,Wycombe,EFL League One,2006-02-10,20,ST,52,184,75,Right,3,2,71,70,51,58,53,50,55,52,32,49
1714508,Kieran Wilson,80233,Kieran Wilson,Exeter City,EFL League One,2007-03-23,19,ST,52,193,84,Left,2,2,56,60,48,42,51,52,74,64,52,64
1684256,Joe Hatch,75297,Joe Hatch,Plymouth Argyle,EFL League One,2006-09-07,19,ST,52,177,71,Right,3,2,68,72,65,68,52,50,53,52,26,47
1536437,Cian Barrett,71145,Cian Barrett,Shamrock Rovers,SSE Airtricity PD,2005-04-19,21,CB,52,170,66,Right,3,2,59,65,52,62,55,60,68,56,51,62
1693531,Sascha Britschgi,75647,Sascha Britschgi,Parma,Serie A Enilive,2006-08-27,19,RB,52,182,78,Right,2,2,69,65,60,63,55,60,57,48,48,56
1447053,Will Johnson,279856,Will Johnson,Fleetwood Town,EFL League Two,2005-03-05,21,CB,52,183,75,Right,2,2,63,60,63,60,49,65,70,69,55,66
1315308,Josh Williams,73041,Josh Williams,Tranmere Rovers,EFL League Two,2004-07-13,21,CM,51,179,70,Right,3,2,67,66,63,67,49,63,60,57,46,58
1699527,Josh Taroni,78151,Josh Taroni,Burton Albion,EFL League One,2007-03-01,19,CDM,51,180,67,Right,2,2,61,63,60,62,52,53,59,63,53,57
1717294,Oliver Armstrong,77405,Oliver Armstrong,Crewe Alexandra,EFL League Two,2006-10-09,19,CM,51,175,72,Right,3,2,68,69,73,76,49,56,41,35,39,44
1473814,Freddy Willcox,275323,Freddy Willcox,Cheltenham Town,EFL League Two,2006-02-02,20,CM,51,170,66,Right,3,2,65,67,80,85,48,55,41,35,47,45
1533553,Calum Agius,277995,Calum Agius,Crewe Alexandra,EFL League Two,2005-09-05,20,CAM,51,178,68,Right,3,2,75,72,71,74,46,59,48,45,36,48
1787611,Serhat Öztasdelen,80001,Serhat Öztaşdelen,Kocaelispor,Trendyol Süper Lig,2004-12-09,21,GK,51,188,80,Right,2,1,26,27,27,35,38,20,58,49,26,51
1748125,Moses Alexander-Walker,78305,Moses Alexander-Walker,Newport County,EFL League Two,2007-07-27,18,ST,51,180,70,Right,3,2,71,68,54,55,53,54,49,51,30,47
1614450,Anjola Popoola,71272,Anjola Popoola,Accrington,EFL League Two,2007-06-19,19,ST,51,185,74,Right,3,2,64,68,68,58,48,58,56,53,30,51
1640689,Max Kovalevskis,72106,Max Kovalevskis,Shamrock Rovers,SSE Airtricity PD,2008-02-09,18,RW,51,179,69,Left,2,2,70,66,61,64,38,39,34,30,33,35
1715554,Luca Moore,77298,Luca Moore,Crewe Alexandra,EFL League Two,2005-09-28,20,CM,50,177,67,Right,2,2,74,71,80,83,48,59,41,38,40,45
1210346,Atakan Mujde,268907,Atakan Müjde,Kasımpaşa,Trendyol Süper Lig,2003-10-25,22,CM,50,182,75,Right,3,2,50,54,36,61,48,34,54,52,64,51
1338966,Sam Waller,268629,Sam Waller,Crewe Alexandra,EFL League Two,2003-09-09,22,GK,50,186,81,Right,2,1,25,32,38,34,31,16,60,50,21,49
