fotmob_id,nom_fotmob,volume_course,score_volume,pressing,score_pressing,recuperation,score_recuperation,distance_90_reelle,sprints_90_reels,source,relentless,styles_ea
292462,Mohamed Salah,Moyen,0.507,Haut,0.849,Bas,0.091,10548,14.1,mesure FotMob,,Finesse Shot|First Touch|Gamechanger|Inventive|Low Driven Shot|Technical|Whipped Pass
701154,Kylian Mbappé,Bas,0.089,Moyen,0.587,Bas,0.009,9012,10.3,mesure FotMob,,Acrobatic|Finesse Shot|First Touch|Gamechanger|Low Driven Shot|Quick Step|Rapid
692984,Ousmane Dembélé,Moyen,0.548,Haut,0.764,Bas,0.01,10633,13.0,mesure FotMob,,Inventive|Low Driven Shot|Pinged Pass|Quick Step|Rapid|Trickster
675088,Rodri,Haut,0.938,Bas,0.117,Haut,0.931,11813,4.9,mesure FotMob,,Aerial Fortress|Bruiser|Long Ball Pass|Power Shot|Press Proven|Tiki Taka
209405,Virgil van Dijk,Bas,0.088,Bas,0.288,Bas,0.132,8983,6.8,mesure FotMob,,Aerial Fortress|Anticipate|Bruiser|Intercept|Jockey|Pinged Pass|Precision Header
1077894,Jude Bellingham,Haut,0.674,Haut,0.798,Haut,0.922,10885,13.5,mesure FotMob,oui,First Touch|Gamechanger|Inventive|Low Driven Shot|Relentless|Slide Tackle|Technical
737066,Erling Haaland,Bas,0.244,Haut,0.822,Bas,0.004,10012,13.5,mesure FotMob,,Acrobatic|Chip Shot|Enforcer|Gamechanger|Low Driven Shot|Power Shot|Precision Header
696679,Raphinha,Moyen,0.371,Haut,0.982,Bas,0.134,10267,18.4,mesure FotMob,oui,Finesse Shot|Power Shot|Quick Step|Rapid|Relentless|Trickster
770881,Achraf Hakimi,Moyen,0.649,Haut,0.966,Moyen,0.544,10847,17.2,mesure FotMob,oui,Anticipate|Jockey|Low Driven Shot|Press Proven|Quick Step|Relentless|Whipped Pass
1467236,Lamine Yamal,Bas,0.134,Moyen,0.567,Haut,0.808,9587,10.6,mesure FotMob,,Finesse Shot|First Touch|Gamechanger|Incisive Pass|Inventive|Quick Step|Technical
1061249,Vitinha,Haut,0.875,Moyen,0.41,Moyen,0.598,11531,8.5,mesure FotMob,oui,Finesse Shot|Incisive Pass|Intercept|Long Ball Pass|Relentless|Technical|Tiki Taka
618878,Gianluigi Donnarumma,Bas,0.036,Bas,0.069,Bas,0.255,5146,0.3,mesure FotMob,,Deflector|Footwork
1083323,Pedri,Haut,0.887,Moyen,0.332,Haut,0.958,11590,7.8,mesure FotMob,oui,First Touch|Incisive Pass|Long Ball Pass|Relentless|Technical|Tiki Taka
460632,Joshua Kimmich,Haut,0.991,Bas,0.326,Moyen,0.461,12291,6.9,mesure FotMob,oui,Anticipate|Finesse Shot|Long Ball Pass|Press Proven|Relentless|Whipped Pass
194165,Harry Kane,Moyen,0.656,Bas,0.231,Bas,0.099,10860,6.1,mesure FotMob,,Finesse Shot|First Touch|Gamechanger|Long Ball Pass|Low Driven Shot|Precision Header
743533,Federico Valverde,Moyen,0.462,Haut,0.855,Moyen,0.446,10473,13.6,mesure FotMob,oui,Aerial Fortress|Intercept|Long Ball Pass|Power Shot|Rapid|Relentless|Slide Tackle
1152455,Florian Wirtz,Haut,0.931,Haut,0.82,Moyen,0.452,11794,13.3,mesure FotMob,,Chip Shot|Finesse Shot|First Touch|Incisive Pass|Inventive|Low Driven Shot|Technical
170323,Thibaut Courtois,Bas,0.055,Bas,0.019,Moyen,0.347,5318,0.0,mesure FotMob,,Cross Claimer|Far Throw|Rush Out
93447,Robert Lewandowski,Bas,0.201,Moyen,0.543,Bas,0.016,9908,10.3,mesure FotMob,,Chip Shot|Finesse Shot|First Touch|Incisive Pass|Low Driven Shot|Power Shot|Precision Header
690230,Lautaro Martínez,Moyen,0.44,Moyen,0.386,Bas,0.136,10423,8.2,mesure FotMob,oui,Enforcer|Gamechanger|Incisive Pass|Power Shot|Precision Header|Relentless|Technical
690107,Alexander Isak,Haut,0.735,Haut,0.968,Bas,0.007,11037,18.5,mesure FotMob,,Finesse Shot|First Touch|Gamechanger|Low Driven Shot|Power Shot|Rapid
1156141,Jamal Musiala,Haut,0.847,Moyen,0.606,Moyen,0.636,11451,10.7,mesure FotMob,,Gamechanger|Incisive Pass|Inventive|Low Driven Shot|Precision Header|Technical|Trickster
795179,Gabriel,Bas,0.203,Bas,0.191,Bas,0.158,9919,6.0,mesure FotMob,,Bruiser|Precision Header
961995,Bukayo Saka,Moyen,0.467,Haut,0.686,Haut,0.663,10477,12.0,mesure FotMob,,Finesse Shot|Technical|Whipped Pass
177126,Jan Oblak,Bas,0.038,Bas,0.017,Moyen,0.434,5163,0.0,mesure FotMob,,Cross Claimer|Far Reach|Far Throw
1096353,Cole Palmer,Moyen,0.61,Haut,0.765,Bas,0.251,10775,13.0,mesure FotMob,,Finesse Shot|First Touch|Gamechanger|Incisive Pass|Inventive|Low Driven Shot|Technical
900433,Khvicha Kvaratskhelia,Moyen,0.368,Haut,0.798,Moyen,0.451,10265,13.2,mesure FotMob,,Finesse Shot|Gamechanger|Incisive Pass|Inventive|Technical|Trickster
805451,Alessandro Bastoni,Moyen,0.46,Bas,0.279,Moyen,0.624,10470,6.8,mesure FotMob,oui,Block|Long Ball Pass|Pinged Pass|Relentless|Whipped Pass
448540,Serhou Guirassy,Moyen,0.361,Moyen,0.522,Bas,0.035,10242,9.6,mesure FotMob,,Acrobatic|Chip Shot|Finesse Shot|First Touch|Low Driven Shot|Precision Header
169200,Kevin De Bruyne,Moyen,0.473,Moyen,0.443,Bas,0.125,,,estime EA,,Dead Ball|Incisive Pass|Inventive|Pinged Pass|Whipped Pass
638622,Frenkie de Jong,Haut,0.837,Bas,0.33,Haut,0.819,11409,7.4,mesure FotMob,,Incisive Pass|Inventive|Press Proven|Tiki Taka
1137668,Moisés Caicedo,Moyen,0.421,Moyen,0.497,Haut,0.958,10370,8.9,mesure FotMob,oui,Anticipate|Intercept|Pinged Pass|Press Proven|Relentless|Slide Tackle|Tiki Taka
654096,Declan Rice,Haut,0.711,Moyen,0.491,Haut,0.675,10994,9.1,mesure FotMob,oui,Aerial Fortress|Block|Dead Ball|Intercept|Press Proven|Relentless|Whipped Pass
267365,Marquinhos,Bas,0.222,Bas,0.265,Bas,0.215,9951,6.6,mesure FotMob,,Aerial Fortress|Anticipate|Intercept|Jockey
41618,Yann Sommer,Bas,0.082,Bas,0.016,Bas,0.135,5900,0.0,mesure FotMob,,Far Reach
705450,Jules Koundé,Moyen,0.625,Haut,0.844,Moyen,0.65,10795,13.9,mesure FotMob,oui,Aerial Fortress|Jockey|Long Ball Pass|Quick Step|Relentless|Slide Tackle
422685,Bruno Fernandes,Haut,1,Haut,0.835,Moyen,0.519,,,estime EA,oui,Dead Ball|Gamechanger|Incisive Pass|Inventive|Long Ball Pass|Relentless|Tiki Taka
955406,William Saliba,Bas,0.175,Moyen,0.358,Bas,0.281,9833,7.9,mesure FotMob,,Anticipate|Jockey|Long Ball Pass
974753,Julián Álvarez,Haut,0.713,Moyen,0.647,Bas,0.07,10998,11.3,mesure FotMob,,Finesse Shot|Press Proven
469700,Jonathan Tah,Moyen,0.337,Bas,0.308,Bas,0.234,10207,7.3,mesure FotMob,,Aerial Fortress|Anticipate|Precision Header
831489,Alexis Mac Allister,Haut,0.833,Moyen,0.551,Moyen,0.543,11399,10.4,mesure FotMob,,Block|Dead Ball|Gamechanger|Pinged Pass|Power Shot|Press Proven
466439,Mike Maignan,Bas,-0.018,Bas,0.247,Bas,0.288,,,estime EA,,Deflector|Far Throw|Footwork|Long Ball Pass
534670,Martin Ødegaard,Haut,0.902,Moyen,0.367,Bas,0.266,11652,7.9,mesure FotMob,,First Touch|Incisive Pass|Inventive|Pinged Pass|Technical
562727,David Raya,Bas,0.081,Bas,0.069,Moyen,0.458,5856,0.2,mesure FotMob,,Cross Claimer|Footwork
664500,Viktor Gyökeres,Moyen,0.572,Haut,0.798,Bas,0.011,10679,13.5,mesure FotMob,,Acrobatic|Enforcer|Finesse Shot|Low Driven Shot|Power Shot|Press Proven|Quick Step
541820,Nicolò Barella,Haut,0.969,Moyen,0.468,Haut,0.783,12057,8.5,mesure FotMob,oui,Incisive Pass|Intercept|Jockey|Long Ball Pass|Pinged Pass|Press Proven|Relentless
687681,Victor Osimhen,Bas,0.084,Haut,0.716,Bas,0.088,8595,12.4,mesure FotMob,,Acrobatic|Chip Shot|Gamechanger|Precision Header|Rapid
1158945,Nuno Mendes,Bas,0.119,Haut,0.727,Haut,0.925,9485,12.0,mesure FotMob,,Anticipate|Jockey|Pinged Pass|Quick Step|Rapid|Whipped Pass
276738,Antonio Rüdiger,Bas,0.103,Bas,0.151,Bas,0.079,9315,5.4,mesure FotMob,,Aerial Fortress|Block|Bruiser|Jockey|Long Ball Pass
1029063,Michael Olise,Moyen,0.641,Haut,0.772,Moyen,0.538,10830,12.8,mesure FotMob,,Finesse Shot|Inventive|Technical|Whipped Pass
760712,Trent Alexander-Arnold,Bas,0.151,Bas,0.197,Bas,0.317,9678,6.3,mesure FotMob,oui,Dead Ball|Incisive Pass|Long Ball Pass|Relentless|Whipped Pass
614006,Rúben Dias,Moyen,0.605,Moyen,0.374,Bas,0.143,10759,8.2,mesure FotMob,,Bruiser|Long Ball Pass
325916,Paulo Dybala,Moyen,0.655,Haut,0.709,Bas,0.29,,,estime EA,,Dead Ball|Finesse Shot|First Touch|Gamechanger|Incisive Pass|Inventive|Technical
850354,Bruno Guimaraes,Haut,0.84,Bas,0.168,Haut,0.836,11415,5.2,mesure FotMob,oui,Gamechanger|Incisive Pass|Long Ball Pass|Press Proven|Relentless
1137670,Willian Pacho,Bas,0.122,Bas,0.252,Haut,0.694,9502,6.4,mesure FotMob,,Anticipate|Block|Bruiser|Jockey
820140,Ibrahima Konaté,Bas,0.108,Moyen,0.544,Moyen,0.566,9337,9.5,mesure FotMob,,Aerial Fortress|Bruiser
304733,Hakan Çalhanoglu,Haut,0.928,Bas,0.14,Haut,0.796,11777,4.9,mesure FotMob,oui,Dead Ball|First Touch|Incisive Pass|Inventive|Long Ball Pass|Relentless|Technical
30981,Lionel Messi,Moyen,0.545,Haut,0.666,Bas,0.204,,,estime EA,,Dead Ball|Finesse Shot|Gamechanger|Incisive Pass|Quick Step|Technical|Tiki Taka
867414,Sandro Tonali,Haut,0.864,Moyen,0.588,Haut,0.743,11507,9.9,mesure FotMob,oui,Enforcer|Relentless|Slide Tackle
1202110,Nico Williams,Haut,0.895,Haut,0.997,Haut,0.704,,,estime EA,oui,Finesse Shot|Gamechanger|Inventive|Quick Step|Rapid|Relentless
868344,Tijjani Reijnders,Haut,0.909,Moyen,0.597,Bas,0.067,11690,10.3,mesure FotMob,,Finesse Shot|Incisive Pass|Power Shot|Technical|Tiki Taka
184554,Marc-Andre ter Stegen,Bas,-0.091,Bas,0.014,,,,,estime EA,,Footwork|Long Ball Pass|Rush Out
764018,Gregor Kobel,Bas,0.079,Bas,0.025,Moyen,0.484,5606,0.0,mesure FotMob,,Deflector|Far Throw|Rush Out
957203,Éderson,Haut,0.892,Haut,0.798,Haut,0.93,11595,13.3,mesure FotMob,,Cross Claimer|Long Ball Pass|Pinged Pass
605224,Federico Dimarco,Moyen,0.521,Haut,0.946,Moyen,0.425,10576,16.2,mesure FotMob,,Dead Ball|Finesse Shot|First Touch|Low Driven Shot|Power Shot|Whipped Pass
843099,Scott McTominay,Haut,0.948,Bas,0.189,Moyen,0.424,11859,5.4,mesure FotMob,,Aerial Fortress|Enforcer|Incisive Pass|Low Driven Shot|Precision Header|Technical
956683,Ryan Gravenberch,Moyen,0.483,Moyen,0.41,Haut,0.692,10499,8.2,mesure FotMob,,Intercept|Press Proven
268375,Emiliano Martínez,Bas,0.0,Bas,0.153,Moyen,0.496,,,estime EA,,Footwork|Rush Out
1342757,João Neves,Haut,0.801,Bas,0.328,Haut,0.857,11276,7.3,mesure FotMob,oui,Aerial Fortress|Long Ball Pass|Press Proven|Relentless|Tiki Taka
184138,Antoine Griezmann,Haut,0.67,Moyen,0.427,Bas,0.178,10874,8.4,mesure FotMob,,Chip Shot|Finesse Shot|Gamechanger|Incisive Pass|Inventive|Long Ball Pass|Technical
923312,Bryan Mbeumo,Haut,0.818,Haut,0.836,Bas,0.076,,,estime EA,,First Touch|Gamechanger|Inventive|Quick Step|Rapid
319300,N'Golo Kanté,Haut,1,Haut,0.913,Haut,0.987,,,estime EA,oui,Intercept|Press Proven|Relentless
1339208,Désiré Doué,Haut,0.871,Haut,0.792,Haut,0.835,11524,13.6,mesure FotMob,,First Touch|Gamechanger|Inventive|Press Proven|Quick Step|Trickster
660625,Unai Simón,Bas,0.033,Bas,0.009,Haut,0.735,5132,0.0,mesure FotMob,,Footwork|Pinged Pass|Rush Out
621562,Marcus Thuram,Bas,0.268,Moyen,0.655,Bas,0.166,10050,11.6,mesure FotMob,,Aerial Fortress|Precision Header|Rapid
151001,Péter Gulácsi,Bas,-0.055,Bas,-0.001,Bas,0.29,,,estime EA,,Footwork
860914,Luis Díaz,Moyen,0.613,Haut,0.846,Moyen,0.362,10776,14.1,mesure FotMob,,Inventive|Low Driven Shot|Quick Step|Technical
1002058,Nico Schlotterbeck,Moyen,0.351,Moyen,0.386,Haut,0.881,10233,8.0,mesure FotMob,,Anticipate|Block|Jockey|Long Ball Pass|Long Throw|Slide Tackle
212867,Heung-Min Son,Haut,0.855,Haut,0.799,,,,,estime EA,,Finesse Shot|First Touch|Gamechanger|Low Driven Shot|Whipped Pass
815006,Phil Foden,Haut,0.993,Moyen,0.597,Bas,0.284,12293,10.9,mesure FotMob,,First Touch|Gamechanger|Inventive|Low Driven Shot|Technical
605654,Fabián Ruiz,Haut,0.734,Moyen,0.368,Moyen,0.473,11030,7.7,mesure FotMob,,Finesse Shot|First Touch|Long Ball Pass|Tiki Taka
465960,Youri Tielemans,Haut,0.855,Moyen,0.454,Haut,0.759,,,estime EA,,Incisive Pass|Pinged Pass|Power Shot|Press Proven
207236,Granit Xhaka,Haut,0.8,Bas,0.32,Haut,0.788,,,estime EA,,Aerial Fortress|Bruiser|Finesse Shot|Incisive Pass|Long Ball Pass|Power Shot
30893,Cristiano Ronaldo,Haut,0.673,Moyen,0.605,,,,,estime EA,,Acrobatic|Aerial Fortress|Gamechanger|Low Driven Shot|Power Shot|Precision Header|Trickster
895362,Rodrygo,Haut,0.745,Haut,0.796,Haut,0.795,,,estime EA,,Dead Ball|Finesse Shot|Gamechanger|Inventive|Technical
614834,Dani Olmo,Moyen,0.615,Moyen,0.467,Moyen,0.502,10777,9.0,mesure FotMob,,Finesse Shot|First Touch|Gamechanger|Incisive Pass|Technical|Tiki Taka
658554,Dayot Upamecano,Bas,0.323,Moyen,0.534,Haut,0.918,10154,9.8,mesure FotMob,,Bruiser|Jockey|Long Ball Pass|Pinged Pass
540097,Patrik Schick,Haut,0.832,Moyen,0.479,Bas,0.011,11396,8.9,mesure FotMob,,Acrobatic|Low Driven Shot|Precision Header
724371,Theo Hernández,Haut,0.855,Haut,0.83,,,,,estime EA,,Anticipate|Block|Bruiser|Dead Ball|Quick Step|Rapid
602563,Marcos Llorente,Haut,0.727,Haut,0.716,Haut,0.79,11023,11.7,mesure FotMob,oui,Power Shot|Quick Step|Rapid|Relentless|Whipped Pass
324578,Rodrigo De Paul,Haut,0.873,Haut,0.695,Moyen,0.462,,,estime EA,,Finesse Shot|Incisive Pass|Long Ball Pass|Technical
361757,João Cancelo,Moyen,0.39,Haut,0.708,Haut,0.884,10297,12.2,mesure FotMob,,Block|First Touch|Inventive|Technical|Whipped Pass
751202,Alphonso Davies,Haut,0.709,Haut,0.843,Haut,0.985,,,estime EA,,Quick Step|Rapid
303919,Jordan Pickford,Bas,0.0,Bas,0.173,Moyen,0.439,,,estime EA,,Far Throw|Footwork|Long Ball Pass
593118,Denzel Dumfries,Moyen,0.345,Haut,0.89,Bas,0.166,10219,15.0,mesure FotMob,,Long Throw|Precision Header|Quick Step|Rapid
1070712,Josko Gvardiol,Moyen,0.4,Moyen,0.481,Moyen,0.385,10313,9.4,mesure FotMob,,Block|Jockey|Low Driven Shot|Pinged Pass
914458,Aurélien Tchouaméni,Haut,0.708,Bas,0.241,Haut,0.893,10991,6.4,mesure FotMob,oui,Aerial Fortress|Anticipate|Bruiser|Intercept|Jockey|Precision Header|Relentless
873289,Marc Cucurella,Moyen,0.529,Haut,0.875,Moyen,0.412,10593,14.8,mesure FotMob,oui,Block|Jockey|Press Proven|Relentless
611223,Benjamin Pavard,Bas,0.179,Moyen,0.474,Moyen,0.363,9843,9.2,mesure FotMob,,Jockey
1137705,Enzo Fernández,Haut,0.777,Moyen,0.594,Moyen,0.418,11200,10.4,mesure FotMob,oui,First Touch|Long Ball Pass|Press Proven|Relentless
169718,Wojciech Szczesny,Bas,0.07,Bas,0.024,Moyen,0.56,5453,0.0,mesure FotMob,,Far Throw
942372,Álex Baena,Haut,0.885,Moyen,0.602,Bas,0.318,11586,10.6,mesure FotMob,,Dead Ball|First Touch|Incisive Pass|Inventive|Long Ball Pass|Technical|Tiki Taka
541555,Mattia Zaccagni,Haut,0.745,Haut,0.807,Haut,0.767,,,estime EA,,Dead Ball|Finesse Shot|Gamechanger|Incisive Pass|Intercept|Inventive|Technical
948800,Giorgi Mamardashvili,Bas,0.041,Bas,0.005,Bas,0.277,5187,0.0,mesure FotMob,,Cross Claimer|Far Throw|Footwork
693599,Exequiel Palacios,Haut,0.868,Bas,0.109,Haut,0.983,11520,4.6,mesure FotMob,,Anticipate
1173787,Xavi Simons,Moyen,0.644,Haut,0.716,Haut,0.768,10840,12.4,mesure FotMob,,Finesse Shot|First Touch|Incisive Pass|Inventive|Technical|Tiki Taka
27299,Manuel Neuer,Bas,0.067,Bas,0.003,Moyen,0.533,5441,0.0,mesure FotMob,,Far Throw|Long Ball Pass|Pinged Pass
534684,Rúben Neves,Haut,0.727,Moyen,0.474,,,,,estime EA,,Aerial Fortress|Dead Ball|Intercept|Inventive|Long Ball Pass|Whipped Pass
806552,Cody Gakpo,Moyen,0.364,Haut,0.917,Bas,0.156,10260,15.5,mesure FotMob,,Finesse Shot|First Touch|Precision Header|Press Proven|Whipped Pass
488139,Bernardo Silva,Haut,0.947,Bas,0.164,Moyen,0.429,11852,5.2,mesure FotMob,oui,Gamechanger|Low Driven Shot|Relentless|Technical|Tiki Taka|Whipped Pass
624166,Manuel Locatelli,Haut,0.816,Bas,0.131,Haut,0.951,11342,4.8,mesure FotMob,oui,Aerial Fortress|Anticipate|Block|Inventive|Jockey|Long Ball Pass|Relentless
688295,Christian Pulisic,Moyen,0.655,Haut,0.77,Bas,0.099,,,estime EA,,Dead Ball|Incisive Pass|Low Driven Shot|Quick Step
795630,Diogo Costa,Bas,-0.218,Bas,-0.158,Bas,0.302,,,estime EA,,Far Throw|Long Ball Pass|Rush Out
540088,Ollie Watkins,Haut,1,Haut,0.875,Bas,0.027,,,estime EA,oui,Chip Shot|Low Driven Shot|Precision Header|Relentless
493165,James Maddison,Haut,0.691,Moyen,0.581,,,,,estime EA,,Dead Ball|Finesse Shot|Gamechanger|Incisive Pass|Inventive|Whipped Pass
1013021,Marco Carnesecchi,Bas,0.015,Bas,0.007,Moyen,0.343,5018,0.0,mesure FotMob,,Rush Out
839204,Omar Marmoush,Moyen,0.655,Haut,0.74,Bas,0.192,,,estime EA,,Dead Ball|Finesse Shot|Technical
848844,Rafael Leao,Moyen,0.636,Haut,0.794,Bas,0.054,,,estime EA,,Gamechanger|Incisive Pass|Quick Step|Rapid|Trickster
844415,Éder Militao,Bas,0.095,Moyen,0.485,Moyen,0.658,9194,8.8,mesure FotMob,,Aerial Fortress|Block|Intercept|Precision Header
181276,Romelu Lukaku,Moyen,0.618,Moyen,0.563,,,,,estime EA,,Enforcer|Incisive Pass|Low Driven Shot|Power Shot|Press Proven
191315,Isco,Moyen,0.491,Moyen,0.471,,,,,estime EA,,Dead Ball|Finesse Shot|Gamechanger|Incisive Pass|Inventive|Technical
1297165,Bradley Barcola,Bas,0.177,Haut,0.927,Bas,0.214,9839,15.6,mesure FotMob,,Finesse Shot|Gamechanger|Rapid
690516,Ademola Lookman,Bas,0.137,Moyen,0.583,Bas,0.12,9601,10.4,mesure FotMob,,Dead Ball|First Touch|Gamechanger|Low Driven Shot|Quick Step
278343,Riyad Mahrez,Haut,0.709,Haut,0.701,,,,,estime EA,,Dead Ball|Finesse Shot|First Touch|Incisive Pass|Inventive|Low Driven Shot|Technical
440330,Alexander Sørloth,Moyen,0.485,Haut,0.778,Bas,0.07,10501,13.0,mesure FotMob,,Enforcer|Gamechanger|Low Driven Shot|Power Shot|Precision Header
73024,Francesco Acerbi,Moyen,0.589,Bas,0.163,Moyen,0.365,10728,5.2,mesure FotMob,,Aerial Fortress|Bruiser|Intercept|Long Ball Pass|Precision Header|Slide Tackle
188555,Stefan de Vrij,Bas,0.27,Bas,0.263,Moyen,0.371,10051,6.3,mesure FotMob,,Bruiser
278856,Willi Orban,Moyen,0.618,Bas,0.329,Moyen,0.6,,,estime EA,,Aerial Fortress|Block|Bruiser
352879,Adrien Rabiot,Haut,0.982,Haut,0.749,Haut,0.801,,,estime EA,,First Touch|Precision Header|Press Proven
1015185,Eduardo Camavinga,Moyen,0.541,Moyen,0.448,Haut,0.982,10616,9.3,mesure FotMob,,Block|Bruiser|Jockey|Technical
846005,Dominik Szoboszlai,Haut,0.758,Haut,0.826,Haut,0.761,11119,13.8,mesure FotMob,,Power Shot|Technical|Whipped Pass
73167,Henrikh Mkhitaryan,Haut,0.971,Moyen,0.487,Haut,0.883,12062,9.3,mesure FotMob,oui,Anticipate|Incisive Pass|Inventive|Jockey|Relentless|Technical
592909,Lucas Torreira,Moyen,0.651,Bas,0.106,Haut,0.76,10847,4.4,mesure FotMob,oui,Anticipate|Intercept|Jockey|Long Ball Pass|Relentless|Slide Tackle|Tiki Taka
414906,Giovanni Di Lorenzo,Haut,0.73,Haut,0.678,Bas,0.219,11028,11.5,mesure FotMob,oui,First Touch|Long Ball Pass|Relentless
950199,Morten Hjulmand,Haut,0.744,Bas,0.166,Haut,0.95,11072,5.1,mesure FotMob,oui,Anticipate|Block|Jockey|Relentless
574645,Mikel Merino,Haut,0.964,Bas,0.276,Haut,0.827,12037,6.5,mesure FotMob,oui,Aerial Fortress|Power Shot|Precision Header|Relentless
604105,Iñaki Williams,Haut,0.873,Haut,0.888,Bas,0.051,,,estime EA,,Finesse Shot|Low Driven Shot|Power Shot|Quick Step|Rapid
1167220,Joan García,Bas,0.077,Bas,0.066,Haut,0.667,5592,0.1,mesure FotMob,,Cross Claimer
616539,Alex Remiro,Bas,0.036,Bas,0.055,Moyen,0.478,,,estime EA,,Far Throw|Footwork|Long Ball Pass
727897,Dávid Hancko,Bas,0.247,Bas,0.253,Moyen,0.444,10013,6.4,mesure FotMob,,Anticipate|Jockey|Long Ball Pass|Precision Header
906937,Anthony Gordon,Bas,0.256,Haut,0.97,Bas,0.138,10027,18.1,mesure FotMob,,Finesse Shot|Quick Step|Rapid|Whipped Pass
1177131,Lucas Chevalier,Bas,0.026,Bas,0.04,Bas,0.127,5089,0.0,mesure FotMob,,Footwork|Rush Out
239219,Mateo Kovacic,Haut,0.673,Moyen,0.574,Moyen,0.457,,,estime EA,,Incisive Pass|Press Proven
642551,Aleix García,Haut,0.926,Bas,0.198,Moyen,0.345,11773,5.6,mesure FotMob,,Dead Ball|Inventive|Long Ball Pass|Press Proven|Tiki Taka
434325,Thomas Partey,Haut,0.789,Bas,0.088,Haut,0.702,11236,3.3,mesure FotMob,,Long Throw|Pinged Pass|Press Proven
308517,Stanislav Lobotka,Haut,0.974,Bas,0.163,Bas,0.298,12126,5.2,mesure FotMob,oui,Anticipate|First Touch|Inventive|Long Ball Pass|Relentless|Technical
966018,Jeremie Frimpong,Moyen,0.373,Haut,0.997,Bas,0.267,10268,19.7,mesure FotMob,,Quick Step|Rapid|Slide Tackle
31097,Luka Modric,Moyen,0.527,Moyen,0.536,Haut,0.798,,,estime EA,,Incisive Pass|Long Ball Pass|Technical|Whipped Pass
303339,Sadio Mané,Haut,0.727,Haut,0.708,,,,,estime EA,,Aerial Fortress|Gamechanger|Low Driven Shot|Rapid
178778,Oliver Baumann,Bas,-0.018,Bas,-0.038,Moyen,0.643,,,estime EA,,Deflector|Footwork
863098,Matheus Cunha,Haut,0.764,Haut,0.692,Moyen,0.637,,,estime EA,,Dead Ball|First Touch|Inventive|Power Shot|Trickster
181069,Matz Sels,Bas,-0.255,Bas,-0.132,Bas,0.19,,,estime EA,,Far Reach
1279040,Gavi,Haut,0.95,Haut,0.846,Haut,0.846,,,estime EA,oui,Press Proven|Relentless|Slide Tackle|Tiki Taka
818975,Eberechi Eze,Moyen,0.498,Bas,0.259,Bas,0.245,10530,6.6,mesure FotMob,,Dead Ball|Finesse Shot|First Touch|Gamechanger|Inventive|Power Shot|Technical
178818,Ilkay Gündogan,Bas,0.285,Bas,0.131,Moyen,0.438,10082,5.0,mesure FotMob,,First Touch|Press Proven|Tiki Taka
747767,Loïs Openda,Moyen,0.522,Haut,0.868,Bas,0.036,10577,15.4,mesure FotMob,,Acrobatic|Finesse Shot|Low Driven Shot|Quick Step|Rapid
516846,Julian Brandt,Haut,0.761,Moyen,0.577,Bas,0.132,11150,10.4,mesure FotMob,,Dead Ball|First Touch|Incisive Pass|Inventive|Technical|Tiki Taka
523825,Jarrod Bowen,Haut,0.782,Haut,0.699,Moyen,0.49,,,estime EA,,Gamechanger|Low Driven Shot|Precision Header|Technical
1458711,Murillo,Moyen,0.545,Moyen,0.655,Moyen,0.472,,,estime EA,,Block|Bruiser|Intercept|Long Ball Pass
816325,Boubacar Kamara,Haut,0.745,Moyen,0.522,Haut,0.91,,,estime EA,,Block
417068,Nathan Aké,Moyen,0.387,Bas,0.322,Bas,0.187,10291,6.7,mesure FotMob,,
881771,Ferran Torres,Bas,0.208,Haut,0.962,Bas,0.008,9925,16.3,mesure FotMob,,Finesse Shot|Technical
1071186,Angelo Stiller,Haut,0.727,Moyen,0.576,Haut,0.834,,,estime EA,,Incisive Pass|Long Ball Pass|Press Proven|Tiki Taka
1137667,Piero Hincapié,Moyen,0.38,Moyen,0.634,Moyen,0.641,10281,10.6,mesure FotMob,,Block|Jockey|Slide Tackle
655696,Artem Dovbyk,Haut,0.673,Haut,0.676,Bas,0.02,,,estime EA,,
1197030,Hugo Ekitiké,Haut,0.663,Haut,0.814,Bas,0.073,10865,13.4,mesure FotMob,,Chip Shot|Finesse Shot|Technical
174472,Iago Aspas,Bas,0.309,Moyen,0.51,Bas,0.198,,,estime EA,,Chip Shot|Dead Ball|Finesse Shot|Incisive Pass|Low Driven Shot
747926,Moise Kean,Haut,0.764,Haut,0.753,Bas,0.018,,,estime EA,,Chip Shot|Gamechanger|Rapid
921253,Ronald Araujo,Bas,0.12,Moyen,0.546,Moyen,0.592,9498,10.2,mesure FotMob,,Aerial Fortress|Anticipate|Block|Jockey|Precision Header|Slide Tackle
318615,Leandro Trossard,Moyen,0.546,Moyen,0.499,Moyen,0.437,10625,9.1,mesure FotMob,,Whipped Pass
588687,Gianluca Mancini,Haut,0.8,Moyen,0.574,Moyen,0.539,,,estime EA,,Anticipate|Bruiser|Intercept|Precision Header
544693,Amir Rrahmani,Moyen,0.479,Bas,0.219,Moyen,0.616,10492,6.3,mesure FotMob,,Aerial Fortress|Block|Long Ball Pass|Slide Tackle
766611,Nikola Milenkovic,Haut,0.673,Moyen,0.493,Bas,0.151,,,estime EA,,Aerial Fortress|Anticipate|Long Ball Pass
609516,Robin Le Normand,Bas,0.275,Bas,0.197,Moyen,0.462,10063,5.6,mesure FotMob,,Aerial Fortress|Slide Tackle
343748,Leon Goretzka,Moyen,0.527,Moyen,0.536,Moyen,0.583,,,estime EA,,Aerial Fortress|Bruiser|Incisive Pass|Power Shot|Precision Header
535936,Joelinton,Moyen,0.56,Moyen,0.63,Haut,0.938,10647,11.0,mesure FotMob,oui,Aerial Fortress|Bruiser|Enforcer|Press Proven|Relentless
966019,Felix Nmecha,Haut,0.818,Moyen,0.511,Haut,0.709,11344,9.4,mesure FotMob,,Aerial Fortress|Block|Bruiser|Press Proven
363364,Ederson,Haut,1,Haut,0.893,Bas,0.15,,,estime EA,oui,Aerial Fortress|Anticipate|Incisive Pass|Intercept|Long Ball Pass|Precision Header|Relentless
307021,Emre Can,Moyen,0.431,Moyen,0.527,Haut,0.981,10404,9.3,mesure FotMob,,Bruiser|Long Ball Pass|Pinged Pass|Press Proven|Slide Tackle
935409,Orkun Kökcü,Haut,0.873,Haut,0.705,Moyen,0.333,,,estime EA,,Dead Ball|Finesse Shot|Incisive Pass|Power Shot
941573,Pedro Porro,Moyen,0.435,Haut,0.86,Haut,0.74,10417,13.9,mesure FotMob,oui,Block|Long Ball Pass|Power Shot|Relentless|Tiki Taka|Whipped Pass
598355,Denis Zakaria,Bas,0.229,Moyen,0.512,Haut,0.679,9986,9.5,mesure FotMob,,Anticipate|Intercept|Precision Header
883080,Morgan Rogers,Haut,0.782,Moyen,0.658,Bas,0.246,,,estime EA,,Enforcer|Incisive Pass|Technical
768474,Mile Svilar,Bas,-0.145,Bas,0.145,Moyen,0.552,,,estime EA,,Cross Claimer|Rush Out
1126058,Malik Tillman,Haut,0.942,Moyen,0.546,Haut,0.804,11829,10.0,mesure FotMob,,First Touch|Incisive Pass|Inventive|Power Shot|Technical
1190113,Otávio,Haut,0.986,Haut,0.901,Haut,0.73,,,estime EA,oui,First Touch|Incisive Pass|Pinged Pass|Relentless|Technical|Tiki Taka
307753,Salem Al-Dawsari,Haut,1,Haut,1,,,,,estime EA,oui,Acrobatic|Finesse Shot|First Touch|Inventive|Relentless|Technical|Whipped Pass
526827,Konrad Laimer,Moyen,0.639,Haut,0.878,Moyen,0.65,10828,14.8,mesure FotMob,oui,Block|Bruiser|Relentless
800609,Matteo Guendouzi,Haut,1,Haut,0.809,Moyen,0.504,,,estime EA,oui,Anticipate|Block|First Touch|Incisive Pass|Jockey|Relentless|Tiki Taka
574629,Alex Berenguer,Moyen,0.536,Haut,0.686,Moyen,0.412,10604,11.7,mesure FotMob,,Finesse Shot|Rapid
806669,David Raum,Haut,0.891,Haut,0.824,Haut,0.682,,,estime EA,,Dead Ball|Rapid|Whipped Pass
121633,David Alaba,Moyen,0.582,Moyen,0.477,Bas,0.054,,,estime EA,,Anticipate|Dead Ball
245555,Gerónimo Rulli,Bas,0.052,Bas,0.058,Haut,0.687,5269,0.2,mesure FotMob,,Footwork
1195281,Milos Kerkez,Moyen,0.533,Haut,0.995,Moyen,0.484,10597,19.7,mesure FotMob,,Rapid|Slide Tackle|Whipped Pass
538501,Guglielmo Vicario,Bas,0.046,Bas,0.058,Moyen,0.348,5211,0.1,mesure FotMob,,Footwork
604126,Giovani Lo Celso,Moyen,0.491,Moyen,0.471,Moyen,0.627,,,estime EA,,Dead Ball|Finesse Shot|Incisive Pass|Technical
364822,Ivan Provedel,Bas,-0.218,Bas,-0.047,Bas,0.152,,,estime EA,,Deflector|Footwork|Long Ball Pass
789502,Morgan Gibbs-White,Haut,0.877,Haut,0.807,Bas,0.125,,,estime EA,oui,Aerial Fortress|Incisive Pass|Inventive|Relentless|Technical
614384,Maximilian Mittelstädt,Haut,0.8,Haut,0.717,Haut,0.922,,,estime EA,,Intercept|Slide Tackle|Whipped Pass
1338192,Pablo Barrios,Haut,0.904,Haut,0.71,Haut,0.916,11653,12.1,mesure FotMob,oui,Aerial Fortress|Relentless
577912,Alex Meret,Bas,-0.2,Bas,-0.07,Bas,0.18,,,estime EA,,
357880,Andrew Robertson,Bas,0.292,Moyen,0.552,Bas,0.152,10098,10.1,mesure FotMob,oui,Relentless|Whipped Pass
643533,Davinson Sánchez,Bas,0.153,Moyen,0.381,Moyen,0.579,9682,7.7,mesure FotMob,,Aerial Fortress|Bruiser|Precision Header|Slide Tackle
340020,Yassine Bounou,Bas,0.055,Bas,0.001,Bas,0.163,,,estime EA,,Cross Claimer|Far Throw|Footwork
662428,Antonee Robinson,Haut,1,Haut,0.992,Haut,0.976,,,estime EA,oui,Intercept|Jockey|Long Ball Pass|Rapid|Relentless|Whipped Pass
862608,Kaoru Mitoma,Moyen,0.636,Haut,0.743,Bas,0.183,,,estime EA,,Finesse Shot|First Touch|Quick Step|Technical
637749,Vangelis Pavlidis,Haut,0.876,Moyen,0.513,Bas,0.068,11541,9.6,mesure FotMob,oui,Acrobatic|Chip Shot|Gamechanger|Relentless|Technical
359188,Fabinho,Haut,0.782,Moyen,0.364,,,,,estime EA,,Aerial Fortress|Block|Bruiser|Power Shot|Press Proven|Slide Tackle
661761,Riccardo Orsolini,Moyen,0.618,Haut,0.664,Bas,0.182,,,estime EA,,Finesse Shot|Gamechanger|Low Driven Shot|Technical
1097466,Micky van de Ven,Bas,0.11,Moyen,0.408,Bas,0.282,9352,8.0,mesure FotMob,,Block|Slide Tackle
530859,Leroy Sané,Bas,0.149,Haut,0.961,Moyen,0.657,9670,16.5,mesure FotMob,,Gamechanger|Power Shot|Quick Step|Rapid
710159,Ezri Konsa,Haut,0.709,Moyen,0.609,Bas,0.13,,,estime EA,,Anticipate|Jockey|Slide Tackle
1095432,Charles De Ketelaere,Moyen,0.45,Moyen,0.634,Moyen,0.516,10447,10.9,mesure FotMob,,Aerial Fortress|Incisive Pass|Inventive|Low Driven Shot|Precision Header|Technical
942381,Jurriën Timber,Bas,0.259,Moyen,0.586,Moyen,0.651,10029,10.6,mesure FotMob,,Jockey|Press Proven
732282,Trincão,Moyen,0.545,Haut,0.674,Bas,0.245,10624,11.7,mesure FotMob,,Finesse Shot|First Touch|Incisive Pass|Inventive|Low Driven Shot|Technical|Trickster
385437,Serge Gnabry,Haut,0.692,Moyen,0.646,Bas,0.094,10945,11.4,mesure FotMob,,Gamechanger|Technical
947901,Jonathan Burkardt,Moyen,0.588,Moyen,0.368,Bas,0.005,10726,8.2,mesure FotMob,,Finesse Shot
189982,Fabian Schär,Haut,0.691,Moyen,0.378,Bas,0.327,,,estime EA,,Intercept|Long Ball Pass|Power Shot|Precision Header
266523,Pierre-Emile Højbjerg,Moyen,0.581,Bas,0.222,Haut,0.764,10704,6.0,mesure FotMob,oui,Intercept|Relentless
749736,Kai Havertz,Haut,0.818,Moyen,0.643,Bas,0.12,,,estime EA,,Chip Shot|Enforcer|First Touch|Gamechanger|Precision Header|Technical
1367619,Dean Huijsen,Bas,0.162,Bas,0.307,Moyen,0.373,9776,7.2,mesure FotMob,,Aerial Fortress|Block|Long Ball Pass|Slide Tackle
848289,Takefusa Kubo,Moyen,0.618,Haut,0.746,Moyen,0.56,,,estime EA,,Finesse Shot|First Touch|Gamechanger|Inventive|Low Driven Shot|Technical
177714,Mario Götze,Haut,0.918,Bas,0.101,Moyen,0.567,11704,4.4,mesure FotMob,,First Touch|Incisive Pass|Inventive|Tiki Taka
364520,Domenico Berardi,Moyen,0.636,Haut,0.702,Bas,0.322,,,estime EA,,Dead Ball|Finesse Shot|Gamechanger|Incisive Pass|Inventive|Long Ball Pass|Technical
706297,Jean-Philippe Mateta,Moyen,0.509,Moyen,0.499,Bas,0.049,,,estime EA,,Enforcer|Gamechanger|Low Driven Shot
263653,John Stones,Moyen,0.452,Moyen,0.53,Bas,0.133,10449,9.7,mesure FotMob,,Long Throw
521318,Manuel Akanji,Moyen,0.438,Bas,0.275,Moyen,0.468,10422,6.9,mesure FotMob,,Long Ball Pass
939569,Jonathan David,Haut,0.802,Haut,0.76,Bas,0.056,11279,12.8,mesure FotMob,oui,Low Driven Shot|Press Proven|Quick Step|Relentless
950473,Mason Greenwood,Bas,0.125,Moyen,0.47,Bas,0.081,9532,8.6,mesure FotMob,,Finesse Shot|Gamechanger|Low Driven Shot|Power Shot|Technical
688876,Dodi Lukébakio,Bas,0.105,Haut,0.734,Moyen,0.381,9319,12.2,mesure FotMob,,Gamechanger|Technical
629805,Ritsu Doan,Moyen,0.593,Moyen,0.341,Bas,0.307,10733,8.0,mesure FotMob,,First Touch|Inventive|Precision Header|Technical
666857,Yoane Wissa,Haut,0.691,Haut,0.714,Bas,0.013,,,estime EA,,Acrobatic|Gamechanger|Low Driven Shot|Rapid
737857,Dusan Vlahovic,Moyen,0.618,Moyen,0.613,Bas,0.009,,,estime EA,,Chip Shot|Dead Ball|Enforcer|Finesse Shot|Gamechanger|Low Driven Shot|Press Proven
664970,Waldemar Anton,Moyen,0.55,Moyen,0.333,Haut,0.809,10635,7.7,mesure FotMob,,Aerial Fortress|Block|Pinged Pass|Slide Tackle
769895,Matthijs de Ligt,Moyen,0.436,Bas,0.317,Moyen,0.453,,,estime EA,,Block|Bruiser|Power Shot
210428,Kalidou Koulibaly,Moyen,0.618,Moyen,0.461,,,,,estime EA,,Aerial Fortress|Anticipate|Block|Bruiser|Long Ball Pass
788555,Youssef En-Nesyri,Haut,0.877,Haut,0.777,Bas,0.001,,,estime EA,oui,Aerial Fortress|Precision Header|Quick Step|Rapid|Relentless
1532137,Pau Cubarsí,Bas,0.235,Moyen,0.412,Bas,0.279,10003,8.0,mesure FotMob,,Long Ball Pass
116555,Duvan Zapata,Moyen,0.455,Moyen,0.507,Bas,0.096,,,estime EA,,Aerial Fortress|Enforcer|Power Shot|Precision Header|Press Proven
174321,Nicolás Otamendi,Bas,0.168,Bas,0.122,Haut,0.68,9796,4.8,mesure FotMob,,Aerial Fortress|Anticipate|Bruiser|Intercept|Jockey|Precision Header|Slide Tackle
844425,Marc Guéhi,Moyen,0.6,Moyen,0.525,Moyen,0.633,,,estime EA,,Anticipate|Block|Jockey|Long Ball Pass
1323614,Nacho Fernández,Haut,0.709,Moyen,0.558,,,,,estime EA,,Block|Long Ball Pass
303912,Matthias Ginter,Bas,0.309,Bas,0.266,Bas,0.254,,,estime EA,,Aerial Fortress|Anticipate|Pinged Pass
823018,Alessandro Buongiorno,Moyen,0.442,Bas,0.204,Moyen,0.607,10424,6.0,mesure FotMob,,Block|Intercept
411617,Aymeric Laporte,Moyen,0.509,Bas,0.265,Moyen,0.419,,,estime EA,,Aerial Fortress|Jockey|Long Ball Pass|Pinged Pass|Precision Header
789066,Cristian Romero,Bas,0.093,Bas,0.287,Haut,0.87,9089,6.8,mesure FotMob,,Aerial Fortress|Bruiser|Precision Header|Slide Tackle
1174337,Savinho,Bas,0.234,Haut,0.729,Moyen,0.646,9993,12.4,mesure FotMob,,First Touch|Inventive|Technical|Whipped Pass
628201,Robin Koch,Bas,0.225,Bas,0.158,Moyen,0.426,9969,5.3,mesure FotMob,,Aerial Fortress|Precision Header
251269,Ante Budimir,Moyen,0.636,Moyen,0.397,Bas,0.046,,,estime EA,,Enforcer|Precision Header
169719,Chris Wood,Moyen,0.545,Moyen,0.371,Bas,0.002,,,estime EA,,Aerial Fortress|Enforcer|Precision Header
362195,Alessio Romagnoli,Haut,0.673,Moyen,0.523,Bas,0.197,,,estime EA,,Aerial Fortress|Anticipate|Bruiser
956682,Sven Botman,Moyen,0.363,Bas,0.214,Moyen,0.511,10257,5.7,mesure FotMob,,Bruiser|Jockey|Long Ball Pass
966027,Conor Gallagher,Haut,0.99,Moyen,0.565,Haut,0.906,12275,10.1,mesure FotMob,oui,Block|Intercept|Relentless
807729,Reece James,Moyen,0.455,Moyen,0.449,Haut,0.737,10464,8.4,mesure FotMob,,Bruiser|Jockey|Whipped Pass
281012,Filip Kostic,Haut,0.691,Haut,0.673,Haut,0.942,,,estime EA,,Rapid|Whipped Pass
282472,Sergi Darder,Haut,0.764,Haut,0.692,Bas,0.323,,,estime EA,,Dead Ball|Incisive Pass|Inventive|Long Ball Pass|Pinged Pass|Power Shot|Press Proven
356406,John McGinn,Haut,1,Haut,0.823,Bas,0.273,,,estime EA,oui,Enforcer|Press Proven|Relentless
815431,Davide Frattesi,Haut,0.923,Haut,0.867,Bas,0.216,11764,14.2,mesure FotMob,,Technical
766062,Michele Di Gregorio,Bas,0.017,Bas,0.019,Bas,0.126,5039,0.0,mesure FotMob,,Footwork
940829,Carlos Augusto,Moyen,0.629,Moyen,0.631,Moyen,0.554,10802,11.2,mesure FotMob,oui,Aerial Fortress|Relentless
942379,Miguel Gutiérrez,Haut,0.704,Haut,0.677,Haut,0.862,10987,12.0,mesure FotMob,,Low Driven Shot
623537,Ferland Mendy,Bas,0.158,Bas,0.321,Moyen,0.544,9761,7.3,mesure FotMob,,Block|Rapid
866516,Teun Koopmeiners,Haut,0.851,Moyen,0.421,Moyen,0.366,11467,8.8,mesure FotMob,,Dead Ball
163670,Ivan Perisic,Moyen,0.381,Haut,0.96,Bas,0.274,10281,17.4,mesure FotMob,,Dead Ball|Gamechanger|Inventive|Whipped Pass
730901,Yangel Herrera,Haut,0.709,Moyen,0.548,Haut,0.773,,,estime EA,,Aerial Fortress|Incisive Pass|Precision Header
1352713,Carlos Baleba,Haut,0.745,Moyen,0.654,Haut,0.9,,,estime EA,,Aerial Fortress|Power Shot|Technical
473852,Corentin Tolisso,Haut,0.914,Haut,0.7,Moyen,0.62,,,estime EA,oui,Aerial Fortress|First Touch|Precision Header|Relentless
719330,Dean Henderson,Bas,-0.145,Bas,0.094,Moyen,0.391,,,estime EA,,Footwork
859282,Daniel Muñoz,Haut,1,Haut,0.865,Haut,0.675,,,estime EA,oui,Anticipate|Jockey|Rapid|Relentless
198559,Marten de Roon,Haut,0.845,Bas,0.204,Moyen,0.6,11442,5.7,mesure FotMob,oui,Aerial Fortress|Intercept|Long Ball Pass|Relentless
640122,Brais Méndez,Moyen,0.564,Moyen,0.551,Haut,0.824,,,estime EA,,Dead Ball|Finesse Shot|Technical|Tiki Taka
1173678,Johnny Cardoso,Haut,0.96,Bas,0.285,Haut,0.927,11972,7.0,mesure FotMob,,Aerial Fortress|Intercept|Precision Header
554534,Alexander Nübel,Bas,-0.018,Bas,0.084,Moyen,0.652,,,estime EA,,Deflector|Footwork
521148,Jacob Murphy,Moyen,0.607,Haut,0.934,Bas,0.097,10764,16.1,mesure FotMob,,Whipped Pass
184533,Koke,Haut,0.995,Bas,0.162,Haut,0.804,12329,5.5,mesure FotMob,oui,Long Ball Pass|Relentless
411851,Robert Andrich,Moyen,0.393,Bas,0.121,Bas,0.304,10305,4.3,mesure FotMob,oui,Bruiser|Power Shot|Relentless
954621,Youssouf Fofana,Haut,0.968,Haut,0.752,Moyen,0.338,,,estime EA,oui,Anticipate|Incisive Pass|Jockey|Relentless
933845,Rayan Aït-Nouri,Moyen,0.631,Haut,0.754,Haut,0.971,10806,12.8,mesure FotMob,,First Touch|Jockey|Trickster
1021586,Gabriel Martinelli,Bas,0.254,Haut,0.883,Bas,0.218,10023,14.8,mesure FotMob,,Finesse Shot|Inventive|Quick Step
1226147,Giuliano Simeone,Haut,0.686,Haut,0.855,Haut,0.73,10917,14.1,mesure FotMob,,Rapid
145550,Kevin Trapp,Bas,0.091,Bas,0.067,Moyen,0.491,,,estime EA,,Far Throw|Footwork
450011,Anderson Talisca,Moyen,0.6,Moyen,0.626,Bas,0.095,,,estime EA,,Acrobatic|Finesse Shot|Gamechanger|Precision Header
614449,Nadiem Amiri,Haut,0.691,Moyen,0.642,Moyen,0.532,,,estime EA,,Dead Ball|Finesse Shot|Gamechanger|Pinged Pass|Technical
280484,Nick Pope,Bas,0.057,Bas,0.008,Haut,0.7,5328,0.0,mesure FotMob,,Footwork
408987,Ivan Toney,Moyen,0.655,Moyen,0.628,,,,,estime EA,,Bruiser
581919,David Soria,Bas,0.055,Bas,0.083,Moyen,0.437,,,estime EA,,Footwork|Long Ball Pass
784510,Federico Chiesa,Moyen,0.418,Moyen,0.655,Bas,0.179,,,estime EA,,Finesse Shot|Quick Step|Rapid
847983,Lisandro Martínez,Moyen,0.6,Moyen,0.545,Moyen,0.455,,,estime EA,,Bruiser|Intercept|Slide Tackle
800882,Andriy Lunin,Bas,0.062,Bas,0.001,Moyen,0.396,5364,0.0,mesure FotMob,,Footwork
967622,Antony,Moyen,0.636,Haut,0.712,Moyen,0.65,,,estime EA,,Finesse Shot|Technical|Trickster
46820,Matteo Darmian,Moyen,0.636,Moyen,0.539,,,,,estime EA,,
415539,Matteo Politano,Moyen,0.555,Haut,0.669,Bas,0.129,10639,11.4,mesure FotMob,,Dead Ball|Gamechanger|Inventive|Long Ball Pass|Technical|Whipped Pass
637656,Lucas Perri,Bas,-0.036,Bas,-0.096,Bas,0.157,,,estime EA,,Far Throw
201704,Remo Freuler,Haut,1,Haut,0.755,Moyen,0.623,,,estime EA,oui,Anticipate|Block|Intercept|Relentless
432591,Ricardo Horta,Haut,0.782,Haut,0.699,Bas,0.104,,,estime EA,,Finesse Shot|First Touch|Pinged Pass|Power Shot|Tiki Taka
246438,Gerard Moreno,Moyen,0.655,Moyen,0.638,Bas,0.14,,,estime EA,,Finesse Shot|Power Shot
361717,Rui Silva,Bas,0.0,Bas,0.004,Moyen,0.351,4732,0.0,mesure FotMob,,Deflector|Footwork
531629,Dani Ceballos,Haut,0.873,Bas,0.101,Haut,0.938,11529,4.5,mesure FotMob,,Intercept|Jockey|Technical|Whipped Pass
789914,Edmond Tapsoba,Bas,0.28,Bas,0.198,Moyen,0.597,10072,5.8,mesure FotMob,,Long Ball Pass|Pinged Pass|Precision Header
959594,Karim Adeyemi,Moyen,0.395,Haut,0.966,Moyen,0.335,10307,17.3,mesure FotMob,,Quick Step|Rapid
1050166,Anthony Elanga,Bas,0.308,Haut,0.992,Bas,0.088,10116,19.2,mesure FotMob,,Enforcer|Low Driven Shot|Quick Step|Rapid
66757,Lukás Hrádecký,Bas,-0.109,Bas,-0.064,Bas,0.243,,,estime EA,,Footwork
793066,David Neres,Moyen,0.527,Haut,0.689,Bas,0.124,,,estime EA,,Gamechanger|Inventive|Power Shot|Quick Step|Technical|Trickster|Whipped Pass
362200,Wladimiro Falcone,Bas,-0.218,Bas,-0.23,Moyen,0.363,,,estime EA,,Footwork|Rush Out
504606,Lucas Hernández,Moyen,0.562,Moyen,0.587,Moyen,0.521,10647,10.5,mesure FotMob,,Bruiser|Slide Tackle
823825,Randal Kolo Muani,Moyen,0.474,Haut,0.937,Bas,0.254,10488,16.6,mesure FotMob,,Finesse Shot|Quick Step|Rapid|Technical
1165710,Gonçalo Inácio,Bas,0.155,Bas,0.204,Moyen,0.639,9690,6.0,mesure FotMob,,Jockey|Long Ball Pass|Pinged Pass
958464,Leonardo Balerdi,Bas,0.165,Bas,0.3,Haut,0.894,9782,7.3,mesure FotMob,,Aerial Fortress|Anticipate|Intercept|Jockey
173461,Andrej Kramaric,Haut,0.818,Moyen,0.632,Bas,0.076,,,estime EA,,Chip Shot|Finesse Shot|First Touch|Gamechanger|Incisive Pass|Technical
704523,Christopher Nkunku,Moyen,0.455,Moyen,0.558,Bas,0.016,,,estime EA,,Finesse Shot|First Touch|Technical
1253890,Arda Güler,Moyen,0.565,Moyen,0.333,Moyen,0.635,10667,7.6,mesure FotMob,,Finesse Shot|Incisive Pass|Inventive|Technical|Whipped Pass
150565,Pierre-Emerick Aubameyang,Bas,0.141,Haut,0.692,Bas,0.007,9632,12.4,mesure FotMob,,Chip Shot|Finesse Shot|Precision Header|Rapid
442728,Tim Kleindienst,Haut,1,Haut,0.721,,,,,estime EA,oui,Aerial Fortress|Enforcer|Precision Header|Relentless
696932,Simon Banza,Haut,0.673,Moyen,0.635,,,,,estime EA,,Acrobatic|Aerial Fortress|First Touch|Press Proven
617310,Nayef Aguerd,Moyen,0.342,Moyen,0.443,Haut,0.719,10208,8.8,mesure FotMob,,Anticipate|Long Ball Pass|Precision Header
282770,Mauro Icardi,Moyen,0.564,Moyen,0.48,Bas,0.0,,,estime EA,,Aerial Fortress|Chip Shot|Gamechanger|Incisive Pass|Low Driven Shot
749662,Fikayo Tomori,Moyen,0.618,Moyen,0.634,Bas,0.296,,,estime EA,,Bruiser
447084,Niklas Süle,Bas,0.218,Bas,0.138,Moyen,0.553,,,estime EA,,Anticipate|Bruiser|Intercept|Long Ball Pass|Pinged Pass|Slide Tackle
1104053,Rayan Cherki,Haut,0.842,Moyen,0.436,Moyen,0.507,11420,8.2,mesure FotMob,,Chip Shot|First Touch|Incisive Pass|Inventive|Low Driven Shot|Technical|Trickster
15403,Edin Dzeko,Moyen,0.509,Moyen,0.336,Bas,0.04,,,estime EA,,Finesse Shot|Incisive Pass|Low Driven Shot|Technical
309328,Milan Skriniar,Moyen,0.509,Moyen,0.336,Moyen,0.66,,,estime EA,,Bruiser|Jockey
604982,Ruben Loftus-Cheek,Moyen,0.582,Moyen,0.619,Moyen,0.341,,,estime EA,,Aerial Fortress|Enforcer|Press Proven
970563,Quinten Timber,Haut,0.709,Haut,0.751,Haut,0.821,,,estime EA,,Bruiser|Incisive Pass|Power Shot|Technical
215151,Marcel Sabitzer,Haut,0.911,Bas,0.259,Moyen,0.332,11696,7.0,mesure FotMob,,Pinged Pass|Power Shot
611491,Andre Onana,Bas,0.0,Bas,0.224,Bas,0.194,,,estime EA,,Rush Out
310768,Fredrik Aursnes,Haut,0.9,Moyen,0.378,Moyen,0.613,11647,8.0,mesure FotMob,oui,Anticipate|First Touch|Low Driven Shot|Press Proven|Relentless
322049,Fred,Haut,0.932,Haut,0.859,Haut,0.913,,,estime EA,oui,Inventive|Relentless
540307,Lorenzo Pellegrini,Haut,0.673,Moyen,0.635,Bas,0.306,,,estime EA,,Finesse Shot|Press Proven
1134871,Maxim De Cuyper,Haut,0.855,Haut,0.728,Moyen,0.57,,,estime EA,,Jockey|Long Ball Pass|Press Proven|Whipped Pass
1052898,Destiny Udogie,Bas,0.124,Haut,0.981,Haut,0.775,9516,18.6,mesure FotMob,,Block|Quick Step|Whipped Pass
891743,Mohammed Kudus,Bas,0.098,Haut,0.729,Haut,0.851,9210,12.4,mesure FotMob,,First Touch
1190025,Alvaro Carreras,Bas,0.218,Haut,0.821,Haut,0.898,9940,13.5,mesure FotMob,oui,Long Ball Pass|Relentless
902710,Gabriel Sara,Haut,0.955,Bas,0.321,Moyen,0.402,11897,7.4,mesure FotMob,,Dead Ball|Incisive Pass|Inventive|Long Ball Pass|Power Shot
1367615,Warren Zaïre-Emery,Haut,0.945,Moyen,0.639,Moyen,0.612,11838,11.2,mesure FotMob,oui,First Touch|Press Proven|Quick Step|Relentless|Tiki Taka
625340,Mauro Arambarri,Haut,0.8,Haut,0.676,Haut,0.714,,,estime EA,,Aerial Fortress|Precision Header
933768,Curtis Jones,Haut,0.808,Haut,0.753,Haut,0.841,11320,12.8,mesure FotMob,,Finesse Shot|Press Proven
1089691,Elliot Anderson,Haut,0.836,Haut,0.69,Haut,0.998,,,estime EA,,Aerial Fortress|Block|Technical
766435,Lucas Paquetá,Moyen,0.655,Moyen,0.557,Haut,0.888,,,estime EA,,Aerial Fortress|First Touch|Long Ball Pass|Technical
1372921,Andrey Santos,Haut,0.804,Moyen,0.482,Haut,0.804,11301,9.4,mesure FotMob,,Aerial Fortress|Precision Header|Slide Tackle|Tiki Taka
279714,Brice Samba,Bas,-0.055,Bas,0.07,Moyen,0.397,,,estime EA,,Footwork|Long Ball Pass
682548,Ola Aina,Haut,0.673,Haut,0.767,Haut,0.767,,,estime EA,,Long Throw|Quick Step
715301,Jonathan Clauss,Haut,0.914,Haut,0.872,Haut,0.872,,,estime EA,oui,Anticipate|Dead Ball|Intercept|Long Throw|Relentless|Whipped Pass
215168,Bernd Leno,Bas,0.073,Bas,0.171,Moyen,0.547,,,estime EA,,Footwork|Rush Out
518346,Robin Gosens,Haut,0.836,Haut,0.701,Bas,0.166,,,estime EA,,
787350,Douglas Luiz,Moyen,0.636,Moyen,0.549,Haut,0.937,,,estime EA,,Press Proven
1192398,Georgiy Sudakov,Haut,0.83,Bas,0.202,Bas,0.28,11386,6.0,mesure FotMob,,First Touch|Incisive Pass|Quick Step
352994,Raphaël Guerreiro,Haut,0.869,Bas,0.139,Bas,0.174,11520,5.3,mesure FotMob,,First Touch|Intercept|Inventive|Technical|Tiki Taka
446266,Mario Pasalic,Haut,0.844,Moyen,0.604,Moyen,0.443,11434,10.1,mesure FotMob,,Aerial Fortress
775539,Noussair Mazraoui,Moyen,0.655,Moyen,0.648,Haut,0.827,,,estime EA,,Anticipate|Block|Jockey|Technical
383971,Dominik Livakovic,Bas,-0.145,Bas,0.115,Moyen,0.344,,,estime EA,,Far Throw|Footwork
1027472,Wilfried Singo,Bas,0.182,Moyen,0.625,Haut,0.937,9850,11.0,mesure FotMob,,Aerial Fortress|Intercept|Precision Header|Rapid
620027,Xaver Schlager,Haut,0.823,Haut,0.765,Haut,0.812,,,estime EA,oui,Bruiser|Incisive Pass|Jockey|Relentless
210111,Lucas Digne,Haut,0.727,Moyen,0.596,Bas,0.25,,,estime EA,,Long Throw|Whipped Pass
362212,Piotr Zielinski,Haut,0.933,Bas,0.162,Moyen,0.375,11794,5.5,mesure FotMob,,Technical
191869,Kieran Trippier,Bas,0.258,Haut,0.683,Moyen,0.568,10027,11.7,mesure FotMob,,Dead Ball|Long Ball Pass|Long Throw|Whipped Pass
1022350,Anatoliy Trubin,Bas,0.009,Bas,0.013,Bas,0.136,4904,0.0,mesure FotMob,,Footwork
574642,Ellyes Skhiri,Haut,0.93,Bas,0.216,Haut,0.67,11788,5.9,mesure FotMob,oui,Intercept|Press Proven|Relentless
620618,Rodrigo Bentancur,Haut,0.782,Moyen,0.485,Haut,0.981,11213,8.9,mesure FotMob,,First Touch
299799,Bryan Cristante,Haut,0.891,Moyen,0.489,Haut,0.884,,,estime EA,,Aerial Fortress|Precision Header
695062,Javi Galán,Haut,0.673,Haut,0.676,Haut,0.943,,,estime EA,,Anticipate
604785,Alex Iwobi,Haut,1,Haut,0.875,Bas,0.287,,,estime EA,oui,Gamechanger|Incisive Pass|Inventive|Relentless|Technical
888912,Mikkel Damsgaard,Haut,0.691,Moyen,0.581,Haut,0.896,,,estime EA,,Incisive Pass|Inventive|Pinged Pass|Technical|Whipped Pass
1197655,Lewis Hall,Moyen,0.433,Haut,0.903,Haut,0.961,10407,15.5,mesure FotMob,,Block|Press Proven|Whipped Pass
186557,Frederik Rønnow,Bas,-0.145,Bas,0.023,Haut,0.815,,,estime EA,,Cross Claimer
1134206,Mohamed Amoura,Haut,0.836,Haut,0.884,Bas,0.206,,,estime EA,,Acrobatic|Chip Shot|Gamechanger|Quick Step|Rapid
501543,Franck Honorat,Haut,0.727,Haut,0.718,Bas,0.085,,,estime EA,,Power Shot|Technical|Whipped Pass
720560,Julián Quiñones,Haut,0.855,Haut,0.84,,,,,estime EA,,Chip Shot|Precision Header|Rapid
167008,Pascal Groß,Haut,0.782,Moyen,0.374,Moyen,0.457,,,estime EA,,Dead Ball|Incisive Pass|Long Ball Pass|Whipped Pass
1084981,Noni Madueke,Bas,0.215,Haut,0.849,Bas,0.309,9939,14.1,mesure FotMob,,Low Driven Shot|Quick Step|Technical
312765,Jack Grealish,Moyen,0.527,Moyen,0.567,Haut,0.683,,,estime EA,,Finesse Shot|First Touch|Inventive|Press Proven
681383,Benjamin Henrichs,Moyen,0.6,Moyen,0.586,,,,,estime EA,,Block|Bruiser|Incisive Pass|Jockey|Slide Tackle
837341,Noa Lang,Moyen,0.493,Haut,0.773,Bas,0.299,10520,13.1,mesure FotMob,,First Touch|Gamechanger|Incisive Pass|Quick Step|Technical
1073977,Benjamin Sesko,Haut,0.8,Haut,0.717,Bas,0.029,,,estime EA,,Acrobatic|Aerial Fortress|Gamechanger|Power Shot|Precision Header|Technical
843040,Pedro Neto,Bas,0.282,Haut,0.901,Bas,0.084,10072,15.0,mesure FotMob,,Quick Step|Rapid
933576,Antoine Semenyo,Haut,0.8,Haut,0.706,Bas,0.262,,,estime EA,,Aerial Fortress|Enforcer|Long Throw|Low Driven Shot
148830,Benjamin André,Haut,0.909,Moyen,0.506,Haut,0.961,,,estime EA,,Aerial Fortress|Intercept|Long Ball Pass|Precision Header
576165,Gabriel Jesus,Moyen,0.623,Haut,0.797,Bas,0.216,,,estime EA,oui,First Touch|Relentless|Technical
760359,Harvey Barnes,Bas,0.316,Haut,0.857,Bas,0.049,10134,14.1,mesure FotMob,,Finesse Shot
760320,Aaron Wan-Bissaka,Moyen,0.636,Moyen,0.651,Moyen,0.414,,,estime EA,,Anticipate|Block|Intercept|Rapid|Slide Tackle
1131217,Pierre Kalulu,Moyen,0.423,Moyen,0.639,Moyen,0.39,10381,10.8,mesure FotMob,,Block
823658,Valentín Castellanos,Haut,0.818,Haut,0.714,Bas,0.051,,,estime EA,,Finesse Shot|Incisive Pass|Technical
575735,Nicolas Pépé,Bas,0.313,Haut,0.904,Moyen,0.553,10128,15.0,mesure FotMob,,Finesse Shot|Inventive|Technical
972120,Boulaye Dia,Moyen,0.618,Haut,0.664,Bas,0.022,,,estime EA,,Low Driven Shot
671203,Mario Hermoso,Moyen,0.582,Moyen,0.548,Haut,0.685,,,estime EA,,Aerial Fortress|Block|Long Ball Pass|Slide Tackle
773229,Édouard Mendy,Bas,-0.073,Bas,-0.1,,,,,estime EA,,Cross Claimer|Footwork
840241,Ermedin Demirovic,Haut,0.877,Haut,0.726,Bas,0.061,,,estime EA,oui,Finesse Shot|Relentless
884382,Ayoub El Kaabi,Bas,0.246,Haut,0.721,Bas,0.009,10012,12.6,mesure FotMob,,Chip Shot|Finesse Shot
1197347,Nicolas Jackson,Moyen,0.6,Haut,0.88,Bas,0.047,10747,15.2,mesure FotMob,,Gamechanger|Low Driven Shot|Technical
203666,Hans Vanaken,Haut,0.919,Bas,0.236,Moyen,0.605,11724,6.2,mesure FotMob,,Aerial Fortress|Incisive Pass|Inventive|Long Ball Pass|Precision Header|Press Proven
696365,Marcus Rashford,Bas,0.263,Haut,0.71,Bas,0.044,10038,11.9,mesure FotMob,,Power Shot|Quick Step|Rapid
1157237,Christos Tzolis,Haut,0.792,Haut,0.965,Bas,0.286,11249,18.0,mesure FotMob,,Finesse Shot|Incisive Pass|Low Driven Shot|Quick Step|Rapid
942368,Jérémy Doku,Bas,0.199,Moyen,0.442,Haut,0.846,9906,8.9,mesure FotMob,,Enforcer|Inventive|Quick Step|Rapid|Trickster
1265963,Igor Paixão,Moyen,0.576,Haut,0.961,Moyen,0.355,10690,17.6,mesure FotMob,,Gamechanger|Technical|Whipped Pass
772104,Jerdy Schouten,Moyen,0.553,Bas,0.192,Haut,0.917,10638,5.9,mesure FotMob,,Anticipate|Intercept|Inventive|Pinged Pass|Press Proven
940087,Gonçalo Ramos,Haut,0.709,Moyen,0.619,Bas,0.108,,,estime EA,,Aerial Fortress|Finesse Shot|Low Driven Shot|Precision Header|Press Proven
591734,Dominic Solanke,Haut,0.855,Moyen,0.627,Bas,0.3,,,estime EA,,Acrobatic|Precision Header
400625,Vincenzo Grifo,Haut,0.745,Moyen,0.634,Bas,0.06,,,estime EA,,Dead Ball|Finesse Shot|Gamechanger|Incisive Pass|Whipped Pass
935769,Armand Laurienté,Haut,0.764,Haut,0.844,Bas,0.075,,,estime EA,,Finesse Shot|Gamechanger|Incisive Pass|Quick Step|Rapid|Trickster
266520,Christian Nørgaard,Moyen,0.627,Bas,0.153,Haut,0.745,10802,5.3,mesure FotMob,,Aerial Fortress|Intercept|Precision Header
1096400,Levi Colwill,Haut,0.673,Moyen,0.533,,,,,estime EA,,Block
1305618,Maghnes Akliouche,Moyen,0.582,Moyen,0.61,Moyen,0.644,10705,11.1,mesure FotMob,,Inventive|Low Driven Shot
498033,Marco Asensio,Moyen,0.436,Moyen,0.51,Bas,0.197,,,estime EA,,Finesse Shot|Incisive Pass|Whipped Pass
1117570,Kerem Akturkoglu,Haut,0.986,Haut,0.963,Bas,0.148,,,estime EA,oui,Finesse Shot|Gamechanger|Incisive Pass|Quick Step|Rapid|Relentless
974618,Jan Paul van Hecke,Moyen,0.545,Moyen,0.483,Moyen,0.541,,,estime EA,,Aerial Fortress|Long Ball Pass
474658,Álvaro Garcia,Moyen,0.636,Haut,0.763,Bas,0.228,,,estime EA,,Intercept|Low Driven Shot|Quick Step
661519,Deniz Undav,Moyen,0.545,Moyen,0.493,Bas,0.031,,,estime EA,,Acrobatic|Chip Shot|Finesse Shot|Gamechanger|Incisive Pass|Low Driven Shot
688300,Samuel Chukwueze,Moyen,0.4,Haut,0.679,Bas,0.26,,,estime EA,,Finesse Shot|Quick Step|Rapid
1253852,Castello Lukeba,Moyen,0.455,Moyen,0.517,Haut,0.696,,,estime EA,,
208494,Casemiro,Bas,0.255,Bas,0.051,Haut,0.945,,,estime EA,,Aerial Fortress|Block|Bruiser|Long Ball Pass|Slide Tackle
1098096,Evanilson,Moyen,0.618,Moyen,0.603,Bas,0.049,,,estime EA,,
1173250,Arthur Theate,Bas,0.265,Bas,0.297,Moyen,0.35,10042,7.1,mesure FotMob,,Aerial Fortress|Precision Header
846381,Jadon Sancho,Moyen,0.436,Moyen,0.602,Bas,0.109,,,estime EA,,Finesse Shot|Trickster
792645,Pau Torres,Moyen,0.564,Moyen,0.49,Bas,0.196,,,estime EA,,Pinged Pass
609505,Borja Iglesias,Moyen,0.436,Moyen,0.368,Bas,0.015,,,estime EA,,Enforcer
1014496,Odilon Kossounou,Moyen,0.526,Moyen,0.453,Moyen,0.531,10585,8.9,mesure FotMob,,
793255,Florentino,Haut,0.818,Moyen,0.48,Haut,0.979,,,estime EA,,Anticipate|Bruiser|Intercept|Pinged Pass|Precision Header|Press Proven|Slide Tackle
1189288,Federico Gatti,Bas,0.117,Bas,0.219,Moyen,0.429,9451,6.1,mesure FotMob,,Bruiser|Slide Tackle
420568,Diego Llorente,Moyen,0.455,Moyen,0.436,Haut,0.753,,,estime EA,,
1425182,Ousmane Diomande,Bas,0.107,Bas,0.1,Bas,0.285,9331,3.8,mesure FotMob,,Aerial Fortress|Block|Bruiser|Jockey|Long Ball Pass|Precision Header
488412,Clément Lenglet,Moyen,0.466,Bas,0.229,Moyen,0.388,10473,6.3,mesure FotMob,,
255610,Harry Maguire,Moyen,0.473,Bas,0.159,Moyen,0.379,,,estime EA,,Aerial Fortress
449232,Andreas Christensen,Moyen,0.491,Bas,0.318,Haut,0.845,,,estime EA,,
243138,James Tarkowski,Moyen,0.509,Bas,0.214,Moyen,0.367,,,estime EA,,Aerial Fortress|Block|Intercept|Long Ball Pass
1174630,Richard Ríos,Haut,0.725,Moyen,0.63,Haut,0.839,11022,11.1,mesure FotMob,oui,Block|Enforcer|First Touch|Press Proven|Relentless
111060,Callum McGregor,Haut,1,Haut,0.942,Moyen,0.603,,,estime EA,oui,Long Ball Pass|Pinged Pass|Power Shot|Press Proven|Relentless
728765,Daizen Maeda,Haut,1,Haut,1,Bas,0.181,,,estime EA,oui,Acrobatic|Gamechanger|Precision Header|Quick Step|Rapid|Relentless
1070776,Rodrigo Zalazar,Haut,0.8,Haut,0.696,Moyen,0.607,,,estime EA,,Aerial Fortress|Finesse Shot|Gamechanger|Incisive Pass|Power Shot|Technical|Whipped Pass
955529,Matheus Nunes,Moyen,0.54,Haut,0.809,Haut,0.799,10613,13.6,mesure FotMob,,Press Proven
421786,Mario Lemina,Moyen,0.512,Moyen,0.463,Moyen,0.651,10556,8.8,mesure FotMob,oui,Intercept|Inventive|Long Ball Pass|Relentless|Technical
867395,Nuno Santos,Haut,0.823,Haut,0.836,,,,,estime EA,oui,Chip Shot|First Touch|Gamechanger|Power Shot|Relentless|Whipped Pass
80295,Yuri Berchiche,Bas,0.294,Moyen,0.549,Haut,0.728,10098,9.7,mesure FotMob,,Slide Tackle
751550,Diogo Dalot,Haut,0.745,Haut,0.746,Haut,0.711,,,estime EA,,Intercept|Long Ball Pass|Long Throw|Slide Tackle
276729,Stefan Ortega,Bas,-0.127,Bas,0.061,Bas,0.074,,,estime EA,,Far Reach|Footwork
278285,Paulo Gazzaniga,Bas,0.036,Bas,0.187,Moyen,0.549,,,estime EA,,Cross Claimer|Footwork
159833,Kyle Walker,Moyen,0.582,Moyen,0.619,Moyen,0.653,,,estime EA,,Jockey|Long Throw|Power Shot|Rapid
400256,Rodinei,Moyen,0.404,Moyen,0.578,Haut,0.833,10327,10.2,mesure FotMob,,Long Throw|Rapid
970578,Andrei Ratiu,Haut,0.727,Haut,0.83,Haut,0.897,,,estime EA,,Block|Long Throw|Quick Step|Rapid
298915,Maximilian Arnold,Haut,0.691,Moyen,0.51,Bas,0.289,,,estime EA,,Dead Ball|Gamechanger|Long Ball Pass|Power Shot
892816,Sergiño Dest,Moyen,0.596,Haut,0.964,Haut,0.895,10739,17.0,mesure FotMob,oui,Inventive|Quick Step|Relentless|Technical
1078846,Andrea Cambiaso,Haut,0.699,Haut,0.802,Haut,0.663,10953,13.4,mesure FotMob,oui,Anticipate|Jockey|Relentless
244811,Davide Zappacosta,Haut,0.672,Haut,0.871,Bas,0.145,10882,14.1,mesure FotMob,,Whipped Pass
559065,Ramy Bensebaini,Moyen,0.366,Moyen,0.438,Haut,0.851,10261,8.5,mesure FotMob,,Bruiser|Chip Shot|Slide Tackle
915102,Hidemasa Morita,Haut,0.741,Bas,0.188,Haut,0.866,11057,5.5,mesure FotMob,oui,Aerial Fortress|Anticipate|Bruiser|Incisive Pass|Press Proven|Relentless
950561,Darwin Núñez,Haut,0.859,Haut,0.901,,,,,estime EA,oui,Quick Step|Rapid|Relentless
638090,Luis Milla,Haut,0.914,Haut,0.781,Haut,0.847,,,estime EA,oui,Aerial Fortress|Long Ball Pass|Press Proven|Relentless
1280132,Nico González,Haut,0.979,Bas,0.122,Haut,0.919,12198,4.7,mesure FotMob,,Press Proven
439369,Ryan Christie,Haut,0.968,Haut,0.813,Haut,0.973,,,estime EA,oui,Intercept|Relentless
683450,Pablo Fornals,Haut,0.745,Moyen,0.563,Moyen,0.564,,,estime EA,,Technical
726345,Nahuel Molina,Moyen,0.608,Haut,0.801,Haut,0.743,10772,12.7,mesure FotMob,,Block|Whipped Pass
966026,Ian Maatsen,Moyen,0.618,Haut,0.735,Haut,0.793,,,estime EA,,Rapid|Slide Tackle
1072068,Konstantinos Tzolakis,Bas,0.048,Bas,0.034,Moyen,0.618,5238,0.0,mesure FotMob,,Cross Claimer
603537,Angelino,Haut,1,Haut,0.868,,,,,estime EA,oui,Anticipate|Long Throw|Relentless|Whipped Pass
543021,Vanja Milinkovic-Savic,Bas,0.072,Bas,0.054,Moyen,0.334,5464,0.1,mesure FotMob,,Far Throw|Footwork|Long Ball Pass
659272,Julian Ryerson,Haut,0.696,Moyen,0.644,Moyen,0.617,10951,11.3,mesure FotMob,oui,Bruiser|Jockey|Relentless
881735,Anton Stach,Haut,0.914,Haut,0.74,Haut,0.834,,,estime EA,oui,Aerial Fortress|Bruiser|Intercept|Power Shot|Relentless|Slide Tackle
156008,Jordan Henderson,Haut,0.673,Moyen,0.493,Moyen,0.368,,,estime EA,,Anticipate|Incisive Pass|Long Ball Pass
196169,Marcos Alonso,Moyen,0.618,Moyen,0.43,Moyen,0.561,,,estime EA,,
248453,Paul Pogba,Bas,0.291,Bas,0.32,,,,,estime EA,,Dead Ball|Inventive|Long Ball Pass|Technical
844477,Sergio Gómez,Haut,0.691,Moyen,0.642,Haut,0.84,,,estime EA,,Dead Ball|Inventive
1022649,Dan Ndoye,Haut,0.745,Haut,0.766,Moyen,0.63,,,estime EA,,Gamechanger|Incisive Pass|Quick Step|Rapid
1020963,Nicolò Rovella,Haut,0.968,Haut,0.833,Haut,0.929,,,estime EA,oui,Anticipate|Incisive Pass|Intercept|Inventive|Relentless
1185748,Amadou Onana,Moyen,0.655,Moyen,0.506,Haut,0.879,,,estime EA,,Aerial Fortress|Enforcer|Precision Header|Press Proven|Slide Tackle
212512,Jasper Cillessen,Bas,0.0,Bas,0.163,,,,,estime EA,,Deflector
426892,Hamari Traoré,Haut,0.909,Haut,0.77,Haut,0.706,,,estime EA,,Long Throw|Rapid
532942,Pau López,Bas,0.036,Bas,0.065,Bas,0.119,,,estime EA,,Deflector|Far Throw
729731,Matty Cash,Haut,0.836,Haut,0.68,Bas,0.258,,,estime EA,,Long Throw
873556,Mauro Júnior,Haut,0.852,Moyen,0.504,Haut,0.987,11468,9.3,mesure FotMob,,Inventive
1180288,Ismael Saibari,Haut,0.787,Haut,0.937,Bas,0.265,11227,15.8,mesure FotMob,,Gamechanger|Press Proven
37770,Kasper Schmeichel,Bas,-0.164,Bas,-0.086,Bas,0.236,,,estime EA,,Deflector|Footwork|Long Ball Pass
389050,Juan Musso,Bas,0.031,Bas,0.014,Moyen,0.616,5123,0.0,mesure FotMob,,
683762,Sergio Herrera,Bas,0.036,Bas,0.065,Moyen,0.418,,,estime EA,,Cross Claimer|Far Throw|Footwork|Long Ball Pass
722207,Rasmus Kristensen,Moyen,0.436,Moyen,0.573,Haut,0.882,10417,10.7,mesure FotMob,oui,Bruiser|Relentless
1106074,Mario Gila,Haut,0.764,Haut,0.743,Haut,0.722,,,estime EA,,Jockey|Long Ball Pass
729769,Tyler Adams,Haut,0.709,Haut,0.741,Haut,0.902,,,estime EA,,
827315,Nicolás Dominguez,Haut,1,Haut,0.832,Haut,0.939,,,estime EA,oui,Relentless|Slide Tackle
688278,Pervis Estupinán,Haut,0.745,Haut,0.674,Moyen,0.441,,,estime EA,,
999171,Álvaro Vallés,Bas,0.0,Bas,0.0,Bas,0.273,,,estime EA,,Cross Claimer|Deflector
1186684,Alan Varela,Haut,0.8,Moyen,0.635,Moyen,0.597,,,estime EA,,Aerial Fortress|Block|Dead Ball|Incisive Pass|Press Proven|Slide Tackle
562724,Lewis Cook,Haut,0.818,Moyen,0.612,Haut,0.961,,,estime EA,,Aerial Fortress|Intercept|Press Proven
557677,Nikola Vlasic,Moyen,0.655,Moyen,0.638,Haut,0.808,,,estime EA,,Intercept|Technical
1059657,Sergi Cardona,Haut,0.716,Haut,0.717,Moyen,0.569,11003,12.6,mesure FotMob,,Anticipate|Intercept
562719,Valentin Rongier,Haut,0.895,Haut,0.723,Haut,0.947,,,estime EA,oui,Incisive Pass|Press Proven|Relentless
760722,Kamil Grabara,Bas,-0.036,Bas,0.006,Moyen,0.449,,,estime EA,,Cross Claimer|Far Throw|Footwork
600524,Reinildo,Haut,0.745,Haut,0.715,Haut,0.755,,,estime EA,,Block|Bruiser
776689,Caoimhín Kelleher,Bas,-0.382,Bas,-0.102,Moyen,0.433,,,estime EA,,
921341,Alexis Saelemaekers,Haut,0.823,Haut,0.856,Haut,0.877,,,estime EA,oui,Relentless
844437,Amine Gouiri,Moyen,0.655,Moyen,0.658,Bas,0.045,,,estime EA,,Finesse Shot|Gamechanger|Technical
362694,Luke Shaw,Bas,0.2,Moyen,0.375,Moyen,0.504,,,estime EA,,Jockey
621415,Augusto Batalla,Bas,-0.164,Bas,-0.035,Moyen,0.482,,,estime EA,,Cross Claimer|Far Throw|Footwork
280818,Marko Dmitrovic,Bas,0.091,Bas,0.026,Haut,0.668,,,estime EA,,Far Throw|Footwork
750028,Fran García,Moyen,0.569,Haut,0.843,Moyen,0.423,10675,14.7,mesure FotMob,,Quick Step|Rapid|Whipped Pass
1473580,Aleksandar Pavlovic,Haut,0.962,Moyen,0.493,Moyen,0.534,12035,9.1,mesure FotMob,,Tiki Taka
1197250,Malo Gusto,Moyen,0.653,Haut,0.938,Haut,0.836,10850,16.1,mesure FotMob,,Block|Jockey|Rapid|Slide Tackle
1035614,Manuel Ugarte,Moyen,0.545,Moyen,0.442,Haut,0.995,,,estime EA,,Bruiser|Intercept|Slide Tackle
1194892,Arnau Martinez,Haut,0.727,Haut,0.728,Haut,0.742,,,estime EA,,Jockey|Whipped Pass
1033111,Kaishu Sano,Haut,0.945,Haut,0.744,Haut,0.92,,,estime EA,,Aerial Fortress
202643,Wataru Endo,Haut,0.823,Haut,0.683,,,,,estime EA,oui,Press Proven|Relentless
1296650,Adam Wharton,Moyen,0.527,Moyen,0.414,Haut,0.868,,,estime EA,,First Touch|Press Proven|Slide Tackle
56829,Fernando Muslera,Bas,0.0,Bas,0.0,,,,,estime EA,,Cross Claimer|Far Throw|Long Ball Pass|Rush Out
794427,Joao Félix,Moyen,0.545,Moyen,0.615,,,,,estime EA,,Finesse Shot|First Touch|Technical
448897,Walter Benítez,Bas,0.0,Bas,-0.02,Moyen,0.572,,,estime EA,,Rush Out
613715,Olivier Boscagli,Moyen,0.509,Moyen,0.488,Haut,0.894,,,estime EA,,Intercept|Long Ball Pass
540963,Sander Berge,Haut,0.745,Moyen,0.441,Moyen,0.567,,,estime EA,,Aerial Fortress|Pinged Pass
955271,Thiago Almada,Moyen,0.527,Haut,0.679,Haut,0.824,,,estime EA,,Finesse Shot|First Touch|Incisive Pass|Quick Step
1087966,Evann Guessand,Moyen,0.655,Moyen,0.658,Moyen,0.596,,,estime EA,,Low Driven Shot|Precision Header|Rapid
1070052,Amad,Moyen,0.545,Haut,0.706,Moyen,0.572,,,estime EA,,Technical
1347574,Nico Paz,Moyen,0.636,Moyen,0.621,Haut,0.89,,,estime EA,,Finesse Shot|Incisive Pass|Inventive|Technical
304345,Sead Kolasinac,Bas,0.311,Moyen,0.461,Haut,0.751,10123,8.7,mesure FotMob,,Anticipate|Jockey
254241,Stole Dimitrievski,Bas,0.0,Bas,-0.051,Haut,0.687,,,estime EA,,Far Throw|Footwork
794253,Justin Kluivert,Moyen,0.655,Haut,0.76,Bas,0.242,,,estime EA,,Rapid
161328,Stephan El Shaarawy,Moyen,0.382,Moyen,0.57,Moyen,0.37,,,estime EA,,
660301,Donyell Malen,Moyen,0.527,Haut,0.709,Bas,0.012,,,estime EA,,First Touch|Quick Step|Technical
771294,Ismaïla Sarr,Moyen,0.582,Haut,0.731,Bas,0.137,,,estime EA,,Quick Step|Rapid
812652,Facundo Medina,Moyen,0.405,Bas,0.212,Moyen,0.514,10327,6.3,mesure FotMob,,Bruiser|Jockey|Slide Tackle
954092,Santiago Gimenez,Moyen,0.436,Moyen,0.551,Bas,0.006,,,estime EA,,Precision Header
792429,Joey Veerman,Haut,0.878,Bas,0.183,Haut,0.737,11553,5.6,mesure FotMob,,Dead Ball|Finesse Shot|First Touch|Incisive Pass|Inventive|Long Ball Pass|Technical
195305,Marc Bartra,Moyen,0.491,Moyen,0.42,Haut,0.68,,,estime EA,,Slide Tackle
770136,Martin Terrier,Moyen,0.6,Moyen,0.657,Bas,0.221,,,estime EA,,Aerial Fortress|Finesse Shot|Gamechanger|Rapid
557325,Stefan Posch,Moyen,0.545,Moyen,0.533,Haut,0.908,,,estime EA,,Anticipate|Bruiser
1047667,Maximilian Beier,Haut,0.897,Haut,0.937,Bas,0.15,11614,16.6,mesure FotMob,,Finesse Shot|Gamechanger|Quick Step|Rapid
1114979,Emmanuel Agbadou,Moyen,0.509,Moyen,0.499,Haut,0.946,,,estime EA,,Block|Bruiser|Jockey|Precision Header
671331,Leon Bailey,Moyen,0.436,Haut,0.693,Haut,0.665,,,estime EA,,Quick Step
965764,Iliman Ndiaye,Moyen,0.564,Haut,0.663,Haut,0.892,,,estime EA,,Technical
602304,Nordi Mukiele,Moyen,0.509,Moyen,0.57,Haut,0.817,,,estime EA,,Slide Tackle
793907,Trevoh Chalobah,Bas,0.184,Moyen,0.349,Bas,0.302,9851,7.5,mesure FotMob,,Intercept|Slide Tackle
1021382,João Pedro,Moyen,0.579,Moyen,0.632,Bas,0.159,10698,10.8,mesure FotMob,,Rapid
950485,Maxence Lacroix,Haut,0.673,Haut,0.696,Moyen,0.467,,,estime EA,,Jockey|Long Ball Pass
1076756,Brennan Johnson,Haut,0.691,Haut,0.754,Bas,0.123,,,estime EA,,Quick Step|Rapid
833219,Juan Foyth,Bas,0.249,Bas,0.269,Haut,0.763,10020,6.4,mesure FotMob,,Block|Bruiser|Slide Tackle
979752,Bafodé Diakité,Haut,0.691,Moyen,0.541,Moyen,0.344,,,estime EA,,Aerial Fortress|Jockey|Precision Header
1088066,Jhon Duran,Moyen,0.527,Moyen,0.577,Bas,0.072,,,estime EA,,Precision Header
1050158,Fábio Silva,Haut,0.782,Haut,0.709,Bas,0.121,,,estime EA,,
1384883,Marc Casadó,Moyen,0.491,Moyen,0.461,Moyen,0.595,,,estime EA,,First Touch|Press Proven
209384,Jordy Clasie,Moyen,0.509,Bas,0.265,Haut,0.709,,,estime EA,,Anticipate|Intercept|Long Ball Pass|Press Proven
361315,Eric Dier,Bas,0.227,Bas,0.325,Bas,0.101,9970,7.0,mesure FotMob,,Bruiser
917802,Wesley Fofana,Bas,0.132,Moyen,0.358,Haut,0.693,9579,8.2,mesure FotMob,,Jockey
940573,Eric García,Moyen,0.445,Moyen,0.418,Haut,0.703,10429,8.3,mesure FotMob,,Anticipate|Long Ball Pass|Precision Header
1106563,Nick Woltemade,Moyen,0.412,Moyen,0.448,Bas,0.104,10342,8.7,mesure FotMob,,Gamechanger|Technical
276791,Niclas Füllkrug,Bas,0.273,Bas,0.241,Bas,0.038,,,estime EA,,Precision Header
643589,Cameron Carter-Vickers,Moyen,0.618,Moyen,0.644,,,,,estime EA,,Aerial Fortress|Bruiser|Jockey|Pinged Pass
862616,Edon Zhegrova,Moyen,0.455,Haut,0.69,Haut,0.746,,,estime EA,,Finesse Shot|First Touch|Gamechanger|Technical|Whipped Pass
604088,Thilo Kehrer,Bas,0.216,Bas,0.325,Haut,0.727,9939,7.2,mesure FotMob,,Bruiser|Precision Header
792303,Luis Suárez,Bas,0.112,Haut,0.802,Bas,0.041,9380,13.5,mesure FotMob,,Enforcer|Gamechanger
1185336,Francisco Conceição,Haut,0.773,Haut,0.714,Moyen,0.429,11190,12.6,mesure FotMob,,Finesse Shot|Quick Step|Technical
721089,Gianluca Scamacca,Bas,0.186,Bas,0.316,Bas,0.052,9858,7.7,mesure FotMob,,Enforcer
46469,Olivier Giroud,Moyen,0.382,Bas,0.204,Bas,0.029,,,estime EA,,Aerial Fortress|Enforcer|Gamechanger|Precision Header
277460,Arkadiusz Milik,Bas,0.091,Bas,0.118,,,,,estime EA,,Power Shot
1030829,Jarrad Branthwaite,Moyen,0.582,Moyen,0.487,Haut,0.731,,,estime EA,,Aerial Fortress|Intercept|Slide Tackle
754126,Kevin Danso,Bas,0.17,Moyen,0.439,Moyen,0.512,9800,8.2,mesure FotMob,,Aerial Fortress|Bruiser|Long Ball Pass
643724,Philipp Lienhart,Moyen,0.636,Moyen,0.478,Moyen,0.392,,,estime EA,,Long Ball Pass
260964,Berat Djimsiti,Moyen,0.385,Bas,0.177,Moyen,0.605,10284,5.6,mesure FotMob,,Aerial Fortress|Intercept|Long Ball Pass
517052,Vedat Muriqi,Moyen,0.564,Bas,0.164,Bas,0.084,,,estime EA,,Enforcer|Power Shot|Precision Header
961306,Nathan Collins,Haut,0.727,Moyen,0.443,Moyen,0.432,,,estime EA,,Aerial Fortress|Anticipate|Block|Intercept
848266,Weston McKennie,Haut,0.759,Haut,0.676,Moyen,0.369,11137,11.6,mesure FotMob,,Aerial Fortress|Incisive Pass|Long Throw
734287,Alexander Bah,Haut,0.95,Haut,0.958,Haut,0.886,,,estime EA,oui,Anticipate|Bruiser|Jockey|Pinged Pass|Rapid|Relentless|Whipped Pass
957118,Nuno Tavares,Haut,0.745,Haut,0.776,Haut,0.798,,,estime EA,,Anticipate|Long Throw|Quick Step|Rapid|Whipped Pass
883087,Ridle Baku,Moyen,0.655,Haut,0.719,Haut,0.741,,,estime EA,,Rapid
791682,Lukás Provod,Haut,0.691,Haut,0.767,Moyen,0.579,10935,12.6,mesure FotMob,,Power Shot|Press Proven
909907,Cameron Puertas,Haut,0.727,Moyen,0.647,Haut,0.902,,,estime EA,,Dead Ball|Inventive|Rapid
888921,Lewis Ferguson,Haut,0.673,Moyen,0.595,Moyen,0.555,,,estime EA,,Aerial Fortress
629559,Mykola Shaparenko,Haut,0.673,Haut,0.686,,,,,estime EA,,Rapid
970565,Kenneth Taylor,Haut,0.849,Moyen,0.409,Bas,0.261,11464,8.2,mesure FotMob,,Incisive Pass|Pinged Pass|Tiki Taka
959597,Luka Sucic,Haut,0.673,Haut,0.676,Moyen,0.615,,,estime EA,,Incisive Pass|Power Shot|Technical
1339269,Hugo Larsson,Haut,0.893,Bas,0.091,Bas,0.218,11602,3.6,mesure FotMob,oui,Intercept|Pinged Pass|Press Proven|Relentless|Tiki Taka
789571,Robert Sánchez,Bas,0.007,Bas,0.022,Moyen,0.519,4884,0.0,mesure FotMob,,Cross Claimer|Footwork
687008,Gonzalo Montiel,Haut,0.8,Haut,0.727,,,,,estime EA,,Long Throw|Slide Tackle|Whipped Pass
770321,Mahdi Camara,Haut,0.745,Moyen,0.583,Moyen,0.526,,,estime EA,,
1021929,Jacob Ramsey,Haut,0.835,Moyen,0.521,Haut,0.793,11404,9.4,mesure FotMob,,Rapid
215242,Leonardo Spinazzola,Moyen,0.486,Haut,0.735,Bas,0.204,10504,12.4,mesure FotMob,,Rapid
474673,Johan Mojica,Moyen,0.418,Moyen,0.635,Haut,0.734,,,estime EA,,Quick Step|Rapid
1131987,Bart Verbruggen,Bas,-0.182,Bas,0.1,Moyen,0.5,,,estime EA,,Footwork
150372,Mert Günok,Bas,-0.018,Bas,0.145,Moyen,0.558,,,estime EA,,Cross Claimer|Far Throw|Footwork
239350,Cristiano Biraghi,Moyen,0.655,Moyen,0.597,Bas,0.086,,,estime EA,,Dead Ball|Long Throw
1114635,Luis Henrique,Haut,0.838,Haut,0.912,Bas,0.312,11412,15.1,mesure FotMob,,Quick Step|Rapid
181910,Mattia Perin,Bas,0.022,Bas,0.009,Bas,0.227,5083,0.0,mesure FotMob,,
528811,Jens Stage,Haut,0.914,Haut,0.73,Moyen,0.577,,,estime EA,oui,Acrobatic|Aerial Fortress|Precision Header|Relentless
1127007,Chiquinho,Haut,0.782,Haut,0.669,Haut,0.778,,,estime EA,,Pinged Pass|Technical
1406436,Myles Lewis-Skelly,Bas,0.29,Bas,0.307,Bas,0.251,10094,7.0,mesure FotMob,,Press Proven
237606,Leandro Paredes,Moyen,0.6,Moyen,0.464,Moyen,0.503,,,estime EA,,Aerial Fortress|Long Ball Pass|Tiki Taka
478447,Adam Marusic,Haut,0.673,Haut,0.666,Bas,0.142,,,estime EA,,Quick Step|Rapid
750734,Dodô,Haut,0.8,Haut,0.767,Moyen,0.513,,,estime EA,,Anticipate|Jockey|Rapid|Whipped Pass
662205,Manuel Lazzari,Moyen,0.655,Haut,0.76,Bas,0.299,,,estime EA,,Quick Step|Rapid|Whipped Pass
919374,Francisco Moura,Haut,0.895,Haut,0.845,Moyen,0.422,,,estime EA,oui,Long Ball Pass|Relentless|Whipped Pass
1055426,Alistair Johnston,Haut,0.968,Haut,0.843,Bas,0.113,,,estime EA,oui,Anticipate|Bruiser|Jockey|Relentless
1088753,Geny Catamo,Moyen,0.574,Haut,0.68,Moyen,0.485,10679,11.8,mesure FotMob,,Finesse Shot|Gamechanger|Inventive|Low Driven Shot|Rapid
937462,Andrea Colpani,Moyen,0.618,Moyen,0.583,,,,,estime EA,,Low Driven Shot
1105912,Riccardo Calafiori,Moyen,0.407,Moyen,0.42,Moyen,0.648,10331,8.5,mesure FotMob,,Long Ball Pass
214972,Geoffrey Kondogbia,Moyen,0.495,Bas,0.102,Haut,0.959,10523,4.0,mesure FotMob,,Anticipate|Bruiser|Jockey|Power Shot
844544,Pape Gueye,Haut,0.698,Bas,0.132,Haut,0.86,10952,5.1,mesure FotMob,,Aerial Fortress
798029,Ladislav Krejcí,Haut,0.709,Moyen,0.568,Bas,0.329,,,estime EA,,Bruiser|Pinged Pass
1014980,Daniel Bragança,Moyen,0.545,Moyen,0.584,Haut,0.886,,,estime EA,,Finesse Shot|First Touch|Intercept|Inventive|Technical
685833,Oscar Dorley,Moyen,0.624,Moyen,0.415,Haut,0.953,10789,8.0,mesure FotMob,,Anticipate|Technical|Tiki Taka
765466,Sebastian Szymanski,Haut,0.8,Haut,0.737,Haut,0.677,,,estime EA,,Dead Ball|Finesse Shot|Incisive Pass|Technical
762721,Lovro Majer,Haut,0.95,Haut,0.836,Haut,0.66,,,estime EA,oui,First Touch|Inventive|Relentless|Technical
593116,Sofyan Amrabat,Haut,0.859,Moyen,0.657,Haut,0.832,,,estime EA,oui,Press Proven|Relentless|Slide Tackle
602845,Emil Audero,Bas,-0.273,Bas,0.043,Haut,0.75,,,estime EA,,Cross Claimer
659493,Bryan Heynen,Haut,0.927,Moyen,0.574,Haut,0.91,,,estime EA,,Aerial Fortress|Incisive Pass|Intercept|Jockey
583601,Roland Sallai,Moyen,0.524,Haut,0.783,Haut,0.71,10577,12.9,mesure FotMob,,Technical
766574,Yehvann Diouf,Bas,0.073,Bas,0.151,Moyen,0.628,,,estime EA,,Cross Claimer|Far Throw
724306,Yves Bissouma,Moyen,0.618,Moyen,0.502,Haut,0.86,,,estime EA,,
970243,Mats Wieffer,Haut,0.673,Moyen,0.544,Haut,0.95,,,estime EA,,Block|Bruiser|Intercept|Press Proven
1113690,Conor Bradley,Haut,0.95,Haut,0.877,Haut,0.791,,,estime EA,oui,Relentless
463268,Andrija Zivkovic,Moyen,0.618,Haut,0.695,Haut,0.789,,,estime EA,,Long Throw|Quick Step|Technical
556972,Sasa Lukic,Haut,0.8,Moyen,0.554,Haut,0.721,,,estime EA,,
958421,João Mário,Haut,0.673,Moyen,0.554,Haut,0.762,,,estime EA,,First Touch|Incisive Pass|Technical
902651,Raoul Bellanova,Moyen,0.478,Haut,0.999,Bas,0.197,10490,20.0,mesure FotMob,,Long Throw|Rapid|Whipped Pass
1215064,Martin Baturina,Moyen,0.655,Moyen,0.638,Moyen,0.54,,,estime EA,,Finesse Shot|First Touch|Incisive Pass|Inventive|Technical
654908,Richarlison,Moyen,0.454,Moyen,0.645,Bas,0.2,10460,11.6,mesure FotMob,,Acrobatic|Precision Header|Technical
881640,Lutsharel Geertruida,Moyen,0.655,Moyen,0.628,Moyen,0.422,,,estime EA,,Intercept|Jockey|Pinged Pass
941656,Samuele Ricci,Haut,0.8,Haut,0.666,Bas,0.295,,,estime EA,,Inventive|Jockey
1109046,Ilaix Moriba,Haut,0.745,Moyen,0.563,Haut,0.821,,,estime EA,,Technical
556505,Robin Zentner,Bas,-0.2,Bas,0.123,Moyen,0.649,,,estime EA,,Far Throw|Footwork
1131349,Santiago Hezze,Haut,0.766,Bas,0.319,Haut,0.967,11160,7.5,mesure FotMob,oui,Intercept|Jockey|Relentless
972406,Adem Zorgane,Haut,0.813,Bas,0.096,Haut,0.775,11333,4.1,mesure FotMob,oui,Anticipate|Inventive|Long Ball Pass|Press Proven|Relentless|Tiki Taka|Whipped Pass
331542,Jonas Hofmann,Moyen,0.6,Moyen,0.535,Bas,0.085,,,estime EA,,Incisive Pass
660462,Pierre Lees-Melou,Haut,0.877,Moyen,0.654,Haut,0.949,,,estime EA,oui,Long Ball Pass|Pinged Pass|Relentless
800880,Matvey Safonov,Bas,0.05,Bas,0.072,Bas,0.275,5258,0.2,mesure FotMob,,Far Throw
1232172,Zeno Debast,Haut,0.745,Moyen,0.563,Bas,0.162,,,estime EA,,Long Ball Pass
1229176,Beñat Prados,Haut,0.782,Moyen,0.618,,,,,estime EA,,Aerial Fortress|Long Ball Pass|Slide Tackle
1524210,Guillaume Restes,Bas,-0.018,Bas,-0.028,Bas,0.106,,,estime EA,,Footwork
195782,Marco Bizot,Bas,-0.164,Bas,-0.015,Moyen,0.485,,,estime EA,,Deflector|Far Throw|Footwork|Long Ball Pass
759097,Joakim Mæhle,Haut,0.782,Haut,0.689,Haut,0.908,,,estime EA,,Anticipate
894803,Djed Spence,Bas,0.163,Haut,0.979,Haut,0.748,9780,17.6,mesure FotMob,,Rapid
281762,Pietro Terracciano,Bas,-0.127,Bas,-0.051,,,,,estime EA,,Footwork|Rush Out
673356,Pablo Maffeo,Moyen,0.564,Haut,0.663,Haut,0.724,,,estime EA,,Block
851626,Hiroki Ito,Moyen,0.345,Moyen,0.484,Bas,0.115,,,estime EA,,Block|Jockey
671865,Santi Comesana,Haut,0.914,Moyen,0.562,Haut,0.664,11698,10.2,mesure FotMob,,Bruiser|Precision Header
846383,Callum Hudson-Odoi,Moyen,0.6,Haut,0.698,Bas,0.137,,,estime EA,,Technical
1044470,Hákon Arnar Haraldsson,Haut,0.818,Haut,0.704,Bas,0.308,,,estime EA,,Incisive Pass|Technical
199302,Edin Visca,Haut,0.745,Haut,0.735,,,,,estime EA,,Dead Ball|First Touch|Inventive|Rapid|Whipped Pass
640220,Marc Roca,Moyen,0.636,Moyen,0.387,Haut,0.671,,,estime EA,,
939542,Dwight McNeil,Haut,0.8,Moyen,0.605,Moyen,0.52,,,estime EA,,Incisive Pass|Technical|Whipped Pass
1092403,Melvin Bard,Haut,0.745,Haut,0.674,Haut,0.856,,,estime EA,,Intercept|Long Throw|Slide Tackle|Whipped Pass
330643,Mark Flekken,Bas,0.014,Bas,0.011,Moyen,0.593,4993,0.0,mesure FotMob,,Footwork|Long Ball Pass
771401,Anthony Caci,Haut,0.909,Haut,0.669,Haut,0.857,,,estime EA,,Long Ball Pass
1023030,Jhon Arias,Haut,0.841,Haut,0.894,Haut,0.888,,,estime EA,oui,Press Proven|Relentless
1079557,Amine Adli,Moyen,0.436,Moyen,0.653,Haut,0.956,,,estime EA,,Gamechanger|Technical
176300,Xherdan Shaqiri,Moyen,0.6,Moyen,0.535,Bas,0.076,,,estime EA,,Dead Ball|Finesse Shot|Gamechanger|Incisive Pass|Inventive|Power Shot
195750,Nicolás Tagliafico,Haut,0.691,Moyen,0.622,Haut,0.807,,,estime EA,,Slide Tackle
1190867,Roméo Lavia,Moyen,0.455,Moyen,0.497,Moyen,0.641,,,estime EA,,Technical
526657,Lukas Klostermann,Moyen,0.582,Moyen,0.65,,,,,estime EA,,Quick Step
783505,Edson Álvarez,Moyen,0.582,Moyen,0.477,Haut,0.994,,,estime EA,,Anticipate|Block|Bruiser|Slide Tackle
785511,Fran Beltrán,Haut,0.673,Moyen,0.432,Moyen,0.557,,,estime EA,,Tiki Taka
845991,Yunus Akgün,Moyen,0.357,Haut,0.678,Bas,0.181,10239,11.5,mesure FotMob,,Finesse Shot|Gamechanger|Quick Step|Rapid
850356,Pepê,Moyen,0.6,Haut,0.708,Moyen,0.577,,,estime EA,,First Touch|Quick Step|Technical|Trickster
877401,Calvin Bassey,Haut,0.836,Haut,0.69,Haut,0.796,,,estime EA,,
1174672,João Gomes,Haut,0.691,Moyen,0.439,Haut,0.989,,,estime EA,,Press Proven|Slide Tackle
612755,Davide Calabria,Moyen,0.6,Moyen,0.637,Haut,0.754,,,estime EA,,
749488,Romano Schmid,Haut,0.873,Haut,0.736,Moyen,0.582,,,estime EA,,Incisive Pass
874025,Vitaliy Mykolenko,Haut,0.709,Moyen,0.589,Moyen,0.34,,,estime EA,,Intercept
294859,Alassane Plea,Moyen,0.6,Moyen,0.596,,,,,estime EA,,Finesse Shot|First Touch|Incisive Pass|Inventive|Precision Header|Technical
947898,Sem Steijn,Haut,1,Haut,0.842,Bas,0.047,,,estime EA,oui,Acrobatic|Chip Shot|Finesse Shot|Gamechanger|Relentless
1137407,Malick Thiaw,Bas,0.253,Moyen,0.412,Moyen,0.545,10021,8.2,mesure FotMob,,Slide Tackle
1413846,Jorrel Hato,Bas,0.192,Haut,0.762,Moyen,0.584,9890,12.1,mesure FotMob,,Intercept|Jockey|Pinged Pass|Quick Step
575225,Gelson Martins,Haut,0.765,Haut,0.805,Haut,0.717,11157,14.1,mesure FotMob,,Rapid
524437,Tomás Soucek,Haut,0.855,Moyen,0.362,Moyen,0.34,,,estime EA,,Aerial Fortress|Precision Header
638070,Luis Rioja,Haut,0.673,Haut,0.666,Bas,0.223,,,estime EA,,Whipped Pass
877700,Nathan Tella,Haut,0.691,Haut,0.734,Bas,0.264,,,estime EA,,Quick Step|Rapid
1174296,André,Moyen,0.655,Moyen,0.486,Haut,0.968,,,estime EA,,Press Proven
209786,Steven Berghuis,Moyen,0.618,Moyen,0.593,Bas,0.265,,,estime EA,,Finesse Shot|First Touch|Incisive Pass|Inventive|Pinged Pass|Whipped Pass
866708,Oumar Solet,Haut,0.818,Moyen,0.632,Haut,0.912,,,estime EA,,Block|Long Ball Pass
929838,Hugo Duro,Moyen,0.655,Moyen,0.557,Bas,0.036,,,estime EA,,Precision Header
988749,Soufiane Rahimi,Haut,0.745,Haut,0.776,,,,,estime EA,,Power Shot|Quick Step|Rapid
1083796,Kevin Schade,Moyen,0.582,Haut,0.772,Moyen,0.399,,,estime EA,,Aerial Fortress|Chip Shot|Long Throw|Precision Header|Quick Step|Rapid
837270,Chidera Ejuke,Moyen,0.618,Haut,0.766,Haut,0.968,,,estime EA,,Finesse Shot|Inventive|Quick Step|Technical|Trickster
729093,Mathías Olivera,Haut,0.78,Moyen,0.629,Haut,0.85,11212,11.0,mesure FotMob,,Block|Bruiser
1078788,Neco Williams,Moyen,0.618,Moyen,0.552,Haut,0.915,,,estime EA,,
113836,Danny Welbeck,Moyen,0.509,Moyen,0.407,Bas,0.031,,,estime EA,,Enforcer
210822,Lars Unnerstall,Bas,-0.091,Bas,-0.138,Moyen,0.494,,,estime EA,,Footwork
274023,Dénes Dibusz,Bas,-0.382,Bas,-0.265,Bas,0.198,,,estime EA,,Cross Claimer
408943,Takumi Minamino,Haut,0.784,Moyen,0.535,Bas,0.082,11213,10.4,mesure FotMob,,Incisive Pass
361322,Bruma,Moyen,0.545,Haut,0.737,,,,,estime EA,,Gamechanger|Quick Step|Rapid|Trickster
619506,Mehdi Taremi,Haut,0.881,Moyen,0.556,Moyen,0.522,11565,10.0,mesure FotMob,,First Touch
1079539,Dilane Bakwa,Moyen,0.618,Haut,0.756,Haut,0.661,,,estime EA,,Dead Ball|Gamechanger|Technical
1580774,Estêvão,Bas,0.302,Moyen,0.574,Bas,0.317,10111,10.1,mesure FotMob,,Finesse Shot|Inventive|Quick Step|Technical
751998,Omar Alderete,Moyen,0.564,Moyen,0.388,Bas,0.289,,,estime EA,,Aerial Fortress|Long Ball Pass|Precision Header
1025462,Fabio Vieira,Moyen,0.418,Moyen,0.503,Moyen,0.449,,,estime EA,,Dead Ball|Tiki Taka
651910,Dominik Greif,Bas,-0.418,Bas,-0.32,Bas,0.231,,,estime EA,,Far Throw
1187283,Tomás Araújo,Bas,0.249,Bas,0.282,Moyen,0.48,10020,7.1,mesure FotMob,,Jockey|Long Ball Pass
1292092,António Silva,Bas,0.139,Bas,0.137,Moyen,0.39,9611,4.9,mesure FotMob,,Block|Long Ball Pass
304455,Joël Veltman,Moyen,0.6,Moyen,0.484,Haut,0.806,,,estime EA,,
518628,Lukás Haraslín,Moyen,0.509,Moyen,0.6,,,,,estime EA,,Finesse Shot|First Touch|Long Throw|Technical
442602,Denis Vavro,Haut,0.709,Moyen,0.528,Bas,0.096,,,estime EA,,Aerial Fortress|Anticipate|Jockey|Long Ball Pass|Power Shot|Slide Tackle
351999,Wout Weghorst,Haut,0.675,Moyen,0.503,Bas,0.065,10885,9.9,mesure FotMob,,Enforcer|Precision Header
955214,Jean-Clair Todibo,Bas,0.255,Moyen,0.407,Moyen,0.515,,,estime EA,,Anticipate|Jockey
1113903,Liam Delap,Moyen,0.545,Moyen,0.584,Bas,0.04,,,estime EA,,Enforcer|Power Shot
384413,Rubén Garcia,Moyen,0.473,Moyen,0.606,Moyen,0.469,,,estime EA,,Incisive Pass|Technical
655636,Oleksandr Zubkov,Moyen,0.545,Moyen,0.625,Bas,0.252,,,estime EA,,Inventive|Technical
1175939,Paul Nebel,Haut,1,Haut,0.91,Moyen,0.503,,,estime EA,oui,Incisive Pass|Low Driven Shot|Relentless|Technical
950824,Josip Stanisic,Moyen,0.564,Haut,0.887,Moyen,0.463,10662,14.9,mesure FotMob,,Anticipate|Long Ball Pass
1178602,Senne Lammens,Bas,-0.2,Bas,-0.294,Bas,0.24,,,estime EA,,Cross Claimer|Footwork
1203194,Johan Bakayoko,Moyen,0.545,Haut,0.696,Bas,0.153,,,estime EA,,Finesse Shot|Gamechanger|Quick Step|Technical|Whipped Pass
1280082,Matias Soulé,Haut,0.836,Haut,0.772,Moyen,0.527,,,estime EA,,Dead Ball|Finesse Shot|Incisive Pass|Technical
1120224,Tyrick Mitchell,Haut,0.818,Haut,0.673,Haut,0.887,,,estime EA,,Anticipate|Block|Jockey|Whipped Pass
963964,Harvey Elliott,Moyen,0.582,Moyen,0.599,,,,,estime EA,,Finesse Shot
1183148,Emanuel Emegha,Haut,0.8,Haut,0.737,Bas,0.01,,,estime EA,,Enforcer|Gamechanger|Low Driven Shot
1284434,Diego Lopez,Moyen,0.636,Haut,0.661,Moyen,0.362,,,estime EA,,Low Driven Shot|Rapid
184321,Callum Wilson,Bas,0.091,Moyen,0.372,Bas,0.014,,,estime EA,,
246575,Raheem Sterling,Bas,0.218,Moyen,0.555,,,,,estime EA,,Finesse Shot|Quick Step|Rapid
821100,Jørgen Strand Larsen,Haut,0.8,Moyen,0.645,Bas,0.03,,,estime EA,,
956622,Óscar Valentín,Haut,0.764,Moyen,0.55,Haut,0.923,,,estime EA,,Aerial Fortress|Bruiser
1186228,Josip Sutalo,Moyen,0.402,Bas,0.091,Moyen,0.549,10318,3.8,mesure FotMob,,Anticipate|Intercept
1113692,Jamie Gittens,Bas,0.237,Haut,0.875,Moyen,0.352,10005,14.3,mesure FotMob,,Quick Step|Rapid
683402,Tosin Adarabioyo,Bas,0.091,Bas,0.199,Moyen,0.528,9037,5.3,mesure FotMob,,
161660,Ciro Immobile,Moyen,0.491,Moyen,0.481,Bas,0.018,,,estime EA,,Finesse Shot|Power Shot|Press Proven
889785,Jonas Wind,Moyen,0.6,Moyen,0.504,Bas,0.084,,,estime EA,,Gamechanger|Incisive Pass|Press Proven
184521,Florian Lejeune,Moyen,0.473,Bas,0.291,Haut,0.805,,,estime EA,,Aerial Fortress|Dead Ball|Intercept|Long Ball Pass|Precision Header
951743,Giacomo Raspadori,Moyen,0.364,Moyen,0.583,Bas,0.151,,,estime EA,,Gamechanger|Technical
150201,Luuk de Jong,Moyen,0.564,Bas,0.236,,,,,estime EA,,Aerial Fortress|First Touch|Precision Header
1364069,Malick Fofana,Moyen,0.527,Haut,0.689,Bas,0.17,,,estime EA,,Gamechanger|Technical
1113809,Mika Biereth,Moyen,0.6,Moyen,0.535,Bas,0.056,,,estime EA,,
785411,Marcos Senesi,Moyen,0.418,Moyen,0.391,Haut,0.74,,,estime EA,,Long Ball Pass
570434,Diego Carlos,Bas,0.182,Bas,0.215,Bas,0.155,,,estime EA,,Anticipate|Long Ball Pass
503659,Joachim Andersen,Moyen,0.545,Bas,0.178,Moyen,0.449,,,estime EA,,Aerial Fortress|Bruiser|Intercept|Long Ball Pass
1255209,Lucas Beraldo,Moyen,0.418,Moyen,0.381,Haut,0.764,,,estime EA,,Pinged Pass|Slide Tackle
303879,Lucas Torro,Haut,0.691,Moyen,0.337,Haut,0.801,,,estime EA,,Aerial Fortress|Intercept|Press Proven
724196,Danilho Doekhi,Haut,0.727,Moyen,0.464,Moyen,0.631,,,estime EA,,Aerial Fortress|Anticipate|Intercept|Precision Header
1229177,Carlos Vicente,Moyen,0.618,Moyen,0.654,Haut,0.768,,,estime EA,,
419664,Tyrone Mings,Bas,0.2,Bas,0.172,Bas,0.142,,,estime EA,,Bruiser|Long Ball Pass
836436,Gabriel Strefezza,Haut,0.745,Haut,0.827,Moyen,0.479,,,estime EA,,Dead Ball|Incisive Pass|Inventive|Quick Step
970692,Bryan Gil,Bas,0.255,Moyen,0.57,Haut,0.708,,,estime EA,,Technical
1358581,Leny Yoro,Moyen,0.527,Moyen,0.465,Moyen,0.598,,,estime EA,,
497662,Carl Starfelt,Moyen,0.618,Moyen,0.532,Bas,0.186,,,estime EA,,Aerial Fortress|Block|Intercept
1119461,Loic Badé,Moyen,0.612,Bas,0.247,Haut,0.919,10775,6.2,mesure FotMob,,Aerial Fortress|Anticipate|Intercept|Jockey
873573,Sam Beukema,Bas,0.284,Bas,0.203,Bas,0.22,10072,5.7,mesure FotMob,,Block|Long Ball Pass
823078,Merih Demiral,Moyen,0.527,Moyen,0.475,,,,,estime EA,,Aerial Fortress|Anticipate|Jockey|Slide Tackle
824635,Diogo Leite,Haut,0.727,Moyen,0.443,Haut,0.731,,,estime EA,,Aerial Fortress|Intercept|Long Ball Pass
939780,Isak Hien,Bas,0.32,Moyen,0.387,Haut,0.875,10140,8.0,mesure FotMob,,Anticipate|Long Ball Pass
38432,Dante,Moyen,0.382,Bas,0.071,Moyen,0.413,,,estime EA,,Aerial Fortress|Anticipate|Block|Bruiser|Intercept
1191407,Aitor Paredes,Bas,0.297,Moyen,0.425,Moyen,0.582,10101,8.6,mesure FotMob,,Precision Header
178955,Stefan Savic,Moyen,0.491,Bas,0.329,Bas,0.093,,,estime EA,,Aerial Fortress|Precision Header
1188375,Natan,Moyen,0.6,Moyen,0.403,Bas,0.271,,,estime EA,,
844996,Matteo Gabbia,Haut,0.745,Bas,0.329,Bas,0.046,,,estime EA,,Long Ball Pass|Precision Header|Slide Tackle
332300,Christian Burgess,Bas,0.289,Bas,0.117,Bas,0.124,10093,4.6,mesure FotMob,,Aerial Fortress|Block|Long Ball Pass|Precision Header
212689,James Tavernier,Haut,1,Haut,0.875,Haut,0.785,,,estime EA,oui,Dead Ball|Long Ball Pass|Relentless|Whipped Pass
1320176,Wesley,Haut,0.691,Haut,0.795,Haut,0.809,,,estime EA,,Quick Step
676533,Aitor Ruibal,Moyen,0.491,Moyen,0.603,Haut,0.837,,,estime EA,,Anticipate|Block|Bruiser|Intercept|Quick Step
559986,Orbelín Pineda,Haut,0.95,Haut,0.897,Haut,0.977,,,estime EA,oui,Relentless|Technical
775355,Gustavo Hamer,Haut,0.745,Moyen,0.634,,,,,estime EA,,Dead Ball|Gamechanger|Incisive Pass|Inventive|Press Proven
889536,Timothy Weah,Bas,0.309,Haut,0.875,Moyen,0.42,10120,14.7,mesure FotMob,,Finesse Shot|Quick Step|Rapid
602211,Seko Fofana,Haut,0.805,Haut,0.686,Haut,0.675,,,estime EA,oui,Incisive Pass|Power Shot|Relentless
1163219,Ardon Jashari,Haut,1,Haut,0.897,Moyen,0.419,,,estime EA,oui,Long Ball Pass|Relentless
1434853,Kevin Castaño,Haut,0.805,Haut,0.758,,,,,estime EA,oui,Anticipate|First Touch|Long Ball Pass|Press Proven|Relentless|Tiki Taka
744494,Gabriel Gudmundsson,Haut,0.709,Haut,0.741,Haut,0.723,,,estime EA,,Long Throw|Rapid
956925,Georginio Rutter,Haut,0.709,Moyen,0.65,Moyen,0.418,,,estime EA,,Enforcer|Incisive Pass|Trickster
1033099,Hicham Boudaoui,Haut,0.964,Haut,0.731,Haut,0.782,,,estime EA,,Technical
308516,Nicolae Stanciu,Haut,0.927,Haut,0.768,,,,,estime EA,,Dead Ball|Incisive Pass|Inventive|Power Shot|Technical
1436305,Lamine Camara,Haut,0.821,Moyen,0.436,Haut,0.994,11359,8.6,mesure FotMob,,Dead Ball|Long Ball Pass
774947,Guus Til,Haut,0.718,Haut,0.875,Bas,0.039,11004,14.1,mesure FotMob,,First Touch|Precision Header
1292810,Kobbie Mainoo,Moyen,0.618,Moyen,0.552,Haut,0.823,,,estime EA,,Finesse Shot|Press Proven
355358,Christian Günter,Haut,0.932,Haut,0.829,Bas,0.034,,,estime EA,oui,Rapid|Relentless|Slide Tackle|Whipped Pass
466672,Jefferson Lerma,Haut,0.877,Haut,0.695,Haut,0.871,,,estime EA,oui,Aerial Fortress|Anticipate|Bruiser|Intercept|Relentless|Slide Tackle
748620,Alessio Castro-Montes,Haut,0.836,Haut,0.68,Haut,0.818,,,estime EA,,Long Throw|Rapid
708890,Carlos Soler,Moyen,0.491,Moyen,0.542,Bas,0.213,,,estime EA,,
1174726,Rocco Reitz,Haut,0.859,Haut,0.769,Haut,0.924,,,estime EA,oui,Incisive Pass|Intercept|Jockey|Press Proven|Relentless
266105,Clinton Mata,Haut,0.8,Haut,0.666,Moyen,0.367,,,estime EA,,Block|Intercept|Jockey
530635,Patrick Berg,Haut,0.959,Bas,0.266,Moyen,0.495,11967,6.5,mesure FotMob,oui,Intercept|Inventive|Press Proven|Relentless
604089,Ainsley Maitland-Niles,Haut,0.673,Moyen,0.615,Moyen,0.651,,,estime EA,,Rapid
673689,Pepelu,Haut,0.891,Moyen,0.57,Haut,0.879,,,estime EA,,Aerial Fortress|Finesse Shot|Long Ball Pass
1342754,Diego Moreira,Haut,0.932,Haut,0.941,Haut,0.853,,,estime EA,oui,Gamechanger|Rapid|Relentless
210164,Alphonse Areola,Bas,-0.036,Bas,0.148,Bas,0.275,,,estime EA,,Far Throw|Footwork
930065,Leandro Barreiro,Haut,0.976,Bas,0.259,Moyen,0.604,12157,6.7,mesure FotMob,oui,Block|Relentless|Slide Tackle
988805,Pep Chavarría,Haut,0.986,Haut,0.901,Haut,0.714,,,estime EA,oui,Quick Step|Relentless
362120,Danilo Cataldi,Moyen,0.655,Moyen,0.587,Moyen,0.507,,,estime EA,,
582499,Kieran Tierney,Moyen,0.491,Moyen,0.573,Moyen,0.334,,,estime EA,,Jockey|Long Throw
926445,Finn Dahmen,Bas,-0.127,Bas,0.071,Moyen,0.59,,,estime EA,,Footwork
1386775,Lucas Bergvall,Haut,0.95,Haut,0.823,Moyen,0.375,11862,13.8,mesure FotMob,,Press Proven
746395,Aaron Ramsdale,Bas,0.076,Bas,0.076,Moyen,0.495,5537,0.2,mesure FotMob,,Cross Claimer|Deflector
886016,Kiernan Dewsbury-Hall,Moyen,0.636,Moyen,0.529,Moyen,0.616,,,estime EA,,Incisive Pass
1207992,Vanderson,Moyen,0.471,Haut,0.788,Haut,0.982,10483,13.4,mesure FotMob,,Intercept|Jockey|Technical
604044,Junya Ito,Haut,1,Haut,1,Moyen,0.4,,,estime EA,oui,Dead Ball|Incisive Pass|Inventive|Quick Step|Rapid|Relentless|Whipped Pass
846000,Maxence Caqueret,Haut,0.877,Haut,0.817,Haut,0.748,,,estime EA,oui,Incisive Pass|Pinged Pass|Press Proven|Relentless
468931,Thomas Lemar,Moyen,0.364,Moyen,0.471,Moyen,0.504,,,estime EA,,Jockey
863869,Nicolas Raskin,Haut,0.95,Haut,0.856,Haut,0.906,,,estime EA,oui,Anticipate|Intercept|Jockey|Pinged Pass|Press Proven|Relentless|Tiki Taka
1024672,Nicolas Seiwald,Haut,0.745,Moyen,0.644,Haut,0.705,,,estime EA,,Anticipate|Press Proven
1281100,Noah Atubolu,Bas,-0.2,Bas,0.042,Moyen,0.586,,,estime EA,,Far Reach|Footwork
1393669,Quilindschy Hartman,Moyen,0.618,Moyen,0.654,Moyen,0.626,,,estime EA,,Bruiser|Incisive Pass|Slide Tackle
206322,Matías Vecino,Moyen,0.436,Bas,0.297,Moyen,0.598,,,estime EA,,Aerial Fortress|Power Shot
610184,Emiliano Buendía,Moyen,0.364,Moyen,0.491,Haut,0.874,,,estime EA,,Slide Tackle|Technical
688830,Amadou Haidara,Moyen,0.655,Moyen,0.557,,,,,estime EA,,Aerial Fortress
300916,Joao Mário,Haut,0.782,Haut,0.77,,,,,estime EA,,Rapid|Whipped Pass
1209228,Daniel Svensson,Haut,0.966,Haut,0.796,Bas,0.173,12050,13.9,mesure FotMob,oui,Relentless
1126768,Raphael Onyedika,Moyen,0.66,Bas,0.127,Haut,0.934,10861,4.8,mesure FotMob,,Bruiser
573465,Marvin Schwäbe,Bas,-0.073,Bas,0.062,Moyen,0.373,,,estime EA,,Far Throw|Footwork
488718,Diego Rico,Moyen,0.6,Moyen,0.535,Haut,0.8,,,estime EA,,Intercept|Long Throw|Whipped Pass
527103,Breel Embolo,Moyen,0.509,Moyen,0.539,Bas,0.114,,,estime EA,,Enforcer|Rapid
741049,Eljif Elmas,Moyen,0.603,Moyen,0.458,Bas,0.092,10756,8.9,mesure FotMob,,Technical
816223,Stephen Eustaquio,Haut,0.709,Moyen,0.558,Haut,0.712,,,estime EA,,Bruiser|Jockey|Press Proven
967871,Iván Martin,Moyen,0.6,Moyen,0.555,Haut,0.794,,,estime EA,,Technical
1109171,Yan Couto,Moyen,0.356,Moyen,0.576,Haut,0.756,10235,10.8,mesure FotMob,,Inventive|Quick Step|Technical|Whipped Pass
951712,Nicolò Fagioli,Moyen,0.509,Moyen,0.539,Haut,0.673,,,estime EA,,Inventive|Press Proven
208699,Colin Coosemans,Bas,-0.182,Bas,-0.042,,,,,estime EA,,Footwork
414245,Federico Bernardeschi,Moyen,0.618,Moyen,0.603,Bas,0.316,,,estime EA,,Finesse Shot|Gamechanger|Technical
769525,Caio Henrique,Moyen,0.646,Haut,0.913,Moyen,0.408,10843,15.6,mesure FotMob,,Dead Ball|Long Throw|Whipped Pass
621515,Daichi Kamada,Moyen,0.636,Moyen,0.6,Haut,0.852,,,estime EA,,Technical
1156380,Eduardo Quaresma,Bas,0.146,Moyen,0.335,Haut,0.823,9663,7.4,mesure FotMob,,Anticipate|Jockey|Slide Tackle
1073498,Patrick Wimmer,Haut,0.841,Haut,0.864,Haut,0.957,,,estime EA,oui,Acrobatic|First Touch|Inventive|Rapid|Relentless
1183589,Ismail Yüksek,Haut,0.818,Haut,0.693,Haut,0.998,,,estime EA,,Aerial Fortress|Jockey|Slide Tackle
1285866,Habib Diarra,Haut,0.673,Moyen,0.615,Bas,0.14,,,estime EA,,Technical
416175,José Sá,Bas,-0.109,Bas,0.078,Haut,0.705,,,estime EA,,Footwork|Rush Out
470834,Nélson Semedo,Haut,0.691,Haut,0.673,Haut,0.824,,,estime EA,,Rapid|Whipped Pass
763970,Valentin Rosier,Haut,0.691,Haut,0.683,Haut,0.82,,,estime EA,,Jockey|Long Throw
178753,Nemanja Gudelj,Haut,0.709,Bas,0.324,Bas,0.202,,,estime EA,,Aerial Fortress|Power Shot
672469,Ben Chilwell,Moyen,0.4,Moyen,0.455,Moyen,0.548,,,estime EA,,Jockey
693171,Ludovic Blas,Moyen,0.564,Moyen,0.602,Moyen,0.644,,,estime EA,,First Touch|Gamechanger|Low Driven Shot|Pinged Pass|Power Shot|Technical
873557,Dominik Kotarski,Bas,0.053,Bas,0.065,Bas,0.202,5286,0.1,mesure FotMob,,Footwork
477588,Álex Moreno,Moyen,0.509,Moyen,0.549,Moyen,0.411,,,estime EA,,
776299,Houssem Aouar,Moyen,0.473,Moyen,0.474,,,,,estime EA,,Dead Ball|Incisive Pass|Inventive|Technical
1116325,Artem Bondarenko,Moyen,0.545,Moyen,0.554,,,,,estime EA,,Long Ball Pass|Pinged Pass
1175708,Ansgar Knauff,Moyen,0.457,Haut,0.928,Bas,0.148,10468,15.8,mesure FotMob,,Quick Step|Rapid
1187702,Leo Román,Bas,0.073,Bas,0.121,Bas,0.237,,,estime EA,,Cross Claimer
1200984,Filip Jörgensen,Bas,0.019,Bas,0.04,Moyen,0.371,5074,0.0,mesure FotMob,,Far Throw|Footwork
212472,Sergi Roberto,Moyen,0.618,Moyen,0.522,Moyen,0.354,,,estime EA,,
623621,Oleksandr Zinchenko,Moyen,0.509,Moyen,0.478,Moyen,0.406,,,estime EA,,Pinged Pass
1117069,Georges Mikautadze,Haut,0.729,Haut,0.791,Bas,0.017,11026,13.4,mesure FotMob,,Finesse Shot|First Touch|Gamechanger|Technical
303905,Dominik Kohr,Haut,0.805,Haut,0.758,Haut,0.792,,,estime EA,oui,Bruiser|Intercept|Relentless|Slide Tackle
583657,Nick Olij,Bas,-0.255,Bas,-0.0,,,,,estime EA,,Far Reach|Far Throw|Long Ball Pass
650616,Mathias Jensen,Moyen,0.655,Moyen,0.506,Moyen,0.543,,,estime EA,,Long Throw
750032,Mason Mount,Moyen,0.364,Moyen,0.43,Haut,0.762,,,estime EA,,
1274060,Neil El Aynaoui,Haut,0.764,Moyen,0.478,Haut,0.869,,,estime EA,,Aerial Fortress|Intercept
1397857,Tiago Santos,Moyen,0.582,Haut,0.69,Moyen,0.59,,,estime EA,,
267371,Emerson,Bas,0.296,Moyen,0.597,Moyen,0.567,10100,10.5,mesure FotMob,,
500520,Nabil Bentaleb,Moyen,0.436,Bas,0.286,Haut,0.776,,,estime EA,,Aerial Fortress|Dead Ball|Inventive|Long Ball Pass|Pinged Pass|Power Shot|Technical
72241,Martin Dúbravka,Bas,-0.036,Bas,-0.055,Moyen,0.522,,,estime EA,,Cross Claimer|Far Throw|Footwork
467022,Vincent Janssen,Haut,0.818,Moyen,0.612,,,,,estime EA,,Aerial Fortress|Enforcer|Low Driven Shot|Power Shot|Slide Tackle
620917,Ko Itakura,Bas,0.172,Bas,0.327,Bas,0.188,9829,6.7,mesure FotMob,,Block|Slide Tackle
765693,Orel Mangala,Haut,0.673,Moyen,0.605,Moyen,0.594,,,estime EA,,
795371,Ibrahim Sangaré,Moyen,0.473,Moyen,0.413,Haut,0.941,,,estime EA,,Bruiser|Enforcer|Press Proven
784241,Manu Morlanes,Haut,0.691,Moyen,0.561,Haut,0.863,,,estime EA,,
1177358,Adrien Truffert,Haut,0.8,Haut,0.676,Haut,0.916,,,estime EA,,Whipped Pass
1386551,Ryan Flamingo,Moyen,0.655,Moyen,0.567,Moyen,0.648,,,estime EA,,Aerial Fortress|Anticipate|Bruiser|Intercept|Long Ball Pass|Precision Header
298448,Davy Klaassen,Haut,0.967,Bas,0.203,Moyen,0.555,12050,6.1,mesure FotMob,,First Touch
317062,Adrien Thomasson,Haut,1,Haut,0.737,Haut,0.976,,,estime EA,oui,Incisive Pass|Pinged Pass|Relentless
1054786,Aimar Oroz,Haut,0.691,Moyen,0.581,Haut,0.742,,,estime EA,,
872934,Philipp Köhn,Bas,0.005,Bas,0.053,Moyen,0.581,4877,0.1,mesure FotMob,,Cross Claimer
861932,Andreas Skov Olsen,Moyen,0.582,Haut,0.69,Bas,0.057,,,estime EA,,Rapid
1034808,Sacha Boey,Haut,0.768,Haut,0.784,Haut,0.82,,,estime EA,oui,Intercept|Jockey|Relentless
1400227,Yankuba Minteh,Moyen,0.545,Haut,0.767,Moyen,0.653,,,estime EA,,Quick Step|Rapid
815912,Berke Özer,Bas,-0.036,Bas,-0.015,Bas,0.268,,,estime EA,,Footwork
952057,Charles Vanhoutte,Haut,0.818,Moyen,0.551,Haut,0.845,,,estime EA,,Aerial Fortress|Intercept|Slide Tackle
599353,Che Adams,Haut,0.691,Haut,0.683,Bas,0.034,,,estime EA,,Gamechanger|Power Shot
950830,Joshua Zirkzee,Moyen,0.527,Moyen,0.557,Moyen,0.353,,,estime EA,,First Touch|Technical
215384,Ross Barkley,Moyen,0.418,Bas,0.289,Haut,0.673,,,estime EA,,Power Shot
262592,Moi Gomez,Haut,0.691,Moyen,0.561,Haut,0.825,,,estime EA,,Press Proven|Tiki Taka
892679,Chris Führich,Moyen,0.636,Haut,0.733,Bas,0.239,,,estime EA,,Low Driven Shot|Technical
1352923,Enzo Barrenechea,Haut,0.986,Bas,0.136,Haut,0.953,12235,5.2,mesure FotMob,,Aerial Fortress
1022354,Diego Conde,Bas,-0.018,Bas,0.033,,,,,estime EA,,Footwork
577911,Rolando Mandragora,Haut,0.709,Moyen,0.375,Moyen,0.357,,,estime EA,,Finesse Shot
969870,Adam Hlozek,Haut,0.673,Moyen,0.656,,,,,estime EA,,Gamechanger
1250253,Dango Ouattara,Moyen,0.509,Haut,0.682,Bas,0.31,,,estime EA,,Precision Header|Quick Step|Rapid
1387389,Arthur Vermeeren,Haut,0.895,Moyen,0.338,Haut,0.892,11609,7.4,mesure FotMob,,Anticipate|Block
1057703,Youssouf Ndayishimiye,Haut,0.782,Moyen,0.567,,,,,estime EA,,
1288450,Rico Lewis,Haut,0.981,Bas,0.137,Bas,0.307,12200,5.1,mesure FotMob,,Block
1208708,Omar El Hilali,Haut,0.727,Haut,0.749,Moyen,0.563,,,estime EA,,
1395704,Guéla Doué,Moyen,0.655,Moyen,0.516,Haut,0.83,,,estime EA,,
1607566,Franco Mastantuono,Moyen,0.338,Haut,0.716,Moyen,0.473,10208,12.6,mesure FotMob,,Dead Ball
185175,Kevin Kampl,Moyen,0.527,Moyen,0.536,,,,,estime EA,,Slide Tackle|Tiki Taka
889534,Emile Smith Rowe,Moyen,0.509,Moyen,0.57,Bas,0.258,,,estime EA,,Finesse Shot|Technical
872396,Pathé Ciss,Haut,0.855,Moyen,0.586,Haut,0.885,,,estime EA,,Aerial Fortress|Bruiser|Jockey
450980,Timo Werner,Moyen,0.545,Haut,0.767,,,,,estime EA,,Quick Step|Rapid
1185568,Benedict Hollerbach,Haut,1,Haut,1,Moyen,0.458,,,estime EA,oui,Quick Step|Rapid|Relentless
245315,Jeffrey Gouweleeuw,Moyen,0.545,Moyen,0.472,Moyen,0.541,,,estime EA,,Intercept|Long Ball Pass
292313,Raul Jiménez,Moyen,0.491,Moyen,0.41,Bas,0.175,,,estime EA,,Acrobatic|Enforcer|Gamechanger
467486,Moses Simon,Moyen,0.6,Haut,0.748,Bas,0.071,,,estime EA,,Dead Ball|Gamechanger|Quick Step|Rapid
1203665,Alejandro Garnacho,Moyen,0.411,Haut,0.963,Bas,0.224,10338,17.3,mesure FotMob,,Acrobatic|Finesse Shot|Quick Step|Technical
1187044,Luiz Junior,Bas,0.012,Bas,0.082,Moyen,0.492,4965,0.4,mesure FotMob,,Cross Claimer|Deflector|Far Throw
469804,Kenny Tete,Moyen,0.618,Moyen,0.593,Haut,0.923,,,estime EA,,Long Throw
776591,Abdul Mumin,Moyen,0.564,Moyen,0.581,,,,,estime EA,,Slide Tackle
767789,Marco Friedl,Moyen,0.636,Moyen,0.529,Moyen,0.599,,,estime EA,,Intercept|Jockey|Long Ball Pass|Slide Tackle
747718,Christoph Baumgartner,Moyen,0.636,Haut,0.671,Moyen,0.452,,,estime EA,,First Touch|Technical
161012,Daley Blind,Bas,0.236,Bas,0.034,Haut,0.767,,,estime EA,,Long Ball Pass
623540,Václav Cerny,Haut,0.891,Haut,0.834,Bas,0.085,,,estime EA,,Finesse Shot|Low Driven Shot|Rapid
861805,Jaka Bijol,Haut,0.709,Moyen,0.518,Moyen,0.459,,,estime EA,,Aerial Fortress|Intercept|Long Ball Pass
364430,Kiril Despodov,Moyen,0.6,Haut,0.677,,,,,estime EA,,Finesse Shot
1395447,Nathaniel Brown,Moyen,0.424,Haut,0.692,Haut,0.853,10382,11.5,mesure FotMob,,Anticipate|Inventive|Slide Tackle
775614,Ryan Yates,Haut,0.782,Moyen,0.414,Haut,0.777,,,estime EA,,Aerial Fortress
201939,Cédric Bakambu,Moyen,0.455,Moyen,0.558,Bas,0.007,,,estime EA,,
295067,Will Hughes,Moyen,0.527,Moyen,0.353,Moyen,0.43,,,estime EA,,
899701,Fotis Ioannidis,Moyen,0.636,Moyen,0.621,Bas,0.128,,,estime EA,,Chip Shot|Finesse Shot|First Touch|Technical
466867,Nikola Vasilj,Bas,-0.345,Bas,-0.179,Moyen,0.508,,,estime EA,,Footwork
1288111,Mathys Tel,Moyen,0.491,Moyen,0.654,Moyen,0.624,,,estime EA,,Finesse Shot
58294,Cristhian Stuani,Bas,0.2,Bas,0.263,Bas,0.11,,,estime EA,,
279490,James Ward-Prowse,Haut,0.836,Moyen,0.396,Moyen,0.47,,,estime EA,,Dead Ball|Pinged Pass|Whipped Pass
1039534,Tete,Moyen,0.636,Haut,0.671,Moyen,0.353,,,estime EA,,Technical
1215014,Giannis Konstantelias,Moyen,0.618,Moyen,0.654,Haut,0.77,,,estime EA,,First Touch|Incisive Pass|Trickster
1406729,Endrick,Moyen,0.509,Haut,0.692,Bas,0.19,,,estime EA,,Gamechanger|Power Shot|Quick Step|Rapid
248689,Michy Batshuayi,Moyen,0.4,Moyen,0.496,,,,,estime EA,,Acrobatic|Gamechanger
464486,Enes Ünal,Moyen,0.382,Moyen,0.407,,,,,estime EA,,Dead Ball|Power Shot
749661,Tammy Abraham,Moyen,0.364,Moyen,0.491,Bas,0.026,,,estime EA,,Enforcer|Press Proven
592102,Moussa Niakhaté,Moyen,0.636,Moyen,0.407,Moyen,0.574,,,estime EA,,Long Throw
1362998,Abdukodir Khusanov,Moyen,0.375,Haut,0.761,Haut,0.703,10270,12.6,mesure FotMob,,Bruiser|Jockey
471153,Ludovic Ajorque,Moyen,0.491,Bas,0.318,Moyen,0.349,,,estime EA,,Aerial Fortress|Bruiser|Enforcer|Finesse Shot|Precision Header
884919,Robin Hack,Haut,0.818,Haut,0.775,,,,,estime EA,,Chip Shot|Finesse Shot|Gamechanger|Low Driven Shot|Pinged Pass|Technical
1209399,Abdessamad Ezzalzouli,Moyen,0.545,Haut,0.696,Haut,0.865,,,estime EA,,Gamechanger|Inventive|Technical
1037539,Pavel Sulc,Haut,0.818,Moyen,0.653,Bas,0.176,,,estime EA,,Technical
177503,Gabriel Paulista,Moyen,0.618,Moyen,0.471,Bas,0.255,,,estime EA,,Intercept|Slide Tackle
590494,Umar Sadiq,Moyen,0.618,Moyen,0.644,Bas,0.107,,,estime EA,,Quick Step|Rapid
822237,Manor Solomon,Moyen,0.473,Moyen,0.637,Moyen,0.4,,,estime EA,,Technical
602261,Caglar Söyüncü,Moyen,0.509,Moyen,0.448,Haut,0.722,,,estime EA,,Block
1082102,Igor Jesus,Moyen,0.582,Moyen,0.517,Bas,0.113,,,estime EA,,Enforcer|Precision Header
115067,Nemanja Matic,Bas,0.255,Bas,0.041,Haut,0.752,,,estime EA,,Aerial Fortress|Bruiser|Long Ball Pass|Press Proven
635772,Borja Mayoral,Moyen,0.436,Moyen,0.388,Bas,0.04,,,estime EA,,Precision Header
940446,Brian Brobbey,Moyen,0.382,Moyen,0.58,Bas,0.035,,,estime EA,,Enforcer
309726,Andrea Belotti,Moyen,0.582,Moyen,0.497,,,,,estime EA,,Precision Header
586768,Guido Rodriguez,Moyen,0.491,Bas,0.268,Haut,0.93,,,estime EA,,Anticipate|Bruiser|Slide Tackle
1398392,Thierno Barry,Moyen,0.473,Moyen,0.565,Bas,0.083,,,estime EA,,Enforcer
544312,Cyle Larin,Moyen,0.582,Moyen,0.497,Bas,0.091,,,estime EA,,Enforcer|Low Driven Shot
640742,Kasper Dolberg,Bas,0.271,Moyen,0.534,Bas,0.023,10052,9.9,mesure FotMob,,Finesse Shot|Gamechanger|Precision Header|Press Proven
37549,João Moutinho,Moyen,0.636,Bas,0.285,Haut,0.849,,,estime EA,,Aerial Fortress|Anticipate|Gamechanger|Inventive|Precision Header
352968,Sébastien Haller,Moyen,0.4,Bas,0.252,Moyen,0.568,,,estime EA,,Acrobatic|Enforcer|First Touch|Gamechanger|Precision Header
517346,Nico Elvedi,Moyen,0.545,Moyen,0.503,Bas,0.242,,,estime EA,,Intercept|Slide Tackle
919435,Sepp van den Berg,Moyen,0.527,Moyen,0.475,Moyen,0.447,,,estime EA,,Block
982677,Folarin Balogun,Bas,0.301,Haut,0.81,Bas,0.011,10108,13.9,mesure FotMob,,Acrobatic
39591,Axel Witsel,Bas,-0.091,Bas,-0.138,Haut,0.811,,,estime EA,,Bruiser
1337884,Konstantinos Koulierakis,Moyen,0.655,Moyen,0.577,Moyen,0.41,,,estime EA,,Jockey
1021834,Jakub Kiwior,Moyen,0.509,Moyen,0.438,Moyen,0.655,,,estime EA,,Block
524435,Daniel Podence,Moyen,0.335,Moyen,0.337,Moyen,0.497,10206,7.9,mesure FotMob,,Inventive|Quick Step|Technical|Trickster
719055,Panagiotis Retsos,Bas,0.232,Moyen,0.442,Haut,0.789,9991,8.5,mesure FotMob,,Block|Slide Tackle
1552991,David Lopez,Bas,0.218,Bas,0.047,Bas,0.155,,,estime EA,,Slide Tackle
150250,Pedro,Moyen,0.364,Moyen,0.481,Bas,0.21,,,estime EA,,First Touch|Gamechanger|Incisive Pass|Inventive|Technical|Tiki Taka
521846,Martin Valjent,Haut,0.764,Moyen,0.57,Bas,0.118,,,estime EA,,
513072,Jonathan Gradit,Haut,0.673,Moyen,0.533,Haut,0.684,,,estime EA,,Aerial Fortress|Anticipate
1202525,Bryan Zaragoza,Moyen,0.382,Moyen,0.61,Bas,0.142,,,estime EA,,Technical
922877,Logan Costa,Moyen,0.636,Moyen,0.448,,,,,estime EA,,Long Ball Pass
696646,Axel Disasi,Moyen,0.418,Bas,0.269,Bas,0.086,,,estime EA,,Aerial Fortress|Block|Bruiser|Slide Tackle
607148,Aritz Elustondo,Moyen,0.527,Moyen,0.363,Haut,0.663,,,estime EA,,Jockey
201690,Lewis Dunk,Moyen,0.4,Bas,0.089,Moyen,0.438,,,estime EA,,Long Ball Pass|Pinged Pass|Precision Header
1307387,Wouter Goes,Moyen,0.545,Moyen,0.472,Moyen,0.503,,,estime EA,,Anticipate|Jockey
1178512,Chrislain Matsima,Moyen,0.582,Moyen,0.477,Moyen,0.659,,,estime EA,,
711357,Ethan Pinnock,Moyen,0.455,Bas,0.324,Bas,0.31,,,estime EA,,Aerial Fortress|Anticipate|Long Throw|Precision Header
950829,Chris Richards,Moyen,0.564,Moyen,0.47,Moyen,0.469,,,estime EA,,
448865,Brendan Chardonnet,Moyen,0.491,Bas,0.268,Bas,0.261,,,estime EA,,Aerial Fortress|Block|Intercept
872362,Marash Kumbulla,Moyen,0.491,Moyen,0.339,Bas,0.198,,,estime EA,,Slide Tackle
1202358,Giorgio Scalvini,Moyen,0.382,Bas,0.315,Haut,0.924,,,estime EA,,Anticipate|Block|Bruiser|Intercept
496042,Yerry Mina,Moyen,0.509,Bas,0.132,Moyen,0.512,,,estime EA,,Aerial Fortress|Anticipate|Block|Bruiser
707970,Djibril Sow,Haut,1,Haut,0.848,Moyen,0.346,,,estime EA,oui,Relentless
578756,Deiver Machado,Moyen,0.618,Haut,0.685,Haut,0.674,,,estime EA,,Anticipate|Block
618718,Bright Osayi-Samuel,Haut,0.745,Haut,0.827,,,,,estime EA,,Block|Bruiser|Jockey|Quick Step|Rapid
660165,Milot Rashica,Haut,0.745,Haut,0.756,Moyen,0.566,,,estime EA,,Gamechanger|Power Shot|Rapid
155066,Juan Cuadrado,Bas,0.309,Moyen,0.51,Haut,0.956,,,estime EA,,First Touch|Rapid|Trickster
210278,Roberto Pereyra,Moyen,0.545,Moyen,0.554,,,,,estime EA,,
277771,Thomas Meunier,Haut,0.691,Moyen,0.48,Moyen,0.538,,,estime EA,,
611831,Jeremiah St. Juste,Moyen,0.509,Haut,0.712,,,,,estime EA,,Intercept|Long Ball Pass|Quick Step
566187,Ali Abdi,Haut,1,Haut,0.944,Haut,0.831,,,estime EA,oui,Anticipate|Long Throw|Relentless|Whipped Pass
1343750,Renato Veiga,Moyen,0.376,Bas,0.171,Bas,0.124,10272,5.6,mesure FotMob,,Block
167035,Anthony Lopes,Bas,-0.073,Bas,0.225,Moyen,0.422,,,estime EA,,Footwork
200628,Anastasios Bakasetas,Moyen,0.618,Moyen,0.522,Haut,0.938,,,estime EA,,Pinged Pass|Power Shot
485047,Hans Hateboer,Moyen,0.509,Moyen,0.58,Bas,0.167,,,estime EA,,Jockey|Long Throw
571615,Unai López,Haut,0.691,Moyen,0.561,Haut,0.806,,,estime EA,,Press Proven
667790,Suat Serdar,Moyen,0.636,Moyen,0.519,Haut,0.782,,,estime EA,,
818893,Nicolò Zaniolo,Moyen,0.455,Moyen,0.507,Bas,0.259,,,estime EA,,Gamechanger|Power Shot|Rapid
355901,Morgan Sanson,Haut,0.709,Moyen,0.558,Haut,0.686,,,estime EA,,Press Proven
647900,Mattias Svanberg,Moyen,0.655,Moyen,0.638,Moyen,0.375,,,estime EA,,Acrobatic
786580,Marshall Munetsi,Haut,1,Haut,0.74,Moyen,0.436,,,estime EA,oui,Relentless
848667,Angel Gomes,Moyen,0.582,Moyen,0.599,Bas,0.128,,,estime EA,,Finesse Shot|Incisive Pass|Inventive|Long Ball Pass|Technical
980792,Reo Hatate,Haut,0.673,Moyen,0.645,Moyen,0.51,,,estime EA,,First Touch|Incisive Pass|Inventive|Low Driven Shot|Pinged Pass|Power Shot|Technical
935728,Ao Tanaka,Haut,0.836,Moyen,0.66,Haut,0.923,,,estime EA,,Incisive Pass|Press Proven
214339,Okay Yokuslu,Haut,0.745,Moyen,0.532,Moyen,0.389,,,estime EA,,Aerial Fortress|Slide Tackle
967941,Mads Hermansen,Bas,0.073,Bas,0.121,Haut,0.666,,,estime EA,,Deflector|Footwork
261936,Mohamed Elyounoussi,Haut,0.888,Bas,0.303,Haut,0.732,11592,6.7,mesure FotMob,,Gamechanger|Incisive Pass|Low Driven Shot|Precision Header|Technical
279461,Kenny Lala,Haut,0.914,Haut,0.781,Moyen,0.345,,,estime EA,oui,Jockey|Long Ball Pass|Long Throw|Relentless|Whipped Pass
279866,Donovan Léon,Bas,-0.109,Bas,0.038,Moyen,0.52,,,estime EA,,Footwork|Rush Out
560939,Jean Butez,Bas,0.036,Bas,0.137,Haut,0.835,,,estime EA,,Cross Claimer|Long Ball Pass
442277,Miguel Almirón,Haut,1,Haut,0.98,,,,,estime EA,oui,Finesse Shot|Quick Step|Rapid|Relentless
805767,Dennis Man,Moyen,0.464,Haut,0.838,Moyen,0.469,10473,14.4,mesure FotMob,,Quick Step|Rapid
873956,Juan Miranda,Moyen,0.6,Moyen,0.647,Moyen,0.506,,,estime EA,,Dead Ball|Finesse Shot|Long Ball Pass|Whipped Pass
1036182,Ivan Ilic,Moyen,0.455,Moyen,0.477,,,,,estime EA,,
643635,Amir Murillo,Moyen,0.598,Haut,0.887,Moyen,0.585,10741,15.0,mesure FotMob,,
566654,Matteo Pessina,Haut,0.673,Moyen,0.513,,,,,estime EA,,Inventive
921543,Morten Frendrup,Haut,1,Haut,0.935,Haut,0.858,,,estime EA,oui,Aerial Fortress|Block|Intercept|Jockey|Relentless
1187213,James Trafford,Bas,0.0,Bas,0.142,Bas,0.305,,,estime EA,,Cross Claimer|Far Throw|Footwork|Long Ball Pass
384343,Haris Hajradinovic,Haut,0.782,Moyen,0.658,Haut,0.832,,,estime EA,,Dead Ball|Finesse Shot|Jockey|Long Ball Pass|Whipped Pass
533228,Wilfred Ndidi,Haut,0.727,Moyen,0.504,Haut,0.948,,,estime EA,,Block
458998,Marvin Wanitzek,Haut,1,Haut,0.897,,,,,estime EA,oui,Dead Ball|Finesse Shot|Gamechanger|Incisive Pass|Relentless|Whipped Pass
717176,Daniel James,Haut,0.745,Haut,0.847,Bas,0.122,,,estime EA,,Gamechanger|Quick Step|Rapid
1010426,Keane Lewis-Potter,Haut,0.709,Haut,0.67,Bas,0.261,,,estime EA,,Technical
927647,Víctor Gómez,Haut,0.986,Haut,0.942,Moyen,0.453,,,estime EA,oui,Anticipate|Block|Long Ball Pass|Relentless|Whipped Pass
321140,Valentino Lazaro,Moyen,0.545,Moyen,0.594,Moyen,0.365,,,estime EA,,Dead Ball|Whipped Pass
547710,Adama Traoré,Moyen,0.545,Haut,0.778,Bas,0.225,,,estime EA,,Enforcer|Quick Step|Rapid
688273,Vitaly Janelt,Haut,0.782,Moyen,0.557,Haut,0.841,,,estime EA,,Anticipate|Intercept
351661,Patrik Hrosovsky,Haut,0.909,Moyen,0.648,Moyen,0.369,,,estime EA,,
980381,Leif Davis,Haut,0.8,Haut,0.706,,,,,estime EA,,Dead Ball|Whipped Pass
1287871,Zakaria El Ouahdi,Haut,0.927,Haut,0.788,Haut,0.926,,,estime EA,,Low Driven Shot|Quick Step|Technical
864157,Jan-Niklas Beste,Haut,0.709,Haut,0.68,Moyen,0.535,,,estime EA,,Block|Dead Ball|Finesse Shot|Whipped Pass
992052,Thierry Correia,Moyen,0.618,Haut,0.746,Moyen,0.61,,,estime EA,,Anticipate|Bruiser|Quick Step|Rapid
306168,Tomás Holes,Haut,0.673,Moyen,0.615,,,,,estime EA,,Long Ball Pass|Slide Tackle
789630,Marcus Tavernier,Haut,0.764,Haut,0.682,Moyen,0.621,,,estime EA,,Power Shot|Technical
1078729,Batista Mendy,Haut,0.8,Moyen,0.584,Haut,0.83,,,estime EA,,Aerial Fortress|Press Proven
904021,Romain Faivre,Moyen,0.6,Moyen,0.606,Moyen,0.482,,,estime EA,,Incisive Pass|Technical
626890,Marius Bülter,Moyen,0.655,Moyen,0.638,Bas,0.066,,,estime EA,,Rapid
958422,Elia Caprile,Bas,-0.218,Bas,0.014,Moyen,0.445,,,estime EA,,Cross Claimer|Deflector|Far Throw
643448,Kristijan Jakic,Haut,0.764,Haut,0.672,Haut,0.763,,,estime EA,,Bruiser
889535,Yann Aurel Bisseck,Moyen,0.601,Bas,0.318,Bas,0.314,10755,7.4,mesure FotMob,,Slide Tackle
408986,Timon Wellenreuther,Bas,-0.055,Bas,0.1,Haut,0.718,,,estime EA,,Cross Claimer|Deflector
1233931,Quentin Merlin,Moyen,0.618,Moyen,0.613,Haut,0.761,,,estime EA,,Whipped Pass
919742,Senne Lynen,Haut,0.855,Moyen,0.505,Haut,0.852,,,estime EA,,Bruiser|Intercept
441164,Kaan Ayhan,Moyen,0.564,Moyen,0.378,,,,,estime EA,,First Touch|Pinged Pass
212630,Marco Sportiello,Bas,-0.055,Bas,0.06,,,,,estime EA,,
867225,Zeki Çelik,Haut,0.764,Moyen,0.611,Moyen,0.589,,,estime EA,,
1053714,Nicola Zalewski,Moyen,0.383,Moyen,0.564,Haut,0.837,10284,10.4,mesure FotMob,,Rapid
612836,Donny van de Beek,Bas,0.255,Bas,0.275,,,,,estime EA,,Finesse Shot|Inventive
432435,Michael Zetterer,Bas,0.04,Bas,0.003,Haut,0.888,5184,0.0,mesure FotMob,,Far Throw|Footwork|Long Ball Pass
972200,Maarten Vandevoordt,Bas,-0.055,Bas,-0.012,Bas,0.25,,,estime EA,,Cross Claimer|Far Throw|Footwork|Long Ball Pass
459602,Vitaliy Buyalskyi,Haut,0.673,Moyen,0.584,,,,,estime EA,,
956659,Himad Abdelli,Haut,0.859,Haut,0.698,Haut,0.919,,,estime EA,oui,First Touch|Incisive Pass|Inventive|Long Ball Pass|Relentless|Technical
1174351,Jayden Oosterwolde,Moyen,0.655,Haut,0.73,Bas,0.277,,,estime EA,,Anticipate
1265626,Abdul Fatawu,Moyen,0.527,Haut,0.689,,,,,estime EA,,Gamechanger|Power Shot|Technical
254308,Florian Thauvin,Moyen,0.618,Moyen,0.552,Bas,0.323,,,estime EA,,Dead Ball|Finesse Shot|Technical
423812,Phillipp Mwene,Haut,0.873,Haut,0.786,Bas,0.243,,,estime EA,,
890263,Jordan Teze,Moyen,0.481,Moyen,0.422,Haut,0.749,10499,8.4,mesure FotMob,,Anticipate|Block
1356312,Mateus Fernandes,Haut,0.691,Moyen,0.612,Haut,0.941,,,estime EA,,First Touch|Inventive
264885,Iván Balliu,Haut,0.8,Haut,0.696,Moyen,0.352,,,estime EA,,Rapid
574662,Joan Jordán,Haut,0.691,Moyen,0.378,,,,,estime EA,,Slide Tackle
887704,Keito Nakamura,Haut,0.873,Haut,0.786,,,,,estime EA,,Finesse Shot|First Touch|Gamechanger|Technical
1089685,Carney Chukwuemeka,Moyen,0.436,Moyen,0.52,Haut,0.789,,,estime EA,,First Touch|Incisive Pass|Technical
1283094,Roger Fernandes,Moyen,0.564,Haut,0.703,,,,,estime EA,,Finesse Shot|Quick Step|Rapid
941953,Saul Coco,Moyen,0.636,Haut,0.661,Bas,0.295,,,estime EA,,Block
1440009,Moise Bombito,Moyen,0.436,Haut,0.703,,,,,estime EA,,Block
280287,Sam Johnstone,Bas,-0.055,Bas,-0.042,Moyen,0.518,,,estime EA,,Deflector
491784,Lorenzo Montipo,Bas,-0.091,Bas,-0.036,Bas,0.33,,,estime EA,,Far Reach|Footwork
696263,Romain Del Castillo,Moyen,0.455,Moyen,0.578,Haut,0.878,,,estime EA,,Gamechanger|Long Ball Pass|Technical|Whipped Pass
689680,Jens Odgaard,Haut,0.709,Moyen,0.629,Moyen,0.485,,,estime EA,,Power Shot
950474,James Garner,Moyen,0.636,Moyen,0.478,Haut,0.946,,,estime EA,,Intercept|Slide Tackle
1164506,Tiago Tomás,Haut,0.727,Haut,0.749,Moyen,0.415,,,estime EA,,Rapid
1248482,Antonio Nusa,Moyen,0.6,Haut,0.769,Moyen,0.53,,,estime EA,,Inventive|Quick Step|Technical
1284071,Félix Lemaréchal,Moyen,0.6,Moyen,0.504,Haut,0.709,,,estime EA,,Inventive
463967,Jindrich Stanek,Bas,0.064,Bas,0.017,Haut,0.716,5366,0.0,mesure FotMob,,Footwork
388523,André Silva,Moyen,0.491,Moyen,0.542,Bas,0.074,,,estime EA,,Chip Shot
873566,Yahia Fofana,Bas,-0.127,Bas,-0.051,Moyen,0.563,,,estime EA,,Cross Claimer|Footwork
915797,Noah Okafor,Bas,0.309,Moyen,0.602,Moyen,0.384,,,estime EA,,First Touch|Quick Step
990996,Inaki Pena,Bas,-0.236,Bas,-0.166,Haut,0.669,,,estime EA,,Footwork
50047,Alexis Sánchez,Bas,0.2,Moyen,0.395,Moyen,0.481,,,estime EA,,First Touch|Technical
424875,Bruno Petkovic,Moyen,0.455,Moyen,0.446,Bas,0.329,,,estime EA,,First Touch|Precision Header|Technical
465750,Timothy Castagne,Haut,0.691,Moyen,0.551,Moyen,0.434,,,estime EA,,
561046,Ruben Aguilar,Haut,1,Haut,0.835,Haut,0.705,,,estime EA,oui,Rapid|Relentless|Whipped Pass
623716,Josh Cullen,Haut,0.986,Haut,0.779,Moyen,0.648,,,estime EA,oui,First Touch|Pinged Pass|Relentless
660327,Ibrahima Sissoko,Haut,0.782,Moyen,0.475,Haut,0.895,,,estime EA,,
974755,Lucas Beltran,Moyen,0.545,Moyen,0.584,Moyen,0.35,,,estime EA,,Press Proven
1192406,Lorenz Assignon,Haut,0.691,Moyen,0.612,Moyen,0.409,,,estime EA,,
1308414,Hugo Álvarez,Moyen,0.455,Moyen,0.528,Bas,0.141,,,estime EA,,
709796,Petar Musa,Moyen,0.655,Haut,0.679,,,,,estime EA,,Aerial Fortress
215415,Rob Schoofs,Haut,0.895,Haut,0.723,,,,,estime EA,oui,Intercept|Inventive|Long Ball Pass|Press Proven|Relentless|Slide Tackle
438825,Niclas Eliasson,Moyen,0.636,Haut,0.763,,,,,estime EA,,Finesse Shot|Technical
643229,Jérémie Boga,Moyen,0.473,Haut,0.698,Bas,0.093,,,estime EA,,Finesse Shot|Rapid
1073143,Azzedine Ounahi,Haut,0.764,Moyen,0.539,Moyen,0.655,,,estime EA,,First Touch|Incisive Pass
276739,Kevin Stöger,Moyen,0.659,Moyen,0.557,Haut,0.72,,,estime EA,oui,Dead Ball|Finesse Shot|Incisive Pass|Long Ball Pass|Press Proven|Relentless
614207,Maxime Lopez,Haut,0.877,Haut,0.746,Bas,0.232,,,estime EA,oui,Dead Ball|Incisive Pass|Relentless
860314,Nahuel Tenaglia,Haut,0.727,Moyen,0.576,Moyen,0.534,,,estime EA,,Bruiser
953812,Sofiane Diop,Moyen,0.618,Moyen,0.654,Moyen,0.556,,,estime EA,,Inventive|Technical
806551,Michal Sadílek,Haut,0.935,Moyen,0.607,Moyen,0.452,11797,10.9,mesure FotMob,oui,Bruiser|Relentless|Slide Tackle
1250492,Matthis Abline,Haut,0.745,Haut,0.735,Bas,0.114,,,estime EA,,Gamechanger
1254234,Ethan Nwaneri,Moyen,0.473,Moyen,0.596,Moyen,0.402,,,estime EA,,Finesse Shot|Technical
861197,Lukas Nmecha,Moyen,0.618,Moyen,0.603,Bas,0.118,,,estime EA,,
494417,Harry Wilson,Moyen,0.509,Moyen,0.57,Bas,0.079,,,estime EA,,Gamechanger
728290,Kevin Mac Allister,Moyen,0.369,Bas,0.176,Haut,0.921,10266,5.7,mesure FotMob,,Bruiser|Intercept|Long Throw|Slide Tackle
780432,Ethan Ampadu,Haut,0.745,Moyen,0.583,Haut,0.929,,,estime EA,,Bruiser|Jockey|Long Ball Pass|Press Proven
562892,Rico Henry,Moyen,0.436,Moyen,0.653,Moyen,0.465,,,estime EA,,Quick Step|Rapid
1098607,Jake O'Brien,Moyen,0.491,Moyen,0.481,Moyen,0.411,,,estime EA,,
1530314,Geovany Quenda,Moyen,0.354,Haut,0.959,Moyen,0.619,10235,16.7,mesure FotMob,,Incisive Pass|Inventive|Technical|Whipped Pass
800624,Calvin Stengs,Moyen,0.636,Moyen,0.58,,,,,estime EA,,Finesse Shot|Incisive Pass|Inventive|Technical
1434889,Assane Diao,Moyen,0.618,Haut,0.756,Moyen,0.468,,,estime EA,,Finesse Shot|Quick Step|Rapid
478105,Baptiste Santamaria,Haut,0.914,Moyen,0.537,Moyen,0.658,,,estime EA,oui,Relentless
1199272,Rasmus Højlund,Moyen,0.637,Haut,0.845,Bas,0.002,10823,14.4,mesure FotMob,,Quick Step|Rapid
1286183,Tom Bischof,Haut,0.863,Moyen,0.51,Haut,0.678,11494,9.9,mesure FotMob,,Press Proven
1435439,Javi Rodríguez,Haut,0.673,Moyen,0.605,Bas,0.174,,,estime EA,,
1036401,Ricardo Pepi,Haut,0.673,Moyen,0.615,Bas,0.078,,,estime EA,,Finesse Shot|Gamechanger
1199283,Eric Martel,Haut,0.986,Haut,0.739,Haut,0.718,,,estime EA,oui,Aerial Fortress|Block|Bruiser|Relentless
603477,Cengiz Ünder,Moyen,0.473,Moyen,0.576,Bas,0.161,,,estime EA,,Rapid|Whipped Pass
797594,Azor Matusiwa,Haut,0.932,Haut,0.666,,,,,estime EA,oui,Aerial Fortress|Intercept|Long Ball Pass|Relentless|Slide Tackle
1282008,Santiago Castro,Moyen,0.364,Moyen,0.552,Bas,0.034,,,estime EA,,
763974,Gauthier Hein,Moyen,0.618,Moyen,0.634,Bas,0.106,,,estime EA,,Dead Ball|Finesse Shot|Long Ball Pass|Technical|Whipped Pass
1049999,Enzo Le Fée,Moyen,0.509,Moyen,0.427,Haut,0.843,,,estime EA,,First Touch|Incisive Pass|Long Ball Pass|Pinged Pass|Technical
940735,Veljko Birmancevic,Moyen,0.6,Moyen,0.657,Moyen,0.435,,,estime EA,,Finesse Shot|Technical
1338016,Valentín Gómez,Haut,0.745,Haut,0.695,Haut,0.687,,,estime EA,,Aerial Fortress|Block|Intercept|Long Ball Pass
719219,Konstantinos Mavropanos,Moyen,0.455,Moyen,0.426,Moyen,0.581,,,estime EA,,Bruiser
941213,Crysencio Summerville,Moyen,0.618,Haut,0.766,Haut,0.728,,,estime EA,,First Touch|Quick Step|Rapid
1318400,Kevin,Moyen,0.527,Moyen,0.638,Haut,0.826,,,estime EA,,Technical
637745,Jonathan Ikoné,Moyen,0.345,Moyen,0.606,Bas,0.327,,,estime EA,,First Touch|Quick Step
988160,Osame Sahraoui,Moyen,0.655,Haut,0.75,Haut,0.698,,,estime EA,,Inventive|Quick Step|Technical|Whipped Pass
837870,Jaminton Campaz,Moyen,0.582,Haut,0.701,,,,,estime EA,,Rapid
1016093,Gustav Isaksen,Moyen,0.618,Haut,0.695,Bas,0.298,,,estime EA,,Finesse Shot|Gamechanger|Rapid|Whipped Pass
1250443,Maxime Estève,Haut,0.673,Moyen,0.595,Moyen,0.408,,,estime EA,,Anticipate|Jockey
298923,Alexandru Maxim,Moyen,0.582,Moyen,0.578,Bas,0.239,,,estime EA,,Dead Ball|Finesse Shot|Inventive|Long Ball Pass|Technical
463291,Luka Jovic,Bas,0.309,Moyen,0.49,Bas,0.059,,,estime EA,,Chip Shot
1340895,Bilal El Khannouss,Moyen,0.564,Moyen,0.622,Moyen,0.52,,,estime EA,,Inventive|Long Ball Pass|Technical
727817,Koki Machida,Haut,0.673,Moyen,0.595,,,,,estime EA,,Aerial Fortress|Intercept|Precision Header
1393439,Eliesse Ben Seghir,Moyen,0.564,Moyen,0.592,,,,,estime EA,,Technical
343757,Marvin Ducksch,Moyen,0.655,Moyen,0.404,,,,,estime EA,,Dead Ball|Finesse Shot|Gamechanger
1227012,Simon Adingra,Moyen,0.545,Haut,0.706,Moyen,0.479,,,estime EA,,Technical
1337911,Oscar Gloukh,Haut,0.684,Moyen,0.494,Moyen,0.332,10912,9.4,mesure FotMob,,First Touch|Gamechanger|Incisive Pass|Inventive|Low Driven Shot|Technical
604330,Sebastiano Luperto,Moyen,0.618,Moyen,0.502,Bas,0.089,,,estime EA,,Intercept
873827,Ander Guevara,Haut,0.709,Moyen,0.385,Haut,0.947,,,estime EA,,Aerial Fortress
1073941,Lilian Brassier,Moyen,0.564,Moyen,0.47,Haut,0.702,,,estime EA,,Block
413158,Chuba Akpom,Moyen,0.564,Moyen,0.581,,,,,estime EA,,Precision Header|Press Proven
474448,Antonio Sanabria,Moyen,0.364,Moyen,0.532,Bas,0.018,,,estime EA,,
796974,Pascal Struijk,Haut,0.673,Moyen,0.472,Moyen,0.451,,,estime EA,,Jockey
1048023,Strahinja Pavlovic,Haut,0.782,Moyen,0.557,Moyen,0.398,,,estime EA,,Bruiser
1178332,Ismaël Doukouré,Moyen,0.545,Moyen,0.411,Moyen,0.338,,,estime EA,,
821312,Sikou Niakaté,Haut,0.709,Moyen,0.589,Moyen,0.377,,,estime EA,,Aerial Fortress|Block
1156569,Sebastian Nanasi,Haut,0.673,Moyen,0.645,Bas,0.053,,,estime EA,,Inventive|Technical
1390101,Matte Smets,Haut,0.727,Moyen,0.535,Bas,0.186,,,estime EA,,Anticipate|Bruiser|Intercept|Long Ball Pass|Press Proven|Slide Tackle
658240,Cedric Zesiger,Moyen,0.582,Moyen,0.395,Moyen,0.386,,,estime EA,,Aerial Fortress|Block
955376,Benoît Badiashile,Bas,0.101,Bas,0.173,Moyen,0.647,9230,5.4,mesure FotMob,,Bruiser|Long Ball Pass
1079485,Beto,Moyen,0.545,Moyen,0.554,Bas,0.103,,,estime EA,,
243419,Juan Cruz,Moyen,0.345,Moyen,0.555,Bas,0.027,,,estime EA,,Gamechanger|Inventive
1212630,Lorenzo Lucca,Moyen,0.6,Moyen,0.382,Bas,0.069,,,estime EA,,Aerial Fortress|Power Shot|Precision Header|Press Proven
1231648,Vladyslav Vanat,Moyen,0.636,Moyen,0.641,Bas,0.001,,,estime EA,,
637744,Marcus Edwards,Moyen,0.582,Haut,0.701,Moyen,0.35,,,estime EA,,First Touch|Quick Step|Technical
935406,Luca Ranieri,Moyen,0.509,Moyen,0.427,Bas,0.187,,,estime EA,,Intercept|Long Ball Pass
812415,Hugo Magnetti,Moyen,0.636,Moyen,0.346,Haut,0.893,,,estime EA,,Press Proven
1180718,Mohamed-Ali Cho,Moyen,0.527,Moyen,0.638,Bas,0.203,,,estime EA,,Rapid
1576876,Anis Hadj Moussa,Moyen,0.527,Moyen,0.648,Moyen,0.367,,,estime EA,,First Touch|Gamechanger|Quick Step|Trickster
860913,Jhon Lucumí,Haut,0.673,Moyen,0.503,Haut,0.802,,,estime EA,,Anticipate|Block|Long Ball Pass
767800,Felix Uduokhai,Moyen,0.527,Moyen,0.496,Haut,0.911,,,estime EA,,Block
1525065,Rodrigo Mora,Moyen,0.345,Moyen,0.545,Haut,0.691,,,estime EA,,Finesse Shot|Gamechanger|Inventive|Technical|Trickster
372978,Georgios Giakoumakis,Moyen,0.527,Moyen,0.496,Bas,0.11,,,estime EA,,Precision Header
1169596,Raúl Moro,Bas,0.291,Moyen,0.554,Bas,0.068,,,estime EA,,Inventive|Technical
183353,Kike Garcia,Bas,0.236,Bas,0.115,Bas,0.243,,,estime EA,,Enforcer|Precision Header
717174,Joe Rodon,Moyen,0.655,Moyen,0.587,Bas,0.171,,,estime EA,,Aerial Fortress|Long Ball Pass
885085,Thijs Dallinga,Moyen,0.436,Moyen,0.469,Bas,0.054,,,estime EA,,
561198,Mouctar Diakhaby,Moyen,0.564,Moyen,0.459,Moyen,0.528,,,estime EA,,
954962,David Carmo,Moyen,0.6,Moyen,0.382,Moyen,0.438,,,estime EA,,Aerial Fortress|Anticipate|Jockey
656491,Rasmus Nicolaisen,Moyen,0.582,Bas,0.284,Bas,0.328,,,estime EA,,Aerial Fortress|Block|Bruiser
684983,Atakan Karazor,Haut,0.745,Bas,0.268,Moyen,0.627,,,estime EA,,Aerial Fortress|Anticipate
1053838,Morato,Moyen,0.4,Bas,0.282,Moyen,0.428,,,estime EA,,Bruiser
1079554,Anthony Rouault,Moyen,0.6,Moyen,0.454,Moyen,0.358,,,estime EA,,Anticipate|Block
902383,Nehuén Pérez,Moyen,0.618,Moyen,0.461,,,,,estime EA,,Block|Intercept|Jockey|Long Ball Pass|Slide Tackle
637737,Harold Moukoudi,Moyen,0.655,Bas,0.313,Moyen,0.475,,,estime EA,,Bruiser
1426170,Mamadou Sarr,Moyen,0.382,Bas,0.285,Moyen,0.389,,,estime EA,,
445873,Brandon Mechele,Moyen,0.514,Bas,0.284,Bas,0.303,10557,6.9,mesure FotMob,,Aerial Fortress|Anticipate|Block|Intercept|Long Ball Pass|Precision Header
696443,Issa Diop,Moyen,0.364,Bas,0.237,Bas,0.054,,,estime EA,,Bruiser
938247,Mohammed Salisu,Bas,0.115,Bas,0.137,Moyen,0.659,9445,5.1,mesure FotMob,,Long Throw
844504,Rodrigo Becão,Moyen,0.491,Bas,0.329,Bas,0.169,,,estime EA,,Bruiser|Jockey
894802,Moritz Jenz,Moyen,0.527,Moyen,0.475,Bas,0.272,,,estime EA,,Aerial Fortress|Block|Bruiser
900523,Keven Schlotterbeck,Bas,0.255,Bas,0.265,Haut,0.819,,,estime EA,,Aerial Fortress|Precision Header|Slide Tackle
423624,Patrick Mainka,Haut,0.727,Bas,0.271,Moyen,0.505,,,estime EA,,Aerial Fortress|Anticipate|Block|Intercept|Precision Header
848034,Santiago Bueno,Moyen,0.6,Moyen,0.362,Bas,0.205,,,estime EA,,
852347,Dan-Axel Zagadou,Bas,0.273,Bas,0.048,,,,,estime EA,,Aerial Fortress|Bruiser
805352,Unai Nunez,Moyen,0.509,Moyen,0.397,Haut,0.682,,,estime EA,,Aerial Fortress|Intercept|Slide Tackle
402830,Guillermo Maripan,Moyen,0.455,Bas,0.1,Moyen,0.59,,,estime EA,,Press Proven
800615,Filip Ugrinic,Haut,1,Haut,0.88,Moyen,0.541,,,estime EA,oui,Dead Ball|Enforcer|Long Ball Pass|Relentless|Whipped Pass
1315711,Nelson Deossa,Haut,1,Haut,0.848,Haut,0.98,,,estime EA,oui,Anticipate|Relentless
720733,Teddy Teuma,Moyen,0.655,Moyen,0.557,,,,,estime EA,,Inventive|Power Shot|Press Proven
860260,Derrick Köhn,Moyen,0.564,Haut,0.693,Bas,0.321,,,estime EA,,Rapid
1124529,Christos Zafeiris,Haut,0.778,Moyen,0.458,Bas,0.227,11204,9.0,mesure FotMob,,Long Ball Pass|Technical
822440,Michael Folorunsho,Moyen,0.636,Moyen,0.56,Bas,0.291,,,estime EA,,Precision Header
418137,Arthur Masuaku,Haut,0.782,Haut,0.689,Haut,0.885,,,estime EA,,Bruiser|Whipped Pass
589344,Renato Sanches,Bas,0.255,Moyen,0.427,Moyen,0.43,,,estime EA,,Inventive
1254297,Andy Diouf,Haut,0.673,Moyen,0.625,Haut,0.813,,,estime EA,,Rapid
1178443,Arne Engels,Haut,0.782,Moyen,0.628,Moyen,0.391,,,estime EA,,Dead Ball
556029,Marius Wolf,Haut,0.727,Moyen,0.647,Bas,0.287,,,estime EA,,
1079456,Costinha,Haut,0.746,Haut,0.765,,,11072,12.8,mesure FotMob,,Anticipate|Bruiser
725398,Mathias Pereira Lage,Haut,0.836,Haut,0.731,Bas,0.318,,,estime EA,,Technical
891870,Mitchel Bakker,Haut,0.764,Haut,0.682,,,,,estime EA,,Rapid
715069,Pedro Díaz,Haut,0.914,Haut,0.74,Moyen,0.658,,,estime EA,oui,Dead Ball|Incisive Pass|Long Ball Pass|Power Shot|Relentless|Whipped Pass
927646,Adrià Pedrosa,Haut,0.986,Haut,0.973,Haut,0.696,,,estime EA,oui,Quick Step|Rapid|Relentless
769166,Jean-Ricner Bellegarde,Haut,0.709,Haut,0.68,Moyen,0.572,,,estime EA,,
725695,Aboubakary Koïta,Moyen,0.655,Haut,0.719,Moyen,0.594,,,estime EA,,Power Shot|Rapid
848593,Ángelo Preciado,Haut,0.673,Haut,0.767,,,,,estime EA,,Rapid
605507,Andre Horta,Haut,0.709,Moyen,0.619,,,,,estime EA,,Dead Ball|Incisive Pass|Technical|Whipped Pass
319827,Kévin Rodrigues,Moyen,0.564,Moyen,0.541,Haut,0.906,,,estime EA,,Whipped Pass
335429,Günay Güvenc,Bas,-0.055,Bas,0.141,Haut,0.669,,,estime EA,,
773991,Ryan Sessegnon,Moyen,0.527,Moyen,0.608,Moyen,0.589,,,estime EA,,Rapid
891855,Jakub Moder,Haut,0.709,Moyen,0.436,Moyen,0.596,,,estime EA,,
759817,Miro Muheim,Haut,0.836,Haut,0.711,Haut,0.822,,,estime EA,,Dead Ball|Long Ball Pass|Power Shot|Whipped Pass
622373,Josip Juranovic,Moyen,0.641,Haut,0.794,,,,,estime EA,oui,Anticipate|Dead Ball|Relentless|Whipped Pass
369742,Jackson Irvine,Haut,1,Haut,0.765,Haut,0.774,,,estime EA,oui,Aerial Fortress|Pinged Pass|Relentless
450976,Yannick Gerhardt,Moyen,0.636,Moyen,0.519,Moyen,0.399,,,estime EA,,
625175,Grischa Prömel,Haut,0.786,Moyen,0.659,Haut,0.802,,,estime EA,oui,Relentless
921921,Kristian Thorstvedt,Haut,0.836,Moyen,0.487,Moyen,0.644,,,estime EA,,Finesse Shot|Slide Tackle
867789,Emanuele Valeri,Haut,0.691,Moyen,0.642,Bas,0.311,,,estime EA,,Anticipate|Block|Long Throw
1323398,Abel Bretones,Haut,0.709,Moyen,0.64,Moyen,0.55,,,estime EA,,Block|Bruiser|Whipped Pass
166733,Christopher Trimmel,Moyen,0.6,Moyen,0.393,Bas,0.301,,,estime EA,,Dead Ball|Long Throw|Whipped Pass
641595,Nikola Moro,Moyen,0.618,Moyen,0.512,Moyen,0.456,,,estime EA,,
906945,Ismail Jakobs,Moyen,0.418,Haut,0.939,Moyen,0.526,10357,16.2,mesure FotMob,,Long Throw|Rapid
1093285,Fabiano Parisi,Moyen,0.473,Moyen,0.555,Haut,0.909,,,estime EA,,Bruiser
1051097,Matteo Ruggeri,Moyen,0.517,Haut,0.757,Haut,0.744,10575,13.0,mesure FotMob,,Aerial Fortress|Whipped Pass
171647,Jonas Svensson,Haut,0.891,Haut,0.722,,,,,estime EA,,Slide Tackle
837089,Edu Exposito,Moyen,0.6,Moyen,0.454,Moyen,0.635,,,estime EA,,Power Shot
764507,Florian Neuhaus,Moyen,0.473,Moyen,0.433,Moyen,0.337,,,estime EA,,Incisive Pass|Technical
743192,Junior Firpo,Haut,0.673,Moyen,0.595,Moyen,0.537,,,estime EA,,Tiki Taka
1239595,Dário Essugo,Moyen,0.655,Moyen,0.587,,,,,estime EA,,Block|Bruiser
1395964,Carlos Romero,Moyen,0.655,Moyen,0.658,Haut,0.876,,,estime EA,,Anticipate|Jockey
1356601,Volodymyr Brazhko,Haut,0.673,Moyen,0.584,,,,,estime EA,,Intercept|Power Shot
288880,Jack Butland,Bas,-0.2,Bas,0.052,Bas,0.171,,,estime EA,,Deflector|Footwork
882401,Boubakary Soumaré,Moyen,0.582,Moyen,0.528,,,,,estime EA,,
845994,Hans Nicolussi Caviglia,Haut,0.895,Haut,0.743,Moyen,0.494,,,estime EA,oui,Dead Ball|Finesse Shot|Inventive|Relentless
738064,Salih Özcan,Moyen,0.636,Moyen,0.61,,,,,estime EA,,Bruiser
1281236,Leonardo Lelo,Haut,1,Haut,0.951,Moyen,0.416,,,estime EA,oui,Dead Ball|Relentless
314605,Alberto Moreno,Moyen,0.636,Moyen,0.6,Bas,0.184,,,estime EA,,
179515,Téji Savanier,Moyen,0.455,Moyen,0.436,,,,,estime EA,,Dead Ball|Finesse Shot|First Touch|Incisive Pass|Inventive|Long Ball Pass
1251334,Jack Hinshelwood,Moyen,0.6,Moyen,0.515,Bas,0.091,,,estime EA,,Dead Ball
240537,Danny da Costa,Moyen,0.636,Moyen,0.61,Moyen,0.56,,,estime EA,,
424129,Leander Dendoncker,Moyen,0.636,Bas,0.265,Moyen,0.596,,,estime EA,,
696433,Fabian Reese,Haut,0.909,Haut,0.801,,,,,estime EA,,Gamechanger|Long Throw|Low Driven Shot|Quick Step|Rapid|Whipped Pass
823293,Aron Dønnum,Haut,0.818,Haut,0.775,Haut,0.667,,,estime EA,,Inventive|Technical
937368,Felix Agu,Haut,0.691,Haut,0.764,Haut,0.911,,,estime EA,,Long Throw
951918,Philipp Sander,Moyen,0.527,Moyen,0.536,Haut,0.95,,,estime EA,,Incisive Pass
159594,Francis Coquelin,Moyen,0.382,Moyen,0.336,Haut,0.684,,,estime EA,,Slide Tackle
789646,Jayden Bogle,Haut,0.727,Haut,0.698,Haut,0.726,,,estime EA,,Technical
1323305,Archie Gray,Haut,0.943,Haut,0.82,Bas,0.173,11837,13.5,mesure FotMob,,
801120,Jens-Lys Cajuste,Moyen,0.636,Moyen,0.499,,,,,estime EA,,Long Throw
1168311,Yasin Ayari,Moyen,0.582,Moyen,0.528,Haut,0.849,,,estime EA,,Incisive Pass
958283,Andrew,Bas,-0.018,Bas,0.074,Moyen,0.555,,,estime EA,,Deflector|Footwork|Pinged Pass
1158512,Juanlu Sánchez,Moyen,0.636,Moyen,0.58,Haut,0.873,,,estime EA,,
1351133,Givairo Read,Haut,0.691,Haut,0.703,Haut,0.739,,,estime EA,,Quick Step|Whipped Pass
860752,Ruben Vargas,Haut,0.709,Haut,0.721,Moyen,0.376,,,estime EA,,Technical
1075815,Patrick Osterhage,Haut,0.836,Moyen,0.66,Moyen,0.399,,,estime EA,,Slide Tackle
1119687,Georgios Vagiannidis,Haut,0.745,Haut,0.735,Haut,0.738,,,estime EA,,
130589,Taison,Moyen,0.509,Moyen,0.621,Bas,0.258,,,estime EA,,Finesse Shot
170218,Thomas Delaney,Haut,0.691,Moyen,0.5,,,,,estime EA,,Aerial Fortress|Bruiser|Incisive Pass|Precision Header|Slide Tackle
279477,Soualiho Meité,Haut,0.709,Moyen,0.518,Haut,0.94,,,estime EA,,Press Proven
532743,Philip Billing,Moyen,0.636,Moyen,0.356,Haut,0.954,,,estime EA,,Long Throw
547454,Kaan Kairinen,Haut,0.727,Moyen,0.555,Moyen,0.366,,,estime EA,,Incisive Pass|Long Ball Pass|Technical
652954,Otar Kiteishvili,Haut,0.745,Moyen,0.654,Haut,0.912,,,estime EA,,Finesse Shot|First Touch|Incisive Pass|Inventive|Precision Header|Technical
1561552,Ayyoub Bouaddi,Moyen,0.618,Moyen,0.613,Haut,0.918,,,estime EA,,Technical
915111,Shuto Machino,Haut,0.727,Moyen,0.637,Bas,0.077,,,estime EA,,Long Throw
777028,André Almeida,Moyen,0.491,Moyen,0.512,Haut,0.734,,,estime EA,,Dead Ball|Press Proven
1035643,Sven Mijnans,Haut,1,Haut,0.881,Moyen,0.398,,,estime EA,oui,First Touch|Incisive Pass|Inventive|Relentless
495222,Sheraldo Becker,Moyen,0.6,Haut,0.748,Bas,0.057,,,estime EA,,Rapid
267374,Hernani,Moyen,0.491,Moyen,0.4,,,,,estime EA,,Power Shot
862284,Kai Wagner,Haut,1,Haut,0.89,,,,,estime EA,oui,Intercept|Jockey|Relentless
1215652,Omari Hutchinson,Moyen,0.636,Haut,0.671,Moyen,0.478,,,estime EA,,Gamechanger|Low Driven Shot
721533,Justin Bijlow,Bas,-0.273,Bas,-0.099,Bas,0.22,,,estime EA,,Cross Claimer|Rush Out
1041445,Dani Cárdenas,Bas,-0.255,Bas,-0.051,Moyen,0.631,,,estime EA,,
865118,Tyrell Malacia,Moyen,0.527,Moyen,0.608,,,,,estime EA,,Slide Tackle
1074968,Jamie Leweling,Moyen,0.6,Moyen,0.657,Bas,0.223,,,estime EA,,Technical
1050178,Lazar Samardzic,Haut,0.79,Bas,0.296,Bas,0.308,11240,7.1,mesure FotMob,,Technical|Tiki Taka
41087,Ron-Robert Zieler,Bas,-0.145,Bas,0.003,,,,,estime EA,,Deflector
698273,Alban Lafont,Bas,0.0,Bas,0.081,Moyen,0.416,,,estime EA,,Cross Claimer|Far Throw|Footwork
704151,Arnaut Danjuma,Moyen,0.4,Moyen,0.587,Bas,0.139,,,estime EA,,Gamechanger|Rapid
851182,Oleksandr Pikhalyonok,Moyen,0.582,Moyen,0.528,,,,,estime EA,,Incisive Pass
999159,Aihen Muñoz,Haut,0.673,Moyen,0.635,Haut,0.711,,,estime EA,,Long Throw
1269652,Paulo Victor,Bas,-0.182,Bas,-0.002,Haut,0.858,,,estime EA,,Far Throw|Long Ball Pass|Rush Out
322003,Jesper Karlström,Haut,0.8,Moyen,0.584,Moyen,0.454,,,estime EA,,Block
612699,Florian Sotoca,Haut,0.914,Moyen,0.659,Moyen,0.489,,,estime EA,oui,Acrobatic|Aerial Fortress|Precision Header|Relentless
826089,Kyogo Furuhashi,Haut,0.818,Haut,0.795,,,,,estime EA,,Acrobatic|Chip Shot|Finesse Shot|Quick Step
1277380,Yáser Asprilla,Moyen,0.527,Moyen,0.628,Moyen,0.332,,,estime EA,,Incisive Pass
592412,Matias Dituro,Bas,0.036,Bas,-0.067,Haut,0.758,,,estime EA,,Far Throw|Footwork|Long Ball Pass
184639,Petros Mantalos,Moyen,0.491,Moyen,0.522,Haut,0.693,,,estime EA,,First Touch|Incisive Pass
557346,Sandi Lovric,Moyen,0.636,Moyen,0.478,Haut,0.928,,,estime EA,,Anticipate|Dead Ball|Jockey
664226,Pablo Rosario,Haut,0.727,Moyen,0.393,Moyen,0.58,,,estime EA,,Aerial Fortress
1211437,Victor Kristiansen,Haut,0.745,Moyen,0.603,,,,,estime EA,,Block|Power Shot
531327,Eric Smith,Haut,0.673,Moyen,0.483,Moyen,0.657,,,estime EA,,Anticipate|Long Ball Pass
552718,Kristoffer Ajer,Moyen,0.527,Moyen,0.445,Moyen,0.393,,,estime EA,,Slide Tackle
602523,Maximilian Eggestein,Haut,0.745,Moyen,0.532,Moyen,0.501,,,estime EA,,Aerial Fortress|Bruiser|Intercept
971790,Lucien Agoume,Moyen,0.655,Moyen,0.526,Haut,0.854,,,estime EA,,Aerial Fortress
1083204,Borja Sainz,Moyen,0.545,Moyen,0.645,Moyen,0.481,,,estime EA,,Gamechanger|Low Driven Shot|Technical
1057433,Tanner Tessmann,Haut,0.709,Moyen,0.396,Haut,0.667,,,estime EA,,Anticipate|Incisive Pass|Long Ball Pass|Slide Tackle
1128965,Carlos Alcaraz,Moyen,0.527,Haut,0.679,Haut,0.787,,,estime EA,,Quick Step|Technical
1404949,Martim Fernandes,Moyen,0.618,Haut,0.674,Haut,0.931,,,estime EA,,Whipped Pass
26547,Remko Pasveer,Bas,-0.091,Bas,-0.077,Moyen,0.642,,,estime EA,,Cross Claimer
416850,Solly March,Bas,0.073,Moyen,0.344,,,,,estime EA,,
820024,Sean Longstaff,Haut,0.8,Moyen,0.483,Haut,0.822,,,estime EA,,
814398,Nicolò Casale,Moyen,0.491,Moyen,0.501,Moyen,0.563,,,estime EA,,Long Ball Pass
949866,Lazaros Rota,Haut,0.8,Haut,0.727,Haut,0.959,,,estime EA,,
1114798,Jota Silva,Moyen,0.509,Moyen,0.59,Haut,0.752,,,estime EA,,
425962,Niklas Stark,Moyen,0.636,Moyen,0.59,Moyen,0.41,,,estime EA,,Slide Tackle
520979,Ulisses Garcia,Haut,0.709,Haut,0.67,Bas,0.252,,,estime EA,,Rapid|Whipped Pass
560945,Mërgim Vojvoda,Moyen,0.564,Moyen,0.5,Bas,0.134,,,estime EA,,
1077903,Matej Kovár,Bas,0.045,Bas,0.01,Haut,0.687,5201,0.0,mesure FotMob,,
303059,Bertrand Traoré,Moyen,0.473,Moyen,0.545,Bas,0.304,,,estime EA,,Finesse Shot|Incisive Pass|Technical
307209,Lukas Kübler,Moyen,0.6,Moyen,0.586,Moyen,0.614,,,estime EA,,Anticipate|Bruiser|Intercept|Jockey
617044,Florian Grillitsch,Moyen,0.436,Bas,0.327,Haut,0.794,,,estime EA,,Intercept|Long Ball Pass
1002617,Saud Abdulhamid,Haut,0.727,Haut,0.759,Haut,0.69,,,estime EA,,Long Throw|Quick Step|Rapid
1067168,Zeki Amdouni,Moyen,0.582,Moyen,0.538,,,,,estime EA,,Incisive Pass|Technical
1272440,Valentín Barco,Moyen,0.636,Moyen,0.631,Haut,0.891,,,estime EA,,Slide Tackle|Technical
425711,Gabriel Ávalos,Haut,0.745,Moyen,0.593,,,,,estime EA,,Aerial Fortress|First Touch|Precision Header
780815,Amine Harit,Moyen,0.618,Moyen,0.644,Haut,0.816,,,estime EA,,Inventive|Technical|Trickster
901495,Albert Sambi Lokonga,Moyen,0.636,Moyen,0.417,Moyen,0.351,,,estime EA,,Aerial Fortress
889229,Inigo Vicente,Moyen,0.636,Haut,0.671,,,,,estime EA,,Dead Ball|Incisive Pass|Inventive|Long Ball Pass|Rapid|Whipped Pass
750031,Pol Lozano,Haut,0.745,Moyen,0.512,Bas,0.3,,,estime EA,,Press Proven
879065,Antonino Gallo,Haut,0.727,Haut,0.667,Bas,0.325,,,estime EA,,Long Throw
1574189,Senny Mayulu,Haut,0.828,Moyen,0.618,Haut,0.774,11384,11.2,mesure FotMob,,Press Proven
1079500,Souffian El Karouani,Haut,0.691,Moyen,0.632,Haut,0.864,,,estime EA,,Whipped Pass
1053960,Franco Israel,Bas,-0.309,Bas,-0.225,Bas,0.315,,,estime EA,,
37436,Santi Cazorla,Moyen,0.491,Moyen,0.339,Haut,0.799,,,estime EA,,Incisive Pass|Inventive|Long Ball Pass|Technical|Tiki Taka
1073421,Adriano Bertaccini,Moyen,0.582,Haut,0.741,,,,,estime EA,,Low Driven Shot|Quick Step
638091,Martin Jedlicka,Bas,-0.327,Bas,-0.202,,,,,estime EA,,Deflector
759580,Stephy Mavididi,Moyen,0.527,Haut,0.709,,,,,estime EA,,Quick Step|Rapid
637716,Bernardo,Haut,0.764,Moyen,0.58,Haut,0.952,,,estime EA,,Block|Intercept|Jockey|Slide Tackle
750049,Lucas Franca,Bas,0.0,Bas,0.02,Moyen,0.647,,,estime EA,,Footwork
1290479,Clayton,Haut,0.673,Moyen,0.625,Bas,0.032,,,estime EA,,Power Shot|Press Proven
306174,Tomasz Kedziora,Moyen,0.636,Moyen,0.6,Bas,0.293,,,estime EA,,Intercept|Jockey
536455,Gonçalo Guedes,Moyen,0.436,Moyen,0.571,Bas,0.15,,,estime EA,,Power Shot|Rapid
942358,Félix Correia,Haut,0.764,Haut,0.773,Bas,0.286,,,estime EA,,Technical
1024292,Marco Grüll,Moyen,0.636,Haut,0.702,Moyen,0.383,,,estime EA,,Finesse Shot|Power Shot|Whipped Pass
1231770,Bénie Traoré,Haut,0.673,Haut,0.737,,,,,estime EA,,Gamechanger|Low Driven Shot|Quick Step|Technical
1341475,Antonín Kinsky,Bas,-0.364,Bas,-0.298,Bas,0.069,,,estime EA,,
734042,Kyle Walker-Peters,Haut,0.764,Moyen,0.641,Haut,0.834,,,estime EA,,
643771,Jordan Lotomba,Haut,0.673,Moyen,0.656,Moyen,0.426,,,estime EA,,
958335,Jesper Lindstrøm,Moyen,0.509,Moyen,0.651,,,,,estime EA,,Finesse Shot|Quick Step|Technical
1398377,Lucas Stassin,Moyen,0.582,Haut,0.67,,,,,estime EA,,Gamechanger
1113694,Jonathan Rowe,Moyen,0.436,Moyen,0.632,Moyen,0.545,,,estime EA,,Quick Step|Rapid
613334,M'Bala Nzola,Moyen,0.4,Moyen,0.597,Bas,0.303,,,estime EA,,Enforcer|Press Proven
1213430,Elye Wahi,Moyen,0.382,Moyen,0.59,Bas,0.005,,,estime EA,,Acrobatic|Quick Step|Technical
799230,Federico Baschirotto,Haut,0.764,Moyen,0.57,Bas,0.144,,,estime EA,,Aerial Fortress|Long Ball Pass|Precision Header
358149,Patric,Moyen,0.509,Moyen,0.458,Bas,0.113,,,estime EA,,
359191,Omar Mascarell,Moyen,0.655,Moyen,0.414,Haut,0.709,,,estime EA,,Aerial Fortress|Intercept|Slide Tackle
1374467,André Gomes,Moyen,0.382,Bas,0.153,Bas,0.257,,,estime EA,,
391064,Neal Maupay,Haut,0.695,Haut,0.694,Bas,0.026,,,estime EA,oui,Relentless
700074,Jordan Torunarigha,Moyen,0.582,Moyen,0.629,Moyen,0.446,,,estime EA,,Bruiser|Intercept|Jockey
1030212,Sebastiano Esposito,Moyen,0.564,Moyen,0.592,Moyen,0.42,,,estime EA,,Dead Ball|Incisive Pass
1214036,Youri Baas,Bas,0.277,Moyen,0.405,Haut,0.776,10068,8.2,mesure FotMob,,Intercept
167589,Kevin Vogt,Moyen,0.382,Moyen,0.336,,,,,estime EA,,Long Ball Pass
276121,Ben Davies,Bas,0.255,Bas,0.244,,,,,estime EA,,Block
701149,Maximilian Wöber,Moyen,0.491,Moyen,0.42,,,,,estime EA,,Slide Tackle
430856,Takuma Asano,Haut,0.673,Haut,0.747,Bas,0.207,,,estime EA,,Quick Step
1285784,Bradley Locko,Moyen,0.491,Moyen,0.491,Haut,0.885,,,estime EA,,
1444231,Matias Fernandez-Pardo,Moyen,0.473,Moyen,0.637,Bas,0.038,,,estime EA,,Press Proven|Quick Step
413525,Laurent Abergel,Haut,0.927,Moyen,0.645,Moyen,0.598,,,estime EA,,Incisive Pass|Intercept|Long Ball Pass|Press Proven
469615,Giovanni Simeone,Moyen,0.455,Moyen,0.517,Bas,0.137,,,estime EA,,
784146,Moritz Nicolas,Bas,-0.218,Bas,-0.311,Moyen,0.602,,,estime EA,,
1071179,Giovanni Reyna,Moyen,0.455,Moyen,0.497,Moyen,0.614,,,estime EA,,Finesse Shot|Technical
1224465,Jarne Steuckers,Haut,0.764,Moyen,0.641,,,,,estime EA,,Dead Ball|Long Ball Pass|Press Proven
1073980,David Affengruber,Haut,0.891,Haut,0.702,Haut,0.88,,,estime EA,,
674014,David Brooks,Bas,0.309,Moyen,0.419,Moyen,0.389,,,estime EA,,Technical
613260,Jean-Luc Dompe,Haut,0.691,Haut,0.724,Bas,0.006,,,estime EA,,Dead Ball|Finesse Shot|First Touch|Technical|Whipped Pass
955411,Yann Gboho,Moyen,0.491,Moyen,0.613,Moyen,0.625,,,estime EA,,Incisive Pass|Inventive|Technical
1234634,Yoann Cathline,Moyen,0.564,Moyen,0.642,Moyen,0.51,,,estime EA,,Technical|Whipped Pass
1209980,Carlos Álvarez,Moyen,0.545,Moyen,0.615,Moyen,0.417,,,estime EA,,
433311,Dani García,Haut,0.667,Bas,0.13,,,10872,5.2,mesure FotMob,,Bruiser
308237,Marius Müller,Bas,-0.091,Bas,-0.189,,,,,estime EA,,Footwork
1021082,Oliver Antman,Haut,0.782,Haut,0.709,,,,,estime EA,,Finesse Shot|Incisive Pass|Inventive|Rapid
207069,Gernot Trauner,Moyen,0.436,Bas,0.236,,,,,estime EA,,Anticipate|Precision Header
458630,Ihlas Bebou,Bas,0.091,Moyen,0.484,,,,,estime EA,,Quick Step|Rapid
688668,Josip Brekalo,Moyen,0.545,Moyen,0.615,Haut,0.758,,,estime EA,,Finesse Shot|Technical|Whipped Pass
957107,Ze Pedro,Moyen,0.564,Moyen,0.47,Bas,0.223,,,estime EA,,
866358,Tiago Djaló,Moyen,0.345,Moyen,0.464,Moyen,0.613,,,estime EA,,Bruiser
1215057,Vitinha,Moyen,0.564,Moyen,0.592,Haut,0.771,,,estime EA,,
1406419,Franjo Ivanovic,Moyen,0.545,Moyen,0.523,Haut,0.668,,,estime EA,,Bruiser|Finesse Shot|Power Shot|Press Proven
1128945,Rodrigo Muniz,Moyen,0.527,Moyen,0.496,Bas,0.233,,,estime EA,,Acrobatic
210683,Aïssa Mandi,Moyen,0.364,Moyen,0.339,Moyen,0.625,,,estime EA,,Slide Tackle
439366,Abdoulaye Touré,Moyen,0.636,Bas,0.265,Moyen,0.411,,,estime EA,,Aerial Fortress
737061,Jesper Karlsson,Moyen,0.418,Moyen,0.564,Moyen,0.536,,,estime EA,,Acrobatic|Power Shot|Trickster
772168,Josep Martínez,Bas,0.036,Bas,-0.148,Moyen,0.445,,,estime EA,,Cross Claimer|Far Throw
1311985,César Tárrega,Moyen,0.618,Moyen,0.451,Bas,0.32,,,estime EA,,
1187227,CJ Egan-Riley,Haut,0.673,Moyen,0.615,Moyen,0.392,,,estime EA,,Jockey|Long Ball Pass
1293671,Sampson Dweh,Moyen,0.509,Moyen,0.519,Haut,0.999,,,estime EA,,Intercept
737339,Dany Mota,Moyen,0.582,Moyen,0.578,,,,,estime EA,,Gamechanger
1050165,Lorenzo Pirola,Bas,0.189,Bas,0.16,Moyen,0.436,9860,5.4,mesure FotMob,,Jockey
1200591,Tommaso Baldanzi,Moyen,0.455,Moyen,0.558,Haut,0.707,,,estime EA,,
1024427,Valeriy Bondar,Moyen,0.655,Moyen,0.577,Bas,0.077,,,estime EA,,
1086012,Ansu Fati,Haut,0.715,Haut,0.701,Bas,0.203,11000,12.0,mesure FotMob,,Quick Step
639671,Patrick Cutrone,Moyen,0.545,Moyen,0.544,Bas,0.037,,,estime EA,,
928122,Igoh Ogbu,Moyen,0.564,Moyen,0.551,,,,,estime EA,,Bruiser
643717,Taiwo Awoniyi,Bas,0.255,Moyen,0.356,Bas,0.068,,,estime EA,,
1305763,Rafiu Durosinmi,Moyen,0.455,Moyen,0.528,Bas,0.162,,,estime EA,,Aerial Fortress|Finesse Shot|Rapid
1738366,Otávio,Moyen,0.545,Moyen,0.544,Haut,0.962,,,estime EA,,Bruiser|Long Ball Pass|Power Shot
933817,Riccardo Sottil,Bas,0.236,Moyen,0.603,Bas,0.075,,,estime EA,,
1017401,Roberto Piccoli,Haut,0.673,Moyen,0.533,Bas,0.072,,,estime EA,,Enforcer|Precision Header
630286,Andreas Hanche-Olsen,Moyen,0.509,Moyen,0.488,Moyen,0.659,,,estime EA,,Bruiser|Jockey|Slide Tackle
748382,Reiss Nelson,Moyen,0.436,Moyen,0.561,,,,,estime EA,,Technical
776594,Victor Nelsson,Moyen,0.509,Moyen,0.407,Haut,0.718,,,estime EA,,Aerial Fortress|Anticipate|Block|Long Ball Pass
956913,Marvin Pieringer,Haut,0.673,Moyen,0.503,Bas,0.277,,,estime EA,,Acrobatic|Aerial Fortress
1121511,Ernest Muçi,Moyen,0.4,Moyen,0.546,Bas,0.103,,,estime EA,,First Touch
1388070,Badredine Bouanani,Moyen,0.564,Moyen,0.551,Bas,0.129,,,estime EA,,Inventive|Technical
304348,Rani Khedira,Haut,0.727,Moyen,0.423,Moyen,0.351,,,estime EA,,Aerial Fortress|Bruiser
885005,Terem Moffi,Bas,0.327,Moyen,0.538,Bas,0.005,,,estime EA,,Enforcer|Finesse Shot|Quick Step
1338390,Ernest Nuamah,Moyen,0.4,Moyen,0.618,,,,,estime EA,,Gamechanger|Quick Step|Rapid
1341387,Wilson Odobert,Haut,0.677,Haut,0.889,Moyen,0.368,10888,14.7,mesure FotMob,,Technical
118241,Gustaf Nilsson,Moyen,0.636,Moyen,0.499,,,,,estime EA,,Enforcer|Precision Header
1023887,Tsuyoshi Watanabe,Moyen,0.618,Moyen,0.613,Moyen,0.57,,,estime EA,,Aerial Fortress|Block|Jockey|Long Ball Pass|Precision Header
1406428,Christian Mawissa,Moyen,0.527,Moyen,0.547,Haut,0.94,,,estime EA,,
1107620,Jarell Quansah,Moyen,0.476,Moyen,0.358,Bas,0.255,10489,7.8,mesure FotMob,,Slide Tackle
963591,Denys Popov,Moyen,0.509,Moyen,0.438,,,,,estime EA,,Precision Header
792540,Joël Piroe,Moyen,0.655,Moyen,0.486,Bas,0.274,,,estime EA,,Finesse Shot
1302005,Igor Thiago,Bas,0.291,Moyen,0.371,Bas,0.185,,,estime EA,,
1173788,El Chadaille Bitshiabu,Bas,0.291,Bas,0.269,Moyen,0.344,,,estime EA,,Pinged Pass
1092903,Muhammed Cham,Moyen,0.455,Moyen,0.589,,,,,estime EA,,Finesse Shot
1336566,Facundo Buonanotte,Moyen,0.527,Moyen,0.587,Haut,0.686,,,estime EA,,Technical
1252132,Promise David,Bas,0.1,Moyen,0.424,,,9227,8.3,mesure FotMob,,Bruiser|Enforcer|Precision Header
753593,Marcao,Haut,0.859,Moyen,0.596,Moyen,0.331,,,estime EA,oui,Bruiser|Long Ball Pass|Relentless|Slide Tackle
523217,Tomás Chory,Bas,0.198,Moyen,0.41,Bas,0.078,9906,8.3,mesure FotMob,,Aerial Fortress|Precision Header|Press Proven
845990,Ozan Kabak,Moyen,0.455,Bas,0.304,Moyen,0.643,,,estime EA,,Bruiser|Slide Tackle
199834,Rémy Cabella,Moyen,0.345,Moyen,0.372,Haut,0.926,,,estime EA,,Dead Ball|First Touch|Incisive Pass|Technical|Trickster
686315,Phillip Tietz,Haut,0.673,Moyen,0.513,Bas,0.176,,,estime EA,,Acrobatic|Enforcer
999690,Ilan Kebbal,Haut,0.932,Haut,0.9,Haut,0.684,,,estime EA,oui,Incisive Pass|Inventive|Long Ball Pass|Quick Step|Relentless|Technical
213873,Sverrir Ingi Ingason,Moyen,0.564,Bas,0.327,Moyen,0.533,,,estime EA,,
672840,Luiz Felipe,Bas,0.236,Moyen,0.349,Moyen,0.471,,,estime EA,,Anticipate|Intercept|Jockey|Long Throw|Slide Tackle
1203661,Radu Dragusin,Moyen,0.491,Moyen,0.451,Moyen,0.369,,,estime EA,,
1473534,Jérémy Jacquet,Moyen,0.436,Moyen,0.347,Moyen,0.557,,,estime EA,,
750030,Andrea Pinamonti,Haut,0.745,Moyen,0.613,Bas,0.01,,,estime EA,,Precision Header
198316,Michael Gregoritsch,Moyen,0.564,Bas,0.185,Bas,0.053,,,estime EA,,Finesse Shot|Precision Header
1327489,Kike Salas,Moyen,0.582,Moyen,0.477,Haut,0.929,,,estime EA,,Aerial Fortress|Precision Header
789578,Dara O'Shea,Moyen,0.582,Moyen,0.528,,,,,estime EA,,Aerial Fortress|Block|Precision Header
833638,Nikola Krstovic,Moyen,0.619,Haut,0.756,Bas,0.162,10784,12.7,mesure FotMob,,Enforcer
914103,Johan Vásquez,Haut,0.727,Moyen,0.484,Moyen,0.524,,,estime EA,,Aerial Fortress|Block|Intercept
1354085,Joel Ordóñez,Bas,0.194,Bas,0.22,Bas,0.185,9895,6.1,mesure FotMob,,
169586,Leandro Cabrera,Moyen,0.618,Moyen,0.369,Bas,0.106,,,estime EA,,Anticipate|Bruiser|Long Ball Pass|Long Throw|Precision Header|Slide Tackle
750056,Léo Duarte,Moyen,0.582,Moyen,0.436,Moyen,0.439,,,estime EA,,Aerial Fortress|Block|Jockey|Slide Tackle
765998,Amos Pieper,Moyen,0.655,Moyen,0.465,Moyen,0.649,,,estime EA,,
264860,Mike van der Hoorn,Moyen,0.455,Bas,0.151,Bas,0.323,,,estime EA,,Aerial Fortress|Long Ball Pass|Precision Header
551805,Scott McKenna,Moyen,0.582,Moyen,0.395,Bas,0.112,,,estime EA,,Aerial Fortress
1199947,Leopold Querfeld,Moyen,0.509,Bas,0.193,Haut,0.699,,,estime EA,,Long Ball Pass
643998,Joseph Aidoo,Moyen,0.455,Moyen,0.446,Bas,0.207,,,estime EA,,Bruiser
1320444,Álex Arce,Moyen,0.455,Moyen,0.365,,,,,estime EA,,Aerial Fortress|Precision Header|Press Proven
358155,Daniele Rugani,Bas,0.182,Bas,0.032,Bas,0.165,,,estime EA,,
1137272,Yunus Musah,Haut,0.691,Haut,0.734,Haut,0.753,,,estime EA,,Rapid
790732,Tommaso Pobega,Moyen,0.636,Moyen,0.59,Moyen,0.565,,,estime EA,,
447959,Robert Skov,Moyen,0.473,Moyen,0.565,,,,,estime EA,,Dead Ball|Finesse Shot|Gamechanger|Power Shot|Whipped Pass
310764,Badou Ndiaye,Haut,0.727,Haut,0.698,,,,,estime EA,,Anticipate|Rapid|Slide Tackle
815465,Romain Perraud,Haut,0.745,Moyen,0.644,Moyen,0.604,,,estime EA,,Power Shot
928454,Josha Vagnoman,Haut,0.691,Haut,0.714,Bas,0.17,,,estime EA,,Long Throw|Rapid
426880,Maxwel Cornet,Bas,0.309,Moyen,0.561,,,,,estime EA,,Rapid
613262,Qazim Laçi,Haut,0.859,Haut,0.8,Moyen,0.571,,,estime EA,oui,Bruiser|Incisive Pass|Relentless
464981,Matus Bero,Haut,1,Haut,0.819,,,,,estime EA,oui,Relentless
836797,Alex Kral,Haut,0.8,Moyen,0.615,Haut,0.949,,,estime EA,,
613182,Joe Rothwell,Haut,0.727,Haut,0.667,,,,,estime EA,,Dead Ball|Technical
975242,Simon Sohm,Haut,0.782,Haut,0.689,Bas,0.21,,,estime EA,,Incisive Pass
1026135,Tajon Buchanan,Haut,0.825,Haut,0.937,Haut,0.672,11375,16.1,mesure FotMob,oui,Quick Step|Rapid|Relentless
1395482,Gustavo Sá,Bas,0.309,Moyen,0.469,Moyen,0.599,,,estime EA,,Aerial Fortress|Incisive Pass|Low Driven Shot
1076647,Lucas Da Cunha,Moyen,0.636,Haut,0.661,Haut,0.72,,,estime EA,,Anticipate|Dead Ball|Finesse Shot|Jockey
1050831,Paulo Bernardo,Haut,0.727,Moyen,0.545,,,,,estime EA,,Technical
951714,Adrián Bernabé,Haut,0.709,Haut,0.711,Moyen,0.394,,,estime EA,,Finesse Shot|First Touch|Inventive|Long Ball Pass
953958,Giorgi Kochorashvili,Haut,0.877,Haut,0.777,Haut,0.891,,,estime EA,oui,Dead Ball|Long Ball Pass|Relentless
1287373,Jobe Bellingham,Haut,0.912,Moyen,0.535,Haut,0.942,11696,10.3,mesure FotMob,,Finesse Shot|Press Proven|Slide Tackle
674009,Chiedozie Ogbene,Haut,0.691,Haut,0.764,,,,,estime EA,,Quick Step|Rapid
1030830,Jack Rudoni,Haut,0.855,Haut,0.667,,,,,estime EA,,Dead Ball|First Touch|Intercept|Precision Header|Technical
674499,Niklas Dorsch,Moyen,0.527,Moyen,0.547,Haut,0.853,,,estime EA,,
856685,Frank Onyeka,Haut,0.818,Moyen,0.612,,,,,estime EA,,Slide Tackle
1027194,Alexander Prass,Haut,0.709,Moyen,0.65,Haut,0.843,,,estime EA,,Incisive Pass|Power Shot
206825,Magomed Ozdoev,Moyen,0.6,Moyen,0.515,Moyen,0.621,,,estime EA,,Long Ball Pass|Precision Header
467479,Riechedly Bazoer,Moyen,0.418,Moyen,0.422,Bas,0.144,,,estime EA,,Bruiser|Press Proven
361724,Ezequiel Ávila,Haut,0.805,Haut,0.717,Bas,0.117,,,estime EA,oui,Acrobatic|Finesse Shot|Long Ball Pass|Power Shot|Relentless
1080669,Nadir Zortea,Haut,0.691,Moyen,0.653,Moyen,0.404,,,estime EA,,
1359649,Noah Sadiki,Haut,0.8,Haut,0.737,Moyen,0.364,,,estime EA,,
1526560,Patrick Dorgu,Moyen,0.636,Haut,0.702,Haut,0.971,,,estime EA,,
115591,Ricardo Rodríguez,Moyen,0.618,Moyen,0.522,Bas,0.168,,,estime EA,,Long Throw
576118,Diogo Gonçalves,Moyen,0.636,Haut,0.692,,,,,estime EA,,Rapid|Whipped Pass
845943,Cristian Cásseres,Haut,0.818,Haut,0.714,Haut,0.971,,,estime EA,,Intercept
1014630,Emil Holm,Haut,0.841,Haut,0.833,Haut,0.928,,,estime EA,oui,Bruiser|Rapid|Relentless
1210943,Jackson Tchatchoua,Haut,0.873,Haut,0.827,Bas,0.226,,,estime EA,,Anticipate|Jockey|Rapid|Whipped Pass
426393,Adrien Tamèze,Moyen,0.491,Moyen,0.562,Moyen,0.622,,,estime EA,,
934156,Jurgen Ekkelenkamp,Moyen,0.655,Moyen,0.547,Moyen,0.409,,,estime EA,,
848345,Joe Bell,Haut,1,Haut,0.814,,,,,estime EA,oui,Intercept|Press Proven|Relentless|Tiki Taka
1035206,Lasse Berg Johnsen,Haut,0.945,Moyen,0.653,,,,,estime EA,,Aerial Fortress|Jockey|Long Ball Pass|Tiki Taka
1074750,Milan van Ewijk,Haut,0.855,Haut,0.881,,,,,estime EA,,Intercept|Jockey|Long Throw|Quick Step
571306,Antonio Palumbo,Haut,1,Haut,0.87,,,,,estime EA,oui,Chip Shot|Finesse Shot|Incisive Pass|Inventive|Long Ball Pass|Press Proven|Relentless
942375,Arnau Tenas,Bas,0.034,Bas,0.076,Moyen,0.461,5141,0.3,mesure FotMob,,
1345875,Fares Chaibi,Haut,0.907,Moyen,0.399,Moyen,0.456,11673,8.3,mesure FotMob,,Finesse Shot|Technical
792756,Michel Aebischer,Moyen,0.582,Moyen,0.568,Haut,0.786,,,estime EA,,
632885,Felix Horn Myhre,Haut,0.8,Haut,0.666,Haut,0.8,,,estime EA,,Finesse Shot|Incisive Pass
837061,Krépin Diatta,Haut,0.782,Haut,0.821,Haut,0.935,,,estime EA,,Aerial Fortress|Quick Step|Rapid
864006,Matteo Tramoni,Haut,0.727,Haut,0.799,Moyen,0.42,,,estime EA,,Finesse Shot|First Touch|Quick Step|Rapid
883759,David Doudera,Moyen,0.419,Haut,0.911,Haut,0.772,10365,15.2,mesure FotMob,oui,Rapid|Relentless|Whipped Pass
844944,Dominik Schmid,Haut,1,Haut,0.89,Haut,0.948,,,estime EA,oui,Intercept|Press Proven|Relentless|Whipped Pass
1133381,Albert Grønbæk,Haut,0.691,Moyen,0.642,Haut,0.796,,,estime EA,,Incisive Pass|Technical
1210384,Merlin Röhl,Haut,0.764,Haut,0.692,Haut,0.828,,,estime EA,,Rapid|Slide Tackle
604783,Glen Kamara,Haut,0.782,Moyen,0.648,,,,,estime EA,,Press Proven
566158,Kevin Diks,Haut,0.764,Haut,0.672,Moyen,0.611,,,estime EA,,Intercept|Long Ball Pass|Long Throw|Precision Header
680011,Bart Nieuwkoop,Haut,0.764,Moyen,0.6,Haut,0.906,,,estime EA,,
956169,Alfie Doughty,Haut,0.745,Haut,0.746,,,,,estime EA,,Dead Ball|Whipped Pass
1339372,Cesare Casadei,Moyen,0.655,Moyen,0.496,Haut,0.714,,,estime EA,,Aerial Fortress
465828,Damian Szymanski,Haut,0.986,Haut,0.769,,,,,estime EA,oui,Intercept|Long Ball Pass|Relentless
557805,Mathias Honsak,Moyen,0.491,Haut,0.684,Haut,0.738,,,estime EA,,Quick Step|Rapid
802462,Christopher Opéri,Haut,0.764,Moyen,0.651,Haut,0.72,,,estime EA,,Whipped Pass
863156,Adam Gnezda Cerin,Haut,0.932,Haut,0.808,Haut,0.765,,,estime EA,oui,Relentless
1053679,Zion Suzuki,Bas,-0.309,Bas,0.029,Moyen,0.575,,,estime EA,,Cross Claimer|Long Ball Pass
976428,Dmytro Riznyk,Bas,-0.182,Bas,0.049,Moyen,0.447,,,estime EA,,
1382000,Petar Sucic,Haut,0.983,Haut,0.874,Moyen,0.584,12210,14.8,mesure FotMob,oui,Relentless|Technical
267368,Cláudio Winck,Haut,0.855,Haut,0.667,Haut,0.693,,,estime EA,,Aerial Fortress
877697,Harrison Burrows,Haut,0.8,Haut,0.706,,,,,estime EA,,Dead Ball|Long Ball Pass|Whipped Pass
883503,Gijs Smal,Moyen,0.655,Moyen,0.618,Haut,0.666,,,estime EA,,Anticipate|Long Ball Pass|Slide Tackle|Whipped Pass
1151313,Lukas Cerv,Haut,0.841,Haut,0.721,Haut,0.783,,,estime EA,oui,Bruiser|Relentless
574844,Razvan Marin,Moyen,0.473,Moyen,0.453,Moyen,0.421,,,estime EA,,Dead Ball|Power Shot|Tiki Taka
690411,Sékou Koïta,Moyen,0.509,Haut,0.722,Bas,0.145,,,estime EA,,Chip Shot|Quick Step|Rapid
1233655,Alex Scott,Moyen,0.564,Moyen,0.561,Haut,0.926,,,estime EA,,
1280080,Fabio Miretti,Haut,1,Moyen,0.518,Haut,0.876,12735,9.9,mesure FotMob,,
1110045,Gaetano Oristanio,Moyen,0.527,Moyen,0.648,Bas,0.219,,,estime EA,,Gamechanger
1165547,Cadu,Moyen,0.491,Moyen,0.583,Haut,0.869,,,estime EA,,Technical|Whipped Pass
1067754,Aster Vranckx,Haut,0.691,Moyen,0.551,Moyen,0.436,,,estime EA,,
883079,Finn Azaz,Moyen,0.655,Moyen,0.587,,,,,estime EA,,Dead Ball|Incisive Pass|Inventive|Low Driven Shot|Technical
37868,Simon Mignolet,Bas,0.06,Bas,0.03,,,5352,0.0,mesure FotMob,,Cross Claimer|Footwork|Long Ball Pass
239920,Matt Doherty,Moyen,0.655,Moyen,0.526,Moyen,0.384,,,estime EA,,
306128,Ricardo Pereira,Bas,0.218,Moyen,0.382,,,,,estime EA,,Long Ball Pass
744907,Greg Taylor,Haut,0.836,Moyen,0.629,,,,,estime EA,,Incisive Pass|Jockey|Pinged Pass
655575,Jacob Bruun Larsen,Moyen,0.4,Moyen,0.618,Bas,0.097,,,estime EA,,
673050,Gautier Larsonneur,Bas,-0.036,Bas,0.097,,,,,estime EA,,Cross Claimer|Footwork
1134723,Seiya Maikuma,Haut,0.745,Haut,0.674,,,,,estime EA,,Jockey
188109,Jan Boril,Moyen,0.545,Moyen,0.452,,,,,estime EA,,Bruiser|Long Throw
625360,Nikita Haikin,Bas,0.074,Bas,0.069,Haut,0.773,5499,0.1,mesure FotMob,,Far Reach|Long Ball Pass|Rush Out
822788,Arne Maier,Haut,0.673,Moyen,0.533,,,,,estime EA,,Dead Ball
924431,Gianluca Busio,Haut,0.764,Haut,0.682,,,,,estime EA,,
1165457,Mathias Kvistgaarden,Moyen,0.509,Haut,0.692,,,,,estime EA,,Precision Header|Slide Tackle
1180481,Johann Lepenant,Haut,0.818,Moyen,0.602,Haut,0.968,,,estime EA,,
553849,Pierluigi Gollini,Bas,0.0,Bas,0.061,,,,,estime EA,,
1821714,Diego Rodriguez,Bas,-0.073,Bas,0.012,,,,,estime EA,,Far Throw|Footwork|Long Ball Pass|Rush Out
773189,Tanguy Ndombélé,Bas,0.091,Bas,0.209,Moyen,0.432,,,estime EA,,Inventive|Technical
839038,Elvis Rexhbecaj,Haut,0.786,Moyen,0.638,Moyen,0.372,,,estime EA,oui,Block|Power Shot|Relentless
904098,Mert Müldür,Haut,0.709,Haut,0.67,Haut,0.844,,,estime EA,,
846761,Zakaria Aboukhlal,Haut,0.855,Haut,0.789,Haut,0.894,,,estime EA,,Acrobatic|Gamechanger|Quick Step|Technical
1173248,Michel-Ange Balikwisha,Haut,0.727,Haut,0.738,,,,,estime EA,,Inventive|Technical
451335,Edimilson Fernandes,Moyen,0.455,Moyen,0.477,,,,,estime EA,,
664587,Lassana Coulibaly,Haut,0.727,Moyen,0.565,Moyen,0.578,,,estime EA,,Aerial Fortress|Jockey
844943,Flynn Downes,Haut,0.782,Moyen,0.536,,,,,estime EA,,
924610,Yukinari Sugawara,Moyen,0.636,Moyen,0.61,Bas,0.149,,,estime EA,,Dead Ball|Long Throw|Whipped Pass
836726,András Schäfer,Haut,0.968,Haut,0.813,Haut,0.934,,,estime EA,oui,Relentless
1189856,Abdallah Sima,Moyen,0.582,Haut,0.69,Moyen,0.524,,,estime EA,,Rapid
1272740,Williot Swedberg,Haut,0.691,Moyen,0.632,Bas,0.278,,,estime EA,,
114737,Marwin Hitz,Bas,-0.036,Bas,-0.015,Moyen,0.525,,,estime EA,,Far Throw|Long Ball Pass
261609,Dimitri Foulquier,Moyen,0.655,Moyen,0.577,Bas,0.262,,,estime EA,,
263511,Maxime Dupé,Bas,-0.345,Bas,-0.057,Bas,0.203,,,estime EA,,
659490,Gabriel Suazo,Haut,0.764,Moyen,0.58,Haut,0.95,,,estime EA,,
952322,Brenden Aaronson,Haut,0.95,Haut,0.887,Haut,0.776,,,estime EA,oui,Relentless
1116391,Hugo Bueno,Moyen,0.6,Moyen,0.596,Haut,0.852,,,estime EA,,Whipped Pass
1125750,Tomas Handel,Haut,0.745,Moyen,0.644,Haut,0.814,,,estime EA,,Aerial Fortress|Intercept
1276505,Giovanni Fabbian,Moyen,0.382,Moyen,0.458,Bas,0.186,,,estime EA,,
1291325,Lucas Pires,Moyen,0.655,Haut,0.679,Haut,0.837,,,estime EA,,
200601,Mikael Ishak,Haut,0.745,Moyen,0.583,Bas,0.027,,,estime EA,,Enforcer|Low Driven Shot|Precision Header
266527,Yussuf Poulsen,Moyen,0.655,Moyen,0.526,,,,,estime EA,,Enforcer
710158,James Justin,Moyen,0.618,Moyen,0.583,Haut,0.705,,,estime EA,,Block
295203,Anthony Nwakaeme,Moyen,0.6,Moyen,0.545,Bas,0.191,,,estime EA,,Finesse Shot|First Touch|Gamechanger|Incisive Pass|Inventive|Technical
949731,Gabriele Zappa,Haut,0.818,Moyen,0.602,Bas,0.17,,,estime EA,,
518633,Giorgos Kyriakopoulos,Haut,0.727,Moyen,0.545,Moyen,0.463,,,estime EA,,
1368061,Samuel Iling-Junior,Moyen,0.636,Haut,0.692,,,,,estime EA,,Technical
270774,Franco Vázquez,Moyen,0.564,Bas,0.327,Haut,0.872,,,estime EA,,Chip Shot|Finesse Shot|First Touch|Incisive Pass|Long Ball Pass|Technical
478445,Alvaro,Bas,-0.055,Bas,0.019,,,,,estime EA,,
592783,Enis Bardhi,Moyen,0.564,Moyen,0.592,Moyen,0.377,,,estime EA,,Dead Ball|Whipped Pass
742807,Filip Panák,Moyen,0.491,Moyen,0.481,,,,,estime EA,,Aerial Fortress|Intercept|Long Ball Pass|Pinged Pass
1079548,Joris Chotard,Haut,0.782,Moyen,0.557,Haut,0.681,,,estime EA,,Inventive|Long Ball Pass
210114,Benjamin Lecomte,Bas,-0.109,Bas,-0.033,Bas,0.257,,,estime EA,,Far Throw|Footwork|Long Ball Pass
331540,Kerem Demirbay,Moyen,0.418,Bas,0.31,Haut,0.952,,,estime EA,,Dead Ball|Inventive|Press Proven|Whipped Pass
478357,Matt Grimes,Haut,1,Haut,0.721,,,,,estime EA,oui,First Touch|Long Ball Pass|Press Proven|Relentless|Tiki Taka
491827,Sammie Szmodics,Haut,0.691,Haut,0.683,,,,,estime EA,,Gamechanger|Low Driven Shot
640642,Jack Hendry,Haut,0.745,Moyen,0.522,,,,,estime EA,,Aerial Fortress|Long Ball Pass
480788,Vasilios Barkas,Bas,-0.018,Bas,0.033,Haut,0.737,,,estime EA,,Deflector
1010733,Ki-Jana Hoever,Haut,0.764,Haut,0.672,Haut,0.848,,,estime EA,,
933838,Salvatore Esposito,Haut,1,Haut,0.777,,,,,estime EA,oui,Anticipate|Dead Ball|Intercept|Inventive|Jockey|Long Ball Pass|Relentless
1398483,Lukas Ullrich,Haut,0.673,Moyen,0.595,Moyen,0.499,,,estime EA,,
406501,Daniel Heuer Fernandes,Bas,0.0,Bas,0.02,Moyen,0.398,,,estime EA,,Deflector|Long Ball Pass
782705,Liam Scales,Haut,0.691,Moyen,0.5,Bas,0.297,,,estime EA,,Aerial Fortress|Block
1208969,Kristjan Asllani,Moyen,0.491,Moyen,0.451,Moyen,0.389,,,estime EA,,Incisive Pass|Tiki Taka
1422593,Joshua King,Moyen,0.509,Moyen,0.56,Moyen,0.533,,,estime EA,,Finesse Shot|Rapid
660326,Matthieu Udol,Haut,0.727,Moyen,0.596,Moyen,0.584,,,estime EA,,Jockey|Whipped Pass
660010,Pedro Pereira,Moyen,0.636,Moyen,0.549,Bas,0.289,,,estime EA,,Anticipate
693160,Tommaso Augello,Haut,0.691,Moyen,0.592,,,,,estime EA,,Anticipate|Dead Ball|Whipped Pass
643690,Roman Yaremchuk,Moyen,0.564,Moyen,0.531,Bas,0.024,,,estime EA,,First Touch|Press Proven
1002673,Jan Schöppner,Haut,1,Haut,0.727,Moyen,0.523,,,estime EA,oui,Aerial Fortress|Anticipate|Intercept|Precision Header|Relentless
940453,Yorbe Vertessen,Moyen,0.6,Haut,0.789,,,,,estime EA,,Power Shot|Rapid
1175610,Arsen Zakharyan,Moyen,0.545,Moyen,0.625,Bas,0.291,,,estime EA,,Finesse Shot
1203512,Tim Iroegbunam,Moyen,0.564,Moyen,0.49,Haut,0.987,,,estime EA,,
850055,Daniel Boloca,Haut,1,Haut,0.675,,,,,estime EA,oui,Jockey|Relentless
1428153,Ngal Ayel Mukau,Moyen,0.636,Moyen,0.57,Moyen,0.639,,,estime EA,,
304354,Janik Haberer,Moyen,0.618,Moyen,0.461,Moyen,0.509,,,estime EA,,
1077915,Largie Ramazani,Moyen,0.527,Haut,0.719,Bas,0.29,,,estime EA,,Acrobatic|Finesse Shot|Quick Step|Technical
1002039,Aaron Hickey,Moyen,0.364,Moyen,0.451,Moyen,0.602,,,estime EA,,
1083349,Afonso Sousa,Moyen,0.636,Moyen,0.651,,,,,estime EA,,First Touch|Gamechanger|Inventive|Technical
1180321,Devyne Rensch,Moyen,0.545,Moyen,0.574,Moyen,0.522,,,estime EA,,Intercept|Jockey|Slide Tackle
427438,Héctor Bellerín,Moyen,0.564,Moyen,0.602,Bas,0.164,,,estime EA,,
771630,Gideon Mensah,Haut,0.709,Moyen,0.66,Haut,0.835,,,estime EA,,Jockey
923196,Lassine Sinayoko,Moyen,0.545,Moyen,0.544,Moyen,0.339,,,estime EA,,
1285872,Jonas Urbig,Bas,0.065,Bas,0.0,Haut,0.694,5411,0.0,mesure FotMob,,Cross Claimer|Footwork
403049,Thomas Strakosha,Bas,-0.309,Bas,-0.113,Bas,0.157,,,estime EA,,
609755,Kalvin Phillips,Bas,0.255,Bas,0.285,,,,,estime EA,,Slide Tackle
751649,Jack Harrison,Moyen,0.655,Moyen,0.608,Bas,0.271,,,estime EA,,Pinged Pass
1067260,Jakub Kaminski,Moyen,0.618,Haut,0.715,Bas,0.229,,,estime EA,,Rapid
869054,Stefano Turati,Bas,-0.182,Bas,-0.103,Moyen,0.45,,,estime EA,,
1282285,Tijjani Noslin,Moyen,0.345,Moyen,0.535,Bas,0.097,,,estime EA,,
1460063,Thiago Fernández,Moyen,0.527,Haut,0.689,Moyen,0.547,,,estime EA,,
242156,Djibril Sidibé,Moyen,0.509,Moyen,0.427,Moyen,0.463,,,estime EA,,Anticipate|Jockey
1080983,Ilia Gruev,Haut,0.691,Moyen,0.49,Bas,0.285,,,estime EA,,
1598982,Gerard Martín,Bas,0.261,Moyen,0.349,Moyen,0.344,10031,8.0,mesure FotMob,,
353519,Kevin Akpoguma,Moyen,0.455,Moyen,0.548,,,,,estime EA,,Block
478388,Manolis Siopis,Haut,1,Haut,0.893,,,,,estime EA,oui,Jockey|Relentless|Slide Tackle
799497,Samuele Birindelli,Moyen,0.655,Haut,0.669,,,,,estime EA,,
917808,Jérémy Le Douaron,Moyen,0.564,Moyen,0.49,,,,,estime EA,,Precision Header|Technical
1107286,Wilfried Gnonto,Moyen,0.527,Haut,0.689,Haut,0.747,,,estime EA,,Quick Step|Rapid
1161211,Fabian Rieder,Moyen,0.636,Moyen,0.61,Moyen,0.364,,,estime EA,,Dead Ball|First Touch|Incisive Pass|Long Ball Pass|Whipped Pass
915415,Peer Koopmeiners,Haut,0.95,Haut,0.673,Haut,0.876,,,estime EA,oui,Anticipate|Bruiser|Dead Ball|Intercept|Press Proven|Relentless
132035,Andriy Yarmolenko,Moyen,0.364,Moyen,0.339,,,,,estime EA,,
942365,Troy Parrott,Moyen,0.527,Moyen,0.587,Bas,0.058,,,estime EA,,Finesse Shot
924315,Kanya Fujimoto,Haut,0.691,Haut,0.693,,,,,estime EA,,First Touch|Incisive Pass|Inventive
182962,Tom Cairney,Bas,0.236,Bas,0.227,Moyen,0.492,,,estime EA,,
311630,Samu Sáiz,Moyen,0.636,Moyen,0.641,,,,,estime EA,,Gamechanger|Technical
541588,Franco Cervi,Moyen,0.545,Moyen,0.645,,,,,estime EA,,Inventive|Quick Step
729988,Matt Turner,Bas,-0.091,Bas,-0.057,,,,,estime EA,,Far Throw|Footwork
956726,Bart van Rooij,Haut,0.691,Haut,0.673,Haut,0.953,,,estime EA,,Block|Long Throw|Whipped Pass
1281090,Philipp Treu,Haut,0.964,Haut,0.782,Moyen,0.491,,,estime EA,,Anticipate
412762,Matías Kranevitter,Moyen,0.436,Moyen,0.459,Moyen,0.48,,,estime EA,,
605647,Conor Chaplin,Moyen,0.509,Haut,0.661,,,,,estime EA,,Acrobatic|Finesse Shot|Incisive Pass
689302,Ben Sheaf,Moyen,0.618,Moyen,0.39,,,,,estime EA,,Anticipate|Inventive|Press Proven
612277,Lucas Tousart,Haut,0.841,Moyen,0.548,Haut,0.858,,,estime EA,oui,Bruiser|Pinged Pass|Press Proven|Relentless
146801,Hernán Galindez,Bas,-0.218,Bas,-0.158,,,,,estime EA,,Footwork
1305543,Kévin Danois,Moyen,0.636,Moyen,0.427,Haut,0.914,,,estime EA,,
750473,Vaclav Jemelka,Moyen,0.564,Moyen,0.47,Haut,0.759,,,estime EA,,
212156,Pavel Kaderábek,Moyen,0.655,Moyen,0.597,,,,,estime EA,,
741397,Jens Petter Hauge,Haut,0.854,Moyen,0.629,Moyen,0.592,11468,11.1,mesure FotMob,,Finesse Shot|Gamechanger|Technical
773831,Philippe Sandler,Bas,0.145,Bas,0.282,Moyen,0.407,,,estime EA,,Aerial Fortress|Jockey|Long Ball Pass|Long Throw
807148,Luca Pellegrini,Moyen,0.473,Moyen,0.565,Moyen,0.38,,,estime EA,,
1171140,Jaidon Anthony,Haut,0.8,Haut,0.706,Moyen,0.529,,,estime EA,,Dead Ball|Finesse Shot|Technical
1072054,Daniel Maldini,Moyen,0.527,Moyen,0.475,Bas,0.294,,,estime EA,,Technical
1176780,Nnamdi Collins,Moyen,0.397,Moyen,0.549,Haut,0.698,10307,9.6,mesure FotMob,,Slide Tackle
688271,Auston Trusty,Haut,0.745,Moyen,0.644,Bas,0.271,,,estime EA,,
1012842,Gianluca Gaetano,Bas,0.327,Moyen,0.426,Moyen,0.647,,,estime EA,,
1027447,Julián Araujo,Haut,0.75,Haut,0.858,,,,,estime EA,oui,Relentless|Slide Tackle
1067763,Trai Hume,Haut,0.782,Haut,0.689,Moyen,0.467,,,estime EA,,Block|Long Ball Pass|Slide Tackle
1310270,Kamory Doumbia,Moyen,0.545,Moyen,0.513,Haut,0.956,,,estime EA,,Intercept
1282582,Tom Rothe,Haut,0.673,Moyen,0.533,Haut,0.849,,,estime EA,,Long Throw|Whipped Pass
1173684,Gabriel Silva,Moyen,0.582,Haut,0.792,Bas,0.159,,,estime EA,,Dead Ball|Gamechanger|Quick Step|Technical
528453,Harry Winks,Moyen,0.618,Moyen,0.379,,,,,estime EA,,Long Ball Pass
619513,Eldor Shomurodov,Moyen,0.418,Moyen,0.594,Bas,0.051,,,estime EA,,Chip Shot|Enforcer
942549,Billy Gilmour,Moyen,0.473,Moyen,0.484,Haut,0.781,,,estime EA,,
1125720,Robin Roefs,Bas,-0.309,Bas,-0.236,Haut,0.771,,,estime EA,,Far Reach|Footwork
1292833,Tyler Dibling,Moyen,0.491,Moyen,0.583,Haut,0.869,,,estime EA,,Incisive Pass|Technical
888167,Kike Pérez,Moyen,0.545,Moyen,0.442,,,,,estime EA,,First Touch|Press Proven
1187389,Kilian Fischer,Haut,0.8,Haut,0.757,Moyen,0.381,,,estime EA,,
1396372,Mika Godts,Bas,0.16,Haut,0.786,Bas,0.317,9767,13.3,mesure FotMob,,Technical
1146376,Eren Dinkci,Haut,0.691,Haut,0.744,Moyen,0.629,,,estime EA,,Finesse Shot|Rapid
187358,Florian Kainz,Moyen,0.509,Moyen,0.499,,,,,estime EA,,Dead Ball|Incisive Pass|Whipped Pass
282281,Denis Suárez,Bas,0.2,Bas,0.283,Haut,0.808,,,estime EA,,Technical
914402,Jack Clarke,Haut,0.673,Haut,0.666,,,,,estime EA,,Technical
949647,Becir Omeragic,Moyen,0.509,Moyen,0.519,,,,,estime EA,,
1102240,Casper Tengstedt,Moyen,0.582,Moyen,0.64,Bas,0.012,,,estime EA,,
1482294,Conrad Harder,Moyen,0.418,Moyen,0.513,Bas,0.145,,,estime EA,,Enforcer|Power Shot
819215,Lloyd Kelly,Bas,0.304,Moyen,0.345,Haut,0.686,10112,7.6,mesure FotMob,,Jockey|Long Ball Pass|Long Throw|Slide Tackle
1155675,Jakob Breum,Haut,1,Haut,0.915,Bas,0.322,,,estime EA,oui,Relentless
196308,Matej Vydra,Moyen,0.473,Moyen,0.576,,,,,estime EA,,Finesse Shot
447367,Ali Sowe,Moyen,0.618,Moyen,0.583,Bas,0.031,,,estime EA,,Enforcer
612150,Dominic Calvert-Lewin,Moyen,0.4,Moyen,0.424,Bas,0.039,,,estime EA,,Aerial Fortress
1208987,Óscar Aranda,Bas,0.236,Moyen,0.461,,,,,estime EA,,Dead Ball|Gamechanger|Technical|Trickster
915156,Christos Mandas,Bas,-0.309,Bas,-0.307,,,,,estime EA,,
290604,Joel Pohjanpalo,Moyen,0.618,Moyen,0.491,,,,,estime EA,,Aerial Fortress|Enforcer|Precision Header|Press Proven
671855,Fran Navarro,Haut,0.709,Moyen,0.629,Bas,0.019,,,estime EA,,Finesse Shot|First Touch
1091193,Maduka Okoye,Bas,-0.109,Bas,-0.217,Bas,0.234,,,estime EA,,
1203490,Daan Rots,Moyen,0.618,Haut,0.685,Moyen,0.568,,,estime EA,,Incisive Pass|Inventive|Rapid
117541,Tjaronn Chery,Haut,0.673,Moyen,0.645,Bas,0.052,,,estime EA,,Dead Ball|Finesse Shot|Gamechanger|Incisive Pass|Low Driven Shot|Power Shot
1069536,Anass Zaroury,Moyen,0.6,Haut,0.708,Moyen,0.388,,,estime EA,,Precision Header|Technical
1228558,Andreas Schjelderup,Moyen,0.414,Haut,0.738,Moyen,0.55,10346,12.6,mesure FotMob,,Finesse Shot|Technical
1322858,Pablo Durán,Moyen,0.582,Moyen,0.548,Bas,0.09,,,estime EA,,
1280225,Estéban Lepaul,Haut,0.745,Haut,0.674,Bas,0.004,,,estime EA,,Gamechanger
465726,Nikola Storm,Moyen,0.527,Moyen,0.587,Bas,0.104,,,estime EA,,Finesse Shot|Low Driven Shot
1011117,Robert Navarro,Moyen,0.515,Haut,0.882,Moyen,0.494,10565,14.2,mesure FotMob,,Gamechanger|Technical
892751,Alan,Haut,0.727,Haut,0.688,Bas,0.067,,,estime EA,,Dead Ball
1359970,Ruben van Bommel,Moyen,0.455,Moyen,0.609,Haut,0.925,,,estime EA,,Finesse Shot|First Touch|Rapid
573756,Jesús Imaz,Haut,0.782,Moyen,0.648,Bas,0.029,,,estime EA,,Finesse Shot|First Touch|Low Driven Shot|Precision Header|Technical
1079103,Jacob Greaves,Moyen,0.564,Moyen,0.5,,,,,estime EA,,Aerial Fortress
1233404,Pablo Torre,Moyen,0.564,Moyen,0.592,Moyen,0.504,,,estime EA,,
1430151,Brajan Gruda,Moyen,0.473,Moyen,0.576,Haut,0.748,,,estime EA,,First Touch|Long Throw|Pinged Pass|Technical
1486264,Claudio Echeverri,Bas,0.273,Moyen,0.587,Bas,0.241,,,estime EA,,
1388678,Clément Akpa,Moyen,0.491,Moyen,0.512,Moyen,0.464,,,estime EA,,
793820,Anel Ahmedhodzic,Moyen,0.655,Moyen,0.526,Moyen,0.611,,,estime EA,,
866517,Myron Boadu,Moyen,0.6,Haut,0.667,,,,,estime EA,,
1102289,Juan Iglesias,Moyen,0.636,Moyen,0.621,Haut,0.786,,,estime EA,,Block|Intercept|Long Throw
1097229,Orri Óskarsson,Moyen,0.582,Moyen,0.568,Bas,0.01,,,estime EA,,
1077653,Valentin Gendrey,Haut,0.691,Haut,0.703,,,,,estime EA,,Anticipate|Whipped Pass
501568,Davie Selke,Moyen,0.6,Moyen,0.535,Bas,0.012,,,estime EA,,Aerial Fortress|Enforcer
671326,Nuno da Costa,Moyen,0.527,Moyen,0.618,Haut,0.699,,,estime EA,,Precision Header|Quick Step|Technical
873014,Oliver Skipp,Moyen,0.455,Moyen,0.426,,,,,estime EA,,Bruiser|Slide Tackle
966146,Zuriko Davitashvili,Haut,0.673,Haut,0.727,,,,,estime EA,,Gamechanger|Inventive|Technical
191873,Juanmi,Moyen,0.491,Moyen,0.552,,,,,estime EA,,
252650,Gianluca Caprari,Moyen,0.436,Moyen,0.551,,,,,estime EA,,First Touch|Gamechanger|Incisive Pass|Inventive
529625,Andrés Cubas,Haut,0.836,Moyen,0.64,Haut,0.984,,,estime EA,,Slide Tackle
445856,Wesley Saïd,Moyen,0.455,Moyen,0.507,Bas,0.095,,,estime EA,,Gamechanger|Technical
924485,Mark McKenzie,Moyen,0.636,Moyen,0.641,Moyen,0.386,,,estime EA,,
955572,Danylo Sikan,Moyen,0.509,Moyen,0.59,,,,,estime EA,,
1408580,Joaquín Panichelli,Moyen,0.618,Moyen,0.471,Bas,0.208,,,estime EA,,Precision Header|Press Proven
1624039,Jesús Rodríguez,Bas,0.291,Moyen,0.554,Moyen,0.414,,,estime EA,,
365672,Sofiane Boufal,Bas,0.309,Moyen,0.5,Haut,0.932,,,estime EA,,Finesse Shot|Inventive|Technical
412357,Paul Onuachu,Bas,0.2,Bas,0.222,Bas,0.066,,,estime EA,,Aerial Fortress|Enforcer|Gamechanger|Precision Header
500502,Adam Masina,Bas,0.236,Bas,0.247,,,,,estime EA,,Slide Tackle
847629,Derek Cornelius,Moyen,0.545,Moyen,0.432,Moyen,0.405,,,estime EA,,
846009,Adam Idah,Moyen,0.491,Moyen,0.542,,,,,estime EA,,Gamechanger|Press Proven
1085401,David Zima,Moyen,0.378,Moyen,0.403,Moyen,0.619,10278,8.2,mesure FotMob,,Jockey
963965,Fabio Carvalho,Moyen,0.4,Moyen,0.536,,,,,estime EA,,Technical
912342,Julien Le Cardinal,Haut,0.673,Moyen,0.523,,,,,estime EA,,
1288187,Gabriel Pereira,Moyen,0.344,Bas,0.213,Moyen,0.463,10212,5.8,mesure FotMob,,Long Ball Pass
509151,Oli McBurnie,Moyen,0.582,Moyen,0.416,,,,,estime EA,,Enforcer
966021,Taylor Harwood-Bellis,Moyen,0.618,Moyen,0.491,,,,,estime EA,,Block|Long Ball Pass
1198712,Martin Vitík,Moyen,0.418,Moyen,0.483,Haut,0.666,,,estime EA,,Intercept
1281107,Max Rosenfelder,Moyen,0.418,Moyen,0.513,Haut,0.695,,,estime EA,,Anticipate
1311915,Ilias Akhomach,Moyen,0.509,Moyen,0.59,Haut,0.752,,,estime EA,,
561869,Haris Belkebla,Haut,0.986,Moyen,0.596,Haut,0.791,,,estime EA,oui,Relentless
740161,David Okereke,Moyen,0.545,Moyen,0.615,,,,,estime EA,,First Touch
1200630,Koni De Winter,Moyen,0.655,Moyen,0.516,Bas,0.315,,,estime EA,,
988769,Mojmír Chytil,Moyen,0.618,Moyen,0.563,,,,,estime EA,,
449241,Adnan Januzaj,Bas,0.273,Moyen,0.404,,,,,estime EA,,Inventive|Long Ball Pass|Pinged Pass|Technical
1177779,Alidu Seidu,Bas,0.2,Bas,0.324,Haut,0.974,,,estime EA,,Anticipate|Block|Long Throw
951773,Vasil Kusej,Haut,0.662,Haut,0.826,,,10861,13.6,mesure FotMob,,Quick Step|Technical
922892,Sebastiaan Bornauw,Bas,0.236,Moyen,0.359,Bas,0.266,,,estime EA,,Block
845998,Antonio Blanco,Moyen,0.6,Moyen,0.352,Haut,0.967,,,estime EA,,Intercept
1391209,Jair Cunha,Moyen,0.545,Moyen,0.462,Bas,0.214,,,estime EA,,
509349,Asger Sørensen,Moyen,0.473,Bas,0.179,,,,,estime EA,,Intercept|Long Ball Pass
574200,Eric Bailly,Bas,0.091,Bas,0.219,Moyen,0.464,,,estime EA,,Slide Tackle
1197039,Martín Satriano,Moyen,0.455,Moyen,0.426,Bas,0.212,,,estime EA,,
1179331,Mohamed Abdelmonem,Moyen,0.418,Moyen,0.401,,,,,estime EA,,
942393,Ayase Ueda,Moyen,0.582,Moyen,0.589,Bas,0.043,,,estime EA,,Precision Header
1407468,Santiago Mouriño,Bas,0.204,Moyen,0.369,Haut,0.991,9924,8.1,mesure FotMob,,
1257305,Sorriso,Moyen,0.473,Moyen,0.586,Haut,0.701,,,estime EA,,Gamechanger
115180,Domagoj Vida,Moyen,0.582,Moyen,0.446,,,,,estime EA,,Anticipate|Block|Intercept|Precision Header
1368557,Gift Orban,Moyen,0.364,Moyen,0.532,Bas,0.023,,,estime EA,,First Touch|Power Shot
958232,Samuel Essende,Moyen,0.636,Moyen,0.6,Moyen,0.486,,,estime EA,,Enforcer
1186780,Alexandre Penetra,Moyen,0.636,Moyen,0.499,Moyen,0.34,,,estime EA,,Anticipate|Block
1355636,Arthur Chaves,Haut,0.709,Moyen,0.629,Moyen,0.556,,,estime EA,,Bruiser
1367924,Can Uzun,Haut,0.952,Bas,0.208,Moyen,0.471,11881,6.4,mesure FotMob,,Finesse Shot|First Touch|Gamechanger|Technical
446392,Jon Gorenc-Stankovic,Haut,0.8,Moyen,0.33,Haut,0.854,,,estime EA,,Aerial Fortress|Intercept|Precision Header
760398,Cédric Kipré,Moyen,0.655,Moyen,0.506,,,,,estime EA,,Bruiser|Intercept|Precision Header
858198,Sasa Kalajdzic,Bas,0.018,Bas,0.119,,,,,estime EA,,
150389,Massimo Coda,Moyen,0.509,Moyen,0.488,,,,,estime EA,,Finesse Shot|Gamechanger|Incisive Pass
821728,Jorge Cuenca,Moyen,0.473,Moyen,0.453,Moyen,0.488,,,estime EA,,Precision Header
853108,Jean-Philippe Krasso,Moyen,0.527,Moyen,0.465,Bas,0.141,,,estime EA,,Enforcer|Incisive Pass|Press Proven
557799,Duje Caleta-Car,Bas,0.327,Bas,0.273,Bas,0.31,,,estime EA,,Aerial Fortress|Bruiser
796504,Barnabás Varga,Moyen,0.527,Moyen,0.496,Haut,0.81,,,estime EA,,Aerial Fortress
458976,Hauke Wahl,Haut,0.709,Bas,0.294,Moyen,0.473,,,estime EA,,Block|Slide Tackle
864066,Ousseynou Ba,Moyen,0.582,Moyen,0.517,Bas,0.222,,,estime EA,,Aerial Fortress|Anticipate|Bruiser
750880,Ardian Ismajli,Moyen,0.582,Moyen,0.497,Moyen,0.505,,,estime EA,,Bruiser|Intercept|Slide Tackle
197352,Juan Jesus,Moyen,0.416,Moyen,0.364,Haut,0.784,10347,7.5,mesure FotMob,,Long Ball Pass
1321562,Diego Coppola,Moyen,0.509,Bas,0.326,Bas,0.169,,,estime EA,,Aerial Fortress|Intercept
1231677,Zeno Van Den Bosch,Moyen,0.382,Bas,0.275,,,,,estime EA,,Intercept|Long Ball Pass|Press Proven
690302,Rick van Drongelen,Moyen,0.527,Moyen,0.384,Moyen,0.635,,,estime EA,,Aerial Fortress|Block|Precision Header|Slide Tackle
530858,Marvin Friedrich,Bas,0.273,Bas,0.251,,,,,estime EA,,Anticipate
831474,Marin Pongracic,Moyen,0.418,Bas,0.33,Moyen,0.576,,,estime EA,,Intercept|Long Ball Pass
1254217,Carlos Domínguez,Bas,0.309,Bas,0.286,Haut,0.797,,,estime EA,,
1206806,Kialonda Gaspar,Haut,0.709,Moyen,0.518,Bas,0.16,,,estime EA,,
193927,Paulo Oliveira,Moyen,0.491,Bas,0.318,Bas,0.205,,,estime EA,,Slide Tackle
205893,Jannik Vestergaard,Bas,0.255,Bas,-0.01,,,,,estime EA,,Bruiser|Long Ball Pass
299981,Pablo Marí,Moyen,0.473,Bas,0.281,Moyen,0.607,,,estime EA,,Intercept|Long Ball Pass|Precision Header
956921,Abdelkabir Abqar,Moyen,0.418,Bas,0.116,Haut,0.702,,,estime EA,,Anticipate
1186444,Charlie Cresswell,Moyen,0.455,Moyen,0.334,Bas,0.276,,,estime EA,,Aerial Fortress|Block|Precision Header|Slide Tackle
566425,Domingos Duarte,Moyen,0.473,Bas,0.291,Bas,0.228,,,estime EA,,Slide Tackle
1529222,Pietro Comuzzo,Moyen,0.527,Moyen,0.343,Moyen,0.378,,,estime EA,,
420731,Gautier Lloris,Moyen,0.564,Bas,0.185,Moyen,0.458,,,estime EA,,Aerial Fortress|Intercept|Precision Header
193901,Stefan Bell,Bas,0.164,Bas,-0.006,Moyen,0.564,,,estime EA,,
817821,Darius Olaru,Haut,0.818,Haut,0.734,Haut,0.947,,,estime EA,,Incisive Pass|Inventive|Low Driven Shot|Technical
358936,Ozan Tufan,Moyen,0.636,Moyen,0.59,Haut,0.769,,,estime EA,,Precision Header
1091907,Fisayo Dele-Bashiru,Moyen,0.564,Moyen,0.622,Bas,0.098,,,estime EA,,Power Shot|Rapid
671159,Olivier Ntcham,Haut,0.673,Moyen,0.574,Moyen,0.524,,,estime EA,,Incisive Pass|Technical
887689,Claudio Gomes,Haut,0.818,Haut,0.805,,,,,estime EA,,Anticipate|Jockey|Quick Step
1018564,Nicolás Capaldo,Haut,1,Haut,0.89,Haut,0.936,,,estime EA,oui,Relentless
214570,Jeffrey Schlupp,Moyen,0.6,Moyen,0.586,,,,,estime EA,,
686460,Santiago Colombatto,Haut,0.818,Moyen,0.653,Moyen,0.617,,,estime EA,,Aerial Fortress|Dead Ball|Incisive Pass|Long Ball Pass
523193,Josh Laurent,Haut,0.909,Haut,0.73,Moyen,0.657,,,estime EA,,
1215062,Matej Rynes,Moyen,0.618,Moyen,0.603,,,,,estime EA,,Power Shot
1097009,Oliver Sørensen,Haut,0.945,Haut,0.673,Bas,0.101,,,estime EA,,Aerial Fortress
1354561,Diego Gómez,Moyen,0.545,Moyen,0.523,Haut,0.931,,,estime EA,,
902969,Francisco Ortega,Moyen,0.332,Moyen,0.489,Moyen,0.593,10180,9.5,mesure FotMob,,Quick Step|Rapid
850288,Miguel Crespo,Haut,0.895,Haut,0.774,Haut,0.738,,,estime EA,oui,Relentless|Slide Tackle
308841,Ivan Schranz,Haut,0.691,Moyen,0.642,,,,,estime EA,,
866570,Luke McCowan,Haut,0.691,Haut,0.683,,,,,estime EA,,Technical
1477878,Anan Khalaili,Moyen,0.448,Haut,0.942,Haut,0.997,10441,15.9,mesure FotMob,,Inventive
947884,Wouter Burger,Haut,0.764,Moyen,0.651,Haut,0.882,,,estime EA,,Aerial Fortress|Intercept|Slide Tackle
1247323,David Jurasek,Moyen,0.636,Haut,0.702,Moyen,0.554,,,estime EA,,Long Ball Pass|Pinged Pass|Press Proven|Whipped Pass
861668,Dejan Ljubicic,Haut,0.877,Haut,0.715,Moyen,0.363,,,estime EA,oui,Relentless
1055327,Antonio Sánchez,Haut,0.818,Moyen,0.643,Moyen,0.649,,,estime EA,,
1049004,Oliver Edvardsen,Haut,0.691,Haut,0.764,Moyen,0.624,,,estime EA,,Gamechanger|Rapid
556027,Maximilian Wittek,Haut,0.709,Haut,0.67,,,,,estime EA,,Power Shot|Whipped Pass
767716,Aurélio Buta,Moyen,0.618,Haut,0.756,,,,,estime EA,,
958010,Amar Dedic,Moyen,0.49,Haut,0.746,Moyen,0.634,10507,12.3,mesure FotMob,,Technical
1203528,Alvyn Sanches,Haut,0.745,Haut,0.756,,,,,estime EA,,Anticipate|First Touch|Inventive|Press Proven
1300526,Nico O'Reilly,Haut,0.747,Haut,0.683,Moyen,0.606,11077,11.6,mesure FotMob,,
166934,Stefan Schwab,Moyen,0.564,Moyen,0.449,,,,,estime EA,,Long Ball Pass|Precision Header
794393,Adrian Beck,Haut,0.859,Haut,0.688,Haut,0.917,,,estime EA,oui,Relentless
1239749,Mandela Keita,Haut,0.709,Haut,0.67,Haut,0.806,,,estime EA,,
1187240,Busanello,Haut,1,Haut,0.845,Haut,0.692,,,estime EA,oui,Anticipate|Block|Incisive Pass|Intercept|Jockey|Relentless|Whipped Pass
429955,John Lundstram,Haut,0.782,Moyen,0.526,,,,,estime EA,,Long Ball Pass|Power Shot
541933,Mama Baldé,Moyen,0.636,Haut,0.712,Haut,0.691,,,estime EA,,Quick Step
873559,Zian Flemming,Haut,0.764,Moyen,0.56,Bas,0.095,,,estime EA,,Inventive|Long Throw|Precision Header
1106599,Thibo Somers,Haut,0.891,Haut,0.773,,,,,estime EA,,Aerial Fortress|Gamechanger|Long Throw|Precision Header|Rapid
1185609,Robin Fellhauer,Haut,0.909,Haut,0.689,Moyen,0.49,,,estime EA,,Aerial Fortress|Anticipate|Intercept
586474,Kingsley Ehizibue,Haut,0.673,Haut,0.747,Moyen,0.408,,,estime EA,,
1111980,Youri Regeer,Haut,0.694,Moyen,0.648,Haut,0.902,10947,11.3,mesure FotMob,,First Touch|Tiki Taka
850295,Alessio Zerbin,Haut,0.691,Moyen,0.622,Moyen,0.337,,,estime EA,,Technical
687868,Jeffrey De Lange,Bas,-0.255,Bas,0.081,Bas,0.312,,,estime EA,,Far Throw|Long Ball Pass
632870,Håkon Evjen,Haut,0.988,Moyen,0.62,Haut,0.69,12269,11.2,mesure FotMob,,Inventive|Technical|Trickster
1081025,Mads Bidstrup,Haut,0.818,Moyen,0.602,,,,,estime EA,,Aerial Fortress|Anticipate|Jockey|Press Proven
1162410,Berkan Kutlu,Haut,0.859,Haut,0.79,Haut,0.678,,,estime EA,oui,Relentless
978170,Tomi Horvat,Haut,0.709,Moyen,0.609,Haut,0.767,,,estime EA,,Dead Ball|Technical
1427819,Hugo Rincon,Haut,0.764,Haut,0.712,Moyen,0.614,,,estime EA,,
352023,Deniz Türüc,Haut,0.673,Moyen,0.605,Bas,0.249,,,estime EA,,Incisive Pass|Power Shot|Whipped Pass
759801,Callum O'Hare,Haut,0.95,Haut,0.867,,,,,estime EA,oui,Inventive|Relentless|Technical
874621,Martín Payero,Moyen,0.527,Moyen,0.516,Moyen,0.558,,,estime EA,,
1000428,Isak Bergmann Johannesson,Haut,1,Haut,0.839,Bas,0.122,,,estime EA,oui,Incisive Pass|Long Ball Pass|Relentless|Technical
1051415,Jason Knight,Haut,1,Haut,0.871,,,,,estime EA,oui,Aerial Fortress|Intercept|Precision Header|Relentless
1074967,Ramiz Zerrouki,Haut,0.727,Moyen,0.545,Haut,0.863,,,estime EA,,Intercept
1414777,Sebastián Boselli,Haut,0.8,Moyen,0.625,,,,,estime EA,,
1430406,Andrés García,Moyen,0.618,Moyen,0.624,,,,,estime EA,,
115512,David Simao,Moyen,0.6,Moyen,0.464,Haut,0.766,,,estime EA,,Intercept
463284,Marko Grujic,Moyen,0.436,Bas,0.307,,,,,estime EA,,Aerial Fortress|Bruiser|Intercept|Pinged Pass|Slide Tackle
862716,Carlo Holse,Haut,0.764,Haut,0.722,Moyen,0.538,,,estime EA,,Inventive|Low Driven Shot|Technical|Whipped Pass
923298,Pablo Martinez,Haut,0.8,Moyen,0.645,Bas,0.226,,,estime EA,,Long Ball Pass|Press Proven
1256178,Bjorn Meijer,Haut,0.673,Moyen,0.503,,,,,estime EA,,
1202883,Matej Jurásek,Moyen,0.473,Moyen,0.596,,,,,estime EA,,Finesse Shot|Technical
240236,Massadio Haïdara,Haut,0.691,Moyen,0.622,Bas,0.301,,,estime EA,,Slide Tackle
448859,Mijat Gacinovic,Moyen,0.636,Haut,0.661,,,,,estime EA,,Technical
841705,Arnaud Bodart,Bas,-0.364,Bas,0.038,,,,,estime EA,,Far Reach
955596,Berat Özdemir,Haut,0.818,Haut,0.673,Haut,0.725,,,estime EA,,Aerial Fortress|Anticipate|Intercept|Jockey|Long Ball Pass
1130330,Josh Doig,Haut,0.986,Haut,0.84,Bas,0.288,,,estime EA,oui,Long Throw|Rapid|Relentless|Whipped Pass
541565,Lukás Sadílek,Haut,1,Haut,0.804,,,,,estime EA,oui,Long Throw|Relentless
915238,Antoine Makoumbou,Haut,0.764,Moyen,0.651,Moyen,0.38,,,estime EA,,Inventive
181433,Cláudio Ramos,Bas,0.073,Bas,0.182,,,,,estime EA,,Far Reach|Far Throw|Footwork
538329,Ebou Adams,Haut,0.945,Haut,0.734,,,,,estime EA,,Aerial Fortress|Slide Tackle
639558,Amir Hadziahmetovic,Haut,0.727,Moyen,0.555,,,,,estime EA,,
977404,César Huerta,Haut,0.709,Haut,0.721,,,,,estime EA,,Rapid
1323510,Alberto Reina,Haut,0.841,Haut,0.67,Moyen,0.359,,,estime EA,oui,Intercept|Long Ball Pass|Precision Header|Relentless
350472,Kevin Mbabu,Moyen,0.636,Haut,0.692,,,,,estime EA,,Jockey|Long Throw|Rapid|Slide Tackle|Whipped Pass
300918,Ricardo Esgaio,Moyen,0.473,Moyen,0.464,Haut,0.712,,,estime EA,,Anticipate
667952,Samu,Haut,0.914,Haut,0.781,Moyen,0.474,,,estime EA,oui,Aerial Fortress|First Touch|Incisive Pass|Relentless|Technical
658440,Tim Skarke,Moyen,0.564,Haut,0.693,Bas,0.297,,,estime EA,,Finesse Shot|Power Shot|Rapid
982394,Hayden Hackney,Haut,0.8,Moyen,0.574,,,,,estime EA,,Inventive|Long Ball Pass|Press Proven
154280,Jordan Ayew,Moyen,0.509,Moyen,0.488,,,,,estime EA,,Press Proven
877568,Jordan Holsgrove,Haut,0.709,Moyen,0.619,Haut,0.727,,,estime EA,,Dead Ball|Finesse Shot
695405,Hervé Koffi,Bas,-0.182,Bas,0.11,Haut,0.842,,,estime EA,,Far Throw
588562,Mihailo Ristic,Haut,0.673,Moyen,0.595,Haut,0.67,,,estime EA,,
622091,Borna Sosa,Moyen,0.618,Moyen,0.573,Bas,0.263,,,estime EA,,Inventive
1053685,Dion Lopy,Haut,0.727,Moyen,0.525,,,,,estime EA,,Aerial Fortress|Bruiser|Long Ball Pass|Press Proven
1254218,Hugo Sotelo,Moyen,0.582,Moyen,0.578,Haut,0.793,,,estime EA,,
1287941,Gabri Martínez,Haut,0.764,Haut,0.733,Haut,0.904,,,estime EA,,
1305787,Elias Jelert,Haut,0.709,Haut,0.721,,,,,estime EA,,Anticipate|Rapid
1085674,Samuel Dahl,Haut,0.668,Haut,0.739,Haut,0.795,10873,12.7,mesure FotMob,,
1331249,Adama Boiro,Moyen,0.409,Haut,0.834,Moyen,0.619,10334,14.2,mesure FotMob,,
493468,Mamadou Fall,Moyen,0.655,Haut,0.709,Bas,0.301,,,estime EA,,Precision Header|Rapid
881558,Max Bird,Haut,0.855,Moyen,0.627,,,,,estime EA,,
1276312,Antoni Milambo,Haut,0.745,Moyen,0.644,,,,,estime EA,,First Touch
1553515,Djaoui Cissé,Moyen,0.618,Moyen,0.491,Haut,0.868,,,estime EA,,
181920,Francesco Bardi,Bas,-0.2,Bas,0.032,,,,,estime EA,,Far Reach|Footwork
575780,Paddy McNair,Moyen,0.655,Moyen,0.486,,,,,estime EA,,Long Ball Pass
469701,Mahmoud Dahoud,Moyen,0.545,Moyen,0.574,Moyen,0.591,,,estime EA,,Press Proven
609504,Oliver Burke,Moyen,0.527,Haut,0.719,Bas,0.065,,,estime EA,,Quick Step|Rapid
624596,Georgiy Dzhikiya,Moyen,0.564,Moyen,0.612,Bas,0.017,,,estime EA,,Long Ball Pass|Slide Tackle
769644,Abdelhamid Sabiri,Moyen,0.618,Moyen,0.532,,,,,estime EA,,Technical
1285528,João Mendes,Moyen,0.618,Moyen,0.522,Moyen,0.419,,,estime EA,,
1129081,Marcelino Núñez,Haut,0.745,Moyen,0.532,,,,,estime EA,,Incisive Pass|Inventive|Long Ball Pass
1049679,David Møller Wolfe,Haut,0.914,Haut,0.832,Bas,0.119,,,estime EA,oui,Rapid|Relentless
1218556,Kian Fitz-Jim,Haut,0.891,Haut,0.743,Haut,0.998,,,estime EA,,First Touch|Tiki Taka
107917,Jason Steele,Bas,-0.2,Bas,-0.07,Bas,0.184,,,estime EA,,Footwork
186054,Joel Robles,Bas,-0.273,Bas,-0.038,Moyen,0.403,,,estime EA,,Footwork
260470,Leonardo Bittencourt,Moyen,0.6,Moyen,0.596,Haut,0.93,,,estime EA,,Finesse Shot|Technical
264190,Thorgan Hazard,Moyen,0.655,Moyen,0.618,,,,,estime EA,,Technical
291643,Paul Nardi,Bas,-0.364,Bas,-0.003,,,,,estime EA,,Footwork
793905,Dujon Sterling,Moyen,0.491,Moyen,0.522,,,,,estime EA,,Bruiser
1136097,Aidan Morris,Haut,0.745,Moyen,0.593,,,,,estime EA,,Long Ball Pass
1184663,Miguel Rodriguez,Moyen,0.655,Moyen,0.648,Haut,0.833,,,estime EA,,
450739,Alexander Schlager,Bas,-0.291,Bas,-0.055,Bas,0.293,,,estime EA,,Far Reach|Footwork
561164,Lucas Boye,Moyen,0.545,Moyen,0.493,Moyen,0.406,,,estime EA,,First Touch|Gamechanger|Power Shot
435513,Ryan Manning,Haut,0.8,Moyen,0.615,Haut,0.849,,,estime EA,,Dead Ball|Whipped Pass
816222,Tiago Esgaio,Haut,0.727,Moyen,0.627,Moyen,0.401,,,estime EA,,Aerial Fortress|Block|Intercept|Long Ball Pass|Long Throw
1336582,Máximo Perrone,Haut,0.673,Moyen,0.595,Moyen,0.475,,,estime EA,,
846023,Gabriel Batista,Bas,-0.182,Bas,-0.063,Moyen,0.534,,,estime EA,,
23354,Ashley Young,Moyen,0.418,Bas,0.31,,,,,estime EA,,Jockey
493196,Carlos Mané,Moyen,0.491,Haut,0.674,Moyen,0.549,,,estime EA,,Rapid
769335,Pol Lirola,Moyen,0.6,Moyen,0.545,,,,,estime EA,,
864236,Patrick Soko,Haut,0.709,Haut,0.802,,,,,estime EA,,Incisive Pass|Quick Step|Rapid
181873,Alexandros Paschalakis,Bas,-0.036,Bas,0.118,,,,,estime EA,,
914401,Oriol Rey,Haut,0.818,Moyen,0.48,Bas,0.327,,,estime EA,,Long Ball Pass|Tiki Taka
1067553,Philip Otele,Moyen,0.618,Haut,0.776,Moyen,0.356,,,estime EA,,Acrobatic|Precision Header|Rapid
617396,Dereck Kutesa,Moyen,0.582,Haut,0.711,,,,,estime EA,,Finesse Shot|Incisive Pass|Low Driven Shot|Quick Step|Rapid
1301517,Enzo Leopold,Haut,1,Haut,0.842,,,,,estime EA,oui,Long Ball Pass|Press Proven|Relentless
1241957,Matías Galarza,Moyen,0.382,Moyen,0.346,,,,,estime EA,,Precision Header
282012,Dennis Praet,Moyen,0.582,Moyen,0.507,,,,,estime EA,,Inventive|Technical
940442,Tommy Doyle,Moyen,0.545,Moyen,0.472,,,,,estime EA,,Pinged Pass
419207,John Souttar,Moyen,0.473,Moyen,0.484,,,,,estime EA,,Aerial Fortress|Block|Bruiser|Long Ball Pass|Pinged Pass
299875,Matteo Brunori,Haut,0.727,Haut,0.708,,,,,estime EA,,Gamechanger|Incisive Pass|Technical
1200631,Lesley Ugochukwu,Moyen,0.545,Moyen,0.462,Moyen,0.526,,,estime EA,,Press Proven
1050828,Mario Soriano,Moyen,0.436,Moyen,0.591,,,,,estime EA,,Rapid
169756,Adrián,Bas,-0.036,Bas,0.026,Moyen,0.373,,,estime EA,,Footwork
488624,Alex Mowatt,Haut,0.945,Moyen,0.49,,,,,estime EA,,Aerial Fortress|First Touch|Long Ball Pass|Slide Tackle
508889,Naby Keïta,Bas,0.182,Moyen,0.378,,,,,estime EA,,Technical
530197,Manolis Saliakas,Haut,0.782,Haut,0.689,Haut,0.735,,,estime EA,,Long Ball Pass|Long Throw
683473,Kelvin Amian,Haut,0.745,Haut,0.674,Bas,0.136,,,estime EA,,Rapid
674518,Toni Lato,Moyen,0.455,Moyen,0.548,Moyen,0.437,,,estime EA,,
796398,Kjell Scherpen,Bas,0.002,Bas,0.012,Bas,0.251,4765,0.0,mesure FotMob,,Cross Claimer|Far Throw
1293912,Pablo Marín,Moyen,0.418,Moyen,0.442,Bas,0.275,,,estime EA,,
704138,Abdülkadir Ömür,Moyen,0.636,Haut,0.692,Moyen,0.477,,,estime EA,,Finesse Shot|Technical
1042347,Diant Ramaj,Bas,-0.036,Bas,-0.137,Haut,0.872,,,estime EA,,Deflector|Long Ball Pass|Pinged Pass
1328857,Caspar Jander,Haut,0.855,Haut,0.718,,,,,estime EA,,First Touch|Inventive|Press Proven
160447,Adam Smith,Moyen,0.436,Bas,0.317,Bas,0.089,,,estime EA,,
164246,Nick Viergever,Moyen,0.527,Moyen,0.435,Bas,0.139,,,estime EA,,Slide Tackle
660132,Pantelis Hatzidiakos,Bas,0.196,Bas,0.278,Bas,0.043,9901,6.9,mesure FotMob,,Bruiser|Long Throw
1109476,Jacob Ondrejka,Bas,0.327,Moyen,0.528,Bas,0.092,,,estime EA,,Finesse Shot|Incisive Pass|Rapid|Whipped Pass
949321,Daniel Peretz,Bas,-0.182,Bas,-0.174,Moyen,0.352,,,estime EA,,
120569,Robin Olsen,Bas,-0.055,Bas,-0.113,,,,,estime EA,,
655095,Isac Lidberg,Haut,0.968,Haut,0.854,,,,,estime EA,oui,Acrobatic|Enforcer|Gamechanger|Relentless
683476,Mathieu Cafaro,Haut,0.727,Haut,0.688,,,,,estime EA,,Technical|Whipped Pass
767014,Rémy Descamps,Bas,-0.218,Bas,-0.036,Bas,0.285,,,estime EA,,
640238,Nacho Vidal,Moyen,0.418,Moyen,0.503,Moyen,0.434,,,estime EA,,
748380,Abel Ruiz,Haut,0.709,Moyen,0.599,,,,,estime EA,,
307317,Vladimír Coufal,Moyen,0.418,Moyen,0.391,Haut,0.781,,,estime EA,,Jockey|Long Throw|Whipped Pass
630168,Ignacio de Arruabarrena,Bas,-0.327,Bas,-0.131,Haut,0.831,,,estime EA,,
38807,James Milner,Bas,0.127,Bas,0.102,Moyen,0.387,,,estime EA,,
116750,Ricky van Wolfswinkel,Moyen,0.582,Moyen,0.375,Bas,0.224,,,estime EA,,Precision Header
278814,Janis Blaswich,Bas,0.058,Bas,0.006,Moyen,0.333,5345,0.0,mesure FotMob,,Cross Claimer
361403,Karol Linetty,Moyen,0.527,Moyen,0.506,Moyen,0.609,,,estime EA,,
530460,Ivi López,Moyen,0.564,Moyen,0.551,,,,,estime EA,,Dead Ball|Finesse Shot|First Touch|Inventive|Technical
993022,Imrân Louza,Moyen,0.6,Moyen,0.382,,,,,estime EA,,Dead Ball|Incisive Pass|Long Ball Pass|Pinged Pass
792674,Oleksandr Tymchyk,Moyen,0.618,Haut,0.705,,,,,estime EA,,Quick Step
1238058,Bashir Humphreys,Moyen,0.618,Moyen,0.603,Moyen,0.37,,,estime EA,,
210119,Jordan Ferri,Haut,0.727,Moyen,0.474,,,,,estime EA,,
992025,Aleksa Terzic,Moyen,0.636,Haut,0.702,,,,,estime EA,,Rapid|Whipped Pass
1099974,Issa Kaboré,Moyen,0.582,Haut,0.69,,,,,estime EA,,Rapid
690332,Jan Kuchta,Moyen,0.655,Moyen,0.638,,,,,estime EA,,Bruiser
673045,Maurice Neubauer,Haut,0.964,Haut,0.721,,,,,estime EA,,
1190371,Matija Frigan,Moyen,0.655,Haut,0.669,,,,,estime EA,,Low Driven Shot|Precision Header
186748,Pizzi,Bas,0.236,Bas,0.227,Bas,0.042,,,estime EA,,First Touch|Incisive Pass
212815,Timo Horn,Bas,-0.164,Bas,-0.015,,,,,estime EA,,
982692,Karl Hein,Bas,0.0,Bas,-0.071,,,,,estime EA,,
1081288,Morgan Whittaker,Haut,0.673,Moyen,0.635,,,,,estime EA,,Gamechanger
1368654,Chemsdine Talbi,Moyen,0.618,Haut,0.776,Bas,0.063,,,estime EA,,Technical
94841,Sven Ulreich,Bas,-0.2,Bas,-0.07,,,,,estime EA,,
615411,Lawrence Ati-Zigi,Bas,-0.145,Bas,-0.007,,,,,estime EA,,Footwork
305132,Stefano Denswil,Moyen,0.527,Moyen,0.363,Bas,0.15,,,estime EA,,Long Throw|Precision Header|Slide Tackle
786630,Iván Villar,Bas,-0.182,Bas,-0.154,Moyen,0.518,,,estime EA,,Cross Claimer
505059,Branco van den Boomen,Moyen,0.491,Bas,0.288,Moyen,0.548,,,estime EA,,Dead Ball|Inventive|Long Ball Pass|Press Proven|Whipped Pass
760329,Nathan Broadhead,Moyen,0.509,Moyen,0.6,,,,,estime EA,,
767173,Jimmy Dunne,Haut,0.727,Moyen,0.515,,,,,estime EA,,Aerial Fortress|Intercept|Precision Header
768169,Phil Neumann,Haut,0.764,Haut,0.722,,,,,estime EA,,Aerial Fortress|Block|Long Ball Pass|Precision Header|Rapid
848268,Haji Wright,Moyen,0.6,Moyen,0.626,,,,,estime EA,,Chip Shot|Enforcer|Rapid
1421275,Hamza Igamane,Moyen,0.455,Moyen,0.619,Moyen,0.596,,,estime EA,,Finesse Shot|First Touch|Gamechanger|Power Shot|Press Proven|Trickster
92642,Taras Stepanenko,Moyen,0.527,Moyen,0.333,Moyen,0.434,,,estime EA,,Slide Tackle
305148,Okan Kocuk,Bas,-0.309,Bas,-0.215,Bas,0.322,,,estime EA,,Footwork
643228,Alex Palmer,Bas,-0.236,Bas,-0.237,,,,,estime EA,,Cross Claimer|Footwork|Long Ball Pass
799914,Carlos Protesoni,Moyen,0.527,Moyen,0.485,Haut,0.673,,,estime EA,,
1126769,Aral Simsir,Moyen,0.618,Haut,0.664,Moyen,0.625,,,estime EA,,Finesse Shot|Inventive|Long Ball Pass|Quick Step|Technical|Trickster
1092680,Morgan Guilavogui,Moyen,0.618,Moyen,0.624,Haut,0.918,,,estime EA,,
1135820,Daniel Birligea,Haut,0.709,Haut,0.701,,,,,estime EA,,Low Driven Shot|Precision Header
1072317,Tiago Gouveia,Moyen,0.436,Moyen,0.622,Haut,0.861,,,estime EA,,Technical
1284464,Nediljko Labrovic,Bas,-0.218,Bas,-0.077,,,,,estime EA,,
1573126,Marc Bernal,Haut,0.68,Bas,0.329,Haut,0.784,10905,7.4,mesure FotMob,,
259306,Emil Krafth,Bas,0.273,Bas,0.241,,,,,estime EA,,Long Throw
380858,Andreas Gianniotis,Bas,-0.2,Bas,-0.141,Bas,0.296,,,estime EA,,Cross Claimer|Footwork
519835,Adam Armstrong,Moyen,0.509,Moyen,0.651,Bas,0.003,,,estime EA,,Finesse Shot
562906,Patrick Pflucke,Haut,0.727,Haut,0.718,,,,,estime EA,,Finesse Shot|Inventive|Technical|Whipped Pass
690149,Axel Tuanzebe,Moyen,0.509,Moyen,0.549,Bas,0.135,,,estime EA,,
630036,Mateusz Lis,Bas,-0.255,Bas,-0.234,Bas,0.244,,,estime EA,,Footwork
1159181,Javi Lopez,Moyen,0.618,Moyen,0.563,Haut,0.897,,,estime EA,,
839750,Kervin Arriaga,Haut,0.745,Moyen,0.481,Haut,0.913,,,estime EA,,
1429912,Michael Kayode,Moyen,0.436,Moyen,0.49,Haut,0.783,,,estime EA,,Long Throw
478527,Steve Mounié,Moyen,0.473,Bas,0.321,Moyen,0.358,,,estime EA,,Aerial Fortress|Enforcer|Precision Header
803343,Mads Roerslev,Haut,0.673,Moyen,0.533,,,,,estime EA,,
968912,Anthony Patterson,Bas,-0.182,Bas,-0.185,,,,,estime EA,,Far Reach|Far Throw
990989,Giulian Biancone,Moyen,0.502,Moyen,0.42,,,10541,9.1,mesure FotMob,,
844478,Mateu Morey,Moyen,0.509,Moyen,0.56,Moyen,0.656,,,estime EA,,
1124825,Tim Lemperle,Haut,0.691,Moyen,0.653,Bas,0.105,,,estime EA,,
1044029,Nicolò Cambiaghi,Moyen,0.364,Moyen,0.501,Haut,0.77,,,estime EA,,
1319972,Mike Penders,Bas,-0.255,Bas,-0.336,Bas,0.326,,,estime EA,,
161415,Barry Bannan,Haut,0.8,Moyen,0.564,,,,,estime EA,,Dead Ball|Intercept|Long Ball Pass|Slide Tackle
155782,Aaron Cresswell,Bas,0.145,Bas,0.18,,,,,estime EA,,
443966,Jeremy Toljan,Moyen,0.636,Haut,0.702,Bas,0.221,,,estime EA,,Block
825623,Miles Robinson,Haut,0.691,Haut,0.714,,,,,estime EA,,
979540,Tomás Vlcek,Bas,0.167,Moyen,0.491,,,9795,9.3,mesure FotMob,,
1136099,Kevin Paredes,Bas,0.145,Moyen,0.516,,,,,estime EA,,Rapid
1041426,Pedrinho,Moyen,0.364,Moyen,0.583,Haut,0.823,,,estime EA,,Technical
1244924,Ismaël Gharbi,Moyen,0.545,Moyen,0.635,,,,,estime EA,,Gamechanger|Inventive|Technical
965349,Mohamed Daramy,Moyen,0.655,Haut,0.719,,,,,estime EA,,Technical|Trickster
963983,Mike Tresor,Moyen,0.418,Moyen,0.574,,,,,estime EA,,Whipped Pass
1323403,Antoniu Roca,Moyen,0.4,Moyen,0.546,,,,,estime EA,,Rapid
1255855,Yassine Kechta,Haut,0.709,Moyen,0.477,Haut,0.73,,,estime EA,,
429697,Jiri Pavlenka,Bas,-0.364,Bas,-0.196,,,,,estime EA,,Footwork
955139,Tariq Lamptey,Moyen,0.382,Moyen,0.651,,,,,estime EA,,Quick Step|Rapid
1073402,Facundo Pellistri,Moyen,0.618,Haut,0.695,,,,,estime EA,,Technical
1137364,Justin Njinmah,Moyen,0.618,Haut,0.756,Bas,0.064,,,estime EA,,Quick Step|Rapid
1443464,Kendry Páez,Moyen,0.545,Moyen,0.594,Bas,0.308,,,estime EA,,First Touch|Pinged Pass|Technical|Trickster
556524,Lucas Höler,Haut,0.877,Haut,0.675,Moyen,0.379,,,estime EA,oui,Low Driven Shot|Relentless
883823,Elisha Owusu,Moyen,0.655,Moyen,0.486,Haut,0.896,,,estime EA,,
1336918,Daniel,Bas,-0.364,Bas,-0.308,Haut,0.813,,,estime EA,,
1074642,Salis Abdul Samed,Haut,0.877,Moyen,0.654,Bas,0.191,,,estime EA,oui,Relentless
1127125,Obed Nkambadio,Bas,-0.364,Bas,-0.237,Moyen,0.403,,,estime EA,,
1274470,Killian Corredor,Haut,0.8,Haut,0.757,,,,,estime EA,,Finesse Shot|Gamechanger
1321125,Mexx Meerdink,Haut,0.691,Moyen,0.571,Bas,0.082,,,estime EA,,Acrobatic|Enforcer|First Touch|Gamechanger|Power Shot|Precision Header
469763,Kenan Karaman,Haut,0.727,Moyen,0.647,,,,,estime EA,,Aerial Fortress|Gamechanger|Low Driven Shot|Precision Header
794244,Armando Obispo,Moyen,0.509,Moyen,0.4,Moyen,0.387,10553,8.4,mesure FotMob,,Precision Header
1248024,Álex Suárez,Moyen,0.564,Moyen,0.571,,,,,estime EA,,
1228273,Oussama Targhalline,Moyen,0.509,Bas,0.305,Haut,0.992,,,estime EA,,
1107648,James McAtee,Moyen,0.455,Moyen,0.507,Haut,0.801,,,estime EA,,First Touch|Technical
665164,Sam Lammers,Moyen,0.655,Moyen,0.628,Bas,0.055,,,estime EA,,Finesse Shot|Technical
317544,Lawrence Shankland,Haut,0.764,Moyen,0.56,,,,,estime EA,,Enforcer|Gamechanger|Long Ball Pass|Low Driven Shot|Precision Header
688287,Fedor Chalov,Moyen,0.618,Moyen,0.593,Bas,0.066,,,estime EA,,Chip Shot|Finesse Shot
817500,Mostafa Mohamed,Moyen,0.564,Moyen,0.51,Bas,0.237,,,estime EA,,Aerial Fortress|Enforcer|Precision Header|Press Proven
355356,Marc-Oliver Kempf,Haut,0.727,Moyen,0.586,Bas,0.262,,,estime EA,,Aerial Fortress
1436270,Unai Gómez,Moyen,0.428,Moyen,0.372,Bas,0.115,10392,8.0,mesure FotMob,,
770340,Arnaud Nordin,Bas,0.236,Moyen,0.481,Moyen,0.565,,,estime EA,,
865010,Nicolas Cozza,Moyen,0.491,Moyen,0.522,Moyen,0.402,,,estime EA,,
953517,Marius Mouandilmadji,Haut,0.709,Moyen,0.589,Bas,0.041,,,estime EA,,Enforcer
1425206,Maroan Sannadi,Moyen,0.527,Moyen,0.496,,,,,estime EA,,Enforcer
192920,Benjamin Stambouli,Moyen,0.491,Bas,0.217,Haut,0.761,,,estime EA,,Incisive Pass|Press Proven
980422,Sergio Camello,Moyen,0.6,Moyen,0.545,Moyen,0.412,,,estime EA,,Technical
922722,Svetozar Markovic,Moyen,0.636,Moyen,0.56,,,,,estime EA,,
680031,Pedro Chirivella,Haut,0.836,Moyen,0.467,,,,,estime EA,,Long Ball Pass|Slide Tackle
930035,Linton Maina,Haut,0.745,Haut,0.796,Bas,0.163,,,estime EA,,Quick Step|Rapid
1133081,Sinaly Diomandé,Moyen,0.509,Bas,0.326,Moyen,0.403,,,estime EA,,Anticipate
1385894,Soungoutou Magassa,Moyen,0.509,Bas,0.316,Haut,0.969,,,estime EA,,
435669,Rony Lopes,Moyen,0.491,Moyen,0.552,Bas,0.23,,,estime EA,,Gamechanger|Technical
536457,Manuel Benson,Moyen,0.436,Moyen,0.632,,,,,estime EA,,Finesse Shot|Quick Step|Technical
860056,Moussa Sylla,Moyen,0.6,Haut,0.708,,,,,estime EA,,Gamechanger|Precision Header|Rapid
817724,Danny Namaso,Moyen,0.582,Moyen,0.629,Moyen,0.514,,,estime EA,,
1174708,Youssoufa Moukoko,Moyen,0.648,Haut,0.681,,,10845,12.6,mesure FotMob,,Acrobatic|First Touch|Gamechanger|Technical
558136,Karol Swiderski,Moyen,0.564,Moyen,0.5,Bas,0.09,,,estime EA,,Precision Header
772193,Ragnar Ache,Moyen,0.545,Moyen,0.635,Bas,0.266,,,estime EA,,Acrobatic|Aerial Fortress|Low Driven Shot|Precision Header
1202769,Léo Scienza,Moyen,0.6,Haut,0.667,Moyen,0.542,,,estime EA,,Gamechanger|Technical|Whipped Pass
639241,Angelo,Moyen,0.436,Moyen,0.632,,,,,estime EA,,Technical
682385,Timo Hübers,Moyen,0.618,Moyen,0.593,Haut,0.763,,,estime EA,,
864154,Goduine Koyalipou,Moyen,0.364,Moyen,0.481,Bas,0.092,,,estime EA,,
814869,Rafik Guitane,Moyen,0.4,Moyen,0.567,Moyen,0.444,,,estime EA,,Dead Ball|Inventive|Quick Step|Technical
873855,Emirhan Topçu,Moyen,0.509,Moyen,0.549,Haut,0.899,,,estime EA,,Bruiser|Intercept|Precision Header
1379468,Albion Rrahmani,Moyen,0.491,Moyen,0.522,,,,,estime EA,,
931862,Danilo,Haut,0.782,Haut,0.709,Haut,0.777,,,estime EA,,Technical
866688,Luke Woolfenden,Moyen,0.473,Moyen,0.464,,,,,estime EA,,Anticipate
1323207,Alex Sancris,Haut,0.673,Moyen,0.656,Haut,0.689,,,estime EA,,
161291,Youssef El Arabi,Bas,0.164,Bas,0.249,Moyen,0.508,,,estime EA,,Finesse Shot|Press Proven
212865,Nicolas Höfler,Moyen,0.618,Moyen,0.359,Haut,0.871,,,estime EA,,Aerial Fortress|Anticipate|Press Proven|Slide Tackle
814588,Siyabonga Ngezana,Haut,0.727,Moyen,0.647,Moyen,0.599,,,estime EA,,
1285815,Filipe Relvas,Haut,0.673,Moyen,0.503,Moyen,0.354,,,estime EA,,Aerial Fortress|Anticipate|Intercept
1249665,Nicolas Valentini,Haut,0.673,Moyen,0.595,Haut,0.665,,,estime EA,,Aerial Fortress
1573122,Fer López,Bas,0.182,Bas,0.286,Moyen,0.642,,,estime EA,,
1366899,Joaquin,Moyen,0.491,Moyen,0.4,,,,,estime EA,,Aerial Fortress|Precision Header|Slide Tackle
1219540,Fisnik Asllani,Haut,0.709,Moyen,0.548,Bas,0.062,,,estime EA,,Finesse Shot
526230,Cyriel Dessers,Moyen,0.582,Moyen,0.497,,,,,estime EA,,Enforcer|Low Driven Shot|Precision Header
1054114,El Bilal Touré,Moyen,0.436,Moyen,0.561,Bas,0.264,,,estime EA,,
1127305,Eiran Cashin,Moyen,0.473,Moyen,0.392,,,,,estime EA,,Aerial Fortress|Block|Bruiser|Intercept|Long Ball Pass|Slide Tackle
492116,Jordan Lefort,Haut,0.691,Moyen,0.5,Moyen,0.572,,,estime EA,,Block
782502,Malang Sarr,Bas,0.273,Bas,0.241,Haut,0.91,,,estime EA,,
245311,Abdon Prats,Moyen,0.418,Moyen,0.371,,,,,estime EA,,
611991,Stratos Svarnas,Haut,0.745,Moyen,0.613,Moyen,0.623,,,estime EA,,Aerial Fortress|Anticipate|Intercept|Long Ball Pass
174031,Pontus Jansson,Moyen,0.564,Bas,0.276,Moyen,0.405,,,estime EA,,Aerial Fortress|Block|Enforcer
557396,Adam Buksa,Moyen,0.582,Moyen,0.467,Bas,0.189,,,estime EA,,Precision Header
891373,Mohamed Bayo,Moyen,0.473,Moyen,0.474,Bas,0.008,,,estime EA,,Finesse Shot
1050163,Lorenzo Colombo,Moyen,0.473,Moyen,0.433,Bas,0.081,,,estime EA,,
789509,Gabriel Osho,Moyen,0.545,Moyen,0.472,,,,,estime EA,,
1094778,Raul Garcia,Moyen,0.382,Moyen,0.366,Bas,0.291,,,estime EA,,Technical
1068482,Evan Ferguson,Moyen,0.473,Moyen,0.464,Bas,0.037,,,estime EA,,Finesse Shot
298933,Robin Pröpper,Moyen,0.6,Bas,0.199,Haut,0.764,,,estime EA,,Block|Slide Tackle
884272,Modibo Sagnan,Moyen,0.491,Moyen,0.339,Haut,0.749,,,estime EA,,Jockey|Precision Header
621182,Rob Dickie,Moyen,0.636,Moyen,0.377,,,,,estime EA,,Aerial Fortress|Intercept|Precision Header
1202595,Warmed Omari,Moyen,0.418,Bas,0.33,Bas,0.232,,,estime EA,,
388903,Haris Tabakovic,Haut,0.691,Moyen,0.378,Bas,0.025,,,estime EA,,Acrobatic|Aerial Fortress|Enforcer|Precision Header|Press Proven
545905,Dani Calvo,Haut,0.673,Moyen,0.34,Bas,0.116,,,estime EA,,Aerial Fortress|Anticipate|Precision Header
740944,Leo Østigard,Moyen,0.455,Moyen,0.416,Bas,0.32,,,estime EA,,Precision Header
497352,Gustavo Velázquez,Moyen,0.582,Moyen,0.589,,,,,estime EA,,Aerial Fortress|Block
290410,Michael Keane,Bas,0.164,Bas,0.055,Moyen,0.451,,,estime EA,,Long Ball Pass
303800,Dominique Heintz,Bas,0.273,Bas,0.221,,,,,estime EA,,
1186606,Dion Drena Beljo,Moyen,0.491,Moyen,0.349,Bas,0.015,,,estime EA,,Press Proven
1244272,Arouna Sangante,Moyen,0.545,Moyen,0.33,Moyen,0.563,,,estime EA,,Intercept
693678,Wout Faes,Moyen,0.564,Bas,0.327,Bas,0.229,,,estime EA,,Long Ball Pass
822789,Alberto Dossena,Moyen,0.6,Bas,0.311,Moyen,0.361,,,estime EA,,Aerial Fortress|Intercept
845067,Facundo Garces,Moyen,0.527,Bas,0.313,Bas,0.261,,,estime EA,,
974268,Daniel Ballard,Moyen,0.509,Moyen,0.356,Moyen,0.498,,,estime EA,,
1050822,Andrew Omobamidele,Moyen,0.491,Moyen,0.451,Bas,0.168,,,estime EA,,
198277,Nicolas Pallois,Bas,0.145,Bas,-0.013,,,,,estime EA,,Bruiser|Jockey|Precision Header|Slide Tackle
490489,Robert Glatzel,Moyen,0.455,Moyen,0.416,Bas,0.055,,,estime EA,,Enforcer|Precision Header
564842,Cameron Burgess,Moyen,0.455,Bas,0.212,Bas,0.099,,,estime EA,,Aerial Fortress|Bruiser
819762,Chris Mepham,Moyen,0.4,Bas,0.17,,,,,estime EA,,Bruiser
301023,Armando Izzo,Moyen,0.527,Bas,0.221,,,,,estime EA,,Intercept
493185,Gregory Wüthrich,Moyen,0.6,Bas,0.271,,,,,estime EA,,Anticipate|Bruiser|Intercept
568577,Jake Cooper,Moyen,0.6,Moyen,0.332,,,,,estime EA,,Aerial Fortress|Bruiser|Intercept|Long Ball Pass|Precision Header
1287489,Bamo Meité,Moyen,0.509,Bas,0.265,Bas,0.304,,,estime EA,,
846392,Montassar Talbi,Moyen,0.436,Bas,0.317,Bas,0.18,,,estime EA,,Anticipate|Block|Slide Tackle
969711,Justin De Haas,Moyen,0.418,Moyen,0.371,Bas,0.319,,,estime EA,,Intercept|Long Ball Pass
958023,Mike Eerdhuijzen,Moyen,0.473,Bas,0.169,Moyen,0.496,,,estime EA,,Aerial Fortress|Long Ball Pass
246331,Willy Boly,Bas,-0.109,Bas,-0.105,,,,,estime EA,,
671518,Harry Souttar,Bas,0.218,Bas,0.087,,,,,estime EA,,Precision Header
490868,Jan Bednarek,Moyen,0.455,Bas,0.263,Moyen,0.638,,,estime EA,,Block|Long Ball Pass
861962,Toni Borevkovic,Moyen,0.636,Bas,0.234,Moyen,0.383,,,estime EA,,Intercept|Long Ball Pass
716687,Joe Worrall,Moyen,0.455,Bas,0.243,Bas,0.087,,,estime EA,,
279489,Jamaal Lascelles,Bas,-0.109,Bas,-0.064,,,,,estime EA,,
604349,Julien Laporte,Moyen,0.491,Bas,0.227,,,,,estime EA,,
625164,Olivier Kemen,Haut,0.8,Haut,0.666,Moyen,0.435,,,estime EA,,Incisive Pass|Rapid|Slide Tackle
837064,Hugo Vetlesen,Haut,0.891,Haut,0.824,,,,,estime EA,,
787440,Lucas Robertone,Haut,0.782,Haut,0.709,,,,,estime EA,,Finesse Shot|Gamechanger|Incisive Pass|Slide Tackle
940440,Filippo Ranocchia,Haut,0.895,Haut,0.875,,,,,estime EA,oui,Dead Ball|Finesse Shot|Incisive Pass|Inventive|Relentless
180330,Patrick van Aanholt,Moyen,0.509,Moyen,0.631,Haut,0.769,,,estime EA,,Long Throw
434498,Alan Browne,Haut,1,Haut,0.811,,,,,estime EA,oui,Relentless
1040889,Junior Dina Ebimbe,Moyen,0.473,Moyen,0.596,Moyen,0.334,,,estime EA,,Aerial Fortress
783806,Deian Sorescu,Haut,0.909,Haut,0.831,Moyen,0.437,,,estime EA,,Rapid
914964,Marios Vrousai,Haut,0.727,Haut,0.677,Haut,0.988,,,estime EA,,Gamechanger|Technical
1185211,Mamadou Sangaré,Haut,0.932,Haut,0.9,Haut,1.0,,,estime EA,oui,Gamechanger|Intercept|Inventive|Long Ball Pass|Relentless|Slide Tackle|Technical
421768,Wes Burns,Haut,1,Haut,1,,,,,estime EA,oui,Gamechanger|Quick Step|Rapid|Relentless
784225,Raphael Obermair,Haut,0.927,Haut,0.839,,,,,estime EA,,Anticipate|Dead Ball|Intercept|Rapid|Whipped Pass
1336529,Oscar Højlund,Moyen,0.473,Moyen,0.545,Bas,0.194,,,estime EA,,
310763,Ulrik Saltnes,Haut,1,Haut,0.794,,,,,estime EA,oui,Relentless
813428,Dani de Wit,Haut,0.986,Haut,0.749,Haut,0.725,,,estime EA,oui,Aerial Fortress|Bruiser|Precision Header|Relentless
939430,Robert Ljubicic,Haut,0.782,Haut,0.669,,,,,estime EA,,Incisive Pass|Slide Tackle
249063,Jaroslav Zeleny,Moyen,0.564,Moyen,0.551,Moyen,0.609,,,estime EA,,
259439,Filip Mladenovic,Haut,0.764,Haut,0.733,Bas,0.172,,,estime EA,,Rapid
242711,Dimitri Bisoli,Haut,1,Haut,0.829,,,,,estime EA,oui,Relentless
1277343,Federico Redondo,Haut,0.764,Moyen,0.56,Haut,0.979,,,estime EA,,Long Ball Pass|Press Proven
127209,Anders Christiansen,Haut,0.673,Moyen,0.595,,,,,estime EA,,Inventive|Technical
488415,Hassane Kamara,Moyen,0.636,Haut,0.712,Moyen,0.397,,,estime EA,,Rapid
643577,Marcelo Saracchi,Haut,0.673,Haut,0.676,,,,,estime EA,,Long Throw
648393,Tomoki Iwata,Haut,0.673,Moyen,0.605,,,,,estime EA,,Block
1025630,Adrian Sut,Haut,0.745,Moyen,0.613,,,,,estime EA,,Intercept|Long Ball Pass|Precision Header
1183512,Million Manhoef,Haut,0.709,Haut,0.762,,,,,estime EA,,Inventive|Rapid
300239,Daniele Casiraghi,Haut,0.727,Moyen,0.657,,,,,estime EA,,Dead Ball|Finesse Shot|Incisive Pass|Whipped Pass
317156,Alfred Duncan,Moyen,0.6,Moyen,0.525,,,,,estime EA,,
275034,Silvan Widmer,Moyen,0.491,Moyen,0.522,Bas,0.278,,,estime EA,,Long Throw
721091,Finn Porath,Haut,0.709,Haut,0.68,,,,,estime EA,,Technical
773062,Gaïus Makouta,Haut,0.986,Haut,0.708,Moyen,0.382,,,estime EA,oui,Relentless|Technical
864893,Melle Meulensteen,Haut,0.8,Moyen,0.605,Haut,0.893,,,estime EA,,
931605,Benjamin Nygren,Haut,0.745,Moyen,0.634,Bas,0.317,,,estime EA,,Low Driven Shot
554283,Nuno Santos,Moyen,0.582,Moyen,0.589,,,,,estime EA,,Technical
1188890,Nicolai Remberg,Haut,0.891,Moyen,0.641,Haut,0.76,,,estime EA,,Aerial Fortress|Bruiser
767013,Antoine Bernede,Haut,0.673,Moyen,0.605,Haut,0.905,,,estime EA,,
909030,Abdou Harroui,Moyen,0.618,Moyen,0.573,Moyen,0.652,,,estime EA,,Slide Tackle
150573,Oscar Sielva,Haut,0.782,Moyen,0.486,,,,,estime EA,,Aerial Fortress|Dead Ball|Intercept|Power Shot|Press Proven
282437,Mirko Pigliacelli,Bas,-0.091,Bas,0.055,,,,,estime EA,,Far Throw|Footwork|Long Ball Pass
466113,Jari Vandeputte,Moyen,0.636,Haut,0.671,Moyen,0.472,,,estime EA,,Dead Ball|Incisive Pass|Technical|Whipped Pass
729506,Richie Laryea,Haut,0.745,Haut,0.695,,,,,estime EA,,Block|Long Throw|Rapid
824655,Ricardo Mangas,Haut,0.782,Haut,0.689,Haut,0.724,,,estime EA,,
882400,Jessy Deminguet,Haut,0.873,Moyen,0.634,Moyen,0.455,,,estime EA,,
936164,Michel Ndary Adopo,Haut,0.673,Moyen,0.533,Haut,0.683,,,estime EA,,
1127054,Tomás Suslov,Moyen,0.6,Haut,0.718,,,,,estime EA,,
774716,Michele Collocolo,Haut,0.855,Moyen,0.616,Bas,0.07,,,estime EA,,
1280756,Lucas Cepeda,Moyen,0.636,Haut,0.692,,,,,estime EA,,Press Proven
258226,Viktor Claesson,Haut,0.88,Bas,0.201,,,11557,5.7,mesure FotMob,oui,Incisive Pass|Pinged Pass|Relentless|Technical|Tiki Taka
438572,Simon Gustafson,Haut,0.895,Moyen,0.601,Haut,0.887,,,estime EA,oui,Finesse Shot|Incisive Pass|Intercept|Relentless
480253,Luke O'Nien,Haut,0.945,Haut,0.734,Bas,0.248,,,estime EA,,Long Ball Pass|Long Throw|Slide Tackle
568543,Théo Valls,Moyen,0.636,Moyen,0.57,,,,,estime EA,,Incisive Pass
588337,Joël Drommel,Bas,0.055,Bas,0.124,Haut,0.791,,,estime EA,,Cross Claimer|Far Throw
671686,Aleix Febas,Haut,0.782,Moyen,0.648,Haut,0.889,,,estime EA,,Inventive
469806,Amor Layouni,Haut,0.691,Haut,0.795,,,,,estime EA,,Finesse Shot|Rapid|Whipped Pass
163604,Karl Darlow,Bas,0.073,Bas,0.232,Haut,0.708,,,estime EA,,Far Throw
1255860,Amir Richardson,Moyen,0.473,Moyen,0.423,,,,,estime EA,,Long Ball Pass
1280198,Álex Sala,Moyen,0.582,Moyen,0.487,,,,,estime EA,,
160887,Jens Stryger Larsen,Haut,0.764,Moyen,0.631,Bas,0.125,,,estime EA,,Long Throw
600812,Ben Whiteman,Haut,0.782,Moyen,0.547,,,,,estime EA,,Aerial Fortress
775246,Mads Emil Madsen,Haut,0.927,Moyen,0.645,,,,,estime EA,,Aerial Fortress|First Touch|Incisive Pass
675327,Pasquale Mazzocchi,Moyen,0.364,Moyen,0.501,Bas,0.158,,,estime EA,,
919671,Liberato Cacace,Haut,0.709,Moyen,0.619,,,,,estime EA,,
905460,Stefan Tarnovanu,Bas,-0.145,Bas,0.105,Moyen,0.531,,,estime EA,,Far Throw|Footwork|Long Ball Pass
1288119,Ismael Kone,Moyen,0.636,Moyen,0.6,Bas,0.199,,,estime EA,,
1068643,Connor Barron,Haut,1,Haut,0.798,,,,,estime EA,oui,Pinged Pass|Power Shot|Relentless
1329665,Anton Gaaei,Moyen,0.586,Haut,0.983,Moyen,0.365,10720,18.8,mesure FotMob,,Whipped Pass
862467,Rúben Vinagre,Haut,0.782,Haut,0.74,,,,,estime EA,,Inventive|Whipped Pass
1003368,Junior Messias,Moyen,0.382,Moyen,0.509,Haut,0.973,,,estime EA,,
928692,Daam Foulon,Haut,0.764,Moyen,0.651,,,,,estime EA,,Aerial Fortress|Long Throw
1093003,Tobias Gulliksen,Haut,0.727,Haut,0.688,,,,,estime EA,,Technical
1104441,Niels Nkounkou,Moyen,0.527,Moyen,0.638,Haut,0.964,,,estime EA,,Rapid|Whipped Pass
914134,Lewis O'Brien,Haut,0.927,Haut,0.696,,,,,estime EA,,Slide Tackle|Technical
798062,Owen Wijndal,Bas,0.239,Haut,0.746,Moyen,0.406,10008,12.7,mesure FotMob,,
724875,Lucas Blondel,Haut,0.932,Haut,0.819,,,,,estime EA,oui,Block|Jockey|Relentless
1052977,Gonçalo Franco,Moyen,0.655,Moyen,0.536,,,,,estime EA,,
1244640,Rodrigo Huescas,Haut,0.764,Haut,0.733,,,,,estime EA,,
179873,Loïc Négo,Moyen,0.509,Moyen,0.549,Haut,0.686,,,estime EA,,Rapid
176953,Karim Onisiwo,Haut,0.691,Moyen,0.571,,,,,estime EA,,Bruiser|Enforcer
688991,Casper de Norre,Haut,0.782,Moyen,0.536,,,,,estime EA,,Intercept|Long Ball Pass
937397,Enzo Loiodice,Haut,0.727,Moyen,0.535,,,,,estime EA,,Press Proven
1709762,Alex Sola,Haut,0.836,Haut,0.701,Haut,0.832,,,estime EA,,Slide Tackle|Technical
1119643,Jan Thielmann,Haut,0.764,Haut,0.753,Bas,0.267,,,estime EA,,Rapid
1393542,Christian Ordonez,Haut,0.945,Haut,0.805,Moyen,0.343,,,estime EA,,Aerial Fortress
563058,Perry Ng,Haut,0.782,Moyen,0.628,,,,,estime EA,,
561219,Emmanuel Boateng,Haut,0.691,Haut,0.795,Bas,0.09,,,estime EA,,Aerial Fortress|Quick Step|Rapid
760752,Arijanet Muric,Bas,-0.2,Bas,-0.039,Haut,0.818,,,estime EA,,Cross Claimer|Far Throw
396949,Miha Zajc,Moyen,0.655,Moyen,0.506,Bas,0.16,,,estime EA,,Power Shot|Press Proven
740997,Ghislain Konan,Haut,0.745,Haut,0.725,Haut,0.763,,,estime EA,,
1209987,Warren Bondo,Haut,0.709,Moyen,0.64,Moyen,0.436,,,estime EA,,Jockey|Technical
1190059,Théo Leoni,Moyen,0.618,Moyen,0.532,,,,,estime EA,,Tiki Taka
1279034,Aaron Zehnter,Haut,0.836,Haut,0.721,Bas,0.208,,,estime EA,,Dead Ball|Whipped Pass
1384881,Álex Valle,Moyen,0.636,Haut,0.682,Moyen,0.376,,,estime EA,,
1281452,Shea Charles,Haut,0.727,Moyen,0.504,,,,,estime EA,,Aerial Fortress|Dead Ball|Intercept|Jockey|Press Proven
1525187,Ousmane Diao,Haut,0.727,Moyen,0.637,Haut,0.776,,,estime EA,,
94550,Moussa Sissoko,Moyen,0.618,Moyen,0.369,,,,,estime EA,,Aerial Fortress
343763,Marcel Schuhen,Bas,0.0,Bas,0.153,,,,,estime EA,,Far Throw|Footwork|Rush Out
281857,Ludwig Augustinsson,Haut,0.673,Moyen,0.544,,,,,estime EA,,
262739,Lukas Lerager,Haut,0.732,Moyen,0.332,Haut,0.901,11029,6.8,mesure FotMob,oui,Aerial Fortress|Power Shot|Relentless
165952,Marco Silvestri,Bas,-0.109,Bas,0.139,,,,,estime EA,,Footwork
363318,Sam Byram,Moyen,0.545,Moyen,0.533,,,,,estime EA,,Block
467495,Jorrit Hendrix,Moyen,0.618,Moyen,0.512,,,,,estime EA,,Precision Header|Slide Tackle
760746,Angus Gunn,Bas,-0.164,Bas,0.016,,,,,estime EA,,Deflector|Footwork
1198007,Anis Mehmeti,Moyen,0.618,Moyen,0.634,,,,,estime EA,,Finesse Shot|Gamechanger|Low Driven Shot|Technical
1074476,Woyo Coulibaly,Moyen,0.491,Moyen,0.522,Haut,0.701,,,estime EA,,
1014688,Alexander Bernhardsson,Moyen,0.636,Haut,0.733,,,,,estime EA,,
1581053,Mathis Amougou,Moyen,0.545,Moyen,0.564,Haut,0.734,,,estime EA,,
861445,Michaël Cuisance,Haut,0.836,Haut,0.68,,,,,estime EA,,Inventive|Power Shot|Technical
895951,Álex Centelles,Haut,0.927,Haut,0.696,,,,,estime EA,,Block|Jockey|Whipped Pass
1025603,Tatsuhiro Sakamoto,Haut,0.818,Haut,0.724,,,,,estime EA,,Inventive|Technical|Whipped Pass
1137106,Lucas Gourna-Douath,Moyen,0.636,Moyen,0.641,Haut,0.935,,,estime EA,,
1089922,Reda Khadra,Bas,0.182,Moyen,0.551,,,,,estime EA,,Technical
1451196,Niccolò Pisilli,Moyen,0.4,Moyen,0.465,Haut,0.811,,,estime EA,,
1561249,Charalampos Kostoulas,Moyen,0.618,Haut,0.695,Haut,0.989,,,estime EA,,
439148,Morten Thorsby,Haut,0.691,Moyen,0.5,Moyen,0.623,,,estime EA,,Aerial Fortress|Precision Header
464462,Emre Akbaba,Moyen,0.618,Moyen,0.502,Haut,0.856,,,estime EA,,Precision Header
716852,Callum Brittain,Haut,0.745,Haut,0.674,,,,,estime EA,,
789556,Lewis Travis,Haut,0.855,Moyen,0.616,,,,,estime EA,,
629112,Lászlo Bénes,Moyen,0.655,Moyen,0.536,Bas,0.226,,,estime EA,,Dead Ball|Gamechanger|Incisive Pass|Pinged Pass|Power Shot
625797,Grigoris Kastanos,Bas,0.291,Moyen,0.462,,,,,estime EA,,
1057426,Armin Gigovic,Haut,0.727,Moyen,0.586,,,,,estime EA,,Press Proven
1145717,Warren Kamanzi,Moyen,0.636,Moyen,0.651,Moyen,0.5,,,estime EA,,
190851,Kenny McLean,Haut,0.745,Moyen,0.542,,,,,estime EA,,Aerial Fortress|Intercept|Long Ball Pass|Press Proven
417067,George Saville,Haut,0.818,Moyen,0.551,,,,,estime EA,,Aerial Fortress|Intercept
433675,Bartosz Kapustka,Haut,0.745,Moyen,0.644,,,,,estime EA,,Gamechanger|Technical
519134,Gyrano Kerk,Moyen,0.564,Moyen,0.642,,,,,estime EA,,Chip Shot|Enforcer|Gamechanger|Quick Step|Rapid
658423,Marvin Mehlem,Haut,0.968,Haut,0.833,,,,,estime EA,oui,Intercept|Relentless|Technical
932308,Liam Millar,Moyen,0.582,Haut,0.701,,,,,estime EA,,Inventive|Rapid
688297,Luka Ivanusec,Moyen,0.582,Moyen,0.629,,,,,estime EA,,Finesse Shot|Incisive Pass|Inventive|Technical
1089686,Kaine Kesler-Hayden,Haut,0.764,Haut,0.702,,,,,estime EA,,Technical
1329487,Jacopo Fazzini,Moyen,0.6,Moyen,0.545,Haut,0.936,,,estime EA,,
73462,Kristoffer Nordfeldt,Bas,-0.145,Bas,0.054,,,,,estime EA,,Far Throw|Long Ball Pass
343766,Anthony Jung,Moyen,0.564,Moyen,0.368,Bas,0.192,,,estime EA,,Anticipate|Bruiser
423223,Simone Scuffet,Bas,0.0,Bas,0.102,Bas,0.196,,,estime EA,,
916710,Alessandro Zanoli,Moyen,0.545,Moyen,0.584,Bas,0.294,,,estime EA,,Whipped Pass
1235068,Denis Huseinbasic,Haut,0.673,Moyen,0.544,Moyen,0.441,,,estime EA,,
480021,Patrick Ciurria,Moyen,0.527,Moyen,0.577,,,,,estime EA,,Gamechanger
564794,Jack Stacey,Haut,0.764,Moyen,0.641,,,,,estime EA,,Intercept|Slide Tackle
637754,Niklas Schmidt,Moyen,0.364,Bas,0.247,,,,,estime EA,,Power Shot
1085744,Jakub Markovic,Bas,-0.345,Bas,-0.128,,,,,estime EA,,
630494,Mats Deijl,Haut,0.895,Haut,0.723,Bas,0.311,,,estime EA,oui,Block|Long Ball Pass|Relentless
1113724,Tyler Morton,Moyen,0.564,Moyen,0.5,Moyen,0.519,,,estime EA,,
1296763,Lewis Miley,Haut,0.916,Moyen,0.653,Haut,0.751,11699,11.2,mesure FotMob,,
1300385,Amar Memic,Moyen,0.436,Moyen,0.622,Moyen,0.425,,,estime EA,,
623982,Josan,Moyen,0.382,Moyen,0.549,Haut,0.694,,,estime EA,,Anticipate
737365,Florian Müller,Bas,-0.109,Bas,-0.013,,,,,estime EA,,
801213,Tete Morente,Moyen,0.582,Haut,0.67,Moyen,0.525,,,estime EA,,Aerial Fortress
672803,Joel Pereira,Haut,0.691,Moyen,0.653,Haut,0.928,,,estime EA,,Long Ball Pass|Slide Tackle|Whipped Pass
239061,Salih Uçan,Moyen,0.364,Bas,0.298,Haut,0.99,,,estime EA,,Press Proven
746406,Scott Twine,Haut,0.673,Haut,0.666,,,,,estime EA,,Dead Ball|Inventive|Long Ball Pass
956291,Federico Gattoni,Moyen,0.509,Moyen,0.488,,,,,estime EA,,Slide Tackle
1287837,Bruno Onyemaechi,Moyen,0.564,Moyen,0.622,,,,,estime EA,,Anticipate|Jockey
1329007,Darío Osorio,Moyen,0.564,Moyen,0.602,Haut,0.794,,,estime EA,,Gamechanger|Press Proven|Quick Step
310785,Sondre Tronstad,Haut,0.709,Moyen,0.507,,,,,estime EA,,Aerial Fortress|Intercept|Long Ball Pass
465909,Josh Windass,Moyen,0.509,Moyen,0.641,,,,,estime EA,,Gamechanger|Precision Header
554979,Leart Paqarada,Haut,0.8,Haut,0.666,,,,,estime EA,,Dead Ball|Slide Tackle|Whipped Pass
640492,Rafa Mir,Moyen,0.418,Moyen,0.462,Bas,0.024,,,estime EA,,Enforcer
881773,Gonzalo Villar,Moyen,0.564,Bas,0.327,Haut,0.772,,,estime EA,,
978680,Han-Noah Massengo,Moyen,0.6,Moyen,0.494,Haut,0.754,,,estime EA,,Technical
1107298,Marvin Keller,Bas,-0.255,Bas,-0.122,Bas,0.312,,,estime EA,,
1078113,Walid Cheddira,Moyen,0.545,Moyen,0.605,Bas,0.08,,,estime EA,,
1503655,Gabriel Moscardo,Moyen,0.545,Moyen,0.442,Haut,0.794,,,estime EA,,Jockey
605252,Jonjoe Kenny,Haut,0.836,Moyen,0.66,Bas,0.269,,,estime EA,,Intercept|Jockey
731855,Mark Travers,Bas,-0.182,Bas,-0.063,,,,,estime EA,,Footwork
782695,Luca Zanimacchia,Haut,0.691,Moyen,0.541,,,,,estime EA,,Whipped Pass
658222,Victor Edvardsen,Haut,0.95,Haut,0.877,Bas,0.013,,,estime EA,oui,Bruiser|Enforcer|Relentless
1118483,Tom Fellows,Moyen,0.545,Haut,0.666,,,,,estime EA,,
1338361,Besfort Zeneli,Moyen,0.6,Moyen,0.586,,,,,estime EA,,Dead Ball
1189791,Dmytro Kryskiv,Moyen,0.527,Moyen,0.496,,,,,estime EA,,
1132355,Álvaro Núñez,Haut,0.782,Haut,0.679,Moyen,0.366,,,estime EA,,
1353289,Ivan Smolcic,Moyen,0.582,Moyen,0.467,Moyen,0.454,,,estime EA,,Long Throw
791677,Tomas Ladra,Moyen,0.564,Moyen,0.592,Moyen,0.359,,,estime EA,,
293160,Elseid Hysaj,Moyen,0.4,Moyen,0.455,,,,,estime EA,,
304355,Odysseas Vlachodimos,Bas,-0.055,Bas,-0.012,Bas,0.314,,,estime EA,,
675280,Henry Onyekuru,Moyen,0.636,Haut,0.763,,,,,estime EA,,Quick Step|Rapid
928696,Tomas Cvancara,Moyen,0.527,Moyen,0.567,Bas,0.111,,,estime EA,,
1155130,Luca Netz,Moyen,0.509,Moyen,0.57,Bas,0.27,,,estime EA,,Long Throw
874318,João Mendes,Haut,0.745,Haut,0.685,Moyen,0.464,,,estime EA,,
1432212,Mateo Chávez,Haut,0.727,Haut,0.708,Haut,0.98,,,estime EA,,
358937,Dimitrios Pelkas,Moyen,0.527,Moyen,0.567,,,,,estime EA,,First Touch|Technical
767790,Felix Götze,Moyen,0.618,Moyen,0.502,,,,,estime EA,,Block|Precision Header|Press Proven
1118480,Dennis Cirkin,Moyen,0.636,Moyen,0.631,Moyen,0.4,,,estime EA,,
1146500,Matteo Cancellieri,Bas,0.255,Moyen,0.468,Haut,0.788,,,estime EA,,
1106943,Zine,Moyen,0.545,Haut,0.757,,,,,estime EA,,Quick Step
1417581,Kees Smit,Moyen,0.636,Moyen,0.549,Haut,0.779,,,estime EA,,First Touch|Technical|Tiki Taka
1513910,Kosta Nedeljkovic,Moyen,0.545,Moyen,0.645,,,,,estime EA,,
96618,Raul Fernández,Bas,-0.145,Bas,-0.109,Bas,0.208,,,estime EA,,Footwork
305219,Massimo Luongo,Moyen,0.455,Bas,0.314,,,,,estime EA,,Aerial Fortress|Slide Tackle
560584,Jordan Larsson,Haut,0.682,Haut,0.855,Bas,0.046,10905,14.0,mesure FotMob,,Finesse Shot|First Touch|Gamechanger|Pinged Pass|Power Shot|Rapid
1186685,Devis Vásquez,Bas,-0.382,Bas,-0.193,,,,,estime EA,,Deflector
728123,Hamza Choudhury,Moyen,0.527,Moyen,0.465,,,,,estime EA,,Slide Tackle
770994,Bartosz Mrozek,Bas,-0.073,Bas,-0.039,Moyen,0.4,,,estime EA,,Far Throw|Footwork
943059,Cezary Miszta,Bas,-0.236,Bas,-0.206,Moyen,0.483,,,estime EA,,Footwork
1097497,Darlin Yongwa,Haut,0.691,Haut,0.693,Haut,0.817,,,estime EA,,Intercept|Jockey|Press Proven|Whipped Pass
1169595,Ilyas Chaira,Moyen,0.6,Moyen,0.647,Moyen,0.537,,,estime EA,,
1118192,Welington,Moyen,0.509,Moyen,0.57,,,,,estime EA,,
210423,Florent Hanin,Haut,0.691,Moyen,0.602,Haut,0.7,,,estime EA,,
212982,Steven Skrzybski,Haut,0.782,Haut,0.669,,,,,estime EA,,Gamechanger
643709,Kelechi Iheanacho,Moyen,0.473,Moyen,0.504,,,,,estime EA,,Finesse Shot|First Touch
800587,Dimitri Lavalée,Moyen,0.618,Moyen,0.43,,,,,estime EA,,Intercept|Long Ball Pass|Long Throw|Power Shot|Whipped Pass
881500,Lyle Foster,Moyen,0.564,Moyen,0.622,Bas,0.106,,,estime EA,,
970550,José Gragera,Moyen,0.582,Moyen,0.406,,,,,estime EA,,Aerial Fortress|Slide Tackle
1421821,Elias Baum,Haut,0.927,Haut,0.737,,,,,estime EA,,
566681,Birger Meling,Haut,0.749,Moyen,0.564,,,11081,10.7,mesure FotMob,,
479217,David Costas,Moyen,0.509,Moyen,0.478,Bas,0.251,,,estime EA,,Aerial Fortress|Jockey
956621,Max Aarons,Haut,0.709,Haut,0.68,Haut,0.704,,,estime EA,,Rapid|Slide Tackle
903133,Ersin Destanoglu,Bas,-0.291,Bas,-0.116,Moyen,0.33,,,estime EA,,Cross Claimer
951040,Vladyslav Dubinchak,Moyen,0.564,Moyen,0.622,,,,,estime EA,,
1374500,Franculino,Moyen,0.527,Moyen,0.567,,,,,estime EA,,Press Proven
185566,James Forrest,Bas,0.236,Moyen,0.45,,,,,estime EA,,Finesse Shot
444000,Steven Moreira,Haut,0.745,Moyen,0.644,,,,,estime EA,,
784448,Thibault De Smet,Haut,0.727,Moyen,0.525,Moyen,0.422,,,estime EA,,Bruiser
862918,Nico Mantl,Bas,-0.127,Bas,-0.092,Moyen,0.562,,,estime EA,,
770267,Ben Johnson,Moyen,0.545,Moyen,0.503,,,,,estime EA,,
887137,Ibrahim Sadiq,Haut,0.673,Haut,0.788,Moyen,0.348,,,estime EA,,Rapid
1096389,Thierno Ballo,Haut,0.691,Haut,0.775,,,,,estime EA,,Finesse Shot|Gamechanger|Quick Step|Technical
1076975,Killian Sardella,Moyen,0.618,Moyen,0.603,,,,,estime EA,,
1198071,Manu Silva,Haut,0.764,Moyen,0.529,,,,,estime EA,,
1425998,Leo Sauer,Moyen,0.6,Haut,0.708,Bas,0.235,,,estime EA,,Technical
517663,Colby Bishop,Haut,0.873,Moyen,0.593,,,,,estime EA,,Enforcer
1073471,Anouar Ait El Hadj,Haut,0.921,Moyen,0.437,Bas,0.328,11726,9.1,mesure FotMob,,Technical
1256180,Luciano Valente,Haut,0.691,Moyen,0.51,Haut,0.899,,,estime EA,,Inventive
1387194,Kassoum Ouattara,Haut,0.859,Haut,0.986,Haut,0.916,11476,19.2,mesure FotMob,,Long Throw
492586,Demarai Gray,Moyen,0.455,Moyen,0.609,,,,,estime EA,,Rapid
639580,Marcus Mathisen,Haut,0.727,Moyen,0.443,,,,,estime EA,,Aerial Fortress|Block|Bruiser|Intercept|Long Ball Pass
618774,Christian Fassnacht,Moyen,0.564,Moyen,0.592,,,,,estime EA,,Precision Header
861736,Afimico Pululu,Moyen,0.636,Haut,0.702,Bas,0.176,,,estime EA,,Gamechanger|Low Driven Shot|Technical
763214,Jonathan Levi,Moyen,0.655,Moyen,0.648,,,,,estime EA,,Finesse Shot
807728,Tyrese Campbell,Moyen,0.6,Haut,0.667,,,,,estime EA,,Finesse Shot|Low Driven Shot
994403,Cyril Ngonge,Bas,0.255,Moyen,0.58,Moyen,0.507,,,estime EA,,Quick Step
1383070,Daniel Elfadli,Haut,0.8,Moyen,0.595,Bas,0.281,,,estime EA,,Intercept|Long Ball Pass
1293688,Karim Konate,Moyen,0.582,Haut,0.67,,,,,estime EA,,Low Driven Shot|Rapid
436075,Mikael Uhre,Haut,0.673,Haut,0.727,,,,,estime EA,,Rapid
637746,Odsonne Édouard,Moyen,0.382,Moyen,0.407,Bas,0.022,,,estime EA,,Chip Shot
798608,Omar Richards,Moyen,0.473,Moyen,0.586,Moyen,0.649,,,estime EA,,
805463,Maarten Paes,Bas,-0.109,Bas,-0.135,Haut,0.846,,,estime EA,,Far Throw
1011026,Jim Allevinah,Moyen,0.491,Moyen,0.644,,,,,estime EA,,Rapid
1192166,Rodrigo Gomes,Moyen,0.418,Moyen,0.564,Bas,0.326,,,estime EA,,
1281108,Jordy Makengo,Moyen,0.491,Moyen,0.603,Moyen,0.552,,,estime EA,,Rapid
502420,Harrison Reed,Bas,0.055,Bas,0.174,Moyen,0.465,,,estime EA,,Slide Tackle
950832,Tobias Lawal,Bas,-0.327,Bas,-0.202,Bas,0.182,,,estime EA,,Deflector|Footwork
539546,Ivo Grbic,Bas,-0.236,Bas,-0.156,Haut,0.672,,,estime EA,,
1186978,Lukás Hornícek,Bas,-0.345,Bas,-0.26,Bas,0.269,,,estime EA,,
1282000,Soumaïla Coulibaly,Moyen,0.527,Moyen,0.638,Moyen,0.558,,,estime EA,,
1362622,Junior Mwanga,Moyen,0.655,Moyen,0.506,Haut,0.664,,,estime EA,,
1489449,Joaquin Seys,Haut,0.722,Haut,0.735,Haut,0.841,11009,12.6,mesure FotMob,,
863708,Ignatius Ganago,Bas,0.291,Moyen,0.513,Bas,0.107,,,estime EA,,Rapid
683761,Javi Sánchez,Moyen,0.455,Moyen,0.406,Bas,0.165,,,estime EA,,Intercept|Slide Tackle
988793,Yari Verschaeren,Moyen,0.545,Moyen,0.533,,,,,estime EA,,Inventive|Technical
887703,Wilson Isidor,Moyen,0.509,Moyen,0.58,Bas,0.033,,,estime EA,,
890266,Valentin Mihaila,Haut,0.673,Haut,0.808,Bas,0.101,,,estime EA,,Quick Step|Rapid
1076939,Giannis Michailidis,Moyen,0.509,Moyen,0.407,Haut,0.713,,,estime EA,,Long Ball Pass|Slide Tackle
502543,Dawid Kownacki,Moyen,0.527,Moyen,0.577,,,,,estime EA,,Precision Header
664810,Benjamin Källman,Haut,0.909,Haut,0.791,,,,,estime EA,,Precision Header
1327298,Saël Kumbedi,Moyen,0.545,Moyen,0.615,Moyen,0.448,,,estime EA,,
614912,Marwane Saadane,Haut,0.836,Moyen,0.487,,,,,estime EA,,Aerial Fortress|Anticipate|Intercept|Jockey|Long Ball Pass
470810,Xeka,Moyen,0.636,Bas,0.265,Haut,0.865,,,estime EA,,Inventive
1077917,Arnau Puigmal,Moyen,0.564,Moyen,0.561,,,,,estime EA,,Inventive
750033,George Hirst,Moyen,0.491,Moyen,0.512,,,,,estime EA,,
154441,Efecan Karaca,Haut,0.727,Haut,0.728,Haut,0.731,,,estime EA,,Technical
644459,Patson Daka,Moyen,0.455,Moyen,0.639,,,,,estime EA,,Quick Step|Rapid
493647,Adama Traoré,Moyen,0.527,Moyen,0.658,Bas,0.288,,,estime EA,,Finesse Shot|Rapid
1082930,Iker Losada,Bas,0.273,Moyen,0.435,Bas,0.321,,,estime EA,,First Touch
1098780,Teden Mengi,Moyen,0.455,Moyen,0.497,,,,,estime EA,,
1117908,Alexander Lind,Haut,0.673,Moyen,0.605,,,,,estime EA,,
1381853,Tim Oermann,Moyen,0.636,Moyen,0.57,,,,,estime EA,,
1259576,Pedro Henrique,Moyen,0.655,Haut,0.699,Haut,0.73,,,estime EA,,
921197,Lennard Maloney,Haut,0.914,Moyen,0.608,Haut,0.831,,,estime EA,oui,Bruiser|Jockey|Relentless
933639,Yanis Begraoui,Haut,0.709,Moyen,0.64,Bas,0.025,,,estime EA,,
1256650,Gustavo Garcia,Haut,0.764,Haut,0.682,Haut,0.907,,,estime EA,,Long Ball Pass|Whipped Pass
724368,Keinan Davis,Moyen,0.364,Moyen,0.359,Bas,0.213,,,estime EA,,Press Proven
705484,Eray Cömert,Moyen,0.636,Moyen,0.468,Moyen,0.407,,,estime EA,,Intercept|Jockey
1032824,Florian Kastenmeier,Bas,-0.273,Bas,-0.251,,,,,estime EA,,Deflector|Far Throw|Footwork|Long Ball Pass
566644,Chiquinho,Moyen,0.658,Moyen,0.471,Moyen,0.341,10860,9.3,mesure FotMob,,Rapid
1083322,Tim Oberdorf,Moyen,0.636,Moyen,0.509,,,,,estime EA,,Intercept
846970,Bojan Miovski,Haut,0.709,Moyen,0.589,,,,,estime EA,,Finesse Shot
1413996,Luka Vuskovic,Moyen,0.491,Bas,0.329,Haut,0.831,,,estime EA,,Aerial Fortress|Long Ball Pass|Precision Header
581131,Ibrahim Cissé,Moyen,0.636,Moyen,0.519,Bas,0.161,,,estime EA,,
759563,Marc Bola,Haut,0.727,Moyen,0.637,,,,,estime EA,,Intercept
824747,Jari De Busser,Bas,-0.218,Bas,-0.26,Moyen,0.654,,,estime EA,,Far Reach
1079056,Zaidu Sanusi,Moyen,0.4,Moyen,0.587,Haut,0.689,,,estime EA,,Long Throw|Quick Step|Rapid
1015128,Elias Achouri,Haut,0.737,Haut,0.722,Haut,0.795,11055,12.3,mesure FotMob,,Inventive|Technical|Trickster
1675966,Gaoussou Diarra,Moyen,0.4,Moyen,0.577,,,,,estime EA,,Power Shot|Technical
883824,Willem Geubbels,Moyen,0.6,Moyen,0.616,Bas,0.034,,,estime EA,,Acrobatic|Gamechanger|Low Driven Shot|Rapid
873529,Jasper Schendelaar,Bas,-0.418,Bas,-0.36,,,,,estime EA,,
950967,Cheikh Sabaly,Moyen,0.473,Moyen,0.637,Moyen,0.335,,,estime EA,,Press Proven|Quick Step
875305,Denis Dragus,Moyen,0.564,Moyen,0.612,Haut,0.897,,,estime EA,,Gamechanger|Press Proven
971787,Haissem Hassan,Moyen,0.509,Haut,0.732,Moyen,0.378,,,estime EA,,Quick Step
1284430,Fran Pérez,Moyen,0.473,Moyen,0.504,Moyen,0.415,,,estime EA,,
1215410,Ibrahim Osman,Moyen,0.455,Haut,0.711,Moyen,0.418,,,estime EA,,Quick Step|Rapid
1402900,Samuel Mbangula,Moyen,0.6,Moyen,0.596,Moyen,0.58,,,estime EA,,
178776,Cenk Tosun,Bas,0.291,Moyen,0.34,,,,,estime EA,,Acrobatic
469202,Kieffer Moore,Moyen,0.382,Bas,0.254,,,,,estime EA,,Aerial Fortress|Enforcer|Precision Header
556952,Krystian Bielik,Moyen,0.582,Moyen,0.355,,,,,estime EA,,Anticipate|Long Ball Pass|Slide Tackle
789593,Todd Cantwell,Moyen,0.473,Moyen,0.515,,,,,estime EA,,First Touch|Inventive|Technical
1079892,Rayan Philippe,Haut,0.8,Haut,0.808,Bas,0.201,,,estime EA,,Low Driven Shot
822589,Pontus Almqvist,Bas,0.255,Moyen,0.559,Haut,0.732,,,estime EA,,
1086647,Cameron Archer,Moyen,0.418,Moyen,0.615,,,,,estime EA,,Rapid
1327149,Paul Wanner,Haut,0.94,Moyen,0.402,Moyen,0.627,11825,9.0,mesure FotMob,,Finesse Shot|Inventive|Technical
1285773,Elias Saad,Moyen,0.527,Moyen,0.638,Haut,0.865,,,estime EA,,Finesse Shot|Inventive|Tiki Taka|Trickster
109621,Steven Nzonzi,Bas,0.236,Bas,0.034,,,,,estime EA,,Aerial Fortress|Long Ball Pass|Precision Header
247761,Conor Coady,Bas,0.236,Bas,0.105,,,,,estime EA,,
409818,Jonas Meffert,Haut,0.673,Moyen,0.401,,,,,estime EA,,
791805,Josh Maja,Moyen,0.564,Moyen,0.561,,,,,estime EA,,Precision Header
929835,Alejandro Marqués,Moyen,0.418,Moyen,0.452,Bas,0.117,,,estime EA,,Precision Header
1482729,Bence Dardai,Moyen,0.473,Moyen,0.443,,,,,estime EA,,
1407250,Mikey Moore,Moyen,0.455,Moyen,0.558,,,,,estime EA,,Press Proven
1171780,Leandro Andrade,Moyen,0.643,Moyen,0.657,Bas,0.045,10835,11.5,mesure FotMob,,
674498,Chris Willock,Moyen,0.491,Moyen,0.593,,,,,estime EA,,Inventive|Technical
395651,Stefan Gartenmann,Haut,0.782,Moyen,0.506,,,,,estime EA,,Block|Long Ball Pass|Long Throw
1166344,Kevin Carlos,Moyen,0.636,Moyen,0.499,Bas,0.031,,,estime EA,,Enforcer|Finesse Shot|Low Driven Shot|Precision Header
1032811,Federico Vinas,Moyen,0.564,Moyen,0.541,Haut,0.771,,,estime EA,,Precision Header
1368318,Luca Koleosho,Moyen,0.491,Haut,0.725,Haut,0.981,,,estime EA,,Quick Step|Rapid
1328540,Oumar Diakité,Moyen,0.473,Moyen,0.626,,,,,estime EA,,
299949,Pietro Iemmello,Haut,0.818,Haut,0.734,,,,,estime EA,,Finesse Shot|Low Driven Shot|Precision Header
244816,Federico Ceccherini,Moyen,0.382,Moyen,0.387,Moyen,0.459,,,estime EA,,Slide Tackle
1187767,Urko González,Moyen,0.364,Bas,0.267,Haut,0.787,,,estime EA,,
1130774,Samuel Edozie,Moyen,0.564,Haut,0.663,,,,,estime EA,,
1347567,Valentin Carboni,Bas,0.036,Bas,0.218,Haut,0.993,,,estime EA,,
1238154,Pablo Ibánez,Moyen,0.6,Moyen,0.352,Haut,0.89,,,estime EA,,Aerial Fortress
1423616,Stefanos Tzimas,Moyen,0.527,Moyen,0.608,,,,,estime EA,,
1487877,Finn Jeltsch,Moyen,0.491,Moyen,0.43,Moyen,0.619,,,estime EA,,
358148,Sergi Gómez,Bas,0.327,Bas,0.294,Bas,0.019,,,estime EA,,
603808,João Carvalho,Moyen,0.364,Moyen,0.481,Haut,0.674,,,estime EA,,Inventive|Technical
833641,Frantzdy Pierrot,Moyen,0.545,Moyen,0.411,,,,,estime EA,,Aerial Fortress|Precision Header
1359613,Abakar Sylla,Moyen,0.564,Moyen,0.48,,,,,estime EA,,Precision Header
767256,Jacob Rasmussen,Haut,0.709,Bas,0.284,Bas,0.05,,,estime EA,,Aerial Fortress|Intercept
873227,Jerome Opoku,Moyen,0.509,Moyen,0.438,Bas,0.269,,,estime EA,,Anticipate
1226789,Jesurun Rak-Sakyi,Moyen,0.473,Moyen,0.616,Bas,0.066,,,estime EA,,
1077975,Armando Broja,Moyen,0.345,Moyen,0.352,Bas,0.18,,,estime EA,,
1080520,Goncalo Borges,Bas,0.255,Moyen,0.57,Moyen,0.513,,,estime EA,,Technical
674242,Budu Zivzivadze,Moyen,0.473,Moyen,0.413,Bas,0.13,,,estime EA,,Enforcer|Low Driven Shot
939061,Giorgi Tsitaishvili,Moyen,0.545,Haut,0.727,Bas,0.107,,,estime EA,,Low Driven Shot|Quick Step|Rapid
1113790,Oscar Bobb,Bas,0.182,Moyen,0.52,Moyen,0.544,,,estime EA,,Technical
1186770,Parfait Guiagon,Moyen,0.455,Moyen,0.548,,,,,estime EA,,Low Driven Shot
527549,Patrick Roberts,Moyen,0.455,Moyen,0.639,,,,,estime EA,,Finesse Shot|Incisive Pass|Inventive|Technical
1042022,Mateusz Skrzypczak,Haut,0.709,Moyen,0.436,Bas,0.062,,,estime EA,,Long Ball Pass
1324358,Frank Magri,Moyen,0.582,Moyen,0.619,Bas,0.069,,,estime EA,,
1431516,George Ilenikhena,Moyen,0.4,Moyen,0.526,,,,,estime EA,,
1070617,Tanguy Nianzou,Moyen,0.491,Moyen,0.349,Moyen,0.395,,,estime EA,,Anticipate|Jockey
937412,Jay Idzes,Haut,0.8,Moyen,0.544,Bas,0.143,,,estime EA,,Block
1047670,Andrej Ilic,Moyen,0.455,Moyen,0.487,Bas,0.158,,,estime EA,,
877701,Christoph Klarer,Moyen,0.582,Moyen,0.416,,,,,estime EA,,Block|Long Ball Pass
1103837,Issa Soumaré,Moyen,0.527,Moyen,0.648,Moyen,0.46,,,estime EA,,Aerial Fortress|Precision Header|Rapid
361710,Aderllan Santos,Moyen,0.509,Bas,0.224,Haut,0.754,,,estime EA,,Aerial Fortress|Bruiser|Intercept|Long Ball Pass
772005,Maxim Leitsch,Bas,-0.073,Moyen,0.347,,,,,estime EA,,
149219,Christian Kabasele,Moyen,0.564,Moyen,0.347,Bas,0.153,,,estime EA,,
198444,Tim Ream,Haut,0.709,Bas,0.263,,,,,estime EA,,
387525,Cassiano,Moyen,0.418,Moyen,0.411,Bas,0.193,,,estime EA,,Enforcer
938392,Maracás,Moyen,0.6,Moyen,0.586,Moyen,0.423,,,estime EA,,Aerial Fortress|Long Ball Pass|Precision Header
1173779,Tim Siersleben,Bas,0.291,Bas,0.31,Moyen,0.484,,,estime EA,,
1274452,Paul Joly,Haut,0.691,Moyen,0.531,,,,,estime EA,,
1344550,Willy Kambwala,Bas,0.291,Moyen,0.34,,,,,estime EA,,
1200657,Yerson Mosquera,Moyen,0.382,Moyen,0.519,Haut,0.855,,,estime EA,,
1308600,Kota Takai,Bas,0.273,Moyen,0.353,,,,,estime EA,,
633094,Jesper Daland,Moyen,0.582,Bas,0.314,,,,,estime EA,,
630278,Tobias Lauritsen,Moyen,0.509,Bas,0.244,Bas,0.247,,,estime EA,,Acrobatic|Enforcer|Precision Header
1279764,Ameen Al Dakhil,Moyen,0.509,Moyen,0.499,,,,,estime EA,,
295062,John Egan,Moyen,0.382,Bas,0.244,,,,,estime EA,,Block|Long Ball Pass
315235,Lautaro Giannetti,Moyen,0.509,Moyen,0.438,Bas,0.25,,,estime EA,,
1187506,Chadi Riad,Moyen,0.345,Bas,0.301,Moyen,0.466,,,estime EA,,
290201,Philipp Hofmann,Bas,0.273,Bas,0.048,,,,,estime EA,,Aerial Fortress|Enforcer|Precision Header
555646,Mateusz Wieteska,Moyen,0.436,Bas,0.327,,,,,estime EA,,Block
664826,Dael Fry,Moyen,0.491,Moyen,0.349,,,,,estime EA,,
768266,Ross Sykes,Bas,0.21,Bas,0.085,,,9927,3.2,mesure FotMob,,Aerial Fortress|Long Throw|Precision Header
831044,Hjalmar Ekdal,Moyen,0.491,Bas,0.288,Bas,0.267,,,estime EA,,
1077685,Hrvoje Smolcic,Moyen,0.545,Moyen,0.483,Haut,0.75,,,estime EA,,Precision Header
114268,Dejan Lovren,Bas,0.273,Bas,0.14,,,,,estime EA,,Aerial Fortress|Jockey|Slide Tackle
282615,Dimitrios Goutas,Haut,0.673,Moyen,0.371,Bas,0.181,,,estime EA,,Aerial Fortress|Intercept|Long Ball Pass
1178314,Nikola Stulic,Moyen,0.418,Bas,0.177,Bas,0.047,,,estime EA,,
1116749,Mattia Viti,Moyen,0.491,Moyen,0.43,Moyen,0.642,,,estime EA,,Bruiser|Intercept
629493,Joris Kramer,Moyen,0.582,Bas,0.314,Moyen,0.35,,,estime EA,,Aerial Fortress
1190029,Thomas Kristensen,Moyen,0.564,Moyen,0.429,Bas,0.213,,,estime EA,,
1578176,Yoel Lago,Moyen,0.436,Moyen,0.337,Moyen,0.348,,,estime EA,,
26552,José Fonte,Moyen,0.4,Bas,0.068,Bas,0.083,,,estime EA,,Aerial Fortress|Slide Tackle
951765,Armel Bella-Kotchap,Moyen,0.345,Moyen,0.382,Haut,0.861,,,estime EA,,
639454,Aitor Cordoba,Haut,0.709,Moyen,0.446,,,,,estime EA,,Aerial Fortress|Intercept
362121,Edoardo Goldaniga,Moyen,0.618,Moyen,0.359,,,,,estime EA,,Long Ball Pass
1386006,Daniele Ghilardi,Moyen,0.564,Moyen,0.347,Haut,0.963,,,estime EA,,
616170,Martin Erlic,Bas,0.182,Bas,0.113,Haut,0.76,,,estime EA,,
1337979,Étienne Youté Kinkoué,Moyen,0.418,Bas,0.279,,,,,estime EA,,Intercept
156013,Steve Cook,Moyen,0.455,Bas,0.121,,,,,estime EA,,Long Ball Pass
625528,Fran Tudor,Haut,0.782,Haut,0.801,Haut,0.946,,,estime EA,,Quick Step|Slide Tackle
670030,Inigo Cordoba,Moyen,0.636,Haut,0.661,,,,,estime EA,,Anticipate|Block|Whipped Pass
591529,Rayan Raveloson,Haut,0.8,Haut,0.666,Bas,0.215,,,estime EA,,Block|Precision Header
909803,Edo Kayembe,Haut,0.727,Moyen,0.596,,,,,estime EA,,
559954,Nicusor Bancu,Haut,0.855,Haut,0.759,Haut,0.988,,,estime EA,,Long Ball Pass
643168,Dorukhan Toköz,Moyen,0.6,Moyen,0.545,Haut,0.742,,,estime EA,,
527563,Paulo Azzi,Haut,0.727,Haut,0.738,,,,,estime EA,,Quick Step|Rapid
1202049,Dani Tasende,Moyen,0.618,Moyen,0.634,,,,,estime EA,,Intercept
359198,Oscar Plano,Moyen,0.527,Moyen,0.608,,,,,estime EA,,
668422,Anthony Ralston,Haut,0.745,Moyen,0.644,,,,,estime EA,,
532097,Kristoffer Zachariassen,Haut,0.823,Haut,0.745,Moyen,0.542,,,estime EA,oui,Relentless
890500,Lawrence Ofori,Moyen,0.618,Moyen,0.573,Moyen,0.383,,,estime EA,,Press Proven
617219,George Honeyman,Haut,1,Haut,0.798,,,,,estime EA,oui,Inventive|Relentless
553556,Marlon Ritter,Haut,0.691,Moyen,0.642,,,,,estime EA,,Finesse Shot|Gamechanger|Low Driven Shot|Press Proven
933635,Ryan Giles,Haut,0.764,Haut,0.753,,,,,estime EA,,Anticipate|Rapid|Whipped Pass
491482,Juri Cisotti,Haut,0.836,Haut,0.67,Haut,0.824,,,estime EA,,
815366,Nahuel Estévez,Moyen,0.527,Moyen,0.516,Moyen,0.588,,,estime EA,,
1202114,Omri Gandelman,Haut,0.709,Moyen,0.497,Bas,0.131,,,estime EA,,Precision Header
1080172,Levent Mercan,Moyen,0.527,Moyen,0.577,Haut,0.72,,,estime EA,,Bruiser|Jockey
1159233,Alieu Fadera,Moyen,0.545,Moyen,0.625,Haut,0.964,,,estime EA,,
1272349,Elliot Stroud,Haut,0.8,Haut,0.686,,,,,estime EA,,Dead Ball|Low Driven Shot|Power Shot|Press Proven|Whipped Pass
21414,Óscar Trejo,Moyen,0.545,Moyen,0.33,Haut,0.706,,,estime EA,,Gamechanger|Inventive|Tiki Taka
562593,Cameron Brannagan,Haut,0.909,Moyen,0.608,,,,,estime EA,,Dead Ball|Finesse Shot|Long Ball Pass|Power Shot
537853,Mathias Rasmussen,Haut,0.914,Haut,0.822,Haut,0.766,,,estime EA,oui,Aerial Fortress|Relentless
511399,Ahmet Oguz,Haut,0.673,Moyen,0.574,Haut,0.921,,,estime EA,,Block|Bruiser|Intercept|Jockey|Long Throw
637753,Felix Passlack,Haut,0.673,Moyen,0.635,,,,,estime EA,,
731600,Idrissa Toure,Haut,0.782,Moyen,0.658,Haut,0.873,,,estime EA,,Bruiser
1436856,Victor Froholdt,Haut,0.727,Moyen,0.657,Moyen,0.618,,,estime EA,,Inventive
506776,Stefano Moreo,Haut,0.8,Moyen,0.615,Bas,0.262,,,estime EA,,Enforcer|Incisive Pass|Press Proven|Quick Step
823209,Marcos López,Moyen,0.57,Haut,0.692,Haut,0.94,10677,11.7,mesure FotMob,,Jockey
743720,Charles Pickel,Haut,0.836,Moyen,0.589,Moyen,0.478,,,estime EA,,
889717,Mustafa Eskihellaç,Moyen,0.6,Haut,0.718,Haut,0.815,,,estime EA,,Intercept|Quick Step|Rapid
1041522,Fali Candé,Haut,0.818,Haut,0.724,Moyen,0.537,,,estime EA,,Slide Tackle
1225210,Cheick Souaré,Moyen,0.564,Moyen,0.602,Bas,0.255,,,estime EA,,Whipped Pass
1113704,Archie Brown,Haut,0.709,Haut,0.68,Moyen,0.571,,,estime EA,,Long Throw|Quick Step
198265,Ryan Leonard,Haut,0.764,Moyen,0.59,,,,,estime EA,,Block|Long Throw|Slide Tackle
1007717,Unai Vencedor,Haut,0.673,Moyen,0.584,Haut,0.704,,,estime EA,,
1139353,Alfonso Trezza,Haut,0.909,Haut,0.831,Bas,0.126,,,estime EA,,Quick Step|Rapid
1163501,Filippo Terracciano,Moyen,0.455,Moyen,0.599,Moyen,0.451,,,estime EA,,
215390,Moses Odubajo,Moyen,0.618,Haut,0.664,,,,,estime EA,,Rapid
545026,Nikolas Ioannou,Haut,0.782,Moyen,0.628,,,,,estime EA,,Press Proven
622137,Calvin Verdonk,Moyen,0.491,Moyen,0.542,Haut,0.927,,,estime EA,,Block|Long Ball Pass
1187364,Olé Pohlmann,Haut,0.673,Moyen,0.625,Moyen,0.34,,,estime EA,,Dead Ball
1157236,Yehor Yarmoliuk,Moyen,0.509,Moyen,0.488,Haut,0.907,,,estime EA,,
670928,Giuseppe Pezzella,Haut,0.727,Moyen,0.565,Bas,0.273,,,estime EA,,
88999,Mikkel Rygaard,Moyen,0.564,Moyen,0.531,Haut,0.708,,,estime EA,,Dead Ball|Finesse Shot|Incisive Pass|Inventive|Tiki Taka
1209597,Marko Stamenic,Moyen,0.636,Moyen,0.509,,,,,estime EA,,
1396465,Marlon Gomes,Moyen,0.473,Moyen,0.545,,,,,estime EA,,
1336751,Justin Devenny,Moyen,0.527,Moyen,0.455,Moyen,0.597,,,estime EA,,
414924,Francesco Zampano,Haut,0.691,Haut,0.724,,,,,estime EA,,
917830,Nicolas Madsen,Moyen,0.6,Moyen,0.474,,,,,estime EA,,
969856,Olivier Deman,Haut,0.855,Haut,0.677,Haut,0.881,,,estime EA,,
971258,Fabian Nürnberger,Moyen,0.618,Moyen,0.613,,,,,estime EA,,
25587,Lorenzo De Silvestri,Moyen,0.473,Moyen,0.331,Bas,0.071,,,estime EA,,
195206,Stefan Lainer,Moyen,0.455,Moyen,0.528,Haut,0.847,,,estime EA,,Bruiser
560940,Jessy Benet,Haut,1,Haut,0.669,,,,,estime EA,oui,Dead Ball|Relentless
1070813,Kamil Piatkowski,Haut,0.764,Haut,0.722,,,,,estime EA,,Anticipate|Jockey
785739,Timo Becker,Haut,0.709,Moyen,0.609,,,,,estime EA,,Anticipate
1027740,Jean Onana,Moyen,0.436,Bas,0.307,,,,,estime EA,,Enforcer
1107423,Isaac Schmidt,Haut,0.727,Haut,0.769,Haut,0.905,,,estime EA,,Jockey|Rapid
1089744,Zito Luvumbo,Moyen,0.564,Haut,0.724,Bas,0.099,,,estime EA,,Quick Step
1317611,Otto Rosengren,Haut,0.855,Moyen,0.657,,,,,estime EA,,
857141,Arbnor Muja,Haut,0.673,Haut,0.747,,,,,estime EA,,
1396375,Ibrahim Sulemana,Moyen,0.527,Moyen,0.567,Haut,0.898,,,estime EA,,
1399969,Lennon Miller,Haut,0.673,Moyen,0.574,Haut,0.782,,,estime EA,,Aerial Fortress|Incisive Pass|Intercept
163805,Leandro Chichizola,Bas,-0.164,Bas,0.026,,,,,estime EA,,Cross Claimer|Far Throw
461356,Julian Green,Haut,0.782,Haut,0.699,,,,,estime EA,,Finesse Shot
500759,Francesco Di Mariano,Moyen,0.491,Moyen,0.593,,,,,estime EA,,
521838,Simone Bastoni,Haut,0.805,Haut,0.666,,,,,estime EA,oui,Dead Ball|Finesse Shot|Relentless
545703,Nicolas Schiavi,Moyen,0.564,Moyen,0.52,,,,,estime EA,,Aerial Fortress|Anticipate|Block|Dead Ball|Inventive
751066,Tahith Chong,Moyen,0.527,Moyen,0.567,,,,,estime EA,,Inventive
959247,João Virgínia,Bas,-0.436,Bas,-0.032,,,,,estime EA,,
1080660,Ringo Meerveld,Haut,0.805,Haut,0.758,Bas,0.325,,,estime EA,oui,First Touch|Relentless|Technical
1113915,Kasey McAteer,Moyen,0.509,Moyen,0.641,,,,,estime EA,,Precision Header
362307,Zeki Yavru,Moyen,0.6,Moyen,0.504,Moyen,0.514,,,estime EA,,
593129,Pere Milla,Haut,0.709,Moyen,0.589,Moyen,0.44,,,estime EA,,Finesse Shot|First Touch|Power Shot|Rapid
917628,Neto Borges,Haut,0.745,Moyen,0.583,,,,,estime EA,,Jockey|Whipped Pass
552625,Stoichkov,Moyen,0.618,Moyen,0.593,,,,,estime EA,,Finesse Shot|Gamechanger|Power Shot
1118697,Isaiah Jones,Haut,0.691,Haut,0.703,,,,,estime EA,,Technical
841395,Aiyegun Tosin,Moyen,0.618,Haut,0.725,Bas,0.009,,,estime EA,,Rapid
780816,Giannis Kotsiras,Haut,0.673,Moyen,0.625,,,,,estime EA,,Rapid
1280328,Vicente Taborda,Moyen,0.655,Moyen,0.608,,,,,estime EA,,Incisive Pass
643670,Jean Carlos,Haut,0.782,Haut,0.811,,,,,estime EA,,Aerial Fortress|Quick Step|Technical
1082597,Ignace Van Der Brempt,Moyen,0.6,Moyen,0.586,Haut,0.861,,,estime EA,,Slide Tackle
812982,Sorba Thomas,Haut,0.673,Haut,0.737,,,,,estime EA,,Inventive|Technical|Whipped Pass
1396089,Matteo Prati,Moyen,0.509,Moyen,0.397,Moyen,0.342,,,estime EA,,
159882,Kevin Theophile-Catherine,Moyen,0.509,Moyen,0.549,,,,,estime EA,,Aerial Fortress|Bruiser
722983,Fabio Depaoli,Haut,0.673,Moyen,0.625,,,,,estime EA,,Intercept|Low Driven Shot
921594,Domagoj Bradaric,Moyen,0.582,Moyen,0.599,Bas,0.157,,,estime EA,,Long Throw
364107,Anthony Partipilo,Haut,0.691,Haut,0.724,,,,,estime EA,,
520342,Paul Seguin,Haut,0.8,Moyen,0.564,,,,,estime EA,,Aerial Fortress|Pinged Pass
281866,Jure Balkovec,Moyen,0.545,Moyen,0.483,Bas,0.278,,,estime EA,,Long Ball Pass|Power Shot
1003288,Jon Morcillo,Moyen,0.618,Haut,0.674,,,,,estime EA,,Rapid|Whipped Pass
1227397,Antoni Kozubal,Haut,1,Haut,0.846,Haut,0.87,,,estime EA,oui,Incisive Pass|Relentless
267000,Thomas Delaine,Moyen,0.491,Moyen,0.481,,,,,estime EA,,Rapid|Slide Tackle
492589,Max Lowe,Moyen,0.527,Moyen,0.597,,,,,estime EA,,Anticipate
789243,Youssef Maleh,Moyen,0.636,Moyen,0.519,Moyen,0.578,,,estime EA,,
1106916,Oier Zarraga,Moyen,0.418,Moyen,0.513,Haut,0.712,,,estime EA,,
1574198,Christos Mouzakitis,Haut,0.899,Bas,0.156,Haut,0.809,11636,5.3,mesure FotMob,,
309631,César Falletti,Haut,0.691,Haut,0.785,,,,,estime EA,,Dead Ball|Gamechanger|Quick Step|Rapid
806972,Oliver Christensen,Bas,0.036,Bas,0.065,Bas,0.324,,,estime EA,,
1217265,Nicolas Milanovic,Haut,0.927,Haut,0.839,,,,,estime EA,,Precision Header|Technical
950596,Marco Brescianini,Moyen,0.527,Moyen,0.394,Bas,0.284,,,estime EA,,
1021302,Mattia Felici,Moyen,0.455,Moyen,0.629,Moyen,0.633,,,estime EA,,Rapid
944385,Isak Jansson,Haut,0.8,Haut,0.798,Moyen,0.462,,,estime EA,,Long Throw|Low Driven Shot|Quick Step|Technical
1483508,Kauã Elias,Moyen,0.436,Moyen,0.571,Bas,0.191,,,estime EA,,
189103,Daniel Bentley,Bas,-0.164,Bas,0.016,,,,,estime EA,,
561844,Tyronne Ebuehi,Moyen,0.345,Moyen,0.504,,,,,estime EA,,
798654,Ephron Mason-Clark,Moyen,0.527,Moyen,0.638,,,,,estime EA,,Precision Header|Whipped Pass
720649,Nicholas Pierini,Moyen,0.473,Haut,0.687,,,,,estime EA,,Quick Step|Rapid
464020,Milan Havel,Moyen,0.545,Moyen,0.503,,,,,estime EA,,
1054122,Boubacar Traoré,Moyen,0.418,Moyen,0.422,Haut,0.957,,,estime EA,,
1134467,Yuito Suzuki,Haut,0.745,Haut,0.746,Moyen,0.38,,,estime EA,,Dead Ball|Quick Step
1137664,Patrick de Paula,Haut,0.709,Moyen,0.619,,,,,estime EA,,Precision Header
1134759,Sota Kawasaki,Haut,0.932,Haut,0.859,Moyen,0.471,,,estime EA,oui,Relentless
1433032,Jhon Solís,Haut,0.691,Moyen,0.47,Moyen,0.55,,,estime EA,,Block|Intercept
1460591,Wagner Pina,Haut,0.745,Haut,0.735,Haut,0.768,,,estime EA,,
182893,Matthias Zimmermann,Moyen,0.636,Moyen,0.59,,,,,estime EA,,Aerial Fortress
560564,Taras Romanczuk,Moyen,0.655,Moyen,0.414,Haut,0.99,,,estime EA,,Aerial Fortress|Anticipate|Block|Intercept|Precision Header
1136403,John Tolkin,Haut,0.782,Haut,0.75,,,,,estime EA,,Long Throw|Slide Tackle
1199382,Josué Casimir,Moyen,0.636,Haut,0.661,Moyen,0.516,,,estime EA,,
1050838,Anass Salah-Eddine,Moyen,0.359,Moyen,0.635,Haut,0.873,10240,11.4,mesure FotMob,,First Touch
812839,Martijn Kaars,Haut,0.982,Haut,0.779,Bas,0.008,,,estime EA,,Low Driven Shot
1228840,Alessandro Bianco,Moyen,0.618,Moyen,0.593,,,,,estime EA,,Long Ball Pass
1459265,Frans Krätzig,Moyen,0.473,Moyen,0.545,,,,,estime EA,,
815220,Mamadou Sylla,Moyen,0.655,Haut,0.669,,,,,estime EA,,Enforcer
795285,Antoine Léautey,Haut,0.909,Haut,0.882,,,,,estime EA,,Inventive|Long Throw|Quick Step|Whipped Pass
823681,Iddrisu Baba,Haut,0.691,Moyen,0.429,,,,,estime EA,,Anticipate
1017745,Horatiu Moldovan,Bas,-0.055,Bas,0.029,,,,,estime EA,,
1463448,Tom Louchet,Moyen,0.564,Moyen,0.561,Moyen,0.612,,,estime EA,,Aerial Fortress
634110,Carlens Arcus,Haut,0.709,Moyen,0.619,Moyen,0.516,,,estime EA,,Intercept
1019947,Leonidas Stergiou,Moyen,0.655,Moyen,0.638,,,,,estime EA,,Anticipate|Jockey|Pinged Pass
1391722,Mehdi Dorval,Haut,0.891,Haut,0.712,,,,,estime EA,,Anticipate|Jockey|Whipped Pass
1204447,Luismi Cruz,Moyen,0.455,Moyen,0.66,,,,,estime EA,,Dead Ball|Incisive Pass|Whipped Pass
1184745,Zeidane Inoussa,Moyen,0.618,Haut,0.674,,,,,estime EA,,Quick Step|Technical
271031,Patrik Carlgren,Bas,-0.109,Bas,-0.023,,,,,estime EA,,Far Throw|Footwork
746018,Ali Gholizadeh,Moyen,0.618,Moyen,0.593,,,,,estime EA,,Finesse Shot|Inventive|Technical
1332850,Enzo Tchato,Moyen,0.527,Moyen,0.658,,,,,estime EA,,
1402621,Joao Costa,Moyen,0.509,Haut,0.692,,,,,estime EA,,
1526689,Álex Jiménez,Moyen,0.473,Haut,0.667,Haut,0.912,,,estime EA,,Quick Step
1611068,Karel Spacil,Moyen,0.545,Moyen,0.472,Haut,0.722,,,estime EA,,
245395,Mattijs Branderhorst,Bas,-0.164,Bas,-0.065,Haut,0.915,,,estime EA,,
582276,Freddie Woodman,Bas,-0.109,Bas,0.007,,,,,estime EA,,Footwork|Long Ball Pass|Rush Out
586467,Karlan Grant,Moyen,0.655,Haut,0.669,,,,,estime EA,,
789596,Yan Valery,Haut,0.745,Moyen,0.593,,,,,estime EA,,Jockey
920861,Adrian Benedyczak,Moyen,0.382,Moyen,0.61,Bas,0.065,,,estime EA,,
651435,Toma Basic,Moyen,0.345,Bas,0.199,Bas,0.12,,,estime EA,,
1112684,Nathan Patterson,Moyen,0.473,Moyen,0.474,Haut,0.839,,,estime EA,,Slide Tackle
1097361,Luca Sirch,Moyen,0.655,Moyen,0.516,,,,,estime EA,,
186919,Serdar Gürler,Moyen,0.564,Haut,0.663,Bas,0.207,,,estime EA,,Rapid
1072913,Tanguy Coulibaly,Moyen,0.455,Moyen,0.599,Haut,0.866,,,estime EA,,Gamechanger|Technical
906919,Sergio Lozano,Moyen,0.618,Moyen,0.461,,,,,estime EA,,Dead Ball|Incisive Pass
1332540,Enzo Bardeli,Haut,0.927,Haut,0.727,,,,,estime EA,,Dead Ball|Incisive Pass|Inventive
1457626,Ibrahim Maza,Haut,0.957,Moyen,0.478,Haut,0.699,11963,8.9,mesure FotMob,,Inventive|Technical
1618860,Maher Carrizo,Moyen,0.509,Haut,0.671,,,,,estime EA,,
35453,Ricardo Batista,Bas,-0.291,Bas,-0.127,,,,,estime EA,,
190666,Luke Ayling,Moyen,0.618,Moyen,0.379,,,,,estime EA,,
768505,Daan Heymans,Moyen,0.636,Bas,0.295,Haut,0.785,,,estime EA,,Aerial Fortress|Precision Header|Slide Tackle
787258,Sergio Ruiz,Haut,0.818,Moyen,0.47,,,,,estime EA,,Long Ball Pass
652295,Emir Sahiti,Moyen,0.473,Moyen,0.626,,,,,estime EA,,Quick Step|Rapid
1391052,Eliezer Mayenda,Moyen,0.636,Haut,0.712,Bas,0.022,,,estime EA,,
1513317,Adama Camara,Moyen,0.545,Moyen,0.442,Haut,0.789,,,estime EA,,Long Ball Pass|Press Proven
424614,Caleb Ekuban,Moyen,0.473,Moyen,0.586,Bas,0.248,,,estime EA,,
770880,Luca Zidane,Bas,-0.036,Bas,-0.126,,,,,estime EA,,Far Throw|Footwork|Long Ball Pass
959045,Kai Klefisch,Haut,0.709,Moyen,0.538,,,,,estime EA,,Aerial Fortress|Long Ball Pass
1081230,Jean Hugonet,Haut,0.818,Moyen,0.541,,,,,estime EA,,Block|Jockey
1083342,Semih Sahin,Moyen,0.636,Moyen,0.56,,,,,estime EA,,Intercept|Long Ball Pass
432605,Jonathan Osorio,Haut,0.691,Moyen,0.409,,,,,estime EA,,Technical
164519,Aleksandar Pesic,Moyen,0.473,Moyen,0.484,,,,,estime EA,,Finesse Shot
522236,Fabian Bredlow,Bas,-0.364,Bas,-0.135,,,,,estime EA,,
1022688,Léo Leroy,Moyen,0.582,Moyen,0.334,Haut,0.949,,,estime EA,,Precision Header
1120443,Thibaut Vargas,Haut,1,Haut,0.935,,,,,estime EA,oui,Dead Ball|Jockey|Relentless|Whipped Pass
1156568,Amin Sarr,Moyen,0.491,Haut,0.664,Moyen,0.445,,,estime EA,,
1196355,Keigo Tsunemoto,Haut,0.855,Haut,0.738,,,,,estime EA,,Block|Intercept|Jockey|Long Throw
1283407,Bilal Nadir,Moyen,0.455,Moyen,0.375,Haut,0.854,,,estime EA,,
1190033,Lamare Bogarde,Moyen,0.455,Moyen,0.436,Haut,0.742,,,estime EA,,
1106821,Carlos Marin,Bas,-0.255,Bas,-0.244,,,,,estime EA,,Footwork
1135609,William Bøving,Moyen,0.618,Haut,0.664,Moyen,0.583,,,estime EA,,Long Ball Pass|Technical
1132116,Kacper Trelowski,Bas,-0.382,Bas,-0.204,,,,,estime EA,,
1390336,Robin Risser,Bas,-0.073,Bas,-0.07,Bas,0.305,,,estime EA,,
1276078,Matthias Seidl,Haut,1,Haut,0.723,,,,,estime EA,oui,Incisive Pass|Relentless
491798,Alessandro Bellemo,Haut,1,Moyen,0.64,,,,,estime EA,oui,Relentless
543172,Lorenzo Dickmann,Haut,0.873,Moyen,0.654,,,,,estime EA,,
770402,Siebe Horemans,Moyen,0.636,Moyen,0.621,Moyen,0.57,,,estime EA,,Anticipate|Block|Bruiser|Intercept|Whipped Pass
1014602,Jacob Widell Zetterström,Bas,-0.073,Bas,-0.07,,,,,estime EA,,Cross Claimer|Far Throw|Footwork
1134825,Patrik Wålemark,Moyen,0.618,Moyen,0.654,,,,,estime EA,,Finesse Shot|Technical
1160392,Niklas Hedl,Bas,-0.273,Bas,-0.231,,,,,estime EA,,Far Reach|Footwork|Long Ball Pass
881626,Luis Palma,Moyen,0.436,Moyen,0.51,Bas,0.132,,,estime EA,,Dead Ball|Finesse Shot|Incisive Pass|Technical
814153,Muhammed Sengezer,Bas,-0.327,Bas,-0.192,Moyen,0.467,,,estime EA,,Cross Claimer
820712,Koffi Kouao,Haut,0.877,Haut,0.787,Haut,0.92,,,estime EA,oui,Jockey|Relentless|Slide Tackle
797132,Paul Akouokou,Bas,0.236,Bas,0.237,,,,,estime EA,,
844431,Yannik Keitel,Moyen,0.455,Moyen,0.416,,,,,estime EA,,
1024432,Andrea Adorante,Moyen,0.545,Moyen,0.544,,,,,estime EA,,Enforcer|Precision Header
737073,Jonatan Braut Brunes,Haut,0.673,Moyen,0.625,Bas,0.021,,,estime EA,,Enforcer|Gamechanger|Low Driven Shot
930047,Naatan Skyttä,Haut,0.673,Moyen,0.472,,,,,estime EA,,Dead Ball|Inventive|Low Driven Shot|Technical
1353457,Arthur,Haut,0.742,Haut,0.926,Moyen,0.493,11069,15.5,mesure FotMob,,
1116942,Mirko Topic,Moyen,0.455,Moyen,0.446,,,,,estime EA,,Aerial Fortress|Anticipate|Intercept|Jockey
156556,Nélson Oliveira,Moyen,0.509,Moyen,0.448,Bas,0.021,,,estime EA,,Press Proven
320672,Younes Namli,Moyen,0.6,Moyen,0.565,Haut,0.856,,,estime EA,,Dead Ball|Incisive Pass|Technical
798641,Harry Darling,Haut,0.691,Moyen,0.551,,,,,estime EA,,Precision Header
741561,Erik Botheim,Moyen,0.6,Moyen,0.555,,,,,estime EA,,
1026833,Pelle Mattsson,Haut,0.673,Moyen,0.462,,,,,estime EA,,Intercept|Precision Header
1199714,Marco Pasalic,Moyen,0.455,Moyen,0.568,,,,,estime EA,,Technical
1323863,Iker Munoz,Moyen,0.455,Bas,0.294,Haut,0.716,,,estime EA,,Aerial Fortress
1339581,Taha Sahin,Haut,0.691,Moyen,0.653,Moyen,0.551,,,estime EA,,Intercept|Whipped Pass
1412137,Marc Guiu,Moyen,0.473,Moyen,0.525,Bas,0.002,,,estime EA,,
1123947,Romaine Mundle,Moyen,0.491,Moyen,0.634,Haut,0.778,,,estime EA,,
1482209,Andrija Maksimovic,Moyen,0.564,Moyen,0.531,,,,,estime EA,,Finesse Shot|Incisive Pass
425255,Calum Chambers,Bas,0.255,Bas,0.214,Moyen,0.488,,,estime EA,,
538112,Matt Targett,Bas,0.036,Bas,0.248,,,,,estime EA,,
747079,Adrian Semper,Bas,-0.345,Bas,-0.24,Moyen,0.401,,,estime EA,,Far Throw
956576,Aiham Ousou,Moyen,0.527,Moyen,0.526,,,,,estime EA,,
1135655,Adam Karabec,Moyen,0.655,Moyen,0.608,Bas,0.036,,,estime EA,,Technical
1191741,Armindo Sieb,Moyen,0.491,Moyen,0.644,Bas,0.189,,,estime EA,,
1049665,Joel Mvuka,Moyen,0.582,Haut,0.762,Haut,0.948,,,estime EA,,Quick Step|Rapid
1289054,Gerard Yepes,Haut,0.691,Moyen,0.541,,,,,estime EA,,Aerial Fortress|Anticipate|Intercept|Tiki Taka
1385177,Mohammed Fuseini,Moyen,0.473,Haut,0.698,,,,,estime EA,,
1331703,Charlie Hughes,Moyen,0.6,Moyen,0.555,,,,,estime EA,,Long Ball Pass
586719,Murilo,Haut,0.691,Haut,0.744,Bas,0.302,,,estime EA,,Finesse Shot|Technical
305202,Halil Akbunar,Haut,0.805,Haut,0.839,Moyen,0.531,,,estime EA,oui,Rapid|Relentless
850858,Lassina Traoré,Moyen,0.382,Moyen,0.519,,,,,estime EA,,Precision Header
1363660,Gianluca Prestianni,Moyen,0.622,Haut,0.726,Haut,0.74,10788,12.5,mesure FotMob,,Inventive|Quick Step|Technical|Trickster
213299,Nicola Leali,Bas,-0.236,Bas,-0.166,Bas,0.139,,,estime EA,,
425950,Abdellah Zoubir,Haut,0.861,Haut,0.714,Moyen,0.376,11482,12.5,mesure FotMob,,Technical
620134,Kevin Nisbet,Moyen,0.618,Moyen,0.512,,,,,estime EA,,
614571,Matthias Bader,Haut,0.932,Haut,0.808,,,,,estime EA,oui,Block|Relentless
640225,Joan Sastre,Moyen,0.545,Moyen,0.584,,,,,estime EA,,
923222,Samuele Mulattieri,Moyen,0.564,Moyen,0.551,,,,,estime EA,,Chip Shot
1130691,Kamaldeen Sulemana,Moyen,0.4,Haut,0.668,Moyen,0.355,,,estime EA,,Finesse Shot|Rapid
1292369,Jean-Baptiste Gorby,Moyen,0.582,Moyen,0.365,Moyen,0.413,,,estime EA,,
1280112,Sebastiano Desplanches,Bas,-0.327,Bas,-0.324,,,,,estime EA,,Cross Claimer
150747,Etrit Berisha,Bas,-0.018,Bas,-0.129,Haut,0.816,,,estime EA,,Cross Claimer
310355,Fabian Holland,Moyen,0.545,Moyen,0.523,,,,,estime EA,,Long Throw
748456,Sam Field,Haut,0.691,Moyen,0.48,,,,,estime EA,,Aerial Fortress|Block|Intercept
1125232,Bright Arrey-Mbi,Haut,0.727,Moyen,0.657,Bas,0.287,,,estime EA,,Jockey
1087476,Mathias Kjølø,Haut,0.782,Moyen,0.567,Moyen,0.46,,,estime EA,,Intercept
1132319,Razvan Sava,Bas,-0.218,Bas,-0.26,Bas,0.082,,,estime EA,,Cross Claimer
1285926,Nicolas Kristof,Bas,-0.382,Bas,-0.295,,,,,estime EA,,Footwork
1428671,João Marques,Moyen,0.436,Moyen,0.52,Haut,0.916,,,estime EA,,Technical
1424875,Tyrique George,Moyen,0.488,Haut,0.788,Bas,0.073,10506,14.3,mesure FotMob,,Quick Step
319305,Florian Tardieu,Haut,0.818,Moyen,0.368,,,,,estime EA,,Aerial Fortress|Long Ball Pass
513982,Luca Mazzitelli,Moyen,0.455,Bas,0.222,Haut,0.783,,,estime EA,,Long Ball Pass
642534,Jonas Föhrenbach,Moyen,0.636,Moyen,0.519,Bas,0.246,,,estime EA,,Long Throw
1357723,Lucas Rosa,Bas,0.328,Haut,0.839,Haut,0.951,10176,13.5,mesure FotMob,,Anticipate|Block
258245,Branimir Hrgota,Haut,0.764,Haut,0.672,,,,,estime EA,,Chip Shot|Finesse Shot|First Touch|Gamechanger|Incisive Pass|Technical
496045,Antonio Colak,Moyen,0.509,Moyen,0.458,,,,,estime EA,,
1011022,Cheikh Niasse,Moyen,0.636,Moyen,0.488,Haut,0.674,,,estime EA,,Anticipate|Intercept|Slide Tackle
231521,Gianluca Lapadula,Moyen,0.382,Moyen,0.407,,,,,estime EA,,
554285,Rochinha,Moyen,0.564,Moyen,0.602,,,,,estime EA,,Technical
667788,Benedikt Gimber,Moyen,0.618,Moyen,0.502,Moyen,0.606,,,estime EA,,Bruiser
1622290,Nicolò Savona,Moyen,0.527,Moyen,0.496,Bas,0.167,,,estime EA,,
424609,Ben Davies,Moyen,0.455,Moyen,0.426,,,,,estime EA,,Jockey
769168,Jean-Kevin Duverne,Moyen,0.6,Moyen,0.413,,,,,estime EA,,Bruiser
1165477,Telmo Arcanjo,Moyen,0.564,Moyen,0.581,Moyen,0.51,,,estime EA,,Precision Header
1150871,Kiko Bondoso,Moyen,0.491,Moyen,0.583,Bas,0.23,,,estime EA,,Technical
1358598,Djeidi Gassama,Moyen,0.436,Moyen,0.591,Moyen,0.656,,,estime EA,,Low Driven Shot|Technical
1053675,Formose Mendy,Moyen,0.6,Moyen,0.504,,,,,estime EA,,Intercept
1230848,Bamba Dieng,Moyen,0.364,Moyen,0.542,Bas,0.025,,,estime EA,,Rapid
1242198,Marin Ljubicic,Moyen,0.636,Moyen,0.6,,,,,estime EA,,
789598,Alfie Jones,Haut,0.691,Moyen,0.51,,,,,estime EA,,Intercept|Long Ball Pass
959407,James Hill,Moyen,0.455,Moyen,0.436,Haut,0.711,,,estime EA,,Long Throw
1073007,Filip Bilbija,Haut,0.855,Moyen,0.627,,,,,estime EA,,Gamechanger|Low Driven Shot|Precision Header|Technical
690223,Rodrigo Abascal,Moyen,0.564,Moyen,0.388,Bas,0.326,,,estime EA,,Jockey|Long Ball Pass
1699018,Lucas Ferreira,Moyen,0.455,Bas,0.304,Moyen,0.653,,,estime EA,,
1226756,Alfie Gilchrist,Moyen,0.545,Moyen,0.411,,,,,estime EA,,Block
1458757,Luis Guilherme,Bas,0.273,Moyen,0.465,Bas,0.213,,,estime EA,,Rapid
573780,Jorge Sáenz,Haut,0.691,Moyen,0.409,,,,,estime EA,,Slide Tackle
859752,Ron-Thorben Hoffmann,Bas,-0.455,Bas,-0.355,,,,,estime EA,,Far Throw
1315511,Ermal Krasniqi,Moyen,0.618,Haut,0.674,,,,,estime EA,,
664964,Bruno Viana,Haut,0.673,Moyen,0.554,,,,,estime EA,,Anticipate|Long Ball Pass|Long Throw|Slide Tackle
880095,James Sands,Moyen,0.618,Bas,0.329,Haut,0.806,,,estime EA,,Aerial Fortress|Anticipate|Long Ball Pass|Slide Tackle
957181,Kikas,Haut,0.745,Haut,0.725,Bas,0.001,,,estime EA,,
1210893,Igor Matanovic,Moyen,0.382,Moyen,0.376,Haut,0.671,,,estime EA,,Enforcer
1229804,Johannes Schenk,Bas,-0.345,Bas,-0.372,,,,,estime EA,,
172615,Ryan Mendes,Bas,0.327,Moyen,0.497,Bas,0.294,,,estime EA,,
1304120,Alex Forés,Moyen,0.655,Moyen,0.567,Bas,0.03,,,estime EA,,
202181,Jack Robinson,Moyen,0.564,Moyen,0.49,,,,,estime EA,,Long Throw
1161885,Bobby Thomas,Moyen,0.582,Moyen,0.395,,,,,estime EA,,Aerial Fortress|Block|Intercept|Precision Header
1237425,Adamo Nagalo,Moyen,0.582,Moyen,0.517,Moyen,0.343,,,estime EA,,Block|Jockey|Long Ball Pass
1367618,Francesco Pio Esposito,Moyen,0.636,Bas,0.29,Bas,0.079,10813,7.6,mesure FotMob,,Precision Header
560900,Alexandre Mendy,Moyen,0.618,Moyen,0.552,,,,,estime EA,,Aerial Fortress
822716,Hannes Delcroix,Moyen,0.418,Moyen,0.411,,,,,estime EA,,
1203212,Daniel Fila,Moyen,0.364,Moyen,0.44,,,,,estime EA,,Enforcer
896377,Lameck Banda,Bas,0.291,Moyen,0.604,Moyen,0.553,,,estime EA,,
364104,Stefano Sabelli,Haut,0.691,Moyen,0.561,Moyen,0.611,,,estime EA,,Anticipate|Long Throw
1178453,Romeo Vermant,Haut,0.811,Moyen,0.424,,,11323,9.0,mesure FotMob,,
1676905,Coba da Costa,Bas,0.273,Moyen,0.516,Haut,0.863,,,estime EA,,
540929,Jostein Gundersen,Moyen,0.399,Bas,0.223,Bas,0.319,10309,6.3,mesure FotMob,,Aerial Fortress|Anticipate|Block|Bruiser|Intercept
848666,Florent Muslija,Moyen,0.345,Moyen,0.525,,,,,estime EA,,Finesse Shot|Incisive Pass
1130732,Daniel Mosquera,Moyen,0.345,Moyen,0.382,Bas,0.236,,,estime EA,,Press Proven
1225995,Robin Hranac,Moyen,0.436,Moyen,0.429,Bas,0.189,,,estime EA,,Aerial Fortress|Long Ball Pass
1372179,Wesley,Moyen,0.345,Moyen,0.504,,,,,estime EA,,Technical|Trickster
1054522,Moussa Diarra,Moyen,0.6,Moyen,0.504,,,,,estime EA,,
239911,Diego Demme,Moyen,0.618,Moyen,0.369,,,,,estime EA,,Slide Tackle
776159,Ross Stewart,Bas,0.255,Moyen,0.407,,,,,estime EA,,Precision Header
972117,Kalidou Sidibé,Moyen,0.582,Bas,0.273,,,,,estime EA,,Aerial Fortress
1356310,Youssef Chermiti,Moyen,0.382,Moyen,0.387,Bas,0.118,,,estime EA,,
1123505,Amine El Ouazzani,Haut,0.691,Moyen,0.571,Bas,0.059,,,estime EA,,Precision Header
520664,Alexander Jeremejeff,Moyen,0.509,Moyen,0.458,,,,,estime EA,,Finesse Shot
1510854,Dominik Prpic,Moyen,0.545,Moyen,0.493,,,,,estime EA,,Block|Pinged Pass
605848,Alexis Blin,Haut,0.891,Bas,0.265,,,,,estime EA,,
860609,Boris Tomiak,Haut,0.673,Moyen,0.544,,,,,estime EA,,Anticipate|Precision Header
636565,Jon Bautista,Bas,0.309,Moyen,0.388,,,,,estime EA,,Low Driven Shot|Precision Header
834641,Duplexe Tchamba,Moyen,0.582,Moyen,0.487,,,,,estime EA,,Long Ball Pass
1123587,Sambou Soumano,Bas,0.327,Moyen,0.446,Bas,0.127,,,estime EA,,Press Proven
1543415,Hiroki Sekine,Haut,0.727,Moyen,0.637,,,,,estime EA,,
861541,David Zec,Moyen,0.509,Moyen,0.366,,,,,estime EA,,
395154,Alen Halilovic,Moyen,0.4,Moyen,0.404,,,,,estime EA,,Dead Ball|Finesse Shot|First Touch|Inventive
314437,Christopher Jullien,Bas,-0.164,Bas,0.057,,,,,estime EA,,Aerial Fortress|Long Ball Pass|Precision Header
298941,Antonio Milic,Haut,0.764,Bas,0.326,Bas,0.217,,,estime EA,,Bruiser|Long Ball Pass
1185294,Ahmetcan Kaplan,Moyen,0.436,Moyen,0.388,Haut,0.944,,,estime EA,,
1256692,Zé Vítor,Moyen,0.655,Moyen,0.486,Haut,0.78,,,estime EA,,Aerial Fortress|Long Ball Pass
1184043,Bernardo Vital,Moyen,0.6,Moyen,0.525,Haut,0.779,,,estime EA,,
276711,Philipp Ziereis,Haut,0.895,Moyen,0.58,,,,,estime EA,oui,Aerial Fortress|Intercept|Jockey|Long Ball Pass|Precision Header|Relentless
1132814,Steve Kapuadi,Haut,0.745,Moyen,0.532,Bas,0.055,,,estime EA,,Aerial Fortress|Bruiser
279820,Matteo Bianchetti,Moyen,0.545,Bas,0.32,Bas,0.195,,,estime EA,,Aerial Fortress|Intercept|Long Ball Pass
768325,Jordan Storey,Moyen,0.564,Moyen,0.337,,,,,estime EA,,Aerial Fortress|Intercept
1318686,Alessandro Circati,Moyen,0.618,Moyen,0.39,Moyen,0.353,,,estime EA,,Aerial Fortress
1192393,Victor Chust,Bas,0.255,Moyen,0.346,Moyen,0.654,,,estime EA,,Long Ball Pass
1112763,Rayyan Baniya,Moyen,0.618,Moyen,0.481,,,,,estime EA,,Precision Header
694558,Dominic Hyam,Moyen,0.618,Moyen,0.349,,,,,estime EA,,Aerial Fortress|Long Ball Pass
553288,Giovanni Zaro,Moyen,0.509,Bas,0.153,,,,,estime EA,,Aerial Fortress|Anticipate|Block|Bruiser|Intercept|Long Ball Pass|Precision Header
934854,Nenad Cvetkovic,Moyen,0.509,Moyen,0.417,,,,,estime EA,,Aerial Fortress|Block|Long Ball Pass
195416,Antonio Caracciolo,Moyen,0.564,Moyen,0.398,Moyen,0.591,,,estime EA,,Block|Intercept
361379,Frederico Venâncio,Bas,0.327,Moyen,0.334,Moyen,0.551,,,estime EA,,Bruiser|Long Ball Pass|Long Throw
860592,Sebastian Walukiewicz,Moyen,0.509,Moyen,0.397,Bas,0.236,,,estime EA,,
1257648,Aurèle Amenda,Bas,-0.018,Bas,0.308,Moyen,0.612,,,estime EA,,Aerial Fortress|Bruiser|Long Ball Pass
1285540,Sidney Lima,Moyen,0.564,Moyen,0.388,Bas,0.175,,,estime EA,,Precision Header
763313,Erhan Masovic,Moyen,0.345,Moyen,0.372,,,,,estime EA,,
1002668,David Nemeth,Moyen,0.545,Bas,0.31,,,,,estime EA,,
948555,Ben Cabango,Moyen,0.509,Moyen,0.356,,,,,estime EA,,Intercept
415017,Mattia Bani,Moyen,0.545,Bas,0.269,,,,,estime EA,,Precision Header
98843,Alberto,Moyen,0.436,Bas,0.307,,,,,estime EA,,Aerial Fortress|Block|Bruiser|Slide Tackle
259296,Robin Knoche,Bas,0.218,Bas,-0.004,,,,,estime EA,,Anticipate|Pinged Pass
202180,Grant Hanley,Moyen,0.455,Bas,0.294,,,,,estime EA,,Bruiser|Precision Header
445511,Liam Lindsay,Haut,0.673,Bas,0.208,,,,,estime EA,,Aerial Fortress|Intercept|Precision Header
208243,Marcel Franke,Moyen,0.545,Bas,0.32,,,,,estime EA,,Aerial Fortress|Long Ball Pass|Precision Header
210443,Vincent Sasso,Moyen,0.527,Bas,0.16,,,,,estime EA,,Precision Header
770271,Mickaël Nadé,Moyen,0.6,Bas,0.199,,,,,estime EA,,Block|Bruiser
936140,Sebastian Sebulonsen,Haut,0.764,Haut,0.783,Bas,0.3,,,estime EA,,Anticipate|Block|Jockey|Long Throw|Precision Header|Whipped Pass
1338495,Romeo Amané,Haut,0.986,Haut,0.912,Haut,1.0,,,estime EA,oui,Incisive Pass|Relentless|Technical
1201004,Samuel Soares,Bas,-0.127,Bas,0.152,,,,,estime EA,,Far Throw
820792,Kevin Van Den Kerkhof,Haut,0.782,Haut,0.72,,,,,estime EA,,Whipped Pass
1226189,Martim Neto,Moyen,0.636,Moyen,0.631,Bas,0.208,,,estime EA,,Technical
538499,Lewis Baker,Moyen,0.655,Moyen,0.516,,,,,estime EA,,
469939,Liam Henderson,Haut,0.727,Moyen,0.565,,,,,estime EA,,
659742,Sandro Lauper,Moyen,0.636,Moyen,0.59,Bas,0.299,,,estime EA,,
785377,Aiden O'Neill,Haut,0.709,Moyen,0.629,,,,,estime EA,,Rapid
1358568,Patrik Vydra,Moyen,0.582,Moyen,0.507,,,,,estime EA,,
1449690,Alex Toth,Moyen,0.564,Moyen,0.48,Moyen,0.607,,,estime EA,,
848573,Ousseynou Niang,Moyen,0.459,Haut,0.934,Haut,0.877,10468,16.1,mesure FotMob,,
1025560,Magnus Knudsen,Haut,0.673,Moyen,0.615,,,,,estime EA,,
560413,Arno Verschueren,Haut,0.8,Moyen,0.564,Haut,0.882,,,estime EA,,Precision Header
1129082,Jamie Roche,Haut,0.818,Moyen,0.622,Haut,0.967,,,estime EA,,Aerial Fortress|Enforcer|Intercept
1189442,Salim Diakite,Moyen,0.655,Moyen,0.638,,,,,estime EA,,Press Proven
289138,Kal Naismith,Haut,0.673,Moyen,0.544,,,,,estime EA,,Anticipate|Long Ball Pass
574186,Agus Medina,Haut,0.909,Moyen,0.659,,,,,estime EA,,Dead Ball|Incisive Pass|Long Ball Pass
665170,Etienne Vaessen,Bas,-0.182,Bas,0.151,Haut,0.903,,,estime EA,,Cross Claimer|Far Throw|Footwork
1202888,Hugo Siquet,Haut,0.689,Haut,0.792,,,10931,13.1,mesure FotMob,,Aerial Fortress|Long Throw
1614804,Anthony Dennis,Haut,0.709,Moyen,0.599,Haut,0.992,,,estime EA,,
700683,Ross McCrorie,Haut,1,Haut,0.859,,,,,estime EA,oui,Bruiser|Relentless
980424,Kylian Kaiboué,Haut,0.818,Moyen,0.551,,,,,estime EA,,Aerial Fortress|Jockey|Long Ball Pass|Precision Header|Slide Tackle
915264,Randy Nteka,Haut,0.691,Moyen,0.581,,,,,estime EA,,Technical
95870,Güray Vural,Moyen,0.418,Moyen,0.462,,,,,estime EA,,Whipped Pass
180274,Graeme Shinnie,Haut,0.914,Haut,0.689,,,,,estime EA,oui,Aerial Fortress|Relentless
789507,Jack Taylor,Haut,0.673,Moyen,0.544,,,,,estime EA,,Power Shot
955947,Demba Thiam,Bas,0.0,Bas,0.244,,,,,estime EA,,Cross Claimer
807930,Regan Slater,Haut,0.836,Haut,0.68,,,,,estime EA,,
945841,Emil Kornvig,Haut,0.818,Moyen,0.632,Haut,0.863,,,estime EA,,Aerial Fortress
697190,Jérémy Livolant,Moyen,0.618,Haut,0.685,Moyen,0.536,,,estime EA,,Rapid|Whipped Pass
872963,Tom Dele-Bashiru,Haut,0.673,Haut,0.666,Moyen,0.47,,,estime EA,,
1020807,Tom Ducrocq,Haut,0.927,Haut,0.686,,,,,estime EA,,Intercept
1185902,Jens Castrop,Haut,0.709,Haut,0.68,Haut,0.939,,,estime EA,,Rapid
1202048,Cristian Gutiérrez,Moyen,0.473,Moyen,0.616,,,,,estime EA,,
574451,Dimitar Mitov,Bas,-0.091,Bas,0.177,Moyen,0.373,,,estime EA,,Cross Claimer|Footwork|Long Ball Pass
1391753,Yaimar Medina,Moyen,0.564,Haut,0.744,Haut,0.677,,,estime EA,,Quick Step|Rapid
1097446,Noah Cadiou,Haut,0.909,Moyen,0.638,Moyen,0.624,,,estime EA,,Aerial Fortress|Incisive Pass|Intercept|Long Ball Pass
1032157,Bence Ötvös,Moyen,0.6,Moyen,0.443,Haut,0.999,,,estime EA,,
287894,Loris Karius,Bas,-0.073,Bas,0.123,,,,,estime EA,,
845985,Victor Torp,Moyen,0.618,Moyen,0.491,,,,,estime EA,,
1039566,Brian De Keersmaecker,Moyen,0.6,Moyen,0.565,,,,,estime EA,,Anticipate|Bruiser
1179835,Giorgi Gocholeishvili,Haut,0.691,Haut,0.724,Haut,0.813,,,estime EA,,Anticipate|Jockey
566467,Gil Dias,Moyen,0.564,Moyen,0.581,Haut,0.786,,,estime EA,,
344093,Josip Misic,Haut,0.786,Haut,0.679,Haut,0.977,,,estime EA,oui,Incisive Pass|Intercept|Long Ball Pass|Relentless|Slide Tackle
878296,Daiki Hashioka,Haut,0.909,Moyen,0.628,,,,,estime EA,,Whipped Pass
902693,Liziero,Moyen,0.564,Moyen,0.541,Haut,0.805,,,estime EA,,Slide Tackle
249510,Risto Radunovic,Haut,0.727,Moyen,0.606,Haut,0.745,,,estime EA,,Anticipate|Intercept
1494508,Niko Sigur,Haut,0.745,Moyen,0.593,,,,,estime EA,,Slide Tackle
722741,Josh Tymon,Haut,0.727,Haut,0.677,,,,,estime EA,,Dead Ball|Intercept|Whipped Pass
532947,Vetle Dragsnes,Haut,0.891,Haut,0.763,Bas,0.235,,,estime EA,,Whipped Pass
1329461,Danley Jean Jacques,Moyen,0.655,Moyen,0.547,,,,,estime EA,,
1393748,Joel da Silva,Haut,0.673,Moyen,0.615,,,,,estime EA,,
1227590,Kyriani Sabbe,Haut,0.82,Moyen,0.576,Moyen,0.392,11350,10.5,mesure FotMob,,Long Throw
298676,Joe Bryan,Moyen,0.582,Moyen,0.578,,,,,estime EA,,Intercept
288319,Adrián Ortolá,Bas,-0.018,Bas,0.084,,,,,estime EA,,
289254,Rafa Soares,Moyen,0.582,Moyen,0.589,Bas,0.121,,,estime EA,,
625091,Gerrit Holtmann,Moyen,0.455,Haut,0.69,,,,,estime EA,,Quick Step|Rapid
863359,Andy Irving,Moyen,0.418,Bas,0.299,,,,,estime EA,,
814400,Antonio Candela,Haut,0.709,Moyen,0.66,,,,,estime EA,,Whipped Pass
1039403,Santiago Pierotti,Moyen,0.4,Moyen,0.455,Haut,0.928,,,estime EA,,
1222175,Luís Esteves,Haut,0.818,Haut,0.714,Haut,0.765,,,estime EA,,
1187623,Matheus Pereira,Haut,0.673,Moyen,0.635,Haut,0.842,,,estime EA,,
740171,Kasey Palmer,Bas,0.291,Moyen,0.401,,,,,estime EA,,Incisive Pass|Inventive
614176,Keshi Anderson,Moyen,0.655,Haut,0.679,,,,,estime EA,,Gamechanger|Press Proven
874613,Lewis Wing,Haut,0.782,Moyen,0.496,,,,,estime EA,,Aerial Fortress|Dead Ball|Incisive Pass|Intercept|Long Ball Pass|Power Shot
950286,Brian Ocampo,Moyen,0.564,Haut,0.683,,,,,estime EA,,Gamechanger|Inventive|Technical|Whipped Pass
1427808,Panos Katseris,Haut,0.8,Haut,0.717,Haut,0.764,,,estime EA,,
1400216,Josh Acheampong,Moyen,0.491,Moyen,0.552,Haut,0.68,,,estime EA,,
1093782,Lukas Petkov,Moyen,0.582,Moyen,0.619,,,,,estime EA,,Gamechanger|Inventive|Technical
1036235,Pedro Ortiz,Moyen,0.636,Moyen,0.56,,,,,estime EA,,
1355526,Maxi Oyedele,Moyen,0.418,Moyen,0.452,Haut,0.765,,,estime EA,,
627499,Vaclav Jurecka,Haut,0.8,Moyen,0.645,Bas,0.032,,,estime EA,,
1420818,Sydie Peck,Haut,0.691,Moyen,0.561,,,,,estime EA,,
1241301,João Paulo,Moyen,0.586,Moyen,0.569,,,,,estime EA,oui,Bruiser|Pinged Pass|Relentless
709148,Lewie Coyle,Haut,0.764,Moyen,0.651,,,,,estime EA,,
962000,Josh Eccles,Moyen,0.655,Moyen,0.597,,,,,estime EA,,Anticipate
1222166,Luca Kerber,Haut,0.709,Moyen,0.579,Bas,0.113,,,estime EA,,Press Proven
1180694,Dean James,Moyen,0.636,Haut,0.661,Moyen,0.361,,,estime EA,,
410411,Andrea Fulignati,Bas,-0.418,Bas,-0.055,,,,,estime EA,,Long Ball Pass|Rush Out
792653,Ahmed Touba,Haut,0.673,Moyen,0.513,Moyen,0.448,,,estime EA,,
816434,Alfie May,Haut,0.909,Haut,0.821,,,,,estime EA,,Chip Shot|Quick Step
1206287,Freddie Potts,Haut,0.691,Moyen,0.551,Moyen,0.495,,,estime EA,,Aerial Fortress|Slide Tackle
237541,Felix Klaus,Haut,0.709,Moyen,0.66,,,,,estime EA,,Rapid
471271,Amari'i Bell,Haut,0.727,Moyen,0.637,,,,,estime EA,,
466436,Mory Diaw,Bas,-0.2,Bas,-0.039,Haut,0.701,,,estime EA,,Far Throw|Footwork
742405,Tom Davies,Moyen,0.418,Moyen,0.401,,,,,estime EA,,Slide Tackle
643986,Ádám Nagy,Haut,0.782,Moyen,0.608,,,,,estime EA,,Intercept
748856,Callum Styles,Haut,0.818,Moyen,0.612,,,,,estime EA,,
614956,Yuri Ribeiro,Moyen,0.545,Moyen,0.584,,,,,estime EA,,
517274,Ales Mateju,Haut,1,Haut,0.777,,,,,estime EA,oui,Aerial Fortress|Anticipate|Bruiser|Intercept|Relentless
956161,Joe Gelhardt,Moyen,0.582,Moyen,0.609,,,,,estime EA,,Technical
1075065,Braian Ojeda,Haut,0.673,Moyen,0.595,,,,,estime EA,,
1082954,Gonzalo Crettaz,Bas,-0.036,Bas,0.016,Haut,0.88,,,estime EA,,Footwork
1358149,Luka Stojkovic,Haut,0.877,Haut,0.787,,,,,estime EA,oui,Rapid|Relentless
343316,Emiliano Marcondes,Moyen,0.545,Moyen,0.523,,,,,estime EA,,Inventive
574448,Joe Lumley,Bas,-0.091,Bas,-0.006,,,,,estime EA,,Cross Claimer
1073905,Rassoul Ndiaye,Moyen,0.655,Moyen,0.608,Haut,0.769,,,estime EA,,
1337282,Kodai Sano,Haut,0.745,Haut,0.695,Haut,0.958,,,estime EA,,
1622889,Louis Leroux,Haut,0.673,Moyen,0.584,Moyen,0.376,,,estime EA,,
369754,Jamal Lowe,Moyen,0.491,Moyen,0.613,,,,,estime EA,,Finesse Shot|Gamechanger
719578,James Penrice,Moyen,0.6,Moyen,0.596,,,,,estime EA,,Dead Ball
785716,Jovane Cabral,Moyen,0.4,Moyen,0.546,Haut,0.917,,,estime EA,,Gamechanger|Power Shot|Rapid
1314657,Vinícius Tobias,Moyen,0.545,Moyen,0.615,Haut,0.894,,,estime EA,,
1431281,James Beadle,Bas,0.0,Bas,0.071,,,,,estime EA,,Cross Claimer|Footwork
422121,Joris van Overeem,Moyen,0.582,Moyen,0.538,Haut,0.977,,,estime EA,,Slide Tackle
496728,David Gil,Bas,0.018,Bas,0.089,,,,,estime EA,,Footwork
890346,Cameron Pring,Moyen,0.618,Haut,0.664,,,,,estime EA,,Intercept|Slide Tackle
1185509,Andreas Müller,Haut,0.691,Moyen,0.592,,,,,estime EA,,Block|Jockey|Slide Tackle
1478148,Leon Avdullahu,Haut,0.873,Moyen,0.593,Haut,0.667,,,estime EA,,Aerial Fortress|Long Ball Pass|Pinged Pass|Press Proven
1617161,Jorthy Mokio,Haut,0.768,Moyen,0.574,Haut,0.975,11169,10.2,mesure FotMob,,
184360,Andreas Weimann,Haut,0.709,Moyen,0.619,,,,,estime EA,,Gamechanger|Precision Header
760747,Kjetil Haug,Bas,-0.236,Bas,-0.064,Moyen,0.441,,,estime EA,,Cross Claimer
639133,José Arnáiz,Moyen,0.618,Haut,0.664,,,,,estime EA,,First Touch|Rapid
766957,Luis Pérez,Haut,0.986,Haut,0.932,Moyen,0.515,,,estime EA,oui,Anticipate|Long Ball Pass|Quick Step|Rapid|Relentless
723564,Igor Silva,Moyen,0.618,Moyen,0.583,Moyen,0.47,,,estime EA,,Rapid
1072710,Bartol Franjic,Haut,0.673,Moyen,0.625,,,,,estime EA,,Intercept
1274400,Alan Minda,Moyen,0.382,Moyen,0.58,,,,,estime EA,,Gamechanger|Low Driven Shot|Whipped Pass
1042086,Ibrahim Olawoyin,Moyen,0.636,Haut,0.671,Haut,0.903,,,estime EA,,Aerial Fortress|Intercept|Precision Header|Technical
1310001,Ezechiel Banzuzi,Moyen,0.618,Moyen,0.522,Haut,0.972,,,estime EA,,Aerial Fortress
1520506,Livan Burcu,Moyen,0.582,Moyen,0.64,Haut,0.702,,,estime EA,,
77690,Seamus Coleman,Bas,-0.091,Bas,0.055,,,,,estime EA,,
202639,Sergio Álvarez,Haut,0.727,Moyen,0.433,,,,,estime EA,,Aerial Fortress|Anticipate|Bruiser|Power Shot|Press Proven
541822,John Swift,Moyen,0.382,Moyen,0.407,,,,,estime EA,,Dead Ball
688285,Alec Georgen,Haut,0.782,Haut,0.709,,,,,estime EA,,Intercept|Jockey|Slide Tackle
750845,David Turnbull,Moyen,0.436,Moyen,0.337,,,,,estime EA,,Power Shot
678812,Efkan Bekiroglu,Moyen,0.509,Moyen,0.488,Bas,0.244,,,estime EA,,Incisive Pass|Technical
945883,Antoine Bernier,Haut,0.909,Haut,0.791,,,,,estime EA,,Gamechanger|Technical
981048,Giuseppe Sibilli,Haut,0.673,Moyen,0.645,,,,,estime EA,,Incisive Pass
938682,Jackson Muleka,Moyen,0.618,Haut,0.674,Haut,0.724,,,estime EA,,Finesse Shot
982633,Jordan Zemura,Moyen,0.6,Moyen,0.647,Moyen,0.489,,,estime EA,,
496732,Max O'Leary,Bas,0.055,Bas,0.012,,,,,estime EA,,Far Throw|Footwork|Long Ball Pass
513503,Pascal Stenzel,Moyen,0.527,Bas,0.323,,,,,estime EA,,Long Ball Pass
955203,Thomas van den Belt,Haut,0.727,Moyen,0.413,Haut,0.785,,,estime EA,,
776584,Pedro Amaral,Moyen,0.6,Moyen,0.555,Moyen,0.474,,,estime EA,,
1096630,Leighton Clarkson,Moyen,0.545,Moyen,0.533,,,,,estime EA,,Dead Ball|First Touch|Incisive Pass|Inventive|Long Ball Pass
1108603,Timothée Pembélé,Moyen,0.473,Moyen,0.576,,,,,estime EA,,
1329255,Louis Mouton,Haut,0.818,Moyen,0.602,Moyen,0.377,,,estime EA,,
1327319,Chris Rigg,Moyen,0.6,Moyen,0.515,Bas,0.202,,,estime EA,,
176680,Loris Benito,Haut,0.818,Moyen,0.582,Haut,0.687,,,estime EA,,Anticipate|Long Throw
531047,Florin Tanase,Haut,0.709,Moyen,0.65,,,,,estime EA,,Finesse Shot
660887,Fabien Centonze,Moyen,0.509,Moyen,0.458,Haut,0.946,,,estime EA,,
1096327,Jakub Stolarczyk,Bas,0.0,Bas,-0.092,,,,,estime EA,,
1068920,Vítezslav Jaros,Bas,0.069,Bas,0.027,Moyen,0.575,5442,0.0,mesure FotMob,,
857434,Vladan Kovacevic,Bas,-0.4,Bas,-0.231,,,,,estime EA,,
119079,Alex McCarthy,Bas,-0.109,Bas,0.007,,,,,estime EA,,
167065,Sebastian Jung,Moyen,0.527,Moyen,0.475,,,,,estime EA,,Anticipate|Slide Tackle|Whipped Pass
617763,Daniel Iversen,Bas,0.073,Bas,0.06,,,,,estime EA,,Footwork
623366,Nathan Trott,Bas,-0.073,Bas,-0.039,,,,,estime EA,,Cross Claimer|Footwork
694060,Meschack Elia,Haut,0.727,Haut,0.759,Bas,0.158,,,estime EA,,Rapid
1159539,Taylor Booth,Moyen,0.527,Moyen,0.597,,,,,estime EA,,Whipped Pass
725462,Ivan Nevistic,Bas,-0.327,Bas,-0.121,Bas,0.25,,,estime EA,,Footwork
1300329,Calvin Brackelmann,Moyen,0.582,Moyen,0.568,,,,,estime EA,,Anticipate|Block|Jockey
1174002,Benjamin Bouchouari,Moyen,0.618,Moyen,0.552,Haut,0.727,,,estime EA,,
287892,Jed Wallace,Moyen,0.473,Moyen,0.545,,,,,estime EA,,
354136,Mathias Dyngeland,Bas,-0.091,Bas,0.004,Bas,0.184,,,estime EA,,Far Reach
640284,Ali Lajami,Haut,0.691,Haut,0.663,,,,,estime EA,,Block|Intercept|Long Ball Pass|Long Throw|Slide Tackle
793041,Federico Ravaglia,Bas,0.055,Bas,-0.029,Moyen,0.629,,,estime EA,,
1310103,Anton Kade,Moyen,0.436,Moyen,0.541,Moyen,0.562,,,estime EA,,Aerial Fortress|Block|Intercept|Jockey
1433070,Oscar Cortés,Moyen,0.345,Moyen,0.514,,,,,estime EA,,
1381103,Martin Delavallee,Bas,-0.364,Bas,-0.074,,,,,estime EA,,Far Throw
1015750,Stavros Pilios,Haut,0.691,Haut,0.673,Haut,0.882,,,estime EA,,Jockey
564571,Bingourou Kamara,Bas,-0.145,Bas,-0.089,Bas,0.146,,,estime EA,,Footwork
916916,Andy Pelmard,Haut,0.727,Haut,0.688,,,,,estime EA,,Jockey
924519,Jusuf Gazibegovic,Moyen,0.495,Moyen,0.654,,,,,estime EA,oui,Anticipate|Jockey|Relentless
1209441,Ivan Romero,Moyen,0.618,Haut,0.705,Moyen,0.535,,,estime EA,,
1425101,Silas Andersen,Moyen,0.655,Moyen,0.506,Haut,0.962,,,estime EA,,
1252373,Roberto Fernández,Bas,-0.109,Bas,-0.003,Bas,0.046,,,estime EA,,Cross Claimer|Footwork
604579,Andrea Cistana,Haut,0.782,Moyen,0.536,,,,,estime EA,,
632342,Jeff Reine-Adélaide,Moyen,0.418,Moyen,0.432,,,,,estime EA,,Technical
635947,Alfons Sampsted,Haut,0.8,Haut,0.706,Haut,0.728,,,estime EA,,Anticipate|Whipped Pass
934742,Maurice Malone,Moyen,0.545,Moyen,0.615,Bas,0.003,,,estime EA,,Enforcer
182836,Marco D'Alessandro,Moyen,0.473,Moyen,0.657,,,,,estime EA,,
287898,Ahmad Benali,Haut,0.8,Haut,0.778,,,,,estime EA,,Intercept|Jockey|Long Ball Pass
467480,Bas Kuipers,Haut,0.877,Haut,0.726,Bas,0.035,,,estime EA,oui,Relentless|Whipped Pass
922622,Róbert Bozeník,Moyen,0.564,Moyen,0.571,,,,,estime EA,,
1060617,Oliver Sonne,Haut,0.709,Moyen,0.66,Moyen,0.368,,,estime EA,,Jockey
1113670,Aaron Ramsey,Moyen,0.491,Moyen,0.562,,,,,estime EA,,
1246009,Cher Ndour,Bas,0.309,Bas,0.215,Moyen,0.551,,,estime EA,,
128827,Lewis Holtby,Bas,0.273,Moyen,0.353,Moyen,0.351,,,estime EA,,Press Proven
310836,Pierrick Capelle,Bas,0.2,Bas,0.07,Haut,0.846,,,estime EA,,
820132,Silas Gnaka,Haut,0.673,Moyen,0.574,,,,,estime EA,,Incisive Pass
770566,Leon Jensen,Haut,0.727,Moyen,0.576,,,,,estime EA,,Slide Tackle
859764,Luka Ilic,Moyen,0.4,Moyen,0.516,Bas,0.302,,,estime EA,,Long Ball Pass|Technical
824717,Jakov Medic,Moyen,0.6,Moyen,0.464,,,,,estime EA,,Bruiser|Slide Tackle
1070908,Darian Males,Moyen,0.564,Moyen,0.602,,,,,estime EA,,Rapid|Whipped Pass
157838,Nathaniel Clyne,Bas,-0.036,Bas,0.128,Bas,0.263,,,estime EA,,
289137,Charlie Taylor,Bas,0.273,Bas,0.262,,,,,estime EA,,
1077922,George Tanner,Moyen,0.636,Moyen,0.59,,,,,estime EA,,
1392232,Marc Aguado,Moyen,0.582,Moyen,0.446,Moyen,0.372,,,estime EA,,Long Ball Pass|Tiki Taka
957122,Ianis Stoica,Moyen,0.655,Haut,0.74,Bas,0.188,,,estime EA,,Quick Step|Rapid
749648,Attila Szalai,Moyen,0.6,Moyen,0.504,Bas,0.299,,,estime EA,,Bruiser
936603,Milutin Osmajic,Moyen,0.491,Moyen,0.593,,,,,estime EA,,Enforcer
1178263,Alfie Devine,Moyen,0.364,Moyen,0.4,,,,,estime EA,,
1344677,Mateo Joseph,Moyen,0.564,Moyen,0.622,Moyen,0.374,,,estime EA,,
1428401,Romain Esse,Moyen,0.473,Moyen,0.586,,,,,estime EA,,Inventive|Technical
1315319,Oliver Scarles,Moyen,0.491,Moyen,0.542,Haut,0.965,,,estime EA,,
726956,Cedric Itten,Moyen,0.582,Moyen,0.517,,,,,estime EA,,Enforcer|Precision Header
659047,Niklas Hauptmann,Haut,0.8,Moyen,0.534,,,,,estime EA,,Incisive Pass|Inventive|Slide Tackle|Technical|Tiki Taka
529869,Ramzi Safuri,Moyen,0.491,Moyen,0.491,Moyen,0.544,,,estime EA,,
243132,Nahki Wells,Moyen,0.455,Moyen,0.497,,,,,estime EA,,Gamechanger
881124,Diego Pampin,Haut,0.673,Moyen,0.645,Moyen,0.523,,,estime EA,,
925325,João Moutinho,Moyen,0.655,Moyen,0.638,,,,,estime EA,,
916332,Luke Thomas,Moyen,0.636,Moyen,0.61,,,,,estime EA,,
1220187,Jesus Vázquez,Moyen,0.418,Moyen,0.442,Haut,0.756,,,estime EA,,
480014,Pietro Ceccaroni,Moyen,0.618,Moyen,0.44,,,,,estime EA,,
673749,Miguel Cardoso,Moyen,0.345,Moyen,0.474,Bas,0.173,,,estime EA,,Aerial Fortress|Low Driven Shot|Power Shot|Whipped Pass
1289961,Adam Obert,Moyen,0.418,Moyen,0.452,Haut,0.741,,,estime EA,,
1347791,Yassin Belkhdim,Moyen,0.582,Moyen,0.395,Moyen,0.654,,,estime EA,,
1494947,Aaron Anselmino,Moyen,0.4,Moyen,0.435,Haut,0.966,,,estime EA,,
1526221,Cyriaque Irié,Haut,0.745,Haut,0.786,,,,,estime EA,,Aerial Fortress|Gamechanger|Quick Step|Rapid
180259,Andre Gray,Moyen,0.527,Moyen,0.567,Bas,0.003,,,estime EA,,
171250,Denis Alibec,Moyen,0.527,Moyen,0.445,,,,,estime EA,,Enforcer|Finesse Shot|Gamechanger|Inventive
575364,Alberto Grassi,Moyen,0.636,Moyen,0.478,Moyen,0.54,,,estime EA,,
872996,Liam Cullen,Moyen,0.636,Moyen,0.631,,,,,estime EA,,Precision Header
845368,John Yeboah,Haut,0.709,Haut,0.802,,,,,estime EA,,Gamechanger
863130,Pedro Mendes,Moyen,0.527,Moyen,0.506,,,,,estime EA,,Aerial Fortress|Enforcer|Finesse Shot|Press Proven
531913,Orlando Mosquera,Bas,-0.345,Bas,-0.22,,,,,estime EA,,Footwork
1403332,Aljoscha Kemlein,Moyen,0.564,Moyen,0.49,Haut,0.78,,,estime EA,,
462863,Karol Mets,Moyen,0.618,Moyen,0.39,Bas,0.189,,,estime EA,,Bruiser|Long Ball Pass
640725,Curro Sánchez,Moyen,0.655,Moyen,0.638,,,,,estime EA,,Dead Ball|Long Ball Pass|Precision Header|Technical
1153342,Marton Dardai,Moyen,0.618,Moyen,0.512,,,,,estime EA,,Block|Intercept|Long Ball Pass
1097467,Dirk Proper,Haut,0.745,Moyen,0.654,Moyen,0.394,,,estime EA,,Anticipate|Press Proven
1280560,Lukas Pinckert,Moyen,0.582,Moyen,0.528,,,,,estime EA,,
934495,Godfried Frimpong,Moyen,0.527,Moyen,0.618,Bas,0.143,,,estime EA,,Intercept|Whipped Pass
1251666,Ernest Poku,Moyen,0.426,Haut,0.893,Bas,0.198,10389,14.4,mesure FotMob,,Quick Step|Rapid|Slide Tackle
1439394,Pau Sans,Moyen,0.509,Moyen,0.651,,,,,estime EA,,
1186529,Carlos Forbs,Moyen,0.497,Haut,0.982,Moyen,0.427,10528,18.4,mesure FotMob,,Quick Step|Rapid
1506829,Raul Florucz,Haut,0.71,Haut,0.924,,,10992,15.7,mesure FotMob,,
230916,Ryan Fraser,Bas,0.218,Moyen,0.423,,,,,estime EA,,
610267,Ben Pearson,Moyen,0.618,Moyen,0.491,,,,,estime EA,,Long Ball Pass|Slide Tackle
866163,Conor Shaughnessy,Moyen,0.636,Moyen,0.417,,,,,estime EA,,Long Throw|Precision Header
581132,Chris Bedia,Moyen,0.545,Moyen,0.483,,,,,estime EA,,Precision Header
789574,Jayson Molumby,Moyen,0.618,Moyen,0.481,,,,,estime EA,,
833979,Bebeto,Haut,0.673,Moyen,0.574,Haut,0.901,,,estime EA,,Long Throw
938537,Fatih Kaya,Moyen,0.491,Moyen,0.562,,,,,estime EA,,Acrobatic|Gamechanger|Precision Header
762028,Ylber Ramadani,Haut,0.818,Moyen,0.551,Haut,0.958,,,estime EA,,Jockey|Power Shot
1269497,Yannik Engelhardt,Moyen,0.636,Moyen,0.539,Moyen,0.594,,,estime EA,,
1298925,Jeremy Sarmiento,Bas,0.327,Moyen,0.538,,,,,estime EA,,
1388749,Khalil Fayad,Bas,0.327,Moyen,0.426,,,,,estime EA,,Inventive
1109100,John Mercado,Moyen,0.582,Haut,0.711,,,,,estime EA,,Precision Header
1309634,Dailon Livramento,Bas,0.273,Moyen,0.506,Bas,0.102,,,estime EA,,
253120,Virgil Misidjan,Moyen,0.436,Moyen,0.602,Moyen,0.339,,,estime EA,,Finesse Shot|Rapid
466216,Zoran Arsenic,Moyen,0.618,Moyen,0.552,,,,,estime EA,,Anticipate|Block|Long Ball Pass
1160390,Jose Fontán,Moyen,0.6,Moyen,0.484,Moyen,0.413,,,estime EA,,Long Ball Pass
1054132,Eduardo Guerrero,Moyen,0.564,Moyen,0.622,,,,,estime EA,,
1190350,Niko Galesic,Moyen,0.582,Moyen,0.456,,,,,estime EA,,
1068880,Stefan Baiaram,Haut,0.673,Haut,0.706,,,,,estime EA,,Aerial Fortress|Inventive|Precision Header|Rapid
1132158,Zé Carlos,Haut,0.727,Haut,0.677,Moyen,0.501,,,estime EA,,Block|Intercept|Jockey
1329406,Jeanuël Belocian,Bas,0.255,Moyen,0.356,Moyen,0.45,,,estime EA,,
1338740,Tani Oluwaseyi,Moyen,0.388,Haut,0.849,Bas,0.042,10296,14.2,mesure FotMob,,
1351569,Hugo Bolin,Moyen,0.618,Moyen,0.634,Bas,0.199,,,estime EA,,Technical
107280,Ashley Barnes,Moyen,0.455,Bas,0.212,,,,,estime EA,,
265924,Gregoire Defrel,Bas,0.018,Moyen,0.394,,,,,estime EA,,First Touch
727379,Lazar Carevic,Bas,-0.255,Bas,-0.285,Bas,0.224,,,estime EA,,
789585,Marcus Forss,Moyen,0.455,Moyen,0.538,,,,,estime EA,,
816368,Ciaron Brown,Moyen,0.582,Moyen,0.467,,,,,estime EA,,Long Ball Pass|Long Throw
1188087,Brandon Domingues,Moyen,0.436,Moyen,0.561,,,,,estime EA,,
1033114,Anthony Musaba,Moyen,0.455,Moyen,0.65,Bas,0.195,,,estime EA,,Rapid
1184693,Couhaib Driouech,Haut,0.673,Haut,0.788,Moyen,0.569,,,estime EA,,Rapid|Whipped Pass
523380,Myenty Abena,Moyen,0.636,Moyen,0.529,Bas,0.222,,,estime EA,,
1052689,Karamoko Dembélé,Moyen,0.436,Moyen,0.642,,,,,estime EA,,Finesse Shot
982284,Ellis Simms,Moyen,0.582,Moyen,0.507,,,,,estime EA,,Precision Header
1366006,Umut Tohumcu,Moyen,0.418,Moyen,0.483,,,,,estime EA,,
1244356,Daisuke Yokota,Moyen,0.636,Haut,0.671,,,,,estime EA,,Technical
1202239,Mohamed Bamba,Moyen,0.545,Moyen,0.605,Bas,0.053,,,estime EA,,
46518,Asmir Begovic,Bas,-0.2,Bas,-0.233,,,,,estime EA,,Rush Out
212304,Andrew Hughes,Haut,0.764,Moyen,0.458,,,,,estime EA,,Aerial Fortress|Intercept
614194,Sead Haksabanovic,Moyen,0.527,Moyen,0.618,,,,,estime EA,,Gamechanger|Technical
926659,Joyskim Dawa,Haut,0.745,Haut,0.674,,,,,estime EA,,Aerial Fortress|Precision Header
1156148,Matheo Raab,Bas,-0.182,Bas,-0.174,,,,,estime EA,,
813225,Daniel Figueira,Bas,-0.291,Bas,-0.259,Bas,0.172,,,estime EA,,
1187260,Prince Ampem,Moyen,0.473,Haut,0.698,Haut,0.881,,,estime EA,,Quick Step|Technical
265006,Benjamin Siegrist,Bas,-0.109,Bas,-0.105,,,,,estime EA,,
308131,Aníbal Godoy,Moyen,0.618,Bas,0.278,,,,,estime EA,,Long Ball Pass|Slide Tackle
605262,Kieran Dowell,Moyen,0.4,Moyen,0.374,,,,,estime EA,,Technical
820133,Christian Früchtl,Bas,-0.382,Bas,-0.305,,,,,estime EA,,Cross Claimer|Far Throw
865184,Siriki Dembélé,Moyen,0.527,Haut,0.73,,,,,estime EA,,First Touch|Quick Step|Trickster
1125187,Ramon Hendriks,Moyen,0.473,Moyen,0.545,Moyen,0.359,,,estime EA,,
553401,Davide Adorni,Haut,0.709,Moyen,0.599,,,,,estime EA,,
519890,Emil Hansson,Moyen,0.509,Moyen,0.61,Bas,0.075,,,estime EA,,Rapid
585237,Daniele Verde,Moyen,0.545,Moyen,0.594,Bas,0.06,,,estime EA,,Dead Ball|Finesse Shot|Gamechanger|Power Shot|Technical|Whipped Pass
807955,Louis Mafouta,Haut,0.691,Haut,0.714,,,,,estime EA,,Low Driven Shot
1395882,Nazar Voloshyn,Moyen,0.382,Moyen,0.6,,,,,estime EA,,Quick Step|Rapid
1647524,Emmanuel Uchenna,Moyen,0.509,Moyen,0.478,,,,,estime EA,,
987139,Giovanni Haag,Haut,0.927,Haut,0.707,,,,,estime EA,,Aerial Fortress|Long Ball Pass|Press Proven
1387741,Ibrahim Salah,Moyen,0.455,Moyen,0.436,,,,,estime EA,,
1389450,Eguinaldo,Moyen,0.4,Haut,0.668,,,,,estime EA,,
638120,Sergi Guardiola,Bas,0.236,Moyen,0.369,,,,,estime EA,,
666954,Chidozie Awaziem,Moyen,0.582,Moyen,0.538,Bas,0.316,,,estime EA,,Long Ball Pass
834602,Virgil Ghita,Haut,0.745,Moyen,0.603,,,,,estime EA,,Aerial Fortress|Intercept|Jockey|Long Ball Pass|Precision Header
1049799,Nathanaël Mbuku,Moyen,0.364,Moyen,0.532,,,,,estime EA,,Gamechanger
1254147,Antoine Mendy,Moyen,0.527,Moyen,0.445,Haut,0.827,,,estime EA,,
1280137,Cristian Shpendi,Haut,0.745,Moyen,0.583,,,,,estime EA,,
1290962,Ashley Phillips,Moyen,0.527,Moyen,0.455,,,,,estime EA,,
1282015,Carlos Martin,Bas,0.218,Moyen,0.392,Moyen,0.518,,,estime EA,,
210400,Abdoulaye Bamba,Moyen,0.491,Moyen,0.43,,,,,estime EA,,
897315,Simone Canestrelli,Haut,0.873,Moyen,0.583,Bas,0.21,,,estime EA,,Aerial Fortress|Long Ball Pass
1280203,Loic Williams,Moyen,0.655,Moyen,0.486,,,,,estime EA,,
1410340,Taras Mykhavko,Moyen,0.455,Moyen,0.446,,,,,estime EA,,Aerial Fortress
719581,Zak Vyner,Moyen,0.6,Moyen,0.504,,,,,estime EA,,Intercept|Long Ball Pass|Long Throw
715303,Marc Gual,Moyen,0.6,Moyen,0.647,,,,,estime EA,,First Touch|Gamechanger
631757,Egil Selvik,Bas,-0.327,Bas,-0.334,,,,,estime EA,,Deflector|Footwork
1624586,Bazoumana Touré,Moyen,0.455,Haut,0.69,Moyen,0.638,,,estime EA,,Quick Step
808155,Fabian Kunze,Haut,0.745,Moyen,0.542,,,,,estime EA,,Aerial Fortress|Bruiser|Intercept|Slide Tackle
1121314,Ronnie Edwards,Moyen,0.636,Moyen,0.529,,,,,estime EA,,Long Ball Pass
1436275,Ibrahima Sory Bangoura,Moyen,0.636,Moyen,0.448,Haut,0.821,,,estime EA,,Aerial Fortress
1309372,Mory Gbane,Haut,0.818,Moyen,0.419,,,,,estime EA,,
793933,Mihai Popescu,Moyen,0.6,Moyen,0.525,,,,,estime EA,,Aerial Fortress|Intercept|Slide Tackle
1127480,Tommy Conway,Moyen,0.473,Moyen,0.616,,,,,estime EA,,Low Driven Shot|Rapid
1203614,Nico Serrano,Moyen,0.618,Haut,0.695,Moyen,0.631,,,estime EA,,Gamechanger|Technical
1120002,Arnau Comas,Moyen,0.418,Moyen,0.493,,,,,estime EA,,Block|Jockey|Slide Tackle
1199243,Nikolas Sattlberger,Moyen,0.473,Moyen,0.362,,,,,estime EA,,
1428420,Emmanuel Biumla,Moyen,0.491,Moyen,0.339,Moyen,0.482,,,estime EA,,
708457,Léo Pétrot,Haut,0.709,Moyen,0.528,Haut,0.735,,,estime EA,,Anticipate|Block
1580952,Vitor Reis,Moyen,0.4,Moyen,0.404,Moyen,0.453,,,estime EA,,
543306,Federico Bonazzoli,Moyen,0.4,Moyen,0.445,Bas,0.195,,,estime EA,,Incisive Pass
914399,Liam Kitching,Moyen,0.509,Moyen,0.417,,,,,estime EA,,
1177312,Sékou Mara,Moyen,0.455,Moyen,0.558,Bas,0.147,,,estime EA,,
1192386,Henrique Araújo,Moyen,0.491,Moyen,0.522,,,,,estime EA,,Finesse Shot
1664722,Jaydee Canvot,Moyen,0.527,Moyen,0.455,Haut,0.717,,,estime EA,,
1531887,Pau Navarro,Moyen,0.436,Moyen,0.368,Moyen,0.592,,,estime EA,,
1536436,Konstantinos Karetsas,Moyen,0.345,Moyen,0.596,Moyen,0.621,,,estime EA,,First Touch|Technical
1288146,Stepán Chaloupek,Bas,0.223,Moyen,0.364,Haut,0.942,9955,7.7,mesure FotMob,,Slide Tackle
1367614,Nelson Weiper,Moyen,0.455,Moyen,0.426,Bas,0.329,,,estime EA,,
1516203,Newerton,Moyen,0.455,Moyen,0.639,Bas,0.21,,,estime EA,,Quick Step
749564,Fraser Hornby,Moyen,0.382,Bas,0.295,,,,,estime EA,,Gamechanger
1185260,Jamil Siebert,Moyen,0.582,Moyen,0.528,Bas,0.133,,,estime EA,,Bruiser|Jockey
172034,Brede Mathias Moe,Moyen,0.636,Moyen,0.387,,,,,estime EA,,
797896,Guilherme Schettine,Moyen,0.473,Moyen,0.413,Bas,0.07,,,estime EA,,
1131220,Janis Antiste,Moyen,0.491,Moyen,0.613,,,,,estime EA,,Technical
1107951,Cenk Özkacar,Moyen,0.509,Moyen,0.356,Moyen,0.435,,,estime EA,,Jockey
794619,Hasan Kurucay,Moyen,0.655,Moyen,0.475,,,,,estime EA,,Intercept|Jockey
1039217,Shinta Appelkamp,Moyen,0.545,Moyen,0.615,,,,,estime EA,,First Touch|Inventive|Technical|Tiki Taka
1199391,Rav van den Berg,Moyen,0.509,Moyen,0.478,Bas,0.184,,,estime EA,,Intercept
1138725,Noel Futkeu,Moyen,0.655,Moyen,0.516,,,,,estime EA,,
1313884,Rafa Marin,Moyen,0.392,Bas,0.115,Bas,0.324,10303,4.5,mesure FotMob,,
1324045,Juan Gutiérrez,Moyen,0.655,Moyen,0.587,,,,,estime EA,,
1276626,Samson Baidoo,Bas,0.327,Moyen,0.456,Haut,0.811,,,estime EA,,Long Ball Pass
491148,Anthony Carter,Moyen,0.473,Moyen,0.433,,,,,estime EA,,Enforcer
1363536,Damion Downs,Moyen,0.564,Moyen,0.5,Bas,0.017,,,estime EA,,
667962,Rodrigo Pinho,Moyen,0.509,Moyen,0.427,Bas,0.08,,,estime EA,,Chip Shot
1523208,Sadibou Sané,Moyen,0.473,Moyen,0.423,Haut,0.855,,,estime EA,,
1435397,Chibuike Nwaiwu,Moyen,0.509,Moyen,0.468,Haut,0.988,,,estime EA,,
848600,Abdulelah Al Amri,Moyen,0.655,Moyen,0.496,,,,,estime EA,,Long Ball Pass|Slide Tackle
979963,Xavier Mbuyamba,Moyen,0.545,Moyen,0.442,Moyen,0.641,,,estime EA,,Aerial Fortress|Block|Bruiser
1109477,Mark McGuinness,Moyen,0.527,Bas,0.323,,,,,estime EA,,Aerial Fortress|Block
1136396,Daryl Dike,Moyen,0.364,Bas,0.329,,,,,estime EA,,Enforcer|Precision Header
1273707,Nasser Djiga,Moyen,0.4,Moyen,0.424,Haut,0.746,,,estime EA,,
919848,Gustaf Lagerbielke,Moyen,0.436,Bas,0.175,Moyen,0.472,,,estime EA,,Aerial Fortress|Long Ball Pass
913560,Donatien Gomis,Moyen,0.618,Moyen,0.481,,,,,estime EA,,Aerial Fortress|Precision Header
792308,Pablo Vázquez,Bas,0.0,Bas,0.254,,,,,estime EA,,Aerial Fortress
808148,Aleksandar Vukotic,Moyen,0.382,Bas,0.122,,,,,estime EA,,Aerial Fortress|Bruiser|Intercept|Precision Header
844954,Luca Ravanelli,Bas,0.236,Bas,0.217,,,,,estime EA,,Block
1186015,Albian Hajdari,Moyen,0.564,Moyen,0.449,Haut,0.756,,,estime EA,,Block|Bruiser|Intercept|Long Ball Pass
265588,Toni Leistner,Moyen,0.382,Bas,0.153,,,,,estime EA,,Aerial Fortress|Block|Bruiser|Long Ball Pass|Slide Tackle
704664,Adil Demirbag,Moyen,0.455,Moyen,0.365,Moyen,0.395,,,estime EA,,Aerial Fortress|Block|Jockey
632305,Francisco Sierralta,Bas,0.182,Bas,0.164,Moyen,0.396,,,estime EA,,Bruiser
664562,Gerrit Nauber,Moyen,0.382,Bas,0.112,Bas,0.064,,,estime EA,,Block|Long Throw
1250485,Tarik Muharemovic,Moyen,0.455,Bas,0.324,Moyen,0.414,,,estime EA,,Block
1188577,João Goulart,Moyen,0.564,Moyen,0.347,Bas,0.155,,,estime EA,,
1117306,Botond Balogh,Moyen,0.382,Bas,0.204,Moyen,0.439,,,estime EA,,
528440,Filippo Romagna,Bas,0.236,Bas,0.135,Bas,0.059,,,estime EA,,Slide Tackle
726959,Petko Hristov,Bas,0.327,Bas,0.253,,,,,estime EA,,Aerial Fortress|Block|Precision Header|Slide Tackle
1157634,Stefan Mitrovic,Moyen,0.509,Bas,0.132,,,,,estime EA,,Long Ball Pass
185008,Danny Batth,Moyen,0.364,Bas,0.064,,,,,estime EA,,Aerial Fortress|Bruiser
1179319,Marko Bulat,Haut,0.691,Haut,0.663,,,,,estime EA,,Dead Ball|Power Shot|Whipped Pass
1521234,Diogo Travassos,Moyen,0.618,Haut,0.735,Haut,0.811,,,estime EA,,
614574,Juninho Bacuna,Moyen,0.582,Moyen,0.589,Haut,0.993,,,estime EA,,Long Ball Pass
761834,Oliver Rathbone,Haut,1,Haut,0.923,,,,,estime EA,oui,Press Proven|Relentless
818162,Jacopo Segre,Haut,0.927,Haut,0.717,,,,,estime EA,,Precision Header
363345,Brad Potts,Haut,1,Haut,0.763,,,,,estime EA,oui,Low Driven Shot|Relentless
1316930,Jordan Bos,Haut,0.8,Haut,0.757,Haut,0.955,,,estime EA,,Rapid
879064,Simone Santoro,Haut,0.745,Haut,0.674,,,,,estime EA,,Aerial Fortress|Anticipate|Jockey
689987,Jakub Piotrowski,Moyen,0.545,Moyen,0.483,Haut,0.838,,,estime EA,,
902675,Joshua Kitolano,Haut,0.986,Haut,0.942,Haut,0.754,,,estime EA,oui,Block|Jockey|Relentless
1060654,Festy Ebosele,Haut,0.691,Haut,0.775,Haut,0.999,,,estime EA,,Rapid
982599,Adam Randell,Haut,0.745,Haut,0.664,,,,,estime EA,,Long Ball Pass
1093264,Cedric Teguia,Moyen,0.655,Haut,0.719,Moyen,0.628,,,estime EA,,Rapid
559287,Brice Wembangomo,Haut,0.745,Haut,0.807,,,,,estime EA,,Quick Step|Rapid
866417,Paulinho,Haut,0.673,Haut,0.686,,,,,estime EA,,
942193,Mikael Egill Ellertsson,Moyen,0.636,Moyen,0.519,Bas,0.127,,,estime EA,,Technical
824623,Martin Frese,Moyen,0.473,Moyen,0.545,Moyen,0.615,,,estime EA,,
660136,Thomas Ouwejan,Moyen,0.6,Moyen,0.525,,,,,estime EA,,Dead Ball|Long Throw|Whipped Pass
1288115,Fabio Ronaldo,Moyen,0.564,Haut,0.673,,,,,estime EA,,
921067,Yohan Demoncy,Haut,1,Haut,0.775,,,,,estime EA,oui,Dead Ball|Finesse Shot|Incisive Pass|Relentless
885870,Connor Metcalfe,Haut,0.691,Moyen,0.632,Bas,0.326,,,estime EA,,
937066,Bali Mumba,Moyen,0.636,Haut,0.712,,,,,estime EA,,Inventive|Quick Step|Technical
934873,Salvatore Elia,Haut,0.745,Haut,0.746,,,,,estime EA,,Intercept|Rapid
1178319,Louis Patris,Moyen,0.527,Moyen,0.506,,,,,estime EA,,Aerial Fortress|Block|Bruiser|Whipped Pass
280507,Matt Crooks,Haut,0.782,Moyen,0.455,,,,,estime EA,,Precision Header
415004,Gianluca Di Chiara,Moyen,0.582,Moyen,0.558,,,,,estime EA,,Rapid
1077905,Ethan Laird,Moyen,0.473,Haut,0.667,,,,,estime EA,,Long Throw|Rapid|Slide Tackle
893399,Jaume Grau,Haut,0.727,Moyen,0.535,Moyen,0.51,,,estime EA,,Bruiser
866164,Herbert Bockhorn,Haut,0.673,Moyen,0.625,,,,,estime EA,,
812549,Marius Marin,Haut,0.873,Haut,0.715,Haut,0.857,,,estime EA,,Anticipate|Incisive Pass|Jockey|Pinged Pass
1021931,Juergen Elitim,Moyen,0.618,Moyen,0.634,,,,,estime EA,,Dead Ball
1300387,Niccolo Pierozzi,Moyen,0.636,Moyen,0.6,,,,,estime EA,,
1473998,Ilay Camara,Haut,0.691,Haut,0.734,,,,,estime EA,,
564816,Kenneth Paal,Moyen,0.655,Haut,0.699,Moyen,0.497,,,estime EA,,Intercept
657504,Philipp Hercher,Haut,0.673,Moyen,0.615,,,,,estime EA,,
938542,Maxime Bernauer,Moyen,0.564,Moyen,0.52,,,,,estime EA,,Intercept|Long Ball Pass|Pinged Pass
864770,Pietro Beruatto,Haut,0.877,Haut,0.797,,,,,estime EA,oui,Relentless|Whipped Pass
1385154,Marius Wörl,Haut,0.8,Haut,0.676,,,,,estime EA,,Finesse Shot|First Touch|Intercept
1417802,Pape Demba Diop,Moyen,0.509,Moyen,0.59,Haut,0.986,,,estime EA,,
1342983,Antoine Mille,Haut,0.8,Haut,0.666,,,,,estime EA,,Dead Ball|Press Proven
470301,Joao Novais,Moyen,0.436,Moyen,0.429,,,,,estime EA,,Power Shot|Press Proven
767015,Kane Wilson,Haut,0.891,Haut,0.824,,,,,estime EA,,
789547,Joe Rankin-Costello,Moyen,0.455,Moyen,0.558,,,,,estime EA,,
552569,Mark Sykes,Haut,0.709,Moyen,0.64,,,,,estime EA,,
1055141,Manolo Portanova,Haut,0.673,Moyen,0.625,,,,,estime EA,,Precision Header
1335102,Ugo Raghouber,Moyen,0.618,Moyen,0.542,Haut,0.951,,,estime EA,,Aerial Fortress|Press Proven
792754,Morgan Poaty,Haut,0.909,Haut,0.842,,,,,estime EA,,
763998,Bakery Jatta,Moyen,0.636,Haut,0.692,Bas,0.09,,,estime EA,,Quick Step|Rapid
1302813,Martín Fernández,Moyen,0.582,Moyen,0.497,Bas,0.239,,,estime EA,,
1330035,Rubén Sánchez,Haut,0.914,Haut,0.872,Haut,0.757,,,estime EA,oui,Anticipate|Jockey|Rapid|Relentless
712132,Mortadha Ben Ouanes,Moyen,0.545,Moyen,0.554,Moyen,0.466,,,estime EA,,
1114874,Denso Kasius,Moyen,0.618,Haut,0.715,Moyen,0.578,,,estime EA,,Quick Step
1428426,Arthur Atta,Moyen,0.436,Moyen,0.48,Moyen,0.393,,,estime EA,,
1343374,Felipe Loyola,Haut,0.8,Moyen,0.656,Moyen,0.547,,,estime EA,,
699461,Jean-Victor Makengo,Moyen,0.509,Moyen,0.448,Moyen,0.345,,,estime EA,,
777103,Berkay Özcan,Haut,0.727,Moyen,0.616,Bas,0.212,,,estime EA,,Technical
1178324,Jaouen Hadjam,Moyen,0.618,Moyen,0.624,Haut,0.995,,,estime EA,,Bruiser|Technical
982361,Taylor Gardner-Hickman,Moyen,0.564,Moyen,0.531,,,,,estime EA,,
1180299,Zico Buurmeester,Haut,0.836,Moyen,0.609,Haut,0.679,,,estime EA,,
1246270,Isaac Price,Moyen,0.655,Moyen,0.536,,,,,estime EA,,
103468,Johny Placide,Bas,-0.236,Bas,0.038,,,,,estime EA,,Cross Claimer|Footwork
201689,Nicky Devlin,Haut,0.855,Haut,0.718,Bas,0.309,,,estime EA,,Anticipate|Long Throw|Slide Tackle
1030840,John Buckley,Moyen,0.636,Moyen,0.641,,,,,estime EA,,
962002,Sam McCallum,Moyen,0.564,Moyen,0.632,,,,,estime EA,,Long Throw
814892,Alexander Nollenberger,Moyen,0.655,Haut,0.719,,,,,estime EA,,
1665129,Alonzo Engwanda,Moyen,0.655,Haut,0.669,Haut,0.815,,,estime EA,,Slide Tackle
150236,Jeroen Zoet,Bas,0.0,Bas,0.153,Moyen,0.404,,,estime EA,,
161665,Soner Aydogdu,Moyen,0.455,Moyen,0.446,,,,,estime EA,,Long Ball Pass|Low Driven Shot
693591,Emil Bohinen,Haut,0.709,Moyen,0.507,,,,,estime EA,,
935623,Evert Linthorst,Haut,0.727,Moyen,0.555,Moyen,0.432,,,estime EA,,
1079558,Sam Sanna,Haut,0.909,Haut,0.73,,,,,estime EA,,Intercept
688449,Andrés Andrade,Haut,0.818,Haut,0.663,,,,,estime EA,,Anticipate|Block|Long Ball Pass|Precision Header
1109757,Marc Leonard,Haut,0.855,Haut,0.667,,,,,estime EA,,Anticipate|Intercept|Long Ball Pass
1021336,Brandon Aguilera,Moyen,0.564,Moyen,0.52,Haut,0.677,,,estime EA,,
573744,Nicolas Ratti,Bas,0.073,Bas,0.131,,,,,estime EA,,Footwork
562055,Dominik Reimann,Bas,-0.164,Bas,-0.025,,,,,estime EA,,Footwork|Long Ball Pass
680905,Jamiro Monteiro,Haut,0.782,Moyen,0.597,Haut,0.972,,,estime EA,,
887139,Ahmed Kutucu,Moyen,0.509,Moyen,0.6,,,,,estime EA,,
1145714,Sander Tangvik,Bas,-0.255,Bas,0.061,,,,,estime EA,,Cross Claimer|Footwork
1067806,Dario Spikic,Moyen,0.491,Moyen,0.613,Moyen,0.497,,,estime EA,,Rapid
1256694,Metinho,Haut,0.673,Moyen,0.564,,,,,estime EA,,
1663855,João Simões,Haut,0.973,Haut,0.661,Haut,0.715,12093,11.3,mesure FotMob,,
766935,Clément Michelin,Haut,0.709,Moyen,0.589,,,,,estime EA,,Long Throw
877763,Josh Key,Haut,0.932,Haut,0.92,,,,,estime EA,oui,Relentless
1185617,Leon Flach,Moyen,0.455,Moyen,0.568,Haut,0.934,,,estime EA,,
1116736,Gaspar Campos,Haut,0.782,Haut,0.74,,,,,estime EA,,Power Shot
1073496,Matthias Braunöder,Haut,0.691,Haut,0.673,,,,,estime EA,,
965666,Tuomas Ollila,Moyen,0.527,Moyen,0.597,,,,,estime EA,,
953590,Simone Zanon,Moyen,0.655,Haut,0.689,,,,,estime EA,,Aerial Fortress|Block|Whipped Pass
737084,Samuel Leach Holm,Moyen,0.6,Moyen,0.474,,,,,estime EA,,Dead Ball|Long Ball Pass
664607,Luca Vignali,Haut,0.745,Moyen,0.603,,,,,estime EA,,
803203,Fran Gámez,Haut,0.782,Haut,0.689,,,,,estime EA,,Anticipate|Intercept|Jockey
1092731,Joel Chima Fujita,Moyen,0.582,Moyen,0.599,Haut,0.91,,,estime EA,,
1188665,Rui Modesto,Moyen,0.509,Moyen,0.651,,,,,estime EA,,Slide Tackle
1206846,Stije Resink,Haut,0.927,Moyen,0.635,Haut,0.972,,,estime EA,,
188557,Jens Toornstra,Haut,0.764,Bas,0.244,Haut,0.739,,,estime EA,,Long Ball Pass
716230,Liam Walsh,Moyen,0.509,Moyen,0.448,,,,,estime EA,,
825593,Francis De Vries,Haut,0.836,Moyen,0.599,,,,,estime EA,,Long Throw
1123949,Eric Bocat,Moyen,0.655,Moyen,0.628,,,,,estime EA,,
1336754,Nikolas Veratschnig,Moyen,0.473,Moyen,0.565,Haut,0.816,,,estime EA,,Jockey
1306664,Danilo Veiga,Bas,0.327,Moyen,0.467,Haut,0.775,,,estime EA,,
436563,Jesse Joronen,Bas,-0.127,Bas,0.03,,,,,estime EA,,
640292,Vincent Marchetti,Haut,0.673,Moyen,0.513,Moyen,0.603,,,estime EA,,Pinged Pass|Press Proven
309410,Gökhan Akkan,Bas,-0.091,Bas,0.045,,,,,estime EA,,Rush Out
827247,Harry Pickering,Haut,0.745,Moyen,0.644,,,,,estime EA,,
948371,Oskar Repka,Haut,1,Moyen,0.649,Moyen,0.481,,,estime EA,oui,Aerial Fortress|Enforcer|Precision Header|Relentless
1174300,Calebe,Moyen,0.436,Moyen,0.449,Haut,0.968,,,estime EA,,
1326043,Joel Roca,Bas,0.327,Moyen,0.578,Moyen,0.489,,,estime EA,,
1280172,Giuseppe Leone,Haut,0.709,Moyen,0.528,,,,,estime EA,,Anticipate|Dead Ball|Jockey
951919,Timon Weiner,Bas,0.091,Bas,0.138,,,,,estime EA,,Footwork
1097853,Nilton Varela,Moyen,0.491,Moyen,0.593,,,,,estime EA,,Rapid
960415,Matheus Silva,Bas,0.242,Haut,0.801,Haut,0.927,10012,13.5,mesure FotMob,,Rapid|Slide Tackle
1601917,Richard Kone,Moyen,0.527,Moyen,0.628,,,,,estime EA,,Precision Header
477498,Raul Lizoain,Bas,0.036,Bas,0.086,,,,,estime EA,,Footwork
304662,Andreas Linde,Bas,-0.273,Bas,-0.028,,,,,estime EA,,Far Throw
471274,Ethan Horvath,Bas,-0.182,Bas,0.009,,,,,estime EA,,
664506,Ryan Wintle,Haut,0.691,Moyen,0.541,,,,,estime EA,,
801477,Jamie Cumming,Bas,0.0,Bas,0.071,,,,,estime EA,,Cross Claimer|Far Throw|Footwork
1195744,Henri Koudossou,Moyen,0.509,Moyen,0.478,,,,,estime EA,,
1387439,Alberto Costa,Moyen,0.345,Moyen,0.443,Haut,0.858,,,estime EA,,
361770,André Gomes,Bas,-0.345,Bas,-0.077,,,,,estime EA,,Cross Claimer
1470001,Santi García,Moyen,0.618,Moyen,0.522,Moyen,0.548,,,estime EA,,
163815,Ivo Pinto,Moyen,0.618,Moyen,0.613,Haut,0.695,,,estime EA,,Whipped Pass
282059,Luca Lezzerini,Bas,-0.145,Bas,0.003,,,,,estime EA,,
311016,Petar Stojanovic,Haut,0.782,Haut,0.679,,,,,estime EA,,Long Ball Pass
574234,Hidde ter Avest,Haut,0.673,Moyen,0.554,,,,,estime EA,,Long Throw
776184,Brandon Thomas-Asante,Haut,0.673,Haut,0.717,,,,,estime EA,,Gamechanger
920095,Pejino,Moyen,0.4,Moyen,0.658,,,,,estime EA,,Incisive Pass|Power Shot|Quick Step|Technical
926446,Simon Asta,Haut,0.855,Haut,0.779,,,,,estime EA,,
1315048,Oleksandr Yatsyk,Moyen,0.6,Moyen,0.474,,,,,estime EA,,
1100598,Niklas Pyyhtiä,Moyen,0.527,Moyen,0.384,,,,,estime EA,,
464919,Maxime Crépeau,Bas,-0.127,Bas,0.01,Moyen,0.354,,,estime EA,,Far Throw|Footwork
492132,Florent Hadërgjonaj,Haut,0.673,Moyen,0.605,Bas,0.051,,,estime EA,,
746829,Giacomo Calo,Haut,0.8,Moyen,0.574,,,,,estime EA,,Dead Ball|Finesse Shot|Incisive Pass|Long Ball Pass
1281021,Fredrik Sjøvold,Haut,0.954,Haut,0.764,Moyen,0.659,11888,12.7,mesure FotMob,,Long Ball Pass
864524,Davis Mensah,Haut,0.909,Haut,0.689,,,,,estime EA,,
1387092,Kostyantyn Vivcharenko,Moyen,0.509,Moyen,0.549,,,,,estime EA,,
1536941,Tommaso Fumagalli,Moyen,0.509,Moyen,0.621,,,,,estime EA,,Gamechanger
440647,Sander Svendsen,Haut,0.727,Haut,0.749,,,,,estime EA,,Finesse Shot|Technical
636949,Samuele Perisan,Bas,0.0,Bas,0.071,,,,,estime EA,,
864556,Alexis Antunes,Haut,0.745,Moyen,0.603,Moyen,0.633,,,estime EA,,First Touch|Technical
948745,Kwasi Sibo,Haut,0.727,Moyen,0.484,Bas,0.319,,,estime EA,,Aerial Fortress|Intercept|Long Ball Pass
1055183,Andrea Ghion,Moyen,0.6,Moyen,0.494,,,,,estime EA,,
1310253,Martin Suchomel,Moyen,0.527,Moyen,0.516,,,,,estime EA,,Bruiser|Slide Tackle
1019567,Dani Silva,Moyen,0.564,Moyen,0.52,,,,,estime EA,,
1393980,Yasin Özcan,Moyen,0.545,Moyen,0.564,,,,,estime EA,,Bruiser|Intercept|Slide Tackle
1333066,Rahim Alhassane,Haut,0.727,Haut,0.718,Haut,0.675,,,estime EA,,
415404,Leonardo Mancuso,Haut,0.709,Moyen,0.64,,,,,estime EA,,Finesse Shot|Low Driven Shot
718867,Melih Kabasakal,Moyen,0.636,Moyen,0.529,Haut,0.965,,,estime EA,,
673432,Sirlord Conteh,Moyen,0.582,Haut,0.782,Bas,0.103,,,estime EA,,Quick Step|Rapid
1323022,Iker Benito,Moyen,0.436,Moyen,0.602,,,,,estime EA,,Inventive|Technical
1426809,Ethan Mbappé,Moyen,0.491,Moyen,0.501,Moyen,0.548,,,estime EA,,
562799,Joe Wildsmith,Bas,-0.073,Bas,-0.029,,,,,estime EA,,Cross Claimer|Footwork
961994,Arthur Okonkwo,Bas,-0.2,Bas,-0.039,Moyen,0.43,,,estime EA,,Cross Claimer|Far Throw
962046,Cody Drameh,Moyen,0.636,Haut,0.682,,,,,estime EA,,Anticipate
1217550,Daijiro Chirino,Haut,0.8,Haut,0.706,,,,,estime EA,,
1075429,Jonathan Fischer,Bas,-0.164,Bas,-0.045,Bas,0.297,,,estime EA,,Footwork
1284492,Samed Bazdar,Moyen,0.455,Moyen,0.477,,,,,estime EA,,Press Proven
528436,Connor Ogilvie,Haut,0.764,Moyen,0.631,,,,,estime EA,,
642418,Marco Richter,Moyen,0.418,Moyen,0.615,,,,,estime EA,,Acrobatic|Power Shot
1014983,Diogo Calila,Moyen,0.491,Moyen,0.562,Bas,0.111,,,estime EA,,Rapid
1086650,Haydon Roberts,Moyen,0.655,Moyen,0.597,,,,,estime EA,,
1254394,Obed Vargas,Haut,0.691,Moyen,0.642,Haut,0.793,,,estime EA,,Technical
1525007,Maestro,Moyen,0.527,Moyen,0.455,Haut,0.863,,,estime EA,,Long Ball Pass
147594,Bryan Linssen,Moyen,0.618,Moyen,0.563,Bas,0.044,,,estime EA,,Long Throw|Precision Header
977618,Victor Garcia,Moyen,0.618,Moyen,0.542,Haut,0.713,,,estime EA,,Intercept|Technical
974593,Dennis Politic,Moyen,0.655,Haut,0.679,,,,,estime EA,,Low Driven Shot|Technical
1052987,Japhet Sery Larsen,Moyen,0.618,Moyen,0.613,,,,,estime EA,,Anticipate|Bruiser|Intercept|Long Ball Pass
1159237,Pau Víctor,Moyen,0.345,Moyen,0.474,Bas,0.174,,,estime EA,,
150021,Karl-Johan Johnsson,Bas,-0.218,Bas,-0.087,,,,,estime EA,,Footwork
277845,Hendrik van Crombrugge,Bas,-0.055,Bas,-0.052,Bas,0.116,,,estime EA,,Footwork
526241,Luca Valzania,Moyen,0.6,Moyen,0.596,,,,,estime EA,,
660170,George Dobson,Haut,0.8,Moyen,0.483,,,,,estime EA,,Anticipate|Inventive|Long Ball Pass|Slide Tackle
759814,Jay Dasilva,Moyen,0.527,Haut,0.669,,,,,estime EA,,Quick Step|Whipped Pass
630366,Niklas Castro,Haut,0.673,Moyen,0.635,,,,,estime EA,,Technical
825806,Lars Ritzka,Haut,0.673,Moyen,0.605,Haut,0.869,,,estime EA,,
521471,Vito van Crooij,Haut,0.764,Haut,0.661,Bas,0.121,,,estime EA,,Long Throw|Whipped Pass
557807,Lukas Grgic,Haut,0.8,Moyen,0.554,,,,,estime EA,,
310765,Marius Lode,Haut,0.709,Moyen,0.599,,,,,estime EA,,Block|Long Ball Pass
848296,Edward Chilufya,Moyen,0.655,Haut,0.75,,,,,estime EA,,Quick Step|Rapid
1190208,Rares Ilie,Moyen,0.509,Moyen,0.549,,,,,estime EA,,Finesse Shot|Technical
1396784,Andre Brooks,Moyen,0.436,Moyen,0.53,,,,,estime EA,,
1541825,Adrián Liso,Moyen,0.6,Moyen,0.647,Bas,0.308,,,estime EA,,Low Driven Shot
1529161,Max Finkgrafe,Moyen,0.345,Moyen,0.494,Haut,0.954,,,estime EA,,Anticipate
1609064,Rabby Nzingoula,Haut,0.691,Moyen,0.581,,,,,estime EA,,
1178641,Jiri Letacek,Bas,-0.018,Bas,0.013,,,,,estime EA,,
402975,Jean-Paul Boëtius,Moyen,0.6,Moyen,0.576,,,,,estime EA,,Finesse Shot
282114,Lukas Zima,Bas,-0.109,Bas,-0.013,,,,,estime EA,,Cross Claimer
510399,Kristoffer Peterson,Moyen,0.564,Moyen,0.622,Bas,0.228,,,estime EA,,Rapid
502421,Sam Gallagher,Moyen,0.582,Moyen,0.406,,,,,estime EA,,
465719,Adrien Monfray,Moyen,0.582,Moyen,0.426,,,,,estime EA,,Aerial Fortress|Intercept|Long Ball Pass
764841,Houboulang Mendes,Moyen,0.491,Moyen,0.542,,,,,estime EA,,Block
823113,Sandro Kulenovic,Haut,0.75,Haut,0.787,Bas,0.267,,,estime EA,oui,Bruiser|Relentless
955366,Jonathan Panzo,Moyen,0.473,Moyen,0.453,Moyen,0.427,,,estime EA,,
1169322,Alban Ajdini,Moyen,0.636,Moyen,0.621,,,,,estime EA,,Power Shot|Technical
1193815,Julian Niehues,Moyen,0.582,Moyen,0.406,Moyen,0.536,,,estime EA,,Precision Header
1200941,Abderrahman Rebbach,Moyen,0.418,Moyen,0.462,Haut,0.886,,,estime EA,,
1518436,Djibril Soumaré,Haut,0.691,Moyen,0.459,,,,,estime EA,,Aerial Fortress|Bruiser
26427,Régis Gurtner,Bas,-0.036,Bas,-0.025,,,,,estime EA,,Footwork|Long Ball Pass
504085,Callum Robinson,Moyen,0.545,Moyen,0.594,,,,,estime EA,,
824642,Pedro Ferreira,Haut,0.745,Moyen,0.552,Haut,0.924,,,estime EA,,
1460862,Lamine Fanne,Moyen,0.509,Moyen,0.56,,,,,estime EA,,
1072056,Tommaso Barbieri,Moyen,0.636,Haut,0.661,Moyen,0.58,,,estime EA,,
419774,Sven Michel,Moyen,0.509,Moyen,0.57,,,,,estime EA,,Gamechanger
1083890,Neraysho Kasanwirjo,Haut,0.691,Moyen,0.642,Moyen,0.632,,,estime EA,,Slide Tackle
1412933,Maurice Krattenmacher,Haut,0.673,Moyen,0.656,,,,,estime EA,,Inventive|Technical
1289942,Samuele Angori,Moyen,0.6,Moyen,0.535,Moyen,0.364,,,estime EA,,Dead Ball|Whipped Pass
1118178,Juan,Moyen,0.509,Moyen,0.651,Bas,0.163,,,estime EA,,
512013,Christian Walton,Bas,-0.182,Bas,-0.103,,,,,estime EA,,Cross Claimer|Footwork
731338,Robert Gumny,Moyen,0.636,Moyen,0.631,,,,,estime EA,,
904710,Delano Burgzorg,Moyen,0.6,Moyen,0.626,,,,,estime EA,,Trickster
1083717,Jessic Ngankam,Moyen,0.545,Moyen,0.625,,,,,estime EA,,Acrobatic|Rapid
1181101,Tyrhys Dolan,Moyen,0.509,Moyen,0.651,Haut,0.698,,,estime EA,,Trickster
1662379,Pablo García,Haut,0.914,Haut,0.852,Haut,0.829,,,estime EA,oui,Relentless
1100266,Pablo Rodríguez,Moyen,0.6,Moyen,0.637,Haut,0.707,,,estime EA,,Precision Header
1395694,Kellen Fisher,Moyen,0.636,Moyen,0.6,,,,,estime EA,,
1019589,Amine Boutrah,Haut,0.709,Haut,0.782,,,,,estime EA,,Finesse Shot|Low Driven Shot|Quick Step|Rapid
209503,André Geraldes,Moyen,0.545,Moyen,0.503,Bas,0.063,,,estime EA,,
539939,James Bree,Moyen,0.4,Moyen,0.435,,,,,estime EA,,
555654,Tolcay Cigerci,Haut,0.782,Moyen,0.648,,,,,estime EA,,Inventive|Press Proven
953080,Julian Krahl,Bas,-0.382,Bas,-0.285,,,,,estime EA,,Footwork
1154332,Mateusz Kochalski,Bas,0.027,Bas,0.028,Bas,0.087,5100,0.0,mesure FotMob,,Rush Out
1206523,Julian Hettwer,Moyen,0.6,Haut,0.769,,,,,estime EA,,Quick Step|Rapid
1281111,Robert Wagner,Haut,0.691,Moyen,0.571,,,,,estime EA,,
1368049,Lasse Rosenboom,Moyen,0.582,Moyen,0.487,,,,,estime EA,,
1559202,Zakaria Ariss,Moyen,0.564,Moyen,0.612,,,,,estime EA,,
521964,Gabriele Moncini,Moyen,0.6,Haut,0.667,,,,,estime EA,,Aerial Fortress
459010,Luca Schnellbacher,Haut,0.782,Haut,0.77,,,,,estime EA,,Quick Step|Rapid
880618,Théo Sainte-Luce,Moyen,0.6,Moyen,0.555,,,,,estime EA,,
936618,Moritz Broschinski,Haut,0.727,Moyen,0.637,,,,,estime EA,,
1026065,Matt Freese,Bas,-0.4,Bas,-0.292,,,,,estime EA,,Far Throw|Rush Out
1178330,Simon Elisor,Moyen,0.582,Moyen,0.578,Bas,0.027,,,estime EA,,
1203946,Iván Azon,Moyen,0.618,Moyen,0.583,,,,,estime EA,,Precision Header|Press Proven
1276934,Marius Broholm,Haut,0.745,Haut,0.685,Haut,0.82,,,estime EA,,
1098243,Yanis Zouaoui,Moyen,0.6,Moyen,0.515,Moyen,0.646,,,estime EA,,
163919,Pedro Obiang,Bas,0.182,Bas,0.154,,,,,estime EA,,Bruiser
210389,Maxime Colin,Moyen,0.582,Moyen,0.497,Moyen,0.455,,,estime EA,,
532738,Maximilian Philipp,Bas,0.236,Moyen,0.41,,,,,estime EA,,Acrobatic
791915,Umut Bozok,Moyen,0.509,Moyen,0.519,Bas,0.193,,,estime EA,,
1070808,Karol Struski,Moyen,0.655,Moyen,0.526,Moyen,0.456,,,estime EA,,
1101030,Kai Trewin,Haut,0.909,Moyen,0.608,,,,,estime EA,,Aerial Fortress|Block|Intercept|Jockey|Long Ball Pass|Precision Header|Slide Tackle
1113816,Jay Stansfield,Haut,0.691,Moyen,0.653,,,,,estime EA,,Gamechanger
967093,Youssef El Kachati,Moyen,0.491,Haut,0.715,Bas,0.321,,,estime EA,,
560410,Jan Elvedi,Haut,0.764,Moyen,0.641,,,,,estime EA,,Aerial Fortress
675023,Danel Sinani,Moyen,0.364,Moyen,0.42,Bas,0.292,,,estime EA,,
1185782,Viljami Sinisalo,Bas,-0.236,Bas,-0.206,,,,,estime EA,,Footwork
1515977,Ilyas Ansah,Moyen,0.618,Haut,0.674,Bas,0.274,,,estime EA,,Technical
289253,João Costa,Bas,-0.309,Bas,-0.347,,,,,estime EA,,
798661,Anfernee Dijksteel,Moyen,0.509,Moyen,0.56,Moyen,0.588,,,estime EA,,
463591,Marko Jevtovic,Moyen,0.473,Bas,0.209,Moyen,0.608,,,estime EA,,Aerial Fortress|Intercept|Precision Header
1215735,Luis Vázquez,Moyen,0.6,Moyen,0.545,Bas,0.085,,,estime EA,,
844473,Umut Günes,Moyen,0.545,Moyen,0.381,Bas,0.247,,,estime EA,,Long Ball Pass
1186010,Ivan Brnic,Bas,0.309,Moyen,0.52,Bas,0.243,,,estime EA,,
1308909,Cristian Volpato,Moyen,0.473,Moyen,0.484,Moyen,0.506,,,estime EA,,Incisive Pass
1167610,Sayfallah Ltaief,Moyen,0.618,Haut,0.685,Moyen,0.587,,,estime EA,,Rapid
823626,Simone Ghidotti,Bas,-0.273,Bas,-0.16,,,,,estime EA,,Footwork
909433,Carlo Sickinger,Moyen,0.564,Moyen,0.47,,,,,estime EA,,Aerial Fortress|Anticipate|Intercept|Long Ball Pass
1093297,Álex Millán,Moyen,0.345,Moyen,0.453,,,,,estime EA,,
1269404,Taichi Fukui,Moyen,0.436,Moyen,0.561,Haut,0.772,,,estime EA,,
1080508,Rodrigo Pinheiro,Moyen,0.564,Moyen,0.622,Moyen,0.614,,,estime EA,,
313825,Bård Finne,Haut,0.709,Haut,0.69,,,,,estime EA,,
686112,Fabian Schleusener,Moyen,0.618,Moyen,0.603,,,,,estime EA,,
539198,Karlo Letica,Bas,-0.4,Bas,-0.262,Bas,0.324,,,estime EA,,Cross Claimer|Far Throw|Footwork
1079220,Joao Goncalves,Bas,-0.291,Bas,-0.238,Bas,0.116,,,estime EA,,Footwork
1209260,Max Bruns,Moyen,0.491,Moyen,0.44,Haut,0.69,,,estime EA,,Block
1199713,Marcel Beifus,Moyen,0.436,Moyen,0.408,,,,,estime EA,,Anticipate|Long Ball Pass
1292354,Théo Le Bris,Moyen,0.564,Moyen,0.48,Bas,0.272,,,estime EA,,
1302666,Derry Scherhant,Moyen,0.491,Moyen,0.583,Moyen,0.507,,,estime EA,,Gamechanger|Technical
1494913,Robert,Haut,0.687,Haut,0.981,,,10925,19.0,mesure FotMob,,Press Proven
608535,Jerry Yates,Haut,0.727,Moyen,0.647,,,,,estime EA,,
612212,Assane Dioussé,Moyen,0.545,Moyen,0.462,,,,,estime EA,,
620543,Maryan Shved,Moyen,0.4,Moyen,0.506,,,,,estime EA,,Technical
1050160,Sontje Hansen,Moyen,0.473,Haut,0.667,,,,,estime EA,,Rapid
464251,Mahir Emreli,Moyen,0.6,Moyen,0.606,,,,,estime EA,,Finesse Shot
1201760,Marvin Senaya,Moyen,0.582,Moyen,0.538,Haut,0.883,,,estime EA,,
1283034,Loum Tchaouna,Bas,0.255,Moyen,0.417,Bas,0.126,,,estime EA,,
1514456,Pathé Mboup,Haut,0.764,Haut,0.814,Haut,0.945,,,estime EA,,Finesse Shot|Quick Step|Rapid
988074,Yuki Ohashi,Moyen,0.636,Moyen,0.539,,,,,estime EA,,Chip Shot|Finesse Shot
1336731,Tjark Ernst,Bas,-0.273,Bas,-0.201,,,,,estime EA,,
1325525,Dinis Pinto,Moyen,0.382,Moyen,0.519,Moyen,0.611,,,estime EA,,
1668089,Marvin Young,Moyen,0.545,Moyen,0.523,Haut,0.778,,,estime EA,,
193224,Sergi Enrich,Moyen,0.618,Moyen,0.359,,,,,estime EA,,
1077665,Lucas Soares,Moyen,0.564,Moyen,0.632,Moyen,0.478,,,estime EA,,
1100248,Ruslan Neshcheret,Bas,-0.255,Bas,-0.214,Haut,0.662,,,estime EA,,
1188247,Jacob Trenskow,Moyen,0.545,Moyen,0.503,Bas,0.133,,,estime EA,,
1201408,Julián Malatini,Moyen,0.582,Moyen,0.517,Haut,0.842,,,estime EA,,Intercept
634142,Vinko Sapina,Haut,0.968,Moyen,0.62,,,,,estime EA,oui,Bruiser|Incisive Pass|Relentless|Slide Tackle
603529,Semih Güler,Moyen,0.618,Moyen,0.552,Moyen,0.622,,,estime EA,,Block|Bruiser|Long Ball Pass
1524716,Tyler Bindon,Moyen,0.455,Moyen,0.355,,,,,estime EA,,
759823,Ike Ugbo,Moyen,0.382,Moyen,0.488,,,,,estime EA,,
967085,Roberto Lopez,Haut,0.727,Moyen,0.393,,,,,estime EA,,Gamechanger|Incisive Pass|Inventive
644738,Vakoun Issouf Bayo,Moyen,0.455,Moyen,0.548,Bas,0.11,,,estime EA,,Precision Header
1186446,Nik Prelec,Moyen,0.4,Moyen,0.384,,,,,estime EA,,
960491,Mileta Rajovic,Moyen,0.509,Moyen,0.58,,,,,estime EA,,
1375810,Terry Yegbe,Moyen,0.509,Moyen,0.59,Bas,0.063,,,estime EA,,
267361,Charles,Bas,-0.182,Bas,-0.195,Bas,0.259,,,estime EA,,
765158,Alimami Gory,Moyen,0.455,Moyen,0.65,Moyen,0.426,,,estime EA,,Quick Step
841150,Rhian Brewster,Moyen,0.436,Moyen,0.571,,,,,estime EA,,
1077977,Giacomo Quagliata,Haut,0.745,Haut,0.766,,,,,estime EA,,Quick Step|Whipped Pass
1160496,Michael Ameyaw,Moyen,0.636,Haut,0.692,Haut,0.802,,,estime EA,,Gamechanger|Rapid
560990,Marco Komenda,Moyen,0.455,Moyen,0.497,,,,,estime EA,,Jockey|Slide Tackle
1071178,Immanuel Pherai,Moyen,0.382,Moyen,0.539,,,,,estime EA,,First Touch|Incisive Pass|Inventive|Technical
891747,Daniel Hanslik,Haut,0.836,Moyen,0.66,,,,,estime EA,,
940015,Tom Zimmerschied,Haut,0.727,Moyen,0.627,,,,,estime EA,,Technical
1284944,André Luiz,Moyen,0.618,Haut,0.705,Moyen,0.53,,,estime EA,,
787484,Phillip Menzel,Bas,-0.182,Bas,-0.276,,,,,estime EA,,Far Throw|Footwork|Long Ball Pass
982624,Jeremy Ngakia,Moyen,0.491,Moyen,0.542,,,,,estime EA,,
716443,Diego Fernández,Moyen,0.527,Moyen,0.485,,,,,estime EA,,
1270001,Lewin Blum,Moyen,0.618,Moyen,0.603,,,,,estime EA,,Long Throw
1392225,Nariman Akhundzada,Moyen,0.436,Moyen,0.561,,,,,estime EA,,
584825,Ryan Hardie,Moyen,0.6,Moyen,0.647,,,,,estime EA,,
709734,Mitchell van Bergen,Haut,0.8,Haut,0.859,Bas,0.042,,,estime EA,,Quick Step|Rapid
874617,Aaron Connolly,Moyen,0.491,Moyen,0.573,,,,,estime EA,,
864304,Orest Lebedenko,Moyen,0.655,Moyen,0.608,,,,,estime EA,,
1292334,Nordine Kandil,Haut,0.8,Moyen,0.656,,,,,estime EA,,Finesse Shot
1285532,Vasco Sousa,Moyen,0.509,Moyen,0.539,Haut,0.983,,,estime EA,,
1353490,Munashe Garananga,Moyen,0.455,Moyen,0.426,,,,,estime EA,,
600513,Silvère Ganvoula,Moyen,0.4,Moyen,0.516,,,,,estime EA,,Enforcer|Precision Header
749500,Marco Meyerhofer,Moyen,0.6,Moyen,0.545,,,,,estime EA,,
981120,Kaique Rocha,Moyen,0.436,Moyen,0.388,Bas,0.216,,,estime EA,,
1070331,Calegari,Haut,0.691,Haut,0.693,Moyen,0.606,,,estime EA,,
1211610,Augustine Boakye,Moyen,0.582,Haut,0.69,,,,,estime EA,,
210971,Oliver Norwood,Moyen,0.655,Bas,0.211,,,,,estime EA,,Aerial Fortress|Anticipate|Long Ball Pass|Slide Tackle
313981,Andreas Cornelius,Moyen,0.509,Moyen,0.427,,,,,estime EA,,Enforcer|Precision Header
523731,Shogo Taniguchi,Haut,0.691,Moyen,0.358,,,,,estime EA,,Long Ball Pass
1187392,Tiago Morais,Moyen,0.6,Moyen,0.647,Moyen,0.404,,,estime EA,,
1233418,Jorne Spileers,Moyen,0.6,Moyen,0.525,,,,,estime EA,,Long Ball Pass
1364042,Lewis Koumas,Moyen,0.436,Moyen,0.591,,,,,estime EA,,
575731,Jacopo Petriccione,Moyen,0.455,Moyen,0.334,,,,,estime EA,,Incisive Pass
1217043,Unai Marrero,Bas,-0.291,Bas,-0.259,Moyen,0.49,,,estime EA,,
1433034,Óscar Perea,Bas,0.309,Moyen,0.571,Moyen,0.502,,,estime EA,,Quick Step
128949,Michael Boxall,Moyen,0.491,Bas,0.196,,,,,estime EA,,
309505,Amin Younes,Bas,0.273,Moyen,0.455,,,,,estime EA,,Finesse Shot|Inventive|Technical
884276,Moritz-Broni Kwarteng,Moyen,0.473,Moyen,0.525,,,,,estime EA,,Acrobatic|Technical|Trickster
949483,Makhtar Gueye,Moyen,0.564,Moyen,0.337,,,,,estime EA,,Enforcer|Precision Header
921919,Sebastian Tounekti,Moyen,0.636,Moyen,0.651,Bas,0.219,,,estime EA,,
1243571,Andreas Hountondji,Moyen,0.527,Moyen,0.547,Bas,0.013,,,estime EA,,
1270002,Luca Jaquez,Moyen,0.345,Moyen,0.342,Moyen,0.464,,,estime EA,,
1439831,Mihailo Ivanovic,Moyen,0.473,Moyen,0.494,,,,,estime EA,,Precision Header
361747,Lucas João,Bas,0.109,Bas,0.288,,,,,estime EA,,Technical
415000,Francesco Galuppini,Moyen,0.545,Moyen,0.523,,,,,estime EA,,Aerial Fortress|Finesse Shot|Incisive Pass
1419287,Joshua Quarshie,Moyen,0.455,Moyen,0.416,,,,,estime EA,,Long Throw
512723,Théo Pellenard,Moyen,0.509,Bas,0.316,,,,,estime EA,,
657054,Joshua Mees,Moyen,0.418,Moyen,0.513,,,,,estime EA,,Finesse Shot|Precision Header
844937,Josh Bowler,Moyen,0.473,Moyen,0.576,,,,,estime EA,,Technical
150869,Timothée Kolodziejczak,Moyen,0.382,Bas,0.305,Bas,0.279,,,estime EA,,Long Ball Pass|Precision Header
616917,Nicolai Rapp,Moyen,0.6,Moyen,0.393,,,,,estime EA,,Aerial Fortress
1134292,Assad Al Hamlawi,Moyen,0.545,Moyen,0.493,,,,,estime EA,,
889153,German Onugkha,Moyen,0.473,Moyen,0.443,Bas,0.033,,,estime EA,,Enforcer
1315475,Roony Bardghji,Moyen,0.4,Moyen,0.516,Bas,0.129,,,estime EA,,Gamechanger|Technical|Trickster
1185750,Jakob Golz,Bas,-0.418,Bas,-0.381,,,,,estime EA,,Far Throw|Footwork
303935,Juanto Ortuno,Moyen,0.564,Moyen,0.52,,,,,estime EA,,
661929,Raphael Odogwu,Moyen,0.455,Moyen,0.416,,,,,estime EA,,Aerial Fortress|Precision Header
1436942,Lucas Høgsberg,Moyen,0.491,Moyen,0.451,Bas,0.282,,,estime EA,,
1275291,Phil Harres,Moyen,0.364,Moyen,0.481,,,,,estime EA,,
645697,Ivan Prtajin,Moyen,0.491,Moyen,0.451,,,,,estime EA,,Acrobatic|Precision Header
675095,Mario Gonzalez,Bas,0.273,Moyen,0.343,,,,,estime EA,,Finesse Shot|Technical
1277587,Tomasz Pienko,Haut,0.727,Haut,0.749,,,,,estime EA,,Technical
1321603,Estanis Pedrola,Bas,0.055,Moyen,0.368,,,,,estime EA,,Trickster
1648518,Gonzalo Petit,Moyen,0.509,Moyen,0.438,,,,,estime EA,,
1072817,Dominik Kother,Haut,0.745,Haut,0.766,,,,,estime EA,,Low Driven Shot|Quick Step|Rapid
1075463,Maksym Talovierov,Moyen,0.509,Moyen,0.397,,,,,estime EA,,Long Ball Pass|Slide Tackle
719946,Riccardo Marchizza,Moyen,0.473,Bas,0.301,,,,,estime EA,,
813429,Kaj Sierhuis,Moyen,0.345,Bas,0.189,Bas,0.123,,,estime EA,,
1217644,John Donald,Bas,0.309,Bas,0.225,Haut,0.808,,,estime EA,,
1334552,Nicolò Tresoldi,Moyen,0.632,Haut,0.688,Bas,0.057,10808,12.4,mesure FotMob,,Acrobatic|Precision Header
863822,Joel Latibeaudiere,Moyen,0.564,Moyen,0.358,,,,,estime EA,,
1201713,Tim Breithaupt,Moyen,0.564,Bas,0.276,,,,,estime EA,,
1079501,Cas Odenthal,Moyen,0.509,Moyen,0.336,,,,,estime EA,,Bruiser
1559639,Ayden Heaven,Moyen,0.382,Moyen,0.448,Moyen,0.531,,,estime EA,,
199276,Michael Smith,Moyen,0.473,Bas,0.311,,,,,estime EA,,Aerial Fortress|Enforcer|Precision Header
750026,Dylan Vente,Moyen,0.545,Moyen,0.523,Bas,0.02,,,estime EA,,Finesse Shot
447488,Alex Ferrari,Moyen,0.655,Moyen,0.455,,,,,estime EA,,
798603,Ben Wilmot,Moyen,0.564,Moyen,0.358,,,,,estime EA,,Intercept|Long Ball Pass
769167,Enzo Ebosse,Moyen,0.473,Moyen,0.342,Bas,0.044,,,estime EA,,
958401,Alessandro Vogliacco,Moyen,0.418,Moyen,0.371,,,,,estime EA,,
1028586,Davide Merola,Bas,0.236,Moyen,0.379,,,,,estime EA,,
1289171,Gábor Szalai,Moyen,0.509,Moyen,0.346,Moyen,0.442,,,estime EA,,
793048,Manuel De Luca,Moyen,0.6,Moyen,0.372,,,,,estime EA,,Press Proven
790725,Marco Curto,Haut,0.691,Moyen,0.48,,,,,estime EA,,Block
1432421,Antoine Joujou,Bas,0.236,Moyen,0.359,Haut,0.914,,,estime EA,,
926447,Paul Jaeckel,Bas,0.236,Moyen,0.359,,,,,estime EA,,
765563,Scott Wharton,Moyen,0.509,Moyen,0.356,,,,,estime EA,,
1218243,Adilson Malanda,Haut,0.691,Moyen,0.47,,,,,estime EA,,Block
884262,Oier Luengo,Moyen,0.655,Moyen,0.404,,,,,estime EA,,
1235431,Kévin Keben,Moyen,0.4,Moyen,0.424,,,,,estime EA,,
1367915,Tobias Slotsager,Moyen,0.364,Moyen,0.43,Moyen,0.582,,,estime EA,,Block
639782,Iván Márquez,Moyen,0.436,Bas,0.164,Bas,0.206,,,estime EA,,Block|Slide Tackle
1282298,Linus Gechter,Moyen,0.455,Moyen,0.365,,,,,estime EA,,
1418073,Samuel Amo-Ameyaw,Bas,0.327,Moyen,0.517,Moyen,0.477,,,estime EA,,
41879,Andrea Masiello,Bas,0.255,Bas,0.041,,,,,estime EA,,Intercept|Long Ball Pass
872974,Lewis Gibson,Moyen,0.436,Bas,0.317,,,,,estime EA,,Long Ball Pass
920436,Philipp Strompf,Haut,0.745,Moyen,0.481,,,,,estime EA,,Long Ball Pass
251855,Badavi Hüseynov,Moyen,0.382,Moyen,0.356,,,,,estime EA,,Long Ball Pass
1359465,Luka Kulenovic,Moyen,0.455,Moyen,0.334,Bas,0.263,,,estime EA,,Enforcer
541825,Lubomír Satka,Moyen,0.382,Moyen,0.387,Bas,0.269,,,estime EA,,
1350681,Dylan Nandín,Moyen,0.364,Moyen,0.39,Bas,0.166,,,estime EA,,
860890,José Canale,Moyen,0.382,Moyen,0.437,,,,,estime EA,,Slide Tackle
1279557,Clemens Riedel,Bas,0.327,Bas,0.283,Moyen,0.498,,,estime EA,,Slide Tackle
1050190,Marco Ruggero,Moyen,0.473,Moyen,0.342,,,,,estime EA,,
280865,Michael Ihiekwe,Moyen,0.545,Moyen,0.33,,,,,estime EA,,Precision Header
492129,Malik Tchokounté,Moyen,0.6,Bas,0.189,,,,,estime EA,,Precision Header|Press Proven
863856,Lucas Perrin,Moyen,0.636,Bas,0.285,,,,,estime EA,,Anticipate
725655,Nikola Katic,Moyen,0.527,Bas,0.252,Haut,0.815,,,estime EA,,Aerial Fortress|Anticipate|Precision Header|Slide Tackle
951498,Felix Bacher,Moyen,0.636,Moyen,0.499,Moyen,0.64,,,estime EA,,Long Ball Pass
867796,Marco Bellich,Moyen,0.436,Bas,0.286,,,,,estime EA,,
447418,Lloyd Jones,Moyen,0.6,Moyen,0.362,,,,,estime EA,,Aerial Fortress|Block
1362306,Bernardo Schappo,Moyen,0.636,Moyen,0.377,Haut,0.817,,,estime EA,,
491810,Jack Whatmough,Moyen,0.582,Bas,0.304,,,,,estime EA,,Anticipate|Long Throw
980672,Leo Greiml,Moyen,0.418,Bas,0.198,Haut,0.826,,,estime EA,,Aerial Fortress|Slide Tackle
687106,Fatih Kurucuk,Moyen,0.455,Bas,0.324,,,,,estime EA,,Slide Tackle
178758,Bram Nuytinck,Moyen,0.364,Bas,0.125,,,,,estime EA,,Block|Precision Header
594886,Florian Le Joncour,Moyen,0.527,Bas,0.241,,,,,estime EA,,
1187370,Cristian Devenish,Moyen,0.4,Bas,0.221,Bas,0.283,,,estime EA,,Bruiser
568911,João Afonso,Bas,0.327,Bas,0.172,Haut,0.803,,,estime EA,,Precision Header
1057949,Nikola Stevanovic,Haut,0.782,Moyen,0.445,,,,,estime EA,,
1187644,Kévin Boma,Moyen,0.455,Bas,0.172,Moyen,0.465,,,estime EA,,
793507,Aleksandar Radovanovic,Moyen,0.509,Bas,0.254,,,,,estime EA,,Block|Intercept
1609209,Giovanni Leoni,Moyen,0.455,Bas,0.294,,,,,estime EA,,
1507697,Saba Goglichidze,Moyen,0.473,Moyen,0.352,,,,,estime EA,,Anticipate|Block|Intercept
723574,Dimitrios Nikolaou,Moyen,0.527,Bas,0.191,,,,,estime EA,,Long Ball Pass
784175,Luka Lochoshvili,Moyen,0.509,Bas,0.204,,,,,estime EA,,Block|Slide Tackle
938564,Miguel Rubio,Bas,-0.145,Bas,-0.089,,,,,estime EA,,Anticipate|Intercept|Precision Header
244355,Luis Rocha,Bas,0.182,Bas,-0.009,Bas,0.155,,,estime EA,,
498532,Pelly-Ruddock Mpanzu,Haut,0.8,Haut,0.696,,,,,estime EA,,Press Proven
1056689,Harvey Knibbs,Haut,1,Haut,0.845,,,,,estime EA,oui,Aerial Fortress|Intercept|Inventive|Relentless
668793,Svante Ingelsson,Haut,0.891,Haut,0.692,,,,,estime EA,,Long Throw
1165232,Giuseppe Aurelio,Moyen,0.618,Haut,0.674,,,,,estime EA,,Rapid
552040,Marko Rog,Moyen,0.364,Moyen,0.522,,,,,estime EA,,Technical
942834,Ibrahim Bayesh,Haut,0.764,Haut,0.692,,,,,estime EA,,
303187,Ömer Ali Sahiner,Haut,0.709,Moyen,0.65,Bas,0.105,,,estime EA,,
354785,Luke Leahy,Haut,0.8,Moyen,0.615,,,,,estime EA,,Dead Ball|Intercept|Long Ball Pass|Long Throw|Whipped Pass
983199,Tino Anjorin,Moyen,0.491,Moyen,0.532,,,,,estime EA,,
1066264,Abu Francis,Moyen,0.473,Moyen,0.515,Haut,0.966,,,estime EA,,Aerial Fortress|Pinged Pass|Power Shot|Technical
426180,Jamie Allen,Haut,0.986,Haut,0.851,,,,,estime EA,oui,Relentless
846686,Demetri Mitchell,Moyen,0.618,Haut,0.735,,,,,estime EA,,Quick Step|Technical
1227376,Youssouf Diarra,Haut,0.745,Haut,0.725,,,,,estime EA,,Precision Header
620124,Lynden Gooch,Moyen,0.6,Moyen,0.637,,,,,estime EA,,
754621,Mael Corboz,Haut,0.986,Haut,0.851,,,,,estime EA,oui,Pinged Pass|Relentless|Technical
1087658,Tochi Chukwuani,Haut,0.764,Moyen,0.59,,,,,estime EA,,Aerial Fortress
1093025,Sotiris Alexandropoulos,Moyen,0.655,Moyen,0.628,,,,,estime EA,,
1520422,Chris-Kevin Nadje,Moyen,0.527,Moyen,0.587,,,,,estime EA,,
561204,Dylan Louiserre,Haut,0.927,Haut,0.717,,,,,estime EA,,Long Ball Pass
1230595,Malik Sellouki,Moyen,0.473,Moyen,0.515,,,,,estime EA,,
746408,David Kasumu,Haut,0.818,Haut,0.724,,,,,estime EA,,
1662406,Moussa Baradji,Moyen,0.6,Moyen,0.515,,,,,estime EA,,
58484,Dávid Gróf,Bas,0.036,Bas,0.248,Bas,0.043,,,estime EA,,Far Throw
317713,Onur Bulut,Moyen,0.491,Moyen,0.552,Moyen,0.339,,,estime EA,,Whipped Pass
438115,Callum O'Dowda,Moyen,0.618,Haut,0.664,Moyen,0.541,,,estime EA,,
445226,Jean-Philippe Gbamin,Bas,0.291,Moyen,0.371,Haut,0.842,,,estime EA,,
586199,Erwin Koffi,Haut,1,Haut,0.971,,,,,estime EA,oui,Relentless|Whipped Pass
929613,Kevin Sessa,Moyen,0.6,Haut,0.687,,,,,estime EA,,Technical
888904,Bendegúz Bolla,Haut,0.709,Haut,0.68,,,,,estime EA,,
1514591,Rafael Lubach,Moyen,0.527,Moyen,0.577,,,,,estime EA,,
414232,Ridgeciano Haps,Moyen,0.527,Moyen,0.577,,,,,estime EA,,
660148,Dzenis Burnic,Haut,0.673,Moyen,0.625,,,,,estime EA,,
698500,Bailey Peacock-Farrell,Bas,0.0,Bas,0.203,,,,,estime EA,,Cross Claimer|Footwork
964579,Kevin Appin,Moyen,0.636,Moyen,0.58,,,,,estime EA,,
1077926,Ethan Galbraith,Haut,0.8,Haut,0.676,,,,,estime EA,,
1132117,Kacper Chodyna,Moyen,0.564,Haut,0.673,,,,,estime EA,,
1359536,Ali Ahmed,Moyen,0.636,Moyen,0.641,,,,,estime EA,,
1463266,Louis Oppie,Haut,0.873,Moyen,0.654,Bas,0.313,,,estime EA,,Dead Ball|Power Shot|Whipped Pass
1078707,Emanuele Adamo,Moyen,0.618,Moyen,0.634,,,,,estime EA,,
848612,Nasser Al-Dawsari,Moyen,0.491,Moyen,0.461,,,,,estime EA,,
546190,Lubambo Musonda,Moyen,0.582,Haut,0.741,,,,,estime EA,,Quick Step|Rapid
950396,Jordy Alcívar,Haut,0.745,Moyen,0.583,,,,,estime EA,,Tiki Taka
819874,Luca Magnino,Moyen,0.636,Moyen,0.6,,,,,estime EA,,
1284559,Novatus Miroshi,Moyen,0.618,Moyen,0.593,Haut,0.89,,,estime EA,,Precision Header
780414,Josh Dacres-Cogley,Haut,0.927,Haut,0.849,,,,,estime EA,,Long Throw|Rapid|Whipped Pass
784847,Giannis Papanikolaou,Haut,0.745,Haut,0.664,Haut,0.746,,,estime EA,,
175947,James McClean,Haut,0.745,Moyen,0.481,,,,,estime EA,,Power Shot|Slide Tackle|Whipped Pass
355739,Callum Paterson,Haut,0.727,Moyen,0.525,,,,,estime EA,,Long Throw
662728,Jordan Thompson,Moyen,0.618,Moyen,0.552,,,,,estime EA,,
729733,Andre Dozzell,Haut,0.764,Moyen,0.641,,,,,estime EA,,
819872,Mark Harris,Haut,0.745,Haut,0.746,,,,,estime EA,,
847357,Mehdi Leris,Moyen,0.636,Moyen,0.488,Haut,0.966,,,estime EA,,
920741,Javi Martinez,Haut,0.709,Moyen,0.538,,,,,estime EA,,Technical
1180696,Fodé Doucouré,Haut,0.673,Haut,0.737,Haut,0.676,,,estime EA,,
890155,Ogün Bayrak,Moyen,0.618,Moyen,0.624,Moyen,0.655,,,estime EA,,
361768,Cafú,Moyen,0.364,Moyen,0.349,Bas,0.26,,,estime EA,,
1072860,Shaquil Delos,Moyen,0.582,Haut,0.68,,,,,estime EA,,Bruiser|Intercept|Quick Step
612278,Mamadou Thiam,Haut,0.818,Haut,0.744,,,,,estime EA,,Enforcer|Precision Header
449283,Alessandro Deiola,Moyen,0.545,Moyen,0.35,Moyen,0.5,,,estime EA,,Aerial Fortress
239589,Leo Stulac,Moyen,0.491,Moyen,0.491,,,,,estime EA,,
951953,Ousmane Diakité,Moyen,0.582,Moyen,0.528,,,,,estime EA,,
1056267,Mickael Biron,Moyen,0.655,Haut,0.699,,,,,estime EA,,Finesse Shot
1118910,Alex Robertson,Moyen,0.545,Moyen,0.605,,,,,estime EA,,Dead Ball|First Touch|Pinged Pass
1273298,Victor Bak,Moyen,0.545,Moyen,0.635,Moyen,0.593,,,estime EA,,
612526,Simone Pontisso,Haut,0.695,Moyen,0.602,,,,,estime EA,oui,Dead Ball|Finesse Shot|Precision Header|Relentless
1245179,Habib Keïta,Haut,0.673,Moyen,0.533,Haut,0.679,,,estime EA,,Press Proven
873560,Mees de Wit,Haut,0.691,Moyen,0.642,Haut,0.683,,,estime EA,,Slide Tackle
1367702,Brodie Spencer,Haut,0.782,Haut,0.75,,,,,estime EA,,
1091015,Nermin Karic,Moyen,0.655,Moyen,0.506,,,,,estime EA,,
1523822,Gjivai Zechiël,Moyen,0.582,Moyen,0.599,Haut,0.698,,,estime EA,,Intercept|Inventive|Technical
1202707,Carlos Mora,Moyen,0.618,Moyen,0.603,,,,,estime EA,,Press Proven|Trickster
577904,Marko Jankovic,Moyen,0.634,Moyen,0.427,Haut,0.909,10811,8.3,mesure FotMob,,
952529,Sergio Lopez,Moyen,0.418,Moyen,0.533,,,,,estime EA,,
1161870,Anders Klynge,Haut,0.782,Moyen,0.587,,,,,estime EA,,Incisive Pass|Tiki Taka
1430830,Ryan Andrews,Moyen,0.6,Haut,0.687,,,,,estime EA,,
1307957,Romano Floriani Mussolini,Haut,0.691,Moyen,0.561,Bas,0.256,,,estime EA,,
238534,Daniel Johnson,Moyen,0.582,Moyen,0.589,Bas,0.202,,,estime EA,,
566118,Arkadiusz Reca,Moyen,0.655,Haut,0.679,,,,,estime EA,,Rapid|Whipped Pass
770163,Alexandru Cicâldau,Moyen,0.491,Moyen,0.41,Bas,0.102,,,estime EA,,
954574,Jonas Auer,Haut,0.818,Haut,0.714,,,,,estime EA,,Long Ball Pass|Whipped Pass
955194,Matej Valenta,Moyen,0.6,Moyen,0.494,Haut,0.912,,,estime EA,,
929665,Kenzo Goudmijn,Moyen,0.545,Moyen,0.605,Bas,0.293,,,estime EA,,
672487,Corey Blackett-Taylor,Moyen,0.509,Haut,0.712,,,,,estime EA,,Quick Step|Rapid
771686,Dylan Bronn,Haut,0.764,Moyen,0.529,,,,,estime EA,,
869298,Nikolas Nartey,Bas,0.273,Moyen,0.404,Moyen,0.629,,,estime EA,,
881770,Kevin Piscopo,Moyen,0.582,Haut,0.67,,,,,estime EA,,Quick Step
1082106,Jayden Nelson,Moyen,0.527,Haut,0.75,,,,,estime EA,,Rapid
1112702,Arkadiusz Pyrka,Haut,0.691,Haut,0.714,Moyen,0.628,,,estime EA,,Technical
1289520,Gabriele Piccinini,Moyen,0.636,Moyen,0.519,Moyen,0.578,,,estime EA,,Jockey
1331597,Gustavo Puerta,Moyen,0.618,Moyen,0.512,Bas,0.165,,,estime EA,,
1526614,Inaki González,Haut,0.691,Moyen,0.571,,,,,estime EA,,
1473991,Dominik Pech,Moyen,0.491,Moyen,0.491,,,,,estime EA,,
1199113,Merchas Doski,Moyen,0.436,Moyen,0.541,Haut,0.975,,,estime EA,,
511032,Ben Osborn,Moyen,0.545,Moyen,0.483,,,,,estime EA,,Incisive Pass
488191,Tarkan Serbest,Moyen,0.564,Moyen,0.459,,,,,estime EA,,
950823,Paul Will,Haut,0.818,Haut,0.704,,,,,estime EA,,Intercept|Jockey|Pinged Pass
1045656,Billy Mitchell,Haut,0.691,Moyen,0.541,,,,,estime EA,,
304668,Sander van de Streek,Moyen,0.655,Moyen,0.343,Bas,0.231,,,estime EA,,Aerial Fortress
390642,Furkan Soyalp,Moyen,0.527,Moyen,0.496,Haut,0.964,,,estime EA,,
583434,Aaron Collins,Haut,0.891,Haut,0.794,,,,,estime EA,,Finesse Shot|Gamechanger
610273,Witi,Haut,0.818,Haut,0.846,Moyen,0.427,,,estime EA,,Rapid
665339,Marco Festa,Bas,-0.036,Bas,0.067,,,,,estime EA,,
684938,Nicolas Janvier,Moyen,0.527,Moyen,0.485,Moyen,0.547,,,estime EA,,
1098066,Amadou Dante,Haut,0.727,Haut,0.718,Moyen,0.59,,,estime EA,,Intercept
724948,Ondrej Karafiat,Moyen,0.473,Moyen,0.423,,,,,estime EA,,Anticipate
1192854,Naouirou Ahamada,Moyen,0.436,Moyen,0.52,Moyen,0.637,,,estime EA,,
1356299,Pedro Santos,Haut,0.727,Moyen,0.606,Haut,0.935,,,estime EA,,
1330872,David Ozoh,Moyen,0.545,Moyen,0.462,,,,,estime EA,,
661062,Luca Marseiler,Moyen,0.618,Haut,0.715,,,,,estime EA,,Gamechanger|Low Driven Shot|Technical
1052360,Stefano Russo,Haut,1,Haut,0.771,,,,,estime EA,oui,Dead Ball|Intercept|Long Ball Pass|Press Proven|Relentless|Slide Tackle
414856,Gaetano Letizia,Haut,0.691,Moyen,0.622,,,,,estime EA,,Rapid|Whipped Pass
208077,Danilo,Moyen,0.545,Moyen,0.523,,,,,estime EA,,Slide Tackle
847221,Davis Keillor-Dunn,Haut,0.968,Haut,0.904,,,,,estime EA,oui,Inventive|Long Ball Pass|Relentless|Technical
915331,Victor Jensen,Haut,0.964,Haut,0.721,Moyen,0.539,,,estime EA,,Technical
1029778,Idris El Mizouni,Haut,0.818,Moyen,0.612,,,,,estime EA,,Anticipate|Intercept
962706,Oliver Cooper,Moyen,0.582,Moyen,0.558,,,,,estime EA,,
1206310,Niall Huggins,Moyen,0.491,Moyen,0.644,,,,,estime EA,,
1076138,Hector Kyprianou,Haut,0.764,Moyen,0.55,,,,,estime EA,,Aerial Fortress|Long Ball Pass|Precision Header
1134508,Tatsuki Seko,Moyen,0.6,Moyen,0.515,,,,,estime EA,,
1177359,Ismaël Boura,Haut,0.691,Haut,0.673,,,,,estime EA,,Intercept
1202909,Marco John,Moyen,0.618,Moyen,0.532,,,,,estime EA,,Anticipate|Slide Tackle
1138592,Zidane Iqbal,Moyen,0.655,Moyen,0.547,Haut,0.84,,,estime EA,,Technical
857618,Arber Hoxha,Moyen,0.491,Moyen,0.623,Bas,0.225,,,estime EA,,Rapid
982272,Sidnei Tavares,Moyen,0.545,Moyen,0.493,,,,,estime EA,,Aerial Fortress
215158,Haitam Aleesami,Moyen,0.469,Moyen,0.467,,,10481,8.8,mesure FotMob,,
872742,Tim Handwerker,Haut,0.895,Haut,0.896,,,,,estime EA,oui,Relentless
1167225,Iván Morante,Moyen,0.582,Moyen,0.517,,,,,estime EA,,
1244808,Tim Jabol-Folcarelli,Haut,0.745,Moyen,0.552,Haut,0.962,,,estime EA,,
1411496,Dani Sanchez,Moyen,0.636,Moyen,0.61,,,,,estime EA,,
736188,Josh Koroma,Moyen,0.6,Haut,0.708,,,,,estime EA,,Finesse Shot
865066,Joel Grodowski,Haut,0.691,Haut,0.785,,,,,estime EA,,Low Driven Shot|Rapid
915168,Sergio González,Haut,0.8,Moyen,0.452,,,,,estime EA,,Intercept|Long Ball Pass
1111391,Liam Gibbs,Moyen,0.582,Moyen,0.517,,,,,estime EA,,
1125997,Shurandy Sambo,Moyen,0.655,Moyen,0.638,Haut,0.719,,,estime EA,,Block
1214915,Brooke Norton-Cuffy,Moyen,0.509,Moyen,0.6,Moyen,0.386,,,estime EA,,
1173785,Édouard Michut,Moyen,0.618,Moyen,0.491,Haut,0.961,,,estime EA,,Technical
1372284,Beni,Moyen,0.545,Moyen,0.493,Haut,0.943,,,estime EA,,Press Proven
1203187,Mathijs Tielemans,Haut,0.727,Moyen,0.586,,,,,estime EA,,
1203447,Camiel Neghli,Haut,0.8,Haut,0.706,,,,,estime EA,,Dead Ball|Gamechanger|Power Shot
1518451,Mikayil Faye,Moyen,0.473,Moyen,0.515,,,,,estime EA,,
1256224,Mário Sauer,Moyen,0.6,Moyen,0.586,Haut,0.704,,,estime EA,,
180784,Marvin Peersman,Moyen,0.545,Moyen,0.493,Haut,0.777,,,estime EA,,
210819,Max Power,Haut,0.818,Moyen,0.48,,,,,estime EA,,First Touch|Long Ball Pass|Long Throw
561619,Clint Leemans,Moyen,0.655,Moyen,0.374,Haut,0.671,,,estime EA,,Dead Ball
833697,Darko Churlinov,Moyen,0.545,Moyen,0.625,Bas,0.163,,,estime EA,,Finesse Shot|Press Proven
1184468,Thelo Aasgaard,Moyen,0.564,Moyen,0.48,Bas,0.321,,,estime EA,,Finesse Shot|Precision Header
1354177,Benjamin Cremaschi,Moyen,0.364,Moyen,0.481,,,,,estime EA,,
1436850,Clement Bischoff,Moyen,0.618,Moyen,0.593,,,,,estime EA,,Anticipate|Inventive|Jockey
1429598,Soumaila Diabate,Haut,0.782,Haut,0.699,Haut,0.983,,,estime EA,,
172803,Gökhan Degirmenci,Bas,-0.036,Bas,-0.004,Haut,0.738,,,estime EA,,Far Throw
172284,Ryan Allsop,Bas,-0.055,Bas,-0.001,,,,,estime EA,,Far Reach|Footwork
1146375,Max Brandt,Haut,0.945,Haut,0.663,,,,,estime EA,,Press Proven
1178779,Alen Sherri,Bas,-0.091,Bas,0.014,,,,,estime EA,,
1302796,Mateo Lisica,Moyen,0.545,Haut,0.727,Moyen,0.62,,,estime EA,,
433956,Will Vaulks,Haut,0.836,Moyen,0.467,,,,,estime EA,,Aerial Fortress|Anticipate|Intercept|Long Ball Pass
642528,Moritz Heyer,Moyen,0.527,Moyen,0.424,,,,,estime EA,,
822394,Alex Pinto,Moyen,0.636,Moyen,0.6,,,,,estime EA,,
929350,Jannik Rochelt,Haut,0.873,Haut,0.766,,,,,estime EA,,Inventive|Technical
389181,Metehan Mimaroglu,Moyen,0.418,Moyen,0.605,Moyen,0.509,,,estime EA,,Rapid
1330848,Frank Feller,Bas,-0.255,Bas,-0.214,,,,,estime EA,,
1322880,Sergio Ortuno,Moyen,0.618,Moyen,0.41,,,,,estime EA,,Intercept|Long Ball Pass
1105448,Elvin Cafarquliyev,Moyen,0.352,Haut,0.912,Moyen,0.441,10234,14.7,mesure FotMob,,
303088,Roger Marti,Moyen,0.564,Moyen,0.52,,,,,estime EA,,Finesse Shot
522440,Marcus Harness,Moyen,0.545,Haut,0.676,,,,,estime EA,,Inventive
678767,Alexandre Olliero,Bas,-0.309,Bas,-0.052,,,,,estime EA,,
1176801,Matías García,Moyen,0.545,Moyen,0.34,,,,,estime EA,,
816781,Fabio Maistro,Moyen,0.582,Moyen,0.528,,,,,estime EA,,Dead Ball|Finesse Shot
1734096,Mohamed Toure,Bas,0.255,Moyen,0.559,,,,,estime EA,,Enforcer|Rapid
820982,Gianluca Frabotta,Moyen,0.618,Moyen,0.522,,,,,estime EA,,Whipped Pass
1086653,Tyler Goodrham,Moyen,0.582,Moyen,0.609,,,,,estime EA,,Gamechanger|Technical
1393480,Skelly Alvero,Moyen,0.491,Moyen,0.339,,,,,estime EA,,
1526603,Oliver Braude,Haut,0.691,Moyen,0.551,Haut,0.868,,,estime EA,,
1527142,Mathias De Amorim,Moyen,0.527,Moyen,0.547,Haut,0.971,,,estime EA,,
1608454,Marcus Linday,Haut,0.8,Moyen,0.605,Haut,0.919,,,estime EA,,Jockey
1288907,Yacine Titraoui,Moyen,0.545,Moyen,0.523,,,,,estime EA,,
441883,Gaston Pereiro,Bas,0.255,Moyen,0.387,,,,,estime EA,,Finesse Shot|Gamechanger|Technical
683364,Hakeem Odoffin,Moyen,0.618,Moyen,0.471,,,,,estime EA,,Intercept|Precision Header
1047664,Adil Aouchiche,Moyen,0.345,Moyen,0.443,,,,,estime EA,,
1355837,Serginho,Moyen,0.473,Moyen,0.464,Haut,0.844,,,estime EA,,
458602,Jan Gyamerah,Moyen,0.655,Moyen,0.628,,,,,estime EA,,Jockey
574850,Fabio Gerli,Haut,0.891,Moyen,0.55,,,,,estime EA,,Anticipate|Incisive Pass|Jockey
702395,Massimiliano Mangraviti,Moyen,0.545,Moyen,0.513,,,,,estime EA,,Long Ball Pass
791416,Sam Smith,Moyen,0.618,Moyen,0.603,Bas,0.028,,,estime EA,,Aerial Fortress
743743,Leonardo Candellone,Haut,0.764,Moyen,0.56,,,,,estime EA,,
905457,Jizz Hornkamp,Moyen,0.345,Moyen,0.413,Bas,0.228,,,estime EA,,Precision Header
1186014,Felix Gebhardt,Bas,0.0,Bas,0.051,,,,,estime EA,,Far Throw|Footwork
1353472,Brian Mansilla,Moyen,0.455,Moyen,0.487,,,,,estime EA,,
510425,Stijn van Gassel,Bas,-0.091,Bas,0.014,Haut,0.723,,,estime EA,,Far Throw|Footwork
1136450,Abu Kamara,Moyen,0.545,Haut,0.696,,,,,estime EA,,Finesse Shot|Quick Step|Technical
1367955,Jocelyn Janneh,Moyen,0.636,Moyen,0.59,,,,,estime EA,,Intercept
1202885,Denis Visinsky,Moyen,0.418,Moyen,0.544,Bas,0.083,,,estime EA,,
210437,Lionel Carole,Moyen,0.509,Moyen,0.499,Moyen,0.656,,,estime EA,,Intercept
417743,Raffaele Di Gennaro,Bas,0.0,Bas,0.01,,,,,estime EA,,
259809,Jay Fulton,Moyen,0.491,Moyen,0.39,,,,,estime EA,,
997560,Femi Seriki,Moyen,0.545,Haut,0.686,,,,,estime EA,,Rapid
1305626,Nacho Martin,Moyen,0.618,Moyen,0.563,,,,,estime EA,,
1125446,Balthazar Pierret,Moyen,0.564,Moyen,0.531,,,,,estime EA,,
1384426,Ryan Fosso,Moyen,0.545,Moyen,0.432,Haut,0.97,,,estime EA,,
302783,Ben Wilson,Bas,-0.182,Bas,-0.073,,,,,estime EA,,
526227,Nordin Jackers,Bas,0.029,Bas,0.026,Bas,0.295,5107,0.0,mesure FotMob,,Footwork
171213,Valentin Cretu,Haut,0.709,Moyen,0.66,,,,,estime EA,,Long Throw|Slide Tackle
1366034,Simone Pafundi,Moyen,0.382,Moyen,0.59,,,,,estime EA,,Finesse Shot|Technical
1321605,Mario Martin,Moyen,0.491,Moyen,0.42,Haut,0.755,,,estime EA,,
1336006,Jorge Pascual,Haut,0.709,Moyen,0.64,,,,,estime EA,,
1509423,David Moses,Moyen,0.577,Haut,0.958,,,10690,16.8,mesure FotMob,,
1580522,Ángel Ortiz,Moyen,0.436,Moyen,0.53,Haut,0.88,,,estime EA,,
191174,Jake Bidwell,Haut,0.673,Moyen,0.493,,,,,estime EA,,Block
401932,Adam Davies,Bas,-0.2,Bas,-0.08,,,,,estime EA,,
563069,Yann Bodiger,Moyen,0.636,Moyen,0.366,,,,,estime EA,,Aerial Fortress|Press Proven
820974,Ron Schallenberg,Haut,0.895,Haut,0.672,,,,,estime EA,oui,Aerial Fortress|Intercept|Relentless
712737,Paul Smyth,Moyen,0.545,Haut,0.737,,,,,estime EA,,Rapid
1283469,Oussama El Azzouzi,Bas,0.291,Bas,0.269,Haut,0.834,,,estime EA,,
1210508,Diogo Nascimento,Moyen,0.564,Moyen,0.592,,,,,estime EA,,
484264,Adam Lundkvist,Moyen,0.655,Moyen,0.547,Haut,0.694,,,estime EA,,Block|Whipped Pass
968029,Lautaro Valenti,Haut,0.673,Moyen,0.554,Moyen,0.479,,,estime EA,,Slide Tackle
1097753,Kwadwo Baah,Bas,0.327,Moyen,0.629,,,,,estime EA,,
1323479,Tim Rossmann,Moyen,0.509,Haut,0.682,,,,,estime EA,,Rapid
1290968,Antoine Hainaut,Bas,0.218,Moyen,0.372,,,,,estime EA,,
1307663,Sinclair Armstrong,Moyen,0.436,Haut,0.663,,,,,estime EA,,Chip Shot|Low Driven Shot
1597668,Rio Ngumoha,Moyen,0.4,Haut,0.689,Bas,0.259,,,estime EA,,Quick Step|Technical
289216,Benjamin Uphoff,Bas,-0.309,Bas,-0.164,,,,,estime EA,,
540415,André Ferreira,Bas,-0.127,Bas,-0.071,Moyen,0.483,,,estime EA,,
943056,Daniel Bielica,Bas,-0.2,Bas,-0.06,Moyen,0.508,,,estime EA,,
1053472,Marco Tilio,Moyen,0.636,Haut,0.712,,,,,estime EA,,First Touch|Rapid
1358655,Julio Soler,Moyen,0.364,Moyen,0.501,,,,,estime EA,,
1362492,Santiago Castaneda,Moyen,0.655,Moyen,0.618,,,,,estime EA,,Aerial Fortress
200124,Sivert Heltne Nilsen,Haut,0.764,Moyen,0.356,,,,,estime EA,,Incisive Pass|Slide Tackle
1025773,Daniel Paraschiv,Haut,0.745,Haut,0.685,,,,,estime EA,,Finesse Shot
860278,Matteo Rover,Moyen,0.509,Moyen,0.57,,,,,estime EA,,
1401997,Álex Padilla,Bas,-0.327,Bas,-0.161,Bas,0.256,,,estime EA,,
1097375,Jakob Lemmer,Moyen,0.618,Moyen,0.613,,,,,estime EA,,Press Proven|Whipped Pass
1388071,Reda Belahyane,Moyen,0.491,Moyen,0.491,Moyen,0.595,,,estime EA,,Jockey|Slide Tackle
1426704,Tygo Land,Moyen,0.382,Moyen,0.468,Moyen,0.475,,,estime EA,,Press Proven|Tiki Taka
892379,Alex Douglas,Moyen,0.527,Moyen,0.618,,,,,estime EA,,Anticipate
212873,Daniel Batz,Bas,-0.2,Bas,-0.121,Moyen,0.594,,,estime EA,,
1209446,Jesus Bernal,Haut,0.764,Moyen,0.458,,,,,estime EA,,Aerial Fortress|Intercept
982745,Charlie Kelman,Haut,0.745,Haut,0.725,,,,,estime EA,,Low Driven Shot|Precision Header
1121295,Kacper Urbanski,Moyen,0.382,Moyen,0.519,,,,,estime EA,,
1073569,Can Keles,Moyen,0.491,Moyen,0.593,Bas,0.23,,,estime EA,,
575065,José Gomes,Haut,0.745,Moyen,0.593,Bas,0.31,,,estime EA,,
1613676,Said El Mala,Moyen,0.364,Moyen,0.491,Bas,0.206,,,estime EA,,Low Driven Shot|Technical
1010726,Hiroki Akiyama,Moyen,0.527,Moyen,0.526,,,,,estime EA,,Press Proven
466852,Andries Noppert,Bas,0.036,Bas,-0.036,,,,,estime EA,,Cross Claimer
620914,Koji Miyoshi,Bas,0.291,Moyen,0.533,,,,,estime EA,,First Touch|Incisive Pass
415137,Alberto Paleari,Bas,-0.182,Bas,-0.164,Moyen,0.585,,,estime EA,,
833603,Vladimir Screciu,Moyen,0.6,Moyen,0.586,,,,,estime EA,,Long Ball Pass
1121204,Pepe Sánchez,Bas,0.291,Moyen,0.371,,,,,estime EA,,Long Ball Pass
1187055,Júlio Romão,Moyen,0.455,Moyen,0.395,,,,,estime EA,,Bruiser
1130766,Tristan Crama,Moyen,0.655,Moyen,0.516,,,,,estime EA,,
1276685,Lasso Coulibaly,Moyen,0.418,Haut,0.686,,,,,estime EA,,Rapid
1421505,Gvidas Gineitis,Moyen,0.436,Bas,0.307,Haut,0.787,,,estime EA,,
1399936,Rayan Ghrieb,Bas,0.2,Moyen,0.436,,,,,estime EA,,
952259,Maxime Busi,Moyen,0.618,Moyen,0.532,,,,,estime EA,,Whipped Pass
1077911,Maximilian Rohr,Moyen,0.455,Bas,0.304,,,,,estime EA,,
803163,Benedikt Pichler,Moyen,0.582,Moyen,0.548,,,,,estime EA,,Aerial Fortress
1258137,Malcom Bokélé,Moyen,0.418,Moyen,0.462,Bas,0.12,,,estime EA,,
1299869,Mohamed Kaba,Moyen,0.509,Moyen,0.377,Haut,0.921,,,estime EA,,
1332217,Valdemar Byskov,Moyen,0.418,Moyen,0.493,,,,,estime EA,,
1180295,Derensili Sanches Fernandes,Moyen,0.582,Haut,0.69,Moyen,0.502,,,estime EA,,Technical
1419974,Ishe Samuels-Smith,Moyen,0.473,Moyen,0.515,,,,,estime EA,,
1401612,Davide Veroli,Moyen,0.509,Moyen,0.509,,,,,estime EA,,
1573544,Anthony Bermont,Haut,0.745,Moyen,0.654,,,,,estime EA,,
1494521,Moris Valincic,Moyen,0.545,Moyen,0.625,Moyen,0.64,,,estime EA,,
582414,Regan Poole,Haut,0.745,Moyen,0.613,,,,,estime EA,,
914132,Rhys Norrington-Davies,Moyen,0.636,Moyen,0.549,,,,,estime EA,,
839879,Fabian de Keijzer,Bas,-0.164,Bas,-0.137,Haut,0.662,,,estime EA,,Cross Claimer
1327518,Lohann Doucet,Moyen,0.527,Moyen,0.435,,,,,estime EA,,Long Ball Pass
1439629,Pascal Klemens,Moyen,0.618,Moyen,0.44,,,,,estime EA,,Aerial Fortress
1353561,Ante Crnac,Moyen,0.491,Moyen,0.583,,,,,estime EA,,
1393117,Sami Ouaissa,Haut,0.764,Haut,0.692,Moyen,0.525,,,estime EA,,
1252072,Lamine Cissé,Moyen,0.527,Haut,0.669,,,,,estime EA,,Press Proven
1255785,Marten Winkler,Moyen,0.6,Haut,0.738,,,,,estime EA,,Quick Step|Rapid
1228408,Jusef Erabi,Moyen,0.6,Moyen,0.647,,,,,estime EA,,Enforcer|Precision Header
874540,Daniel Heber,Haut,0.709,Moyen,0.64,,,,,estime EA,,Aerial Fortress|Block|Intercept|Jockey|Long Ball Pass|Long Throw|Precision Header
1610744,Carlos Espi,Moyen,0.545,Moyen,0.472,Bas,0.282,,,estime EA,,
316684,Florian Stritzel,Bas,-0.236,Bas,-0.176,,,,,estime EA,,Cross Claimer|Deflector
652910,Marius Adamonis,Bas,-0.255,Bas,-0.204,,,,,estime EA,,
716370,David Romero,Moyen,0.473,Moyen,0.576,,,,,estime EA,,
1190097,Octavian Popescu,Moyen,0.564,Moyen,0.653,,,,,estime EA,,Finesse Shot|Technical
1036220,Jannis Heuer,Moyen,0.382,Bas,0.315,,,,,estime EA,,Block
1331037,Adu Ares,Bas,0.273,Moyen,0.577,,,,,estime EA,,Technical
1320887,William Clem,Haut,0.703,Bas,0.196,,,10960,5.6,mesure FotMob,,Press Proven
1380814,Matheus Dias,Moyen,0.527,Moyen,0.404,Haut,0.682,,,estime EA,,Aerial Fortress
560109,Oskar Zawada,Moyen,0.655,Moyen,0.516,,,,,estime EA,,Precision Header
1178959,Rémy Vita,Haut,0.764,Haut,0.672,,,,,estime EA,,Jockey
1035341,Toni Abad,Haut,0.745,Moyen,0.634,,,,,estime EA,,
1192848,Mathis Suray,Moyen,0.655,Moyen,0.516,Bas,0.11,,,estime EA,,
210825,Jamie Paterson,Moyen,0.473,Moyen,0.504,,,,,estime EA,,Acrobatic|Intercept
668307,Amadou Diawara,Bas,0.291,Bas,0.228,,,,,estime EA,,
940334,José Fajardo,Moyen,0.455,Moyen,0.446,,,,,estime EA,,
1177973,Hugo Gambor,Moyen,0.455,Moyen,0.507,,,,,estime EA,,
1222191,Etienne Camara,Moyen,0.509,Moyen,0.438,,,,,estime EA,,
1176843,Anzor Mekvabishvili,Moyen,0.509,Moyen,0.499,,,,,estime EA,,
177837,Vlad Chiriches,Moyen,0.436,Bas,0.236,,,,,estime EA,,Aerial Fortress
360561,Louis Schaub,Moyen,0.491,Moyen,0.379,,,,,estime EA,,Finesse Shot|Incisive Pass|Technical
919916,Emanuel Aiwu,Moyen,0.655,Moyen,0.536,Moyen,0.572,,,estime EA,,Block|Slide Tackle
882068,Julio Alonso,Moyen,0.545,Moyen,0.625,,,,,estime EA,,Block|Jockey
1307961,Sindre Walle Egeli,Moyen,0.582,Haut,0.69,,,,,estime EA,,Finesse Shot
488205,Devante Cole,Moyen,0.636,Haut,0.702,,,,,estime EA,,Quick Step|Rapid
822402,Leo Bengtsson,Moyen,0.582,Moyen,0.66,,,,,estime EA,,
970296,Joe Gauci,Bas,-0.236,Bas,-0.227,Moyen,0.646,,,estime EA,,Cross Claimer|Far Throw
770328,Naïs Djouahra,Moyen,0.4,Moyen,0.557,Bas,0.078,,,estime EA,,Technical
768118,Blaz Kramer,Bas,0.018,Bas,0.323,Bas,0.026,,,estime EA,,Enforcer|Low Driven Shot
1077244,Tim Schreiber,Bas,-0.073,Bas,-0.141,,,,,estime EA,,Footwork
1170238,Brian Gutiérrez,Moyen,0.436,Moyen,0.459,,,,,estime EA,,
1029029,Zakaria Eddahchouri,Bas,0.182,Bas,0.317,,,,,estime EA,,
1226848,Manu Lama,Moyen,0.564,Moyen,0.398,,,,,estime EA,,
1362516,Santiago Hidalgo,Bas,-0.127,Moyen,0.336,Haut,0.818,,,estime EA,,
1420260,Tommaso Martinelli,Bas,-0.4,Bas,-0.313,,,,,estime EA,,
1320446,Marko Ivezic,Moyen,0.527,Moyen,0.435,,,,,estime EA,,
1555492,Abdoulaye Faye,Moyen,0.455,Moyen,0.538,Moyen,0.623,,,estime EA,,
631149,Kasim Rabihic,Moyen,0.582,Moyen,0.578,,,,,estime EA,,Dead Ball|Incisive Pass|Inventive|Long Ball Pass|Technical
1242314,Lenny Joseph,Moyen,0.6,Moyen,0.657,Moyen,0.615,,,estime EA,,
1310131,Tom Watson,Moyen,0.4,Moyen,0.526,,,,,estime EA,,
1284404,Babatunde Akinsola,Bas,0.273,Moyen,0.536,Bas,0.298,,,estime EA,,
1436985,Tidjany Touré,Moyen,0.491,Moyen,0.634,Moyen,0.346,,,estime EA,,
351869,Michael Brouwer,Bas,-0.273,Bas,-0.262,,,,,estime EA,,
750187,Dogukan Sinik,Bas,0.018,Moyen,0.424,Moyen,0.63,,,estime EA,,
768635,Lyndon Dykes,Haut,0.709,Moyen,0.528,,,,,estime EA,,Enforcer
1286192,Fally Mayulu,Moyen,0.527,Moyen,0.577,,,,,estime EA,,
940605,Xavier Amaechi,Moyen,0.455,Moyen,0.629,,,,,estime EA,,
1168520,Mayckel Lahdo,Moyen,0.455,Moyen,0.629,,,,,estime EA,,
798011,Marco Rente,Moyen,0.491,Moyen,0.562,Moyen,0.627,,,estime EA,,
1258287,Lucas Hey,Moyen,0.545,Moyen,0.432,,,,,estime EA,,
759096,Sebastian Grønning,Moyen,0.527,Moyen,0.496,,,,,estime EA,,Gamechanger|Precision Header
1070973,Dion Sanderson,Moyen,0.491,Moyen,0.461,,,,,estime EA,,Slide Tackle
951921,Michael Svoboda,Haut,0.727,Moyen,0.372,,,,,estime EA,,
1047586,George Campbell,Moyen,0.545,Moyen,0.544,,,,,estime EA,,
1227814,Shunsuke Mito,Haut,0.818,Haut,0.785,Moyen,0.36,,,estime EA,,
1106881,Indrit Tuci,Bas,0.327,Moyen,0.405,Bas,0.094,,,estime EA,,
1319774,Yu Hirakawa,Moyen,0.4,Moyen,0.618,,,,,estime EA,,
150133,Necip Uysal,Bas,0.236,Bas,0.125,,,,,estime EA,,
184556,Adriano Grimaldi,Moyen,0.509,Bas,0.295,,,,,estime EA,,Enforcer|Precision Header
406926,Morgan Fox,Moyen,0.618,Moyen,0.461,,,,,estime EA,,
301005,Manuel Marras,Haut,0.709,Haut,0.731,,,,,estime EA,,Quick Step
527104,Albian Ajeti,Moyen,0.418,Moyen,0.462,,,,,estime EA,,
923488,Simon Graves,Moyen,0.436,Moyen,0.388,Moyen,0.371,,,estime EA,,
949481,Sydney van Hooijdonk,Moyen,0.509,Moyen,0.499,Bas,0.086,,,estime EA,,
945935,Mikkel Kaufmann,Moyen,0.4,Moyen,0.546,Bas,0.089,,,estime EA,,Rapid
935502,Aune Selland Heggebø,Moyen,0.545,Moyen,0.493,,,,,estime EA,,Low Driven Shot|Precision Header
983047,Elayis Tavsan,Moyen,0.418,Moyen,0.584,Moyen,0.374,,,estime EA,,Quick Step
671899,Kobamelo Kodisang,Bas,0.255,Moyen,0.539,,,,,estime EA,,
422719,Davide Biraschi,Moyen,0.436,Moyen,0.439,Moyen,0.331,,,estime EA,,
731036,Stéphane Diarra,Bas,0.327,Moyen,0.507,,,,,estime EA,,Technical
774643,Federico Del Frate,Bas,-0.309,Bas,-0.307,,,,,estime EA,,
1453218,Mert Kömür,Bas,0.291,Moyen,0.421,Bas,0.109,,,estime EA,,
1482733,Tidiam Gomis,Bas,0.273,Moyen,0.526,,,,,estime EA,,
1490110,Héctor Fort,Bas,0.2,Moyen,0.355,Haut,0.715,,,estime EA,,
1223132,José Córdoba,Bas,0.309,Moyen,0.388,Haut,0.662,,,estime EA,,
1184444,Christophe Kabongo,Moyen,0.418,Moyen,0.432,,,,,estime EA,,
950822,Oliver Batista Meier,Moyen,0.6,Moyen,0.616,,,,,estime EA,,Inventive|Technical
1022702,Dylan Mbayo,Moyen,0.473,Moyen,0.637,Bas,0.025,,,estime EA,,Quick Step|Rapid
1242587,Amine Sbaï,Moyen,0.527,Moyen,0.557,Bas,0.217,,,estime EA,,Finesse Shot|Technical
1356589,David Herold,Haut,0.841,Haut,0.681,,,,,estime EA,oui,Anticipate|Relentless
1302821,Petar Ratkov,Moyen,0.473,Moyen,0.403,Bas,0.123,,,estime EA,,Precision Header
1580427,William Gomes,Bas,0.327,Moyen,0.589,Moyen,0.453,,,estime EA,,
625214,Noah Loosli,Moyen,0.527,Moyen,0.496,,,,,estime EA,,
884383,Bambo Diaby,Bas,0.255,Bas,0.275,,,,,estime EA,,Bruiser
857120,Ayumu Seko,Haut,0.909,Moyen,0.598,Bas,0.268,,,estime EA,,Intercept
1127277,Alassane Ndao,Moyen,0.418,Moyen,0.513,Bas,0.288,,,estime EA,,Rapid
1340806,Andrea Giorgini,Moyen,0.636,Moyen,0.366,,,,,estime EA,,Long Ball Pass
1358337,Yellu Santiago,Moyen,0.345,Bas,0.26,,,,,estime EA,,
1327156,Jacques Ekomié,Moyen,0.491,Moyen,0.552,Haut,0.825,,,estime EA,,
1580371,Berkay Yilmaz,Moyen,0.509,Moyen,0.59,,,,,estime EA,,
1553106,Antonio Fiori,Moyen,0.491,Moyen,0.583,,,,,estime EA,,
692973,Noah-Joel Sarenren-Bazee,Bas,0.055,Moyen,0.459,,,,,estime EA,,Rapid
1256534,Antonio Raimondo,Bas,0.218,Moyen,0.331,,,,,estime EA,,Technical
1137497,Yago Santiago,Bas,0.273,Moyen,0.475,,,,,estime EA,,
1276453,Gabriel Vidovic,Moyen,0.436,Moyen,0.48,,,,,estime EA,,Trickster
1280680,Kristian Bilovar,Moyen,0.455,Moyen,0.426,,,,,estime EA,,
1050856,Naci Ünüvar,Bas,0.164,Moyen,0.371,Haut,0.901,,,estime EA,,Technical
1222134,Max Geschwill,Moyen,0.509,Moyen,0.488,,,,,estime EA,,Aerial Fortress|Slide Tackle
1411822,Luis Chacon,Moyen,0.455,Moyen,0.568,,,,,estime EA,,
282276,Cauley Woodrow,Bas,0.327,Bas,0.304,,,,,estime EA,,
722778,Ferro,Moyen,0.491,Moyen,0.339,Haut,0.895,,,estime EA,,
962306,Ahmet Gürleyen,Haut,0.764,Moyen,0.438,,,,,estime EA,,Aerial Fortress|Block|Bruiser|Long Ball Pass
1020776,Alec Van Hoorenbeeck,Moyen,0.527,Bas,0.292,Moyen,0.363,,,estime EA,,
1173793,Alan Virginius,Moyen,0.382,Haut,0.671,,,,,estime EA,,Quick Step|Rapid
1343749,Rodrigo Ribeiro,Moyen,0.364,Moyen,0.43,Bas,0.08,,,estime EA,,
1258092,William Osula,Bas,0.309,Moyen,0.449,Bas,0.06,,,estime EA,,
1098086,Kristian Hlynsson,Haut,0.745,Moyen,0.573,Moyen,0.347,,,estime EA,,
1203195,Fedde Leysen,Bas,0.206,Moyen,0.486,,,9924,9.5,mesure FotMob,,
962074,Colin Rösler,Moyen,0.582,Moyen,0.507,Bas,0.048,,,estime EA,,
1418042,Xavi Sintes,Moyen,0.473,Moyen,0.372,,,,,estime EA,,
846963,Aurélien Scheidler,Moyen,0.636,Moyen,0.366,,,,,estime EA,,
1319717,Keke Topp,Bas,0.291,Bas,0.269,Moyen,0.467,,,estime EA,,Enforcer
1325761,Finn Surman,Haut,0.745,Moyen,0.522,,,,,estime EA,,Slide Tackle
1705081,Christian Kofane,Moyen,0.527,Haut,0.937,Bas,0.047,10592,15.9,mesure FotMob,,
951912,Patric Pfeiffer,Bas,-0.018,Bas,0.206,,,,,estime EA,,Intercept|Precision Header
1161220,Nicolas Vouilloz,Moyen,0.564,Moyen,0.541,,,,,estime EA,,Block|Jockey
1112701,Max Cleworth,Moyen,0.6,Moyen,0.504,,,,,estime EA,,
1194286,Caleb Taylor,Moyen,0.545,Moyen,0.401,,,,,estime EA,,Aerial Fortress|Block
1331097,Pablo Pagis,Moyen,0.655,Moyen,0.567,Moyen,0.5,,,estime EA,,Dead Ball
408780,Henk Veerman,Bas,0.309,Moyen,0.398,Bas,0.001,,,estime EA,,Chip Shot|Enforcer|Precision Header
164221,Yohan Tavares,Moyen,0.473,Bas,0.311,,,,,estime EA,,Aerial Fortress|Bruiser|Precision Header
1552923,Muhannad Al Saad,Moyen,0.491,Moyen,0.623,,,,,estime EA,,
1592417,Luck Zogbé,Moyen,0.527,Moyen,0.506,,,,,estime EA,,
1002682,Jeremy Petris,Moyen,0.636,Moyen,0.631,,,,,estime EA,,
1226778,Francesco Ruocco,Moyen,0.4,Moyen,0.567,,,,,estime EA,,
573742,Jon Garcia,Moyen,0.509,Moyen,0.499,,,,,estime EA,,Aerial Fortress|Intercept
780818,Akin Famewo,Moyen,0.527,Moyen,0.516,,,,,estime EA,,
767730,Stefan Schimmer,Moyen,0.455,Moyen,0.426,Bas,0.148,,,estime EA,,
1276331,Fabio Chiarodia,Bas,0.236,Moyen,0.339,Moyen,0.591,,,estime EA,,
1463271,Jahmai Simpson-Pusey,Moyen,0.382,Moyen,0.417,Bas,0.295,,,estime EA,,
583659,Arturo Calabresi,Moyen,0.509,Bas,0.143,Bas,0.281,,,estime EA,,Bruiser
939409,Maximilian Breunig,Moyen,0.382,Moyen,0.376,,,,,estime EA,,
1236045,Matisse Didden,Moyen,0.527,Bas,0.201,Moyen,0.357,,,estime EA,,
1408459,Stav Lemkin,Bas,0.273,Bas,0.312,Bas,0.232,,,estime EA,,
1585676,Gustavo Varela,Moyen,0.364,Moyen,0.43,Bas,0.094,,,estime EA,,
727837,Koki Ogawa,Moyen,0.509,Bas,0.305,Bas,0.08,,,estime EA,,Acrobatic|Precision Header
932852,Tobias Müller,Moyen,0.564,Moyen,0.47,,,,,estime EA,,
1432581,Davide Bragantini,Moyen,0.436,Moyen,0.541,,,,,estime EA,,Inventive
1283759,Héliton,Moyen,0.509,Moyen,0.488,Bas,0.131,,,estime EA,,Aerial Fortress|Anticipate
890946,Oleksandr Romanchuk,Moyen,0.6,Moyen,0.423,Haut,0.812,,,estime EA,,
525133,Erik Palmer-Brown,Bas,0.273,Bas,0.272,Haut,0.879,,,estime EA,,Block|Bruiser
864266,Sean McLoughlin,Moyen,0.527,Bas,0.302,,,,,estime EA,,
1116781,Ariel Mosór,Moyen,0.582,Moyen,0.497,,,,,estime EA,,Aerial Fortress
1466127,Brayan Medina,Moyen,0.455,Moyen,0.426,Haut,0.723,,,estime EA,,
1514681,Sohaib Nair,Moyen,0.491,Moyen,0.44,,,,,estime EA,,Aerial Fortress
1022843,Luca Moro,Moyen,0.382,Moyen,0.397,,,,,estime EA,,Precision Header
1249531,Zan Vipotnik,Moyen,0.564,Moyen,0.47,,,,,estime EA,,
215584,David López,Haut,0.673,Moyen,0.381,,,,,estime EA,,
254473,Murray Wallace,Moyen,0.527,Bas,0.292,,,,,estime EA,,Long Throw
712070,Fatih Aksoy,Moyen,0.618,Bas,0.207,Haut,0.736,,,estime EA,,
1523234,Jon Martín,Moyen,0.473,Moyen,0.413,Moyen,0.48,,,estime EA,,Aerial Fortress
861662,Christoph Kobald,Moyen,0.345,Moyen,0.423,,,,,estime EA,,Anticipate
953859,Nathan Wood,Moyen,0.345,Moyen,0.392,Bas,0.044,,,estime EA,,
1283022,Matej Maglica,Moyen,0.473,Bas,0.138,,,,,estime EA,,Aerial Fortress|Bruiser|Power Shot
1343136,Marco Moreno,Moyen,0.509,Moyen,0.377,,,,,estime EA,,Slide Tackle
1254302,André Lacximicant,Moyen,0.473,Bas,0.311,Bas,0.107,,,estime EA,,
1119166,Oleksandr Syrota,Moyen,0.655,Moyen,0.587,,,,,estime EA,,
1130805,Ibane Bowat,Haut,0.673,Moyen,0.35,,,,,estime EA,,Bruiser
629786,Marvin Ekpiteta,Moyen,0.509,Bas,0.295,,,,,estime EA,,Bruiser|Slide Tackle
1135987,Khusniddin Alikulov,Moyen,0.6,Moyen,0.443,,,,,estime EA,,Aerial Fortress|Precision Header
1159831,Casper Widell,Moyen,0.491,Bas,0.257,Bas,0.217,,,estime EA,,Intercept|Long Ball Pass
711074,Guilherme Ramos,Bas,0.291,Bas,0.249,,,,,estime EA,,Aerial Fortress|Block|Intercept|Slide Tackle
863118,Attila Mocsi,Moyen,0.582,Moyen,0.416,Moyen,0.452,,,estime EA,,Anticipate
1343910,Mihajlo Ilic,Bas,0.091,Bas,0.016,,,,,estime EA,,
212511,Bruno Martins Indi,Bas,0.273,Bas,0.007,Moyen,0.36,,,estime EA,,
873576,Leonardo Rocha,Moyen,0.382,Bas,0.244,,,,,estime EA,,Acrobatic|Enforcer|Precision Header
231176,Leonardo Pavoletti,Bas,-0.091,Bas,-0.077,,,,,estime EA,,Aerial Fortress
746015,Majid Hosseini,Moyen,0.618,Moyen,0.369,,,,,estime EA,,Block|Long Ball Pass
1003254,Joel Schmied,Bas,0.273,Bas,0.312,Bas,0.058,,,estime EA,,Anticipate|Intercept
1415373,Tjark Scheller,Moyen,0.436,Bas,0.327,,,,,estime EA,,
1133754,Niklas Geyrhofer,Moyen,0.582,Moyen,0.385,,,,,estime EA,,
1388474,Gaby Jean,Moyen,0.655,Moyen,0.425,,,,,estime EA,,
1258292,Nicolò Bertola,Moyen,0.509,Moyen,0.366,Moyen,0.491,,,estime EA,,Intercept
1766079,Matías Pérez,Moyen,0.382,Bas,0.305,,,,,estime EA,,
1557193,Adrian Pica,Bas,0.236,Bas,0.227,,,,,estime EA,,
484640,Carl Johansson,Moyen,0.418,Bas,0.279,,,,,estime EA,,Block|Intercept
193930,Enzo Roco,Bas,0.0,Bas,-0.061,Bas,0.291,,,estime EA,,Aerial Fortress
557541,Radovan Pankov,Moyen,0.618,Moyen,0.451,,,,,estime EA,,Aerial Fortress
978112,Kevin Mouanga,Moyen,0.582,Bas,0.273,Haut,0.935,,,estime EA,,Block
1372810,Dani Barcia,Bas,0.291,Bas,0.32,,,,,estime EA,,
201738,Ben Gibson,Moyen,0.436,Bas,0.236,,,,,estime EA,,
1529148,Luca Marianucci,Moyen,0.4,Bas,0.272,Moyen,0.655,,,estime EA,,
678633,Valerio Mantovani,Haut,0.95,Moyen,0.592,,,,,estime EA,oui,Block|Intercept|Long Ball Pass|Relentless
428938,Johan Hammar,Bas,-0.109,Bas,-0.094,,,,,estime EA,,
491786,Francesco Vicari,Bas,0.0,Bas,-0.051,,,,,estime EA,,Aerial Fortress|Long Ball Pass
1189492,Aljosa Vasic,Bas,0.327,Moyen,0.548,,,,,estime EA,,Aerial Fortress|Slide Tackle|Technical
1524548,Mamadou Coulibaly,Haut,0.823,Haut,0.726,Haut,0.964,11365,12.4,mesure FotMob,,
1481909,Ebenezer Akinsanmiro,Moyen,0.491,Moyen,0.552,Haut,0.989,,,estime EA,,
892410,Nicky Beloko,Haut,0.859,Haut,0.739,,,,,estime EA,oui,Relentless
1327214,Nestory Irankunda,Moyen,0.345,Moyen,0.647,,,,,estime EA,,Power Shot|Quick Step|Rapid
1336906,Kuryu Matsuki,Moyen,0.655,Moyen,0.628,,,,,estime EA,,
192735,Aziz Behich,Moyen,0.582,Moyen,0.609,,,,,estime EA,,Long Throw|Low Driven Shot
914169,Ethan Erhahon,Haut,0.764,Haut,0.661,,,,,estime EA,,Intercept|Long Ball Pass|Press Proven
875852,Saïd Bakari,Haut,0.709,Haut,0.701,,,,,estime EA,,Rapid
511404,Soner Dikmen,Moyen,0.582,Moyen,0.477,Moyen,0.461,,,estime EA,,
1245692,Lasse Günther,Moyen,0.582,Moyen,0.65,,,,,estime EA,,
1195277,Thierry Small,Moyen,0.6,Moyen,0.657,,,,,estime EA,,
618707,Shaun McWilliams,Moyen,0.618,Moyen,0.552,,,,,estime EA,,Jockey|Slide Tackle
773438,Dario Saric,Moyen,0.655,Moyen,0.587,Haut,0.867,,,estime EA,,Technical
1075819,Davy van den Berg,Haut,1,Haut,0.849,,,,,estime EA,oui,Incisive Pass|Relentless|Slide Tackle
820067,Lenny Vallier,Haut,0.691,Moyen,0.653,Haut,0.756,,,estime EA,,
886155,Ryan Longman,Haut,0.673,Moyen,0.625,Moyen,0.531,,,estime EA,,
940086,Can Bozdogan,Moyen,0.636,Moyen,0.6,Haut,0.901,,,estime EA,,Technical
630495,Luuk Brouwers,Haut,0.745,Moyen,0.552,Moyen,0.559,,,estime EA,,
515999,Fred Onyedinma,Moyen,0.4,Moyen,0.618,,,,,estime EA,,Rapid
1119702,Yassin Oukili,Haut,0.709,Moyen,0.426,Haut,0.865,,,estime EA,,Bruiser
796756,Logi Tómasson,Haut,0.691,Haut,0.693,Moyen,0.341,,,estime EA,,
419665,Elliot Lee,Haut,0.764,Moyen,0.58,,,,,estime EA,,
559077,Samuel Bastien,Moyen,0.564,Moyen,0.581,,,,,estime EA,,
754438,Joseph Ceesay,Moyen,0.618,Haut,0.735,,,,,estime EA,,Quick Step|Rapid
886105,Ben Wiles,Haut,0.709,Moyen,0.66,,,,,estime EA,,
1027594,Konan N'Dri,Bas,0.236,Moyen,0.593,Haut,0.707,,,estime EA,,
637741,Pelle Clement,Haut,0.673,Moyen,0.615,Moyen,0.555,,,estime EA,,
848352,Callum McCowatt,Moyen,0.6,Moyen,0.596,,,,,estime EA,,Finesse Shot|Power Shot
1023943,Jacob Shaffelburg,Moyen,0.527,Haut,0.73,,,,,estime EA,,Rapid|Whipped Pass
1136096,Sebastian Berhalter,Haut,0.836,Moyen,0.66,,,,,estime EA,,
575778,Saidy Janko,Moyen,0.364,Moyen,0.593,Moyen,0.392,,,estime EA,,Block|Rapid
765236,Vahan Bichakhchyan,Moyen,0.618,Moyen,0.613,,,,,estime EA,,Incisive Pass
1084775,Julius Lindberg,Moyen,0.491,Moyen,0.501,Haut,0.826,,,estime EA,,Press Proven
195673,Liam Palmer,Moyen,0.545,Moyen,0.513,,,,,estime EA,,
923400,Kamal Sowah,Moyen,0.636,Haut,0.661,Haut,0.661,,,estime EA,,
553555,Marvin Schulz,Moyen,0.473,Moyen,0.352,,,,,estime EA,,
1037037,Isak Dybvik Määttä,Haut,0.709,Haut,0.731,,,,,estime EA,,Rapid
200189,Oliver Berg,Haut,1,Haut,0.724,,,,,estime EA,oui,Dead Ball|Relentless
763990,Amara Conde,Haut,0.859,Haut,0.79,,,,,estime EA,oui,Relentless|Technical
331634,Zan Majer,Moyen,0.6,Moyen,0.515,,,,,estime EA,,
793256,Filipe Soares,Moyen,0.545,Moyen,0.493,Haut,0.873,,,estime EA,,
1348329,Max Arfsten,Moyen,0.527,Moyen,0.547,,,,,estime EA,,
279116,Mats Seuntjens,Moyen,0.436,Moyen,0.469,,,,,estime EA,,Chip Shot
310825,Lee Evans,Moyen,0.655,Moyen,0.384,,,,,estime EA,,Aerial Fortress|Long Ball Pass|Press Proven
488540,João Graça,Moyen,0.436,Moyen,0.439,,,,,estime EA,,
662239,Edoardo Masciangelo,Moyen,0.473,Moyen,0.606,,,,,estime EA,,
1280022,Dion De Neve,Moyen,0.564,Moyen,0.622,,,,,estime EA,,
1257826,Nahuel Noll,Bas,-0.2,Bas,0.062,,,,,estime EA,,
1113813,Myles Peart-Harris,Haut,0.745,Moyen,0.593,,,,,estime EA,,Press Proven
1189644,Julien Maggiotti,Moyen,0.655,Moyen,0.435,,,,,estime EA,,
354479,Xavier Chavalerin,Haut,0.895,Moyen,0.591,,,,,estime EA,oui,Relentless
198563,Jack Grimmer,Moyen,0.655,Moyen,0.618,,,,,estime EA,,
1081285,Louie Sibley,Moyen,0.491,Moyen,0.471,,,,,estime EA,,
1089592,Lewis Brunt,Moyen,0.655,Haut,0.679,,,,,estime EA,,
732110,Louka Prip,Haut,0.745,Haut,0.685,,,,,estime EA,,Technical
659198,Cameron Humphreys,Moyen,0.6,Moyen,0.525,Haut,0.665,,,estime EA,,Incisive Pass
1395939,Mario Dorgeles,Moyen,0.545,Moyen,0.584,Bas,0.268,,,estime EA,,
1255090,Jozhua Vertrouwd,Moyen,0.582,Moyen,0.578,Bas,0.265,,,estime EA,,
859569,Afeez Aremu,Moyen,0.509,Moyen,0.56,,,,,estime EA,,Bruiser|Slide Tackle
955356,Albie Morgan,Haut,0.691,Moyen,0.581,,,,,estime EA,,Incisive Pass|Inventive|Long Ball Pass
1010219,Luca Connell,Haut,0.782,Moyen,0.597,,,,,estime EA,,Aerial Fortress|Jockey|Long Ball Pass
970587,Marcel Hoffmeier,Haut,0.8,Haut,0.696,,,,,estime EA,,Anticipate|Jockey
1069276,Marius Stefanescu,Moyen,0.655,Haut,0.699,,,,,estime EA,,Whipped Pass
951711,Alessandro Di Pardo,Moyen,0.564,Moyen,0.592,,,,,estime EA,,
1367703,Terry Devlin,Moyen,0.618,Moyen,0.552,,,,,estime EA,,
184318,Joe Edwards,Haut,0.786,Moyen,0.608,,,,,estime EA,oui,Relentless
613892,Joe Ward,Haut,0.764,Haut,0.682,,,,,estime EA,,Long Throw|Whipped Pass
687568,Lucas Ahijado,Haut,0.841,Haut,0.772,Haut,0.943,,,estime EA,oui,Relentless
867418,Leonardo Benedetti,Moyen,0.564,Moyen,0.531,,,,,estime EA,,
1213283,Yusuf Özdemir,Haut,0.914,Haut,0.883,Bas,0.165,,,estime EA,oui,Rapid|Relentless
566683,Fabian Tait,Moyen,0.636,Moyen,0.57,,,,,estime EA,,Aerial Fortress
1520063,Johan Manzambi,Moyen,0.364,Moyen,0.552,Haut,0.933,,,estime EA,,Technical
1615927,Caleb Yirenkyi,Haut,0.673,Moyen,0.533,,,,,estime EA,,
770256,Conor Coventry,Haut,0.745,Moyen,0.583,,,,,estime EA,,
935552,Magnus Westergaard,Moyen,0.618,Moyen,0.522,,,,,estime EA,,
1211644,Charlie Savage,Haut,0.909,Moyen,0.547,,,,,estime EA,,Press Proven
602300,Jannik Dehm,Moyen,0.6,Haut,0.698,,,,,estime EA,,Long Throw
662172,Nazim Sangaré,Moyen,0.473,Moyen,0.616,Haut,0.99,,,estime EA,,Long Throw
959283,Lucas Brumme,Moyen,0.655,Moyen,0.577,,,,,estime EA,,Long Ball Pass
1487872,Taylan Bulut,Moyen,0.655,Moyen,0.648,,,,,estime EA,,
298243,Tommaso Arrigoni,Haut,0.691,Moyen,0.561,,,,,estime EA,,
886874,Pol Valentín,Haut,0.727,Haut,0.799,,,,,estime EA,,Quick Step
1272272,Pedro Bravo,Moyen,0.564,Moyen,0.531,Haut,0.97,,,estime EA,,
635465,Morten Bjørlo,Moyen,0.636,Moyen,0.499,Moyen,0.529,,,estime EA,,
935033,Duk,Moyen,0.436,Moyen,0.571,,,,,estime EA,,Finesse Shot|Gamechanger|Quick Step
1281256,Frederik Schmahl,Moyen,0.545,Moyen,0.544,,,,,estime EA,,
1394904,Valentyn Rubchynskyi,Moyen,0.527,Moyen,0.567,,,,,estime EA,,
538644,Joachim Soltvedt,Moyen,0.655,Moyen,0.567,,,,,estime EA,,Whipped Pass
443182,Ali Karimi,Moyen,0.527,Moyen,0.455,,,,,estime EA,,Aerial Fortress|Anticipate
1022438,Niklas Vesterlund,Haut,0.709,Moyen,0.619,Bas,0.137,,,estime EA,,
973727,Sven Köhler,Haut,0.891,Moyen,0.59,,,,,estime EA,,Long Ball Pass
1272334,Mihai Lixandru,Moyen,0.509,Moyen,0.509,,,,,estime EA,,
950367,Jhon Espinoza,Moyen,0.564,Moyen,0.612,Moyen,0.382,,,estime EA,,
1353364,Anthony Valencia,Moyen,0.418,Moyen,0.615,,,,,estime EA,,Gamechanger
1083430,Simone Davi,Haut,0.709,Haut,0.69,,,,,estime EA,,
1195358,Filippo Pittarello,Moyen,0.618,Moyen,0.532,,,,,estime EA,,Enforcer|Low Driven Shot|Precision Header|Press Proven
1559637,Harrison Armstrong,Moyen,0.564,Moyen,0.449,Haut,0.706,,,estime EA,,
521195,Jeff Hardeveld,Moyen,0.582,Moyen,0.477,Moyen,0.579,,,estime EA,,
760715,Ovie Ejaria,Moyen,0.364,Moyen,0.39,,,,,estime EA,,Finesse Shot|First Touch|Technical
1140919,Nick Bätzner,Moyen,0.545,Moyen,0.533,,,,,estime EA,,Inventive
867223,Onur Ergün,Moyen,0.582,Moyen,0.385,,,,,estime EA,,Aerial Fortress
816239,Teles,Moyen,0.582,Moyen,0.487,,,,,estime EA,,Aerial Fortress
1460176,Jacob Wright,Moyen,0.582,Moyen,0.507,,,,,estime EA,,
1368710,Noah Nartey,Moyen,0.6,Moyen,0.535,Haut,0.726,,,estime EA,,
243439,Thomas Bruns,Moyen,0.636,Moyen,0.509,Haut,0.689,,,estime EA,,
1238739,Ricardinho,Haut,0.818,Moyen,0.602,,,,,estime EA,,Intercept|Jockey|Long Throw|Slide Tackle
862590,Daniel Grimshaw,Bas,0.036,Bas,0.055,,,,,estime EA,,Footwork|Long Ball Pass
817096,Stephen Humphrys,Haut,0.673,Moyen,0.635,,,,,estime EA,,Enforcer|Gamechanger|Low Driven Shot
1077237,Tomas Esteves,Moyen,0.436,Moyen,0.541,,,,,estime EA,,
1026113,David Miculescu,Moyen,0.582,Moyen,0.538,Haut,0.803,,,estime EA,,Precision Header|Technical
1156126,Norbert Wojtuszek,Moyen,0.582,Moyen,0.65,Haut,0.994,,,estime EA,,Anticipate|Technical
1477417,Denil Castillo,Moyen,0.564,Moyen,0.439,Haut,0.945,,,estime EA,,
1165467,Christian Pierobon,Haut,0.709,Moyen,0.558,,,,,estime EA,,
215785,Matt Ingram,Bas,-0.345,Bas,-0.108,,,,,estime EA,,
555384,Christian Ortag,Bas,-0.055,Bas,0.029,,,,,estime EA,,
675762,Ajdin Hrustic,Moyen,0.473,Moyen,0.453,Bas,0.285,,,estime EA,,
1086713,Zak Swanson,Moyen,0.509,Moyen,0.539,,,,,estime EA,,Jockey
1086249,Ollie Tanner,Moyen,0.436,Moyen,0.541,,,,,estime EA,,
181898,Renan Ribeiro,Bas,-0.182,Bas,0.08,Bas,0.218,,,estime EA,,
535789,Marcos Felipe,Bas,-0.2,Bas,-0.049,Bas,0.225,,,estime EA,,
438162,Matej Hanousek,Haut,0.727,Moyen,0.637,Bas,0.156,,,estime EA,,Block|Bruiser
1073485,Jomaine Consbruch,Moyen,0.618,Moyen,0.613,,,,,estime EA,,
1075519,Matthew Sorinola,Moyen,0.655,Moyen,0.638,,,,,estime EA,,
1203189,Fredrik Oppegård,Moyen,0.527,Moyen,0.597,Bas,0.249,,,estime EA,,
1252070,Nathan Ngoy,Moyen,0.473,Moyen,0.555,Moyen,0.516,,,estime EA,,
1282447,Gui Guedes,Moyen,0.382,Moyen,0.437,,,,,estime EA,,
1287512,Miguel Puche,Moyen,0.455,Moyen,0.609,Moyen,0.508,,,estime EA,,Rapid
1325524,Leonardo Buta,Moyen,0.6,Moyen,0.596,,,,,estime EA,,
1355216,Julian Eitschberger,Moyen,0.618,Moyen,0.573,,,,,estime EA,,Aerial Fortress|Long Throw
1056071,Victor Parada,Moyen,0.545,Moyen,0.523,Bas,0.179,,,estime EA,,
1642351,Niccolò Fortini,Haut,0.691,Moyen,0.622,Haut,0.949,,,estime EA,,
33630,Iván Cuéllar,Bas,-0.036,Bas,0.097,,,,,estime EA,,Cross Claimer
282774,Nicolas,Bas,-0.145,Bas,-0.007,Haut,0.795,,,estime EA,,
186764,Nicola Bellomo,Moyen,0.527,Moyen,0.435,,,,,estime EA,,
462949,Olivier Custodio,Haut,0.691,Moyen,0.439,,,,,estime EA,,Dead Ball
517068,Nikita Contini,Bas,-0.345,Bas,-0.067,,,,,estime EA,,
352847,Will Norris,Bas,-0.073,Bas,-0.029,,,,,estime EA,,Cross Claimer|Rush Out
1189692,Edoardo Iannoni,Moyen,0.527,Moyen,0.424,,,,,estime EA,,
193178,Mawouna Amevor,Haut,0.691,Moyen,0.551,Bas,0.196,,,estime EA,,Long Throw
1412105,Thom van Bergen,Haut,0.873,Haut,0.715,Moyen,0.379,,,estime EA,,
1316205,Giuseppe Ambrosino,Moyen,0.6,Moyen,0.606,,,,,estime EA,,
417818,Danny Bakker,Moyen,0.618,Moyen,0.481,Moyen,0.485,,,estime EA,,Long Ball Pass|Slide Tackle
1189797,Niklas May,Moyen,0.564,Moyen,0.551,,,,,estime EA,,Long Throw
716760,Iker Álvarez,Bas,-0.091,Bas,-0.026,,,,,estime EA,,Far Throw
439691,Sam Long,Haut,0.709,Moyen,0.548,,,,,estime EA,,Intercept
474102,Claude Gonçalves,Moyen,0.545,Moyen,0.462,,,,,estime EA,,Long Ball Pass
862285,Lars Bünning,Moyen,0.436,Moyen,0.571,,,,,estime EA,,Aerial Fortress|Quick Step
1073145,Adrien Lebeau,Moyen,0.455,Moyen,0.599,,,,,estime EA,,Technical
1123933,Liam Thompson,Moyen,0.618,Moyen,0.4,,,,,estime EA,,
1189402,Nicolas Galazzi,Moyen,0.382,Moyen,0.509,,,,,estime EA,,
1482728,Kjell Wätjen,Moyen,0.491,Moyen,0.562,,,,,estime EA,,Incisive Pass|Inventive|Technical
600818,Josh Vickers,Bas,-0.145,Bas,-0.058,,,,,estime EA,,Cross Claimer
465946,Oualid El Hajjam,Moyen,0.509,Moyen,0.458,,,,,estime EA,,Intercept|Slide Tackle
1227324,Rubin Colwill,Moyen,0.418,Moyen,0.411,,,,,estime EA,,Long Ball Pass
1093306,Calvin Raatsie,Bas,-0.164,Bas,-0.076,,,,,estime EA,,
959434,Cristiano Bani,Haut,0.782,Moyen,0.618,,,,,estime EA,,
171914,Paulo Victor,Haut,0.673,Moyen,0.625,Haut,0.693,,,estime EA,,
364515,Simone Perilli,Bas,-0.182,Bas,-0.012,,,,,estime EA,,
820748,Aaron Opoku,Moyen,0.564,Haut,0.673,Bas,0.263,,,estime EA,,Rapid|Trickster
943428,Mathieu Choinière,Moyen,0.618,Moyen,0.532,,,,,estime EA,,Technical
707668,Umut Meras,Moyen,0.636,Moyen,0.61,Moyen,0.523,,,estime EA,,Long Throw
860535,Adrian Rus,Moyen,0.545,Moyen,0.554,Bas,0.221,,,estime EA,,
968944,Luke Cundle,Moyen,0.527,Moyen,0.577,,,,,estime EA,,
351043,Alexandru Cretu,Moyen,0.564,Moyen,0.358,,,,,estime EA,,Slide Tackle
1245669,Patryk Peda,Moyen,0.455,Moyen,0.477,,,,,estime EA,,
1346860,Esmir Bajraktarevic,Moyen,0.455,Moyen,0.578,Moyen,0.568,,,estime EA,,Technical
1261804,Topi Keskinen,Moyen,0.491,Moyen,0.644,,,,,estime EA,,
823127,Macaulay Langstaff,Haut,0.927,Haut,0.808,,,,,estime EA,,
1285119,Anouar El Azzouzi,Haut,0.8,Moyen,0.523,,,,,estime EA,,Intercept
1173774,Alaa Ghram,Moyen,0.473,Moyen,0.525,,,,,estime EA,,
1558067,Leandro Santos,Haut,0.673,Haut,0.717,,,,,estime EA,,
1156913,Andrija Radulovic,Moyen,0.455,Moyen,0.609,,,,,estime EA,,Quick Step
421328,Awer Mabil,Moyen,0.491,Haut,0.664,,,,,estime EA,,Rapid
352358,Brandley Kuwas,Bas,0.273,Moyen,0.414,Bas,0.171,,,estime EA,,
1138748,Andrea Papetti,Haut,0.727,Moyen,0.576,,,,,estime EA,,
1315434,Jacob Farrell,Haut,0.673,Moyen,0.544,,,,,estime EA,,Bruiser|Intercept
1192053,Brayann Pereira,Moyen,0.473,Moyen,0.555,Haut,0.94,,,estime EA,,Slide Tackle
1445416,Mats Rots,Moyen,0.491,Moyen,0.654,Haut,0.905,,,estime EA,,Quick Step
1543647,Mohammed Abu Al Shamat,Moyen,0.6,Moyen,0.616,,,,,estime EA,,
281020,Nouha Dicko,Moyen,0.473,Moyen,0.504,,,,,estime EA,,
361792,Ivan Cavaleiro,Bas,0.255,Moyen,0.427,Bas,0.241,,,estime EA,,
521203,Fidan Aliti,Haut,0.855,Moyen,0.535,Bas,0.273,,,estime EA,,Bruiser|Jockey
662975,Liam Kelly,Bas,-0.145,Bas,-0.17,,,,,estime EA,,Cross Claimer|Far Throw|Footwork|Long Ball Pass
480909,Charalampos Kyriakou,Moyen,0.509,Moyen,0.356,,,,,estime EA,,
949807,Arthur Zagré,Moyen,0.527,Haut,0.669,Haut,0.889,,,estime EA,,Block|Rapid
1175955,Merveille Papela,Moyen,0.455,Moyen,0.477,,,,,estime EA,,Jockey|Slide Tackle
997589,Djevencio van der Kust,Haut,0.673,Haut,0.757,Haut,0.734,,,estime EA,,Rapid
1180499,Julian Baas,Haut,0.968,Haut,0.752,Moyen,0.487,,,estime EA,oui,Dead Ball|Relentless
1480699,Mihajlo Cvetkovic,Moyen,0.527,Moyen,0.506,,,,,estime EA,,First Touch
183420,Marlon Pack,Moyen,0.455,Bas,0.151,,,,,estime EA,,Aerial Fortress|Long Ball Pass|Long Throw|Power Shot
639384,Toni Villa,Bas,0.236,Bas,0.298,,,,,estime EA,,Inventive|Technical
950486,Salem M'Bakata,Haut,0.691,Haut,0.724,,,,,estime EA,,
1367047,Afonso Moreira,Bas,0.255,Moyen,0.498,Haut,0.771,,,estime EA,,
1487894,Nhoa Sangui,Moyen,0.582,Moyen,0.589,Moyen,0.391,,,estime EA,,
110911,Craig Forsyth,Moyen,0.491,Bas,0.288,,,,,estime EA,,Anticipate
574841,Lars-Jørgen Salvesen,Haut,0.932,Haut,0.768,,,,,estime EA,oui,Power Shot|Precision Header|Relentless
748381,Joel Asoro,Haut,0.673,Haut,0.757,,,,,estime EA,,Long Throw
492128,Cyril Mandouki,Haut,0.8,Moyen,0.371,,,,,estime EA,,
822252,Michele Cerofolini,Bas,-0.273,Bas,-0.129,,,,,estime EA,,Footwork
964542,Richmond Tachie,Haut,0.745,Haut,0.756,,,,,estime EA,,
891748,Serginho,Moyen,0.418,Moyen,0.442,Moyen,0.466,,,estime EA,,Technical
1184473,Sam Tickle,Bas,0.0,Bas,-0.041,Bas,0.172,,,estime EA,,Cross Claimer|Footwork
1285774,Levi Smans,Haut,0.782,Moyen,0.618,,,,,estime EA,,
1412199,Dimitrios Kaloskamis,Moyen,0.455,Moyen,0.477,,,,,estime EA,,
684006,Edoardo Soleri,Moyen,0.436,Moyen,0.551,,,,,estime EA,,Enforcer|Press Proven
887969,Steven Benda,Bas,-0.182,Bas,-0.113,,,,,estime EA,,
451628,Carl Klaus,Bas,-0.164,Bas,-0.198,,,,,estime EA,,
1042511,Aimar Sher,Haut,0.764,Moyen,0.631,,,,,estime EA,,Intercept
1239600,Johnny Kenny,Moyen,0.473,Moyen,0.586,,,,,estime EA,,
1098752,Lewis Dobbin,Moyen,0.345,Moyen,0.606,,,,,estime EA,,Technical
956728,Lance Duijvestijn,Haut,0.673,Moyen,0.544,Haut,0.805,,,estime EA,,
1347229,Basar Önal,Haut,0.673,Haut,0.666,Moyen,0.546,,,estime EA,,
448805,Christian Mathenia,Bas,-0.036,Bas,0.026,,,,,estime EA,,Far Reach
1124454,Maxence Rivera,Moyen,0.491,Moyen,0.623,Moyen,0.352,,,estime EA,,
881740,Christopher Lannert,Haut,1,Haut,0.859,,,,,estime EA,oui,Anticipate|Jockey|Long Ball Pass|Relentless
263925,Caio Secco,Bas,-0.273,Bas,-0.099,Moyen,0.517,,,estime EA,,Cross Claimer
1255850,Matthéo Xantippe,Moyen,0.491,Moyen,0.522,,,,,estime EA,,
1354243,Gonçalo Costa,Moyen,0.6,Moyen,0.606,Haut,0.685,,,estime EA,,
1343053,Abdoul Ouattara,Moyen,0.345,Moyen,0.504,Moyen,0.499,,,estime EA,,
553557,Gideon Jung,Moyen,0.418,Moyen,0.442,,,,,estime EA,,Slide Tackle
706500,Steffen Tigges,Moyen,0.509,Moyen,0.346,,,,,estime EA,,Enforcer
1077221,Joseph Hungbo,Moyen,0.491,Moyen,0.603,,,,,estime EA,,
1072519,Ercan Kara,Haut,0.818,Moyen,0.571,,,,,estime EA,,Enforcer
1224719,Noah Ohio,Moyen,0.436,Haut,0.663,,,,,estime EA,,Rapid
1395728,Medon Berisha,Bas,0.309,Bas,0.327,Moyen,0.556,,,estime EA,,
610270,Callum Elder,Haut,0.709,Moyen,0.477,,,,,estime EA,,Long Throw
837586,Anders Hagelskjær,Moyen,0.473,Bas,0.321,,,,,estime EA,,Long Ball Pass|Long Throw
1168852,Inigo Sainz-Maza,Haut,0.8,Moyen,0.645,,,,,estime EA,,Anticipate
1088053,Miguel Baeza,Moyen,0.345,Moyen,0.372,Bas,0.021,,,estime EA,,Technical
1415104,Benjamin Tahirovic,Moyen,0.582,Moyen,0.345,,,,,estime EA,,
1203191,Mohamed Nassoh,Moyen,0.655,Moyen,0.557,Haut,0.715,,,estime EA,,
1577582,Noah Adedeji-Sternberg,Bas,0.218,Moyen,0.555,,,,,estime EA,,Gamechanger
1418747,João Rego,Moyen,0.473,Moyen,0.443,,,,,estime EA,,
278807,Robert Mühren,Moyen,0.473,Bas,0.209,Bas,0.038,,,estime EA,,Chip Shot
1178504,Roko Simic,Bas,0.273,Bas,0.262,,,,,estime EA,,
1396084,Raphael Kofler,Moyen,0.527,Bas,0.282,,,,,estime EA,,
1119806,Millenic Alli,Moyen,0.418,Moyen,0.635,,,,,estime EA,,Gamechanger
1067741,Luca Oyen,Moyen,0.418,Moyen,0.574,Moyen,0.414,,,estime EA,,
915365,Ole Romeny,Haut,0.727,Moyen,0.576,,,,,estime EA,,Power Shot
1276474,Semir Telalovic,Moyen,0.6,Moyen,0.484,,,,,estime EA,,
960601,Nicolo Buso,Moyen,0.4,Moyen,0.577,,,,,estime EA,,First Touch|Quick Step
1520546,Aaron Keller,Haut,0.727,Moyen,0.565,,,,,estime EA,,Low Driven Shot
1056370,Altin Zeqiri,Moyen,0.527,Moyen,0.557,Moyen,0.615,,,estime EA,,Low Driven Shot
1211806,George Earthy,Moyen,0.436,Moyen,0.48,,,,,estime EA,,
585268,Lukas Boeder,Moyen,0.618,Moyen,0.502,,,,,estime EA,,Anticipate
847985,Jonathan Klinsmann,Bas,0.091,Bas,-0.076,,,,,estime EA,,
1014841,Richonell Margaret,Haut,0.691,Haut,0.693,Haut,0.785,,,estime EA,,Quick Step|Rapid
1242757,William Mikelbrencis,Moyen,0.527,Moyen,0.587,Moyen,0.466,,,estime EA,,
1190030,Odel Offiah,Moyen,0.455,Moyen,0.507,,,,,estime EA,,
1252642,Isaac Babadi,Moyen,0.6,Moyen,0.647,,,,,estime EA,,Inventive|Technical
1211646,Jamie Donley,Moyen,0.527,Moyen,0.496,,,,,estime EA,,
782561,Koen Kostons,Moyen,0.655,Moyen,0.547,Bas,0.05,,,estime EA,,
107216,Ched Evans,Moyen,0.364,Bas,0.278,,,,,estime EA,,
354477,Julien Lopez,Bas,0.255,Moyen,0.437,,,,,estime EA,,
782703,Marin Sverko,Moyen,0.6,Moyen,0.484,,,,,estime EA,,
1091141,Faride Alidou,Bas,0.255,Moyen,0.559,,,,,estime EA,,Quick Step|Rapid
1421270,Kevin Rodríguez,Moyen,0.503,Haut,0.79,Moyen,0.543,10548,12.5,mesure FotMob,,Gamechanger|Trickster
1296413,Henrik Meister,Moyen,0.364,Moyen,0.42,Bas,0.014,,,estime EA,,Press Proven
821400,Toby Sibbick,Moyen,0.527,Moyen,0.547,,,,,estime EA,,
1287010,Nilson Angulo,Moyen,0.345,Moyen,0.535,Moyen,0.483,,,estime EA,,Rapid
1070191,Jandro Orellana,Bas,0.236,Bas,0.257,Moyen,0.486,,,estime EA,,Incisive Pass
619824,Sultan Mandash,Moyen,0.655,Haut,0.679,,,,,estime EA,,
522139,Dennis Srbeny,Moyen,0.509,Moyen,0.478,,,,,estime EA,,Acrobatic|Finesse Shot|First Touch|Gamechanger|Incisive Pass|Press Proven
1282233,Yannick Leliendal,Moyen,0.618,Moyen,0.624,Haut,0.954,,,estime EA,,
1180218,Syb van Ottele,Moyen,0.436,Moyen,0.388,Haut,0.879,,,estime EA,,Long Ball Pass|Power Shot
1333331,Oliver Provstgaard,Moyen,0.582,Moyen,0.487,Bas,0.183,,,estime EA,,
1298600,Younes Taha,Moyen,0.473,Moyen,0.606,Bas,0.117,,,estime EA,,
1078853,Dal Varesanovic,Moyen,0.509,Moyen,0.427,,,,,estime EA,,
1347241,Jayden Addai,Moyen,0.4,Haut,0.668,Bas,0.227,,,estime EA,,Quick Step|Technical
1531099,Mikel Gogorza,Moyen,0.382,Moyen,0.509,,,,,estime EA,,
1352213,Ro-Zangelo Daal,Moyen,0.473,Moyen,0.616,Haut,0.707,,,estime EA,,Rapid
56994,Nicolo Brighenti,Moyen,0.545,Moyen,0.533,,,,,estime EA,,Intercept
500392,Jesús Jiménez,Moyen,0.4,Moyen,0.363,,,,,estime EA,,Technical
746831,Nicola Mosti,Moyen,0.345,Moyen,0.362,,,,,estime EA,,
1140910,Florian Kleinhansl,Haut,0.709,Moyen,0.589,,,,,estime EA,,
1307326,Yannick Agnero,Moyen,0.582,Moyen,0.66,,,,,estime EA,,Power Shot
1421471,Mario Garcia,Moyen,0.509,Moyen,0.488,,,,,estime EA,,
1104401,Ibrahim Diabate,Moyen,0.473,Moyen,0.616,Bas,0.006,,,estime EA,,
1050816,Marvin Obuz,Moyen,0.527,Moyen,0.577,,,,,estime EA,,Technical
1194358,Kacper Tobiasz,Bas,-0.255,Bas,-0.183,Moyen,0.354,,,estime EA,,
239759,James Shea,Bas,-0.218,Bas,-0.209,,,,,estime EA,,
501331,Sascha Mockenhaupt,Haut,0.745,Haut,0.705,,,,,estime EA,,Jockey
918067,Marco Imperiale,Moyen,0.473,Moyen,0.464,,,,,estime EA,,Block
817720,Michael Obafemi,Bas,0.327,Moyen,0.497,,,,,estime EA,,
1701842,Rober,Bas,0.327,Moyen,0.517,,,,,estime EA,,Technical
1520469,Jano ter Horst,Moyen,0.545,Moyen,0.513,,,,,estime EA,,Block
1353293,Sondre Ørjasæter,Moyen,0.382,Moyen,0.56,Bas,0.206,,,estime EA,,Quick Step
1366936,Stanis Idumbo,Moyen,0.473,Moyen,0.545,,,,,estime EA,,
438167,Baptiste Guillaume,Moyen,0.545,Bas,0.32,,,,,estime EA,,Aerial Fortress
1118703,Pablo Gozálbez,Bas,-0.018,Bas,0.227,Moyen,0.642,,,estime EA,,Technical
618698,Francesco Gelli,Moyen,0.6,Moyen,0.494,,,,,estime EA,,
1514693,Florian Wiegele,Bas,-0.236,Bas,-0.267,Haut,0.987,,,estime EA,,Cross Claimer
1226630,Isaak Davies,Bas,0.327,Moyen,0.548,,,,,estime EA,,Gamechanger
948704,Miguel Sousa,Bas,0.291,Moyen,0.371,,,,,estime EA,,
1515976,Mattes Hansen,Moyen,0.527,Moyen,0.465,,,,,estime EA,,
1329405,Edoardo Pieragnolo,Moyen,0.6,Moyen,0.525,,,,,estime EA,,
571536,Klaus Gjasula,Moyen,0.564,Bas,0.164,,,,,estime EA,,Bruiser|Long Ball Pass|Precision Header|Slide Tackle
1039219,Samir Chergui,Bas,0.255,Bas,0.234,Bas,0.241,,,estime EA,,Intercept
1255796,Nikolai Hopland,Moyen,0.473,Moyen,0.423,Haut,0.678,,,estime EA,,Block|Jockey
1189424,Fabio Abiuso,Moyen,0.436,Moyen,0.378,,,,,estime EA,,
1400523,Danny Schmidt,Moyen,0.345,Moyen,0.362,,,,,estime EA,,
656530,Sergio Córdova,Bas,0.273,Moyen,0.435,,,,,estime EA,,Enforcer
954622,George Johnston,Moyen,0.582,Moyen,0.497,,,,,estime EA,,Jockey
1014981,Augustus Kargbo,Moyen,0.509,Moyen,0.61,,,,,estime EA,,
694967,Manuel Feil,Haut,0.745,Moyen,0.654,,,,,estime EA,,Technical
1628516,Matteo Perez Vinlöf,Moyen,0.382,Moyen,0.509,,,,,estime EA,,
1600334,Ime Okon,Moyen,0.436,Moyen,0.571,Moyen,0.431,,,estime EA,,
169225,Tom Bradshaw,Moyen,0.527,Moyen,0.516,,,,,estime EA,,
477205,Sandro Lima,Moyen,0.455,Moyen,0.334,Bas,0.105,,,estime EA,,Precision Header
904248,Hüseyin Türkmen,Moyen,0.364,Moyen,0.471,Bas,0.305,,,estime EA,,
997577,David Min,Moyen,0.655,Moyen,0.638,Bas,0.254,,,estime EA,,
1125076,Ruben Kluivert,Moyen,0.509,Moyen,0.488,Haut,0.823,,,estime EA,,
956212,Marvin Cuni,Bas,0.2,Moyen,0.395,,,,,estime EA,,
1352996,Mio Backhaus,Bas,-0.273,Bas,-0.363,Haut,0.703,,,estime EA,,Cross Claimer
954422,Michael Venturi,Bas,-0.145,Bas,0.125,,,,,estime EA,,
1189622,Nigel Lonwijk,Moyen,0.6,Moyen,0.454,,,,,estime EA,,
1669436,Mathis Clairicia,Moyen,0.364,Moyen,0.4,,,,,estime EA,,Enforcer
1091369,Pablo Garcia,Moyen,0.455,Moyen,0.528,,,,,estime EA,,Technical
1453194,Emmanuel Addai,Haut,0.796,Haut,0.991,,,11260,19.3,mesure FotMob,,
1288195,Cole Campbell,Bas,0.309,Moyen,0.602,,,,,estime EA,,Quick Step|Technical
1308892,Iker Bravo,Bas,0.109,Moyen,0.339,,,,,estime EA,,
1332549,Amine Salama,Bas,0.0,Bas,0.275,,,,,estime EA,,Technical
1559847,Adam Sevínsky,Moyen,0.382,Moyen,0.407,Bas,0.192,,,estime EA,,
1366373,Ümit Akdag,Moyen,0.473,Moyen,0.413,Moyen,0.542,,,estime EA,,
1288206,Jorge Moreno,Moyen,0.582,Moyen,0.568,,,,,estime EA,,
1351065,Nathaniel Adjei,Moyen,0.418,Moyen,0.523,Bas,0.138,,,estime EA,,Anticipate
1267102,Felipe Augusto,Moyen,0.436,Moyen,0.469,Bas,0.088,,,estime EA,,
878860,Andrea Ciofi,Moyen,0.641,Moyen,0.58,,,,,estime EA,oui,Long Throw|Relentless
1114554,Yusuf Demir,Bas,0.218,Moyen,0.504,,,,,estime EA,,Technical
1282980,Kenneth Schmidt,Moyen,0.4,Moyen,0.526,,,,,estime EA,,
1249915,Dane Murray,Bas,0.0,Bas,0.244,,,,,estime EA,,
1463351,Janderson,Moyen,0.455,Moyen,0.375,Bas,0.247,,,estime EA,,
850934,Nicholas Opoku,Moyen,0.545,Moyen,0.462,Moyen,0.386,,,estime EA,,
1108882,Diego Duarte,Moyen,0.473,Moyen,0.525,Bas,0.177,,,estime EA,,
1178325,Ousmane Camara,Moyen,0.345,Bas,0.087,Moyen,0.429,,,estime EA,,
1287785,Naim Garcia,Moyen,0.418,Moyen,0.483,,,,,estime EA,,
1362417,Fabio Gruber,Moyen,0.473,Moyen,0.362,,,,,estime EA,,
1323629,Óscar Rivas,Moyen,0.455,Bas,0.324,Moyen,0.362,,,estime EA,,Long Ball Pass
1800345,Tylel Tati,Bas,0.327,Moyen,0.375,Bas,0.154,,,estime EA,,
1019234,Mats Knoester,Moyen,0.6,Moyen,0.454,Bas,0.196,,,estime EA,,
1370590,Milos Lukovic,Bas,0.309,Bas,0.276,,,,,estime EA,,
1413282,Fabrício Garcia,Moyen,0.473,Moyen,0.535,,,,,estime EA,,
924935,Dusan Stojinovic,Moyen,0.545,Moyen,0.452,Bas,0.239,,,estime EA,,
1474555,Christ Makosso,Bas,0.309,Moyen,0.368,,,,,estime EA,,
1670132,Bahereba Guirassy,Bas,0.273,Moyen,0.353,Haut,0.861,,,estime EA,,
1287056,Cameron Humphreys,Moyen,0.455,Moyen,0.355,,,,,estime EA,,
1231794,Noah Eile,Moyen,0.4,Moyen,0.424,,,,,estime EA,,Intercept
1235057,Lukas Frenkert,Moyen,0.491,Moyen,0.471,,,,,estime EA,,
1027396,Barbero,Haut,0.691,Moyen,0.429,Bas,0.096,,,estime EA,,
1256173,Thijmen Blokzijl,Moyen,0.473,Moyen,0.352,Moyen,0.571,,,estime EA,,
1224237,Mateo Pellegrino,Moyen,0.382,Bas,0.305,Bas,0.177,,,estime EA,,Enforcer|Precision Header
1024937,Kevin Ehlers,Moyen,0.4,Moyen,0.394,,,,,estime EA,,Anticipate|Block|Jockey
1439800,Patrick Agyemang,Moyen,0.564,Moyen,0.368,,,,,estime EA,,
564724,Sean Raggett,Haut,0.691,Moyen,0.348,,,,,estime EA,,Aerial Fortress
857436,Nihad Mujakic,Moyen,0.6,Moyen,0.484,Bas,0.238,,,estime EA,,Anticipate|Block
1178266,Bogdan Racovitan,Moyen,0.509,Moyen,0.529,Haut,0.725,,,estime EA,,
821660,Fraser Horsfall,Haut,0.673,Moyen,0.411,,,,,estime EA,,Aerial Fortress|Bruiser|Long Throw|Precision Header
1286065,Maxim Dekker,Moyen,0.491,Moyen,0.42,,,,,estime EA,,
486835,Damon Mirani,Moyen,0.636,Bas,0.204,Bas,0.204,,,estime EA,,Aerial Fortress|Block|Bruiser|Intercept|Precision Header
1280127,Boris Popovic,Bas,0.255,Bas,0.244,Bas,0.023,,,estime EA,,Aerial Fortress|Precision Header
1281103,Maximilian Dietz,Moyen,0.636,Moyen,0.417,,,,,estime EA,,
1197251,Issiar Drame,Moyen,0.545,Moyen,0.523,,,,,estime EA,,
1037142,Kornel Szucs,Moyen,0.618,Moyen,0.369,,,,,estime EA,,
796492,Niklas Kolbe,Moyen,0.618,Moyen,0.491,,,,,estime EA,,
1132323,Guillem Molina,Moyen,0.473,Moyen,0.453,,,,,estime EA,,
1486537,Max Moerstedt,Bas,0.218,Bas,0.27,,,,,estime EA,,
1276507,Andi Hoti,Moyen,0.364,Bas,0.298,,,,,estime EA,,Aerial Fortress|Slide Tackle
690119,Pierre-Yves Hamel,Moyen,0.473,Bas,0.291,,,,,estime EA,,Chip Shot|Precision Header
1337009,Giovanni Bonfanti,Bas,0.291,Bas,0.218,Haut,0.82,,,estime EA,,Anticipate
791809,Dan Casey,Moyen,0.545,Bas,0.32,,,,,estime EA,,Precision Header
1311670,Harold Voyer,Moyen,0.345,Moyen,0.342,,,,,estime EA,,
912071,Shawn Adewoye,Moyen,0.418,Moyen,0.442,Haut,0.787,,,estime EA,,Aerial Fortress|Block|Intercept
1352744,Joel Schingtienne,Moyen,0.6,Moyen,0.484,,,,,estime EA,,
741434,Pedro Pacheco,Moyen,0.382,Bas,0.285,,,,,estime EA,,
1282423,Nuno Lima,Moyen,0.364,Moyen,0.369,Bas,0.201,,,estime EA,,
1285493,Karim Sow,Moyen,0.582,Moyen,0.355,Haut,0.915,,,estime EA,,Aerial Fortress
1117058,Ilario Monterisi,Moyen,0.455,Bas,0.253,,,,,estime EA,,
1469819,Urie-Michel Mboula,Moyen,0.345,Moyen,0.372,Haut,0.739,,,estime EA,,
364855,Uros Radakovic,Bas,0.255,Bas,0.214,,,,,estime EA,,Aerial Fortress|Bruiser|Jockey
1311887,Stipe Vulikic,Moyen,0.364,Bas,0.206,,,,,estime EA,,
1083010,Martin Pascual,Moyen,0.4,Moyen,0.343,,,,,estime EA,,
245300,Sonny Bradley,Moyen,0.455,Bas,0.212,,,,,estime EA,,Block
638736,Diego Alende,Bas,0.255,Bas,0.234,,,,,estime EA,,
34633,Nenê,Haut,1,Haut,0.746,,,,,estime EA,oui,Power Shot|Relentless
788496,Anton Donkor,Haut,0.8,Haut,0.778,,,,,estime EA,,Rapid
820469,Justin Lonwijk,Moyen,0.636,Moyen,0.549,Moyen,0.432,,,estime EA,,
654102,Joe Powell,Moyen,0.655,Moyen,0.577,,,,,estime EA,,Aerial Fortress|Dead Ball|Intercept|Long Ball Pass
364204,Tayfur Bingöl,Moyen,0.636,Moyen,0.631,Haut,0.731,,,estime EA,,Precision Header
846647,Nunzio Lella,Haut,0.727,Moyen,0.647,,,,,estime EA,,Aerial Fortress|Rapid
1188856,Tarik Gözüsirin,Haut,0.691,Moyen,0.622,,,,,estime EA,,Incisive Pass
562592,Adam Phillips,Moyen,0.618,Moyen,0.603,,,,,estime EA,,Aerial Fortress|Precision Header
974314,Ken Nkuba,Moyen,0.564,Moyen,0.581,,,,,estime EA,,
1086546,Daniel Phillips,Moyen,0.564,Moyen,0.592,,,,,estime EA,,Slide Tackle
1217249,Jake Hollman,Haut,0.836,Haut,0.741,,,,,estime EA,,Technical
331524,Erdogan Yesilyurt,Moyen,0.6,Moyen,0.596,,,,,estime EA,,Whipped Pass
824641,Jefferson Encada,Moyen,0.436,Moyen,0.632,Moyen,0.602,,,estime EA,,
662732,Owen Moxon,Haut,0.986,Haut,0.739,,,,,estime EA,oui,Anticipate|Dead Ball|Long Ball Pass|Relentless|Slide Tackle
688712,Jan Mejdr,Moyen,0.564,Moyen,0.5,,,,,estime EA,,Aerial Fortress
430429,Greg Docherty,Haut,0.836,Moyen,0.629,,,,,estime EA,,Inventive
759589,Jordi Osei-Tutu,Moyen,0.436,Haut,0.663,,,,,estime EA,,Quick Step|Rapid
776152,Aaron Morley,Haut,0.727,Moyen,0.576,,,,,estime EA,,Dead Ball|Long Ball Pass
673437,CJ Hamilton,Haut,0.673,Haut,0.778,,,,,estime EA,,Rapid
1136130,Tiago Galletto,Moyen,0.455,Moyen,0.456,Haut,0.798,,,estime EA,,
1294785,Walid Ould-Chikh,Moyen,0.491,Moyen,0.542,Haut,0.78,,,estime EA,,Gamechanger|Power Shot
1125874,Darko Gyabi,Moyen,0.636,Moyen,0.58,,,,,estime EA,,Press Proven
1239553,Axel Henriksson,Haut,0.895,Haut,0.723,,,,,estime EA,oui,Aerial Fortress|Precision Header|Relentless
297209,Sam Hoskins,Haut,0.968,Haut,0.915,,,,,estime EA,oui,Gamechanger|Low Driven Shot|Quick Step|Relentless
994445,Pedro Bicalho,Haut,0.751,Moyen,0.429,Haut,0.822,11085,8.4,mesure FotMob,,
1231029,Rafik Belghali,Moyen,0.364,Moyen,0.542,Bas,0.283,,,estime EA,,
1160076,Sondre Auklend,Haut,0.924,Moyen,0.587,,,11770,10.9,mesure FotMob,,Technical
1178363,Brandon Soppy,Bas,0.236,Moyen,0.481,Haut,0.974,,,estime EA,,
1080681,Rafael Brito,Moyen,0.455,Moyen,0.436,Moyen,0.415,,,estime EA,,
211837,Tendayi Darikwa,Moyen,0.655,Moyen,0.618,,,,,estime EA,,
659055,Calogero Rizzuto,Haut,0.745,Haut,0.705,,,,,estime EA,,Intercept|Long Ball Pass
865940,Dru Yearwood,Moyen,0.636,Moyen,0.58,,,,,estime EA,,
664804,Connor Krempicki,Moyen,0.6,Moyen,0.494,,,,,estime EA,,
1353000,Adam Daghim,Moyen,0.382,Moyen,0.57,Moyen,0.46,,,estime EA,,Technical
801470,Archie Collins,Haut,0.909,Moyen,0.638,,,,,estime EA,,Aerial Fortress|Intercept|Long Ball Pass
1002652,Konrad Faber,Moyen,0.636,Moyen,0.621,,,,,estime EA,,Long Throw|Quick Step|Slide Tackle
1339345,Issa Doumbia,Bas,0.236,Moyen,0.369,,,,,estime EA,,
941217,Dennis Dressel,Haut,0.745,Moyen,0.471,,,,,estime EA,,
1426060,Laurin Curda,Moyen,0.582,Moyen,0.517,,,,,estime EA,,Pinged Pass
478391,Marco Sangalli,Moyen,0.6,Moyen,0.555,,,,,estime EA,,
1177089,Alexander Jensen,Moyen,0.618,Moyen,0.603,,,,,estime EA,,Anticipate
179028,Sam Clucas,Moyen,0.473,Moyen,0.362,,,,,estime EA,,
603320,Ramazan Civelek,Moyen,0.491,Moyen,0.552,Moyen,0.562,,,estime EA,,
866650,Reeco Hackett,Moyen,0.6,Moyen,0.637,,,,,estime EA,,Rapid
941579,Kevin Yakob,Moyen,0.455,Moyen,0.467,,,,,estime EA,,Long Ball Pass
1211445,John Patrick,Haut,0.727,Moyen,0.586,,,,,estime EA,,
1419385,Jorg Schreuders,Haut,0.727,Moyen,0.535,Moyen,0.552,,,estime EA,,
1080516,Ángel Torres,Moyen,0.527,Moyen,0.618,Haut,0.96,,,estime EA,,
568541,Jorge Grant,Haut,0.709,Moyen,0.528,,,,,estime EA,,
185349,Luke Berry,Moyen,0.527,Moyen,0.465,,,,,estime EA,,
1190549,Falko Michel,Moyen,0.636,Moyen,0.499,,,,,estime EA,,Aerial Fortress
150047,Joao Aurélio,Moyen,0.509,Moyen,0.468,Haut,0.898,,,estime EA,,Long Ball Pass|Long Throw
471276,Dion Charles,Haut,0.877,Haut,0.817,,,,,estime EA,oui,Gamechanger|Relentless
429991,Iván Calero,Haut,0.764,Haut,0.661,,,,,estime EA,,
602524,Maurice Multhaup,Moyen,0.473,Haut,0.698,,,,,estime EA,,Quick Step|Rapid
1184465,Kyle Joseph,Haut,0.836,Haut,0.68,,,,,estime EA,,
1289513,Ogün Özcicek,Moyen,0.491,Moyen,0.491,Haut,0.805,,,estime EA,,Technical
1015263,Luca Belardinelli,Moyen,0.545,Moyen,0.462,,,,,estime EA,,
240205,Jetro Willems,Moyen,0.4,Moyen,0.353,,,,,estime EA,,Long Throw
612180,Kayden Jackson,Moyen,0.436,Haut,0.693,,,,,estime EA,,Rapid
671327,Sherel Floranus,Moyen,0.6,Moyen,0.606,Haut,0.759,,,estime EA,,
760724,Herbie Kane,Moyen,0.636,Moyen,0.499,,,,,estime EA,,Aerial Fortress|Incisive Pass|Inventive|Long Ball Pass
933069,Luke Le Roux,Haut,0.727,Moyen,0.627,,,,,estime EA,,Bruiser
932541,Thijs Oosting,Moyen,0.636,Moyen,0.539,Moyen,0.339,,,estime EA,,
1231909,Mamady Diambou,Haut,0.709,Haut,0.67,,,,,estime EA,,
1214147,Jesper Ceesay,Moyen,0.6,Moyen,0.454,Moyen,0.575,,,estime EA,,Aerial Fortress
1178442,Lynnt Audoor,Moyen,0.6,Moyen,0.515,,,,,estime EA,,
1388039,Richie Sagrado,Moyen,0.491,Moyen,0.583,,,,,estime EA,,
817098,Ryan Barnett,Moyen,0.618,Haut,0.664,,,,,estime EA,,
1014618,Oscar Pettersson,Haut,0.673,Haut,0.676,,,,,estime EA,,
1124212,George Thomason,Moyen,0.618,Moyen,0.542,,,,,estime EA,,
1121796,Emanuele Zuelli,Moyen,0.545,Moyen,0.513,,,,,estime EA,,Aerial Fortress
1285451,Philip Brittijn,Moyen,0.655,Moyen,0.486,Haut,0.843,,,estime EA,,
734402,Daniel Udoh,Haut,0.764,Haut,0.733,,,,,estime EA,,Low Driven Shot
884415,Ufuk Akyol,Moyen,0.436,Moyen,0.419,,,,,estime EA,,
1210653,Riccardo Ciervo,Moyen,0.564,Moyen,0.612,,,,,estime EA,,
638734,Kevin Vázquez,Moyen,0.655,Moyen,0.536,,,,,estime EA,,
1280158,Tommaso Berti,Moyen,0.636,Moyen,0.56,,,,,estime EA,,Inventive
1406645,Ismaëlo Ganiou,Haut,0.909,Haut,0.669,Haut,0.828,,,estime EA,,
488623,Cameron Dawson,Bas,-0.018,Bas,0.054,,,,,estime EA,,Cross Claimer
791808,Luke Molyneux,Haut,0.745,Haut,0.746,,,,,estime EA,,Finesse Shot|Whipped Pass
1184695,Jasper Dahlhaus,Moyen,0.618,Moyen,0.573,Haut,0.907,,,estime EA,,
1351566,Melker Widell,Haut,0.691,Moyen,0.592,,,,,estime EA,,Dead Ball
1389199,Dave Kwakman,Moyen,0.545,Moyen,0.584,Haut,0.96,,,estime EA,,Jockey|Pinged Pass|Slide Tackle
1592161,Kieran Morgan,Moyen,0.545,Moyen,0.493,,,,,estime EA,,
1077895,Caolan Boyd-Munce,Moyen,0.618,Moyen,0.471,,,,,estime EA,,Aerial Fortress
1202029,Alberto del Moral,Moyen,0.618,Moyen,0.4,,,,,estime EA,,Press Proven|Tiki Taka
348411,Mathieu Michel,Bas,-0.091,Bas,0.065,,,,,estime EA,,Far Throw
554531,Marco Schuster,Haut,0.818,Moyen,0.592,,,,,estime EA,,Aerial Fortress|Anticipate|Slide Tackle
1074758,Ruben Roosken,Haut,0.691,Moyen,0.653,,,,,estime EA,,
1081081,Sonny Carey,Moyen,0.509,Moyen,0.377,,,,,estime EA,,
1441441,Vinicius Nogueira,Haut,0.745,Moyen,0.634,,,,,estime EA,,Intercept|Jockey
1573563,Adam Aznou,Bas,0.309,Moyen,0.51,,,,,estime EA,,
1664552,Mateo Flores,Moyen,0.455,Moyen,0.406,,,,,estime EA,,
279456,Tom Barkhuizen,Moyen,0.491,Moyen,0.583,,,,,estime EA,,
496356,Ryan Thomas,Moyen,0.527,Moyen,0.536,Haut,0.965,,,estime EA,,Technical
863865,Niall Ennis,Moyen,0.509,Moyen,0.61,,,,,estime EA,,
444485,Thore Pedersen,Moyen,0.6,Moyen,0.484,,,,,estime EA,,
640626,Daniel Harvie,Haut,0.836,Haut,0.701,,,,,estime EA,,Long Throw
768697,Jordan Williams,Moyen,0.564,Moyen,0.581,,,,,estime EA,,Anticipate|Block|Jockey
775666,Odysseus Velanas,Haut,0.691,Moyen,0.612,Haut,0.841,,,estime EA,,
1073476,Maxwell Gyamfi,Haut,0.727,Moyen,0.657,,,,,estime EA,,Block|Jockey
998290,Massimo Bertagnoli,Moyen,0.636,Moyen,0.478,,,,,estime EA,,
1110725,Ennio van der Gouw,Bas,-0.273,Bas,-0.038,Moyen,0.511,,,estime EA,,
950660,Nathanael Ogbeta,Moyen,0.618,Moyen,0.644,,,,,estime EA,,
922897,Álex Petxa,Haut,0.818,Haut,0.663,,,,,estime EA,,Long Throw|Whipped Pass
1413628,Gonçalo Nogueira,Moyen,0.509,Moyen,0.499,Haut,0.932,,,estime EA,,
643482,Derrick Etienne,Moyen,0.4,Moyen,0.597,,,,,estime EA,,Technical
260563,Thomas Monconduit,Moyen,0.491,Bas,0.207,,,,,estime EA,,
700075,Dominik Pelivan,Haut,0.873,Moyen,0.542,,,,,estime EA,,Aerial Fortress|Press Proven
1044785,Ivan Mesík,Moyen,0.582,Moyen,0.487,Moyen,0.337,,,estime EA,,Long Throw
918328,Cameron Harper,Moyen,0.527,Haut,0.669,,,,,estime EA,,Technical
1196739,Calvin Twigt,Haut,0.673,Moyen,0.34,Moyen,0.397,,,estime EA,,
1253868,Joe Whitworth,Bas,-0.418,Bas,-0.086,,,,,estime EA,,Far Throw|Footwork
1531531,Tim Janisch,Moyen,0.509,Moyen,0.61,,,,,estime EA,,
1374498,Diogo Prioste,Moyen,0.436,Moyen,0.429,,,,,estime EA,,
299736,Alexis Sauvage,Bas,-0.109,Bas,0.007,,,,,estime EA,,
982335,Tobias Raschl,Moyen,0.636,Moyen,0.529,,,,,estime EA,,Incisive Pass|Press Proven
862686,Erik Engelhardt,Haut,0.782,Moyen,0.658,,,,,estime EA,,Gamechanger
1188316,Ilias Koutsoupias,Moyen,0.655,Moyen,0.516,,,,,estime EA,,Slide Tackle
1310438,Justin Heekeren,Bas,-0.145,Bas,-0.079,,,,,estime EA,,Footwork
1327325,Callum Marshall,Haut,0.873,Haut,0.664,,,,,estime EA,,
1605140,Javi Villar,Moyen,0.418,Bas,0.32,,,,,estime EA,,
402762,Liam Roberts,Bas,-0.164,Bas,-0.004,Haut,0.697,,,estime EA,,Far Throw|Footwork|Rush Out
435667,Andreas Geipl,Moyen,0.618,Moyen,0.563,,,,,estime EA,,Jockey|Slide Tackle
643230,Tyler Roberts,Moyen,0.4,Moyen,0.455,,,,,estime EA,,
518500,Dillon Phillips,Bas,-0.036,Bas,0.067,,,,,estime EA,,
560976,Janik Bachmann,Haut,0.727,Moyen,0.423,,,,,estime EA,,Aerial Fortress|Bruiser
554961,Dennis Chessa,Moyen,0.545,Moyen,0.503,,,,,estime EA,,Dead Ball
767207,Jeppe Okkels,Moyen,0.545,Moyen,0.655,,,,,estime EA,,Technical|Whipped Pass
787127,Etienne Amenyido,Moyen,0.436,Moyen,0.602,,,,,estime EA,,
642153,Emir Karic,Haut,0.673,Moyen,0.564,Haut,0.893,,,estime EA,,
852048,Christopher Lungoyi,Bas,0.255,Moyen,0.6,Moyen,0.349,,,estime EA,,
1336717,Joe Taylor,Moyen,0.473,Haut,0.687,,,,,estime EA,,
1374504,João Tomé,Moyen,0.491,Moyen,0.542,Haut,0.692,,,estime EA,,
463871,Reece James,Moyen,0.545,Moyen,0.554,,,,,estime EA,,
774332,Nathan Baxter,Bas,-0.164,Bas,-0.096,,,,,estime EA,,Deflector|Footwork
862022,Tudor Baluta,Moyen,0.436,Moyen,0.358,,,,,estime EA,,
971794,Mounaïm El Idrissy,Moyen,0.545,Moyen,0.513,,,,,estime EA,,Aerial Fortress|Finesse Shot
1216728,Bartug Elmaz,Bas,0.291,Bas,0.299,Haut,0.875,,,estime EA,,Long Ball Pass
467024,Hidde Jurjus,Bas,0.0,Bas,0.071,Haut,0.76,,,estime EA,,
612184,Vasile Mogos,Bas,0.236,Bas,0.217,,,,,estime EA,,Long Throw
840947,Sebastian Klaas,Moyen,0.636,Moyen,0.651,,,,,estime EA,,Inventive
1024959,Jan Zamburek,Haut,0.709,Moyen,0.538,Haut,0.718,,,estime EA,,Long Ball Pass
1089478,Mathias Olesen,Bas,0.291,Moyen,0.34,,,,,estime EA,,
1109486,Kazeem Olaigbe,Moyen,0.582,Haut,0.721,Bas,0.224,,,estime EA,,
1366338,Felix Keidel,Moyen,0.6,Moyen,0.596,,,,,estime EA,,Long Ball Pass
844186,Pedrinho,Moyen,0.418,Moyen,0.452,Bas,0.211,,,estime EA,,
1669637,Pablo Garcia,Moyen,0.345,Moyen,0.504,,,,,estime EA,,
24123,Jonathan de Guzmán,Bas,0.327,Bas,0.243,,,,,estime EA,,
243789,Victor Garcia,Moyen,0.545,Moyen,0.574,,,,,estime EA,,Long Throw|Slide Tackle
514693,Lyes Houri,Moyen,0.491,Moyen,0.644,,,,,estime EA,,Inventive|Technical
843101,John McAtee,Moyen,0.436,Moyen,0.581,,,,,estime EA,,Low Driven Shot
864894,Josh Earl,Haut,0.673,Moyen,0.544,,,,,estime EA,,Intercept|Jockey
964099,Leon Schneider,Moyen,0.545,Moyen,0.533,,,,,estime EA,,Anticipate|Jockey|Long Throw
1366222,Luis Sanchez,Moyen,0.618,Moyen,0.491,,,,,estime EA,,Technical
1324890,Cihan Çanak,Moyen,0.364,Moyen,0.573,Haut,0.807,,,estime EA,,
683355,Sævar Atli Magnusson,Moyen,0.636,Moyen,0.621,,,,,estime EA,,Dead Ball
1358339,Jamie McDonnell,Haut,0.836,Moyen,0.548,,,,,estime EA,,Aerial Fortress
554971,Mario Engels,Moyen,0.473,Moyen,0.606,Bas,0.048,,,estime EA,,
470815,Tiago Sá,Bas,-0.255,Bas,-0.051,,,,,estime EA,,
1029024,Lewis Miller,Moyen,0.618,Moyen,0.471,,,,,estime EA,,Intercept|Long Throw|Precision Header|Slide Tackle
1256176,Tika de Jonge,Moyen,0.655,Moyen,0.526,Moyen,0.336,,,estime EA,,
1337765,Junnosuke Suzuki,Moyen,0.347,Moyen,0.568,Haut,0.8,10220,9.9,mesure FotMob,,
625581,Florian Bohnert,Haut,0.709,Haut,0.69,,,,,estime EA,,Intercept
1624587,Jeremy Agbonifo,Moyen,0.345,Moyen,0.606,,,,,estime EA,,
1669619,Izan Merino,Moyen,0.545,Moyen,0.361,,,,,estime EA,,
862292,Isaiah Young,Moyen,0.582,Haut,0.701,,,,,estime EA,,Quick Step|Technical
1451469,Raul Paula,Moyen,0.582,Moyen,0.558,Bas,0.203,,,estime EA,,
1254278,Jimi Gower,Moyen,0.527,Moyen,0.506,,,,,estime EA,,
202063,Oliver Turton,Moyen,0.564,Moyen,0.49,,,,,estime EA,,
480790,Paul Mullin,Moyen,0.527,Moyen,0.506,,,,,estime EA,,Chip Shot|Finesse Shot|Precision Header
747765,Sam Schreck,Haut,1,Haut,0.794,,,,,estime EA,oui,Relentless|Tiki Taka
1085390,Vasilios Zagaritis,Moyen,0.636,Moyen,0.631,Haut,0.827,,,estime EA,,
1053736,Elijah Just,Moyen,0.364,Moyen,0.593,,,,,estime EA,,Technical
1187449,Florian Bianchini,Moyen,0.491,Moyen,0.654,,,,,estime EA,,
1292100,Norman Bassette,Moyen,0.509,Moyen,0.631,,,,,estime EA,,
1031428,Daniel Håkans,Moyen,0.618,Haut,0.766,,,,,estime EA,,Quick Step|Rapid
1899609,Miguel Silva,Moyen,0.545,Moyen,0.523,,,,,estime EA,,Intercept
241996,George Long,Bas,-0.164,Bas,-0.167,,,,,estime EA,,Far Throw
815566,Bryan Lasme,Moyen,0.509,Moyen,0.61,,,,,estime EA,,Aerial Fortress|Rapid
955971,Ilias Bronkhorst,Moyen,0.564,Moyen,0.5,Haut,0.825,,,estime EA,,
881590,Yahav Gurfinkel,Haut,0.909,Haut,0.811,,,,,estime EA,,Press Proven|Quick Step|Whipped Pass
231596,Lee Nicholls,Bas,-0.2,Bas,-0.08,,,,,estime EA,,Far Throw
330467,Joe Rafferty,Moyen,0.636,Moyen,0.519,,,,,estime EA,,
583435,Jason Kerr,Moyen,0.582,Moyen,0.528,,,,,estime EA,,Aerial Fortress|Anticipate
1079216,Charles-Andreas Brym,Moyen,0.655,Haut,0.699,Moyen,0.608,,,estime EA,,Rapid
1198713,Adam Gabriel,Moyen,0.509,Moyen,0.499,,,,,estime EA,,
1019019,Simone Trimboli,Moyen,0.527,Moyen,0.465,,,,,estime EA,,Incisive Pass
1553514,Mahamadou Nagida,Moyen,0.4,Moyen,0.516,Haut,0.977,,,estime EA,,
1246599,Barnabás Nagy,Moyen,0.509,Moyen,0.529,,,,,estime EA,,
805743,Arvid Brorsson,Moyen,0.582,Moyen,0.365,,,,,estime EA,,
971582,Lukas Schleimer,Haut,0.745,Haut,0.664,,,,,estime EA,,Precision Header|Technical
1220583,Jack Currie,Haut,0.727,Haut,0.698,,,,,estime EA,,
955586,Mohamed Bouldini,Haut,0.745,Moyen,0.542,,,,,estime EA,,Enforcer
1180746,Christian Rasmussen,Moyen,0.436,Moyen,0.602,,,,,estime EA,,
1231074,Matías Rocha,Moyen,0.436,Bas,0.317,Bas,0.153,,,estime EA,,Slide Tackle
1448033,Alex Calvo,Moyen,0.345,Moyen,0.575,,,,,estime EA,,Gamechanger|Incisive Pass|Technical
956176,Nordin Bakker,Bas,-0.055,Bas,-0.022,,,,,estime EA,,Rush Out
1302121,Brian Cipenga,Moyen,0.545,Moyen,0.625,,,,,estime EA,,
194632,Mika,Bas,-0.018,Bas,-0.038,,,,,estime EA,,
406928,Jamie Reid,Moyen,0.618,Moyen,0.634,,,,,estime EA,,Gamechanger|Low Driven Shot
1417095,Kamiel van de Perre,Haut,0.814,Bas,0.274,Haut,0.99,11341,6.9,mesure FotMob,,Slide Tackle
1079080,Filip Stojilkovic,Moyen,0.4,Moyen,0.587,Bas,0.0,,,estime EA,,
1206542,Suleiman Camara,Moyen,0.491,Moyen,0.644,,,,,estime EA,,
1348497,Kayne van Oevelen,Bas,-0.345,Bas,-0.25,Haut,0.864,,,estime EA,,
1484998,Mamadou Diakhon,Bas,0.299,Haut,0.771,,,10104,12.9,mesure FotMob,,
1310440,Javi Rueda,Moyen,0.527,Moyen,0.587,Moyen,0.634,,,estime EA,,
775612,Jordan Gabriel,Moyen,0.6,Moyen,0.637,,,,,estime EA,,Long Throw
506322,Marco Bleve,Bas,-0.218,Bas,-0.28,,,,,estime EA,,
782363,Daniel Popa,Haut,0.841,Haut,0.711,,,,,estime EA,oui,Enforcer|Relentless
859042,Show,Moyen,0.473,Moyen,0.443,Moyen,0.585,,,estime EA,,
1132183,Luca Schuler,Moyen,0.655,Haut,0.669,,,,,estime EA,,Chip Shot|Enforcer
1224691,Ahmed Qasem,Bas,0.309,Moyen,0.459,,,,,estime EA,,
1409928,Thimothée Lo-Tutala,Bas,-0.364,Bas,-0.176,,,,,estime EA,,Footwork
1514624,Rayan Lutin,Moyen,0.491,Moyen,0.583,,,,,estime EA,,
1603715,Cherrion Valerius,Moyen,0.473,Moyen,0.525,Haut,0.744,,,estime EA,,
627016,Jack Walton,Bas,-0.273,Bas,-0.17,,,,,estime EA,,Far Reach
930184,Mathias Jørgensen,Moyen,0.527,Moyen,0.618,,,,,estime EA,,
861811,Júnior Brumado,Moyen,0.545,Moyen,0.462,Haut,0.856,,,estime EA,,Technical
1053677,Amadou Sagna,Moyen,0.6,Haut,0.718,,,,,estime EA,,Rapid
1516829,Abdoulaye Kanté,Moyen,0.636,Moyen,0.56,,,,,estime EA,,
1555161,Nicolo Radaelli,Haut,0.709,Moyen,0.619,,,,,estime EA,,
299572,Terence Kongolo,Bas,0.091,Bas,0.189,,,,,estime EA,,Long Throw|Slide Tackle
208514,Oscar Lewicki,Haut,0.727,Moyen,0.403,,,,,estime EA,,Long Ball Pass|Slide Tackle|Tiki Taka
798643,Hayden Coulson,Moyen,0.509,Moyen,0.59,,,,,estime EA,,Technical
1087574,Casper Terho,Moyen,0.4,Moyen,0.485,,,,,estime EA,,
1254762,Stanley Mills,Moyen,0.418,Moyen,0.523,,,,,estime EA,,
1578104,Jérémy Sebas,Moyen,0.473,Moyen,0.565,,,,,estime EA,,
861001,Balázs Tóth,Bas,-0.145,Bas,-0.18,,,,,estime EA,,
865934,Wes Harding,Moyen,0.509,Moyen,0.458,,,,,estime EA,,Long Throw
831035,Pelle Boevink,Bas,-0.327,Bas,-0.202,,,,,estime EA,,Long Ball Pass
864145,Grégoire Coudert,Bas,-0.273,Bas,-0.15,Bas,0.233,,,estime EA,,
850311,Rigoberto Rivas,Moyen,0.491,Moyen,0.583,Moyen,0.483,,,estime EA,,Whipped Pass
999138,Manu Justo,Moyen,0.491,Moyen,0.542,,,,,estime EA,,
873572,Boy Kemper,Moyen,0.527,Moyen,0.475,Moyen,0.626,,,estime EA,,Slide Tackle
1338957,Bambase Conte,Moyen,0.436,Moyen,0.52,,,,,estime EA,,
1345053,Brais Martinez,Moyen,0.364,Moyen,0.501,,,,,estime EA,,
189075,James Collins,Moyen,0.545,Moyen,0.33,,,,,estime EA,,Enforcer|Precision Header
698499,Luke Thomas,Moyen,0.491,Moyen,0.654,,,,,estime EA,,Technical
889626,Lenny Pintor,Bas,0.327,Moyen,0.589,Haut,0.978,,,estime EA,,Quick Step|Rapid
913198,Dominique Guidi,Haut,0.745,Moyen,0.603,,,,,estime EA,,Anticipate|Long Throw
1014136,Malthe Højholt,Moyen,0.564,Moyen,0.459,Bas,0.258,,,estime EA,,
996894,Ebrima Colley,Bas,0.309,Moyen,0.571,,,,,estime EA,,Rapid
1167473,Mamadou Camara,Haut,0.673,Moyen,0.595,,,,,estime EA,,Long Ball Pass
1286656,Lasse Rieß,Bas,-0.327,Bas,-0.212,,,,,estime EA,,Far Throw
560165,Samy Mmaee,Moyen,0.436,Moyen,0.408,,,,,estime EA,,Jockey|Long Ball Pass
1012843,João Valido,Bas,-0.309,Bas,-0.276,Haut,0.81,,,estime EA,,
782557,Sam Kersten,Moyen,0.345,Moyen,0.403,Moyen,0.46,,,estime EA,,
1192419,Oleg Ocheretko,Moyen,0.473,Moyen,0.453,Bas,0.259,,,estime EA,,
1428427,Nobel Mendy,Moyen,0.345,Bas,0.321,Moyen,0.378,,,estime EA,,
1640832,Arsène Kouassi,Moyen,0.491,Moyen,0.532,Moyen,0.347,,,estime EA,,
748861,Kai Brünker,Haut,0.727,Moyen,0.423,,,,,estime EA,,Enforcer|Precision Header
942354,Felix Mambimbi,Bas,0.218,Moyen,0.555,Moyen,0.61,,,estime EA,,Rapid
1114359,Marco Burch,Haut,0.691,Moyen,0.571,,,,,estime EA,,
1218841,Théo De Percin,Bas,-0.236,Bas,-0.247,Bas,0.157,,,estime EA,,
1279694,Ben Bobzien,Bas,0.145,Moyen,0.424,,,,,estime EA,,
1290484,Leandro Morgalla,Moyen,0.582,Moyen,0.589,,,,,estime EA,,Anticipate|Jockey
1187317,Ben Nelson,Moyen,0.545,Moyen,0.503,,,,,estime EA,,
1406300,Deniz Gül,Moyen,0.382,Moyen,0.437,Bas,0.03,,,estime EA,,
1436937,Villads Nielsen,Moyen,0.473,Moyen,0.403,,,,,estime EA,,
178833,Sebastian Polter,Moyen,0.4,Bas,0.313,,,,,estime EA,,Aerial Fortress|Enforcer
560386,Dominic Baumann,Moyen,0.382,Moyen,0.387,,,,,estime EA,,Enforcer|Gamechanger
615292,Andreas Helmersen,Moyen,0.509,Moyen,0.478,,,,,estime EA,,
958011,Antoine Baroan,Bas,0.182,Moyen,0.49,,,,,estime EA,,
1000011,Christian Conteh,Moyen,0.564,Haut,0.775,Bas,0.018,,,estime EA,,Quick Step|Rapid
1050301,Yaw Ackah,Moyen,0.491,Bas,0.298,,,,,estime EA,,
766159,Jordy Caicedo,Moyen,0.436,Moyen,0.408,,,,,estime EA,,
1432750,Moussa Soumano,Moyen,0.455,Moyen,0.528,Bas,0.2,,,estime EA,,Press Proven
1436271,Kolja Oudenne,Moyen,0.436,Moyen,0.5,,,,,estime EA,,
1410437,Aleksandar Stankovic,Haut,0.936,Moyen,0.335,Haut,0.753,11812,7.7,mesure FotMob,,Aerial Fortress|Dead Ball|Intercept
789565,Dan Kemp,Haut,0.709,Haut,0.731,,,,,estime EA,,Dead Ball|Low Driven Shot
1334805,Lamine Sy,Moyen,0.509,Haut,0.671,Haut,0.855,,,estime EA,,
1510950,Marin Soticek,Moyen,0.473,Moyen,0.545,,,,,estime EA,,Rapid
679315,Macaulay Gillesphey,Moyen,0.6,Moyen,0.362,,,,,estime EA,,Aerial Fortress|Block
560391,Franz Pfanne,Haut,0.764,Moyen,0.417,,,,,estime EA,,Aerial Fortress|Block|Intercept
1189214,Tommaso Maggioni,Moyen,0.618,Moyen,0.502,,,,,estime EA,,
1611223,Kento Shiogai,Bas,0.2,Moyen,0.538,Moyen,0.514,,,estime EA,,Quick Step
109491,Jay Rodriguez,Bas,0.273,Bas,0.19,,,,,estime EA,,
956863,Christian Kinsombi,Moyen,0.455,Moyen,0.599,,,,,estime EA,,Low Driven Shot|Rapid
1235421,Anthony Oyono,Haut,0.818,Moyen,0.612,,,,,estime EA,,
1668294,Gabin Bernardeau,Bas,0.327,Moyen,0.375,,,,,estime EA,,
425980,Aleksandar Jovanovic,Bas,-0.236,Bas,-0.278,Bas,0.199,,,estime EA,,Far Throw
968939,Kion Etete,Bas,0.309,Moyen,0.337,,,,,estime EA,,
1019583,Godson Kyeremeh,Bas,0.291,Moyen,0.625,,,,,estime EA,,Quick Step|Technical
1122563,Sam Bell,Moyen,0.455,Moyen,0.599,,,,,estime EA,,
1514625,Amin Cherni,Haut,0.836,Haut,0.731,Bas,0.283,,,estime EA,,Intercept
1531402,Dies Janse,Moyen,0.436,Moyen,0.398,Bas,0.279,,,estime EA,,
1669629,Honest Ahanor,Moyen,0.62,Moyen,0.596,Haut,0.832,10787,10.3,mesure FotMob,,
844444,Kevin Csoboth,Moyen,0.509,Haut,0.682,,,,,estime EA,,
784441,Lars Dietz,Moyen,0.582,Moyen,0.385,,,,,estime EA,,Long Ball Pass
1186610,Erdem Canpolat,Bas,-0.091,Bas,-0.169,Bas,0.208,,,estime EA,,
1353053,Milan Smit,Haut,0.673,Moyen,0.544,Bas,0.017,,,estime EA,,
1281558,Yusuf Kabadayi,Moyen,0.345,Moyen,0.586,Moyen,0.415,,,estime EA,,Finesse Shot
1185266,Dickson Abiama,Moyen,0.491,Moyen,0.623,,,,,estime EA,,
1332025,Lucas Noubi,Moyen,0.491,Moyen,0.532,,,,,estime EA,,
1370583,Jaden Slory,Bas,0.327,Moyen,0.568,Moyen,0.656,,,estime EA,,
13917,Liam Kelly,Bas,0.236,Bas,0.054,,,,,estime EA,,
516273,Matthew Pennington,Moyen,0.618,Moyen,0.43,,,,,estime EA,,Anticipate|Long Throw
1113688,Ali Al Hamadi,Moyen,0.509,Moyen,0.61,,,,,estime EA,,
1269329,James Abankwah,Bas,0.309,Moyen,0.449,,,,,estime EA,,
1035291,Taofeek Ismaheel,Haut,0.709,Haut,0.701,Moyen,0.358,,,estime EA,,Press Proven
1359577,Miliano Jonathans,Moyen,0.455,Moyen,0.538,Bas,0.324,,,estime EA,,
1435833,Adrian Przyborek,Moyen,0.436,Moyen,0.51,,,,,estime EA,,
1242254,Emmanuel Maviram,Moyen,0.582,Moyen,0.538,Bas,0.33,,,estime EA,,
1334830,Nathan Lowe,Moyen,0.4,Moyen,0.404,,,,,estime EA,,First Touch
1118906,Nelson Abbey,Moyen,0.4,Moyen,0.496,Moyen,0.561,,,estime EA,,
979511,Lex-Tyger Lobinger,Moyen,0.473,Moyen,0.464,,,,,estime EA,,Enforcer
1049754,Vaclav Sejk,Moyen,0.4,Moyen,0.516,Moyen,0.592,,,estime EA,,
1436220,Felipe Sanchez,Haut,0.8,Moyen,0.513,,,,,estime EA,,
1412956,Paris Brunner,Bas,0.273,Moyen,0.404,,,,,estime EA,,Technical
1050186,Giuseppe Di Serio,Moyen,0.418,Moyen,0.452,,,,,estime EA,,
820971,Soner Gönül,Moyen,0.473,Moyen,0.535,Haut,0.721,,,estime EA,,
1412131,Jan Paluska,Moyen,0.382,Moyen,0.417,,,,,estime EA,,
1603990,Noah Edjouma,Moyen,0.4,Moyen,0.455,,,,,estime EA,,
1251656,Zsombor Gruber,Bas,0.291,Moyen,0.462,,,,,estime EA,,
1800282,Josema,Moyen,0.382,Moyen,0.346,,,,,estime EA,,Intercept|Jockey|Long Ball Pass
641218,Rafael Barbosa,Bas,0.327,Moyen,0.477,Bas,0.183,,,estime EA,,Technical
1054033,Konrad de la Fuente,Bas,-0.055,Moyen,0.385,,,,,estime EA,,Rapid
1292134,Ethan Pye,Moyen,0.564,Moyen,0.49,,,,,estime EA,,
517829,Ettore Gliozzi,Moyen,0.4,Bas,0.302,,,,,estime EA,,Press Proven
1254170,Amario Cozier-Duberry,Bas,0.255,Moyen,0.529,,,,,estime EA,,
1294751,Moritz Flotho,Moyen,0.491,Moyen,0.451,,,,,estime EA,,Enforcer
867417,Gabriele Corbo,Moyen,0.455,Bas,0.314,,,,,estime EA,,Long Ball Pass
1280040,Louis Breunig,Moyen,0.6,Moyen,0.494,,,,,estime EA,,Block|Long Ball Pass
1642587,Alessandro Debenedetti,Moyen,0.436,Moyen,0.378,,,,,estime EA,,
1237656,Vando Felix,Bas,0.236,Moyen,0.532,,,,,estime EA,,
506248,Ivan Marconi,Bas,0.273,Bas,0.292,,,,,estime EA,,Aerial Fortress
1463260,Juho Talvitie,Moyen,0.455,Moyen,0.609,Moyen,0.533,,,estime EA,,Quick Step|Technical
1337926,Vanja Vlahovic,Moyen,0.455,Moyen,0.446,,,,,estime EA,,
620154,Florian Pick,Moyen,0.418,Moyen,0.605,,,,,estime EA,,Technical
1161614,Apostolos Konstantopoulos,Moyen,0.618,Moyen,0.359,,,,,estime EA,,Slide Tackle
1593857,Ibrahim Mbaye,Bas,0.2,Moyen,0.466,Moyen,0.423,,,estime EA,,
540903,Zan Zuzek,Moyen,0.345,Moyen,0.514,Moyen,0.361,,,estime EA,,Slide Tackle
1436230,Sergio Rodelas,Bas,0.182,Moyen,0.429,,,,,estime EA,,
357224,Adrian Dabasse,Moyen,0.545,Moyen,0.361,,,,,estime EA,,
1515970,Julian Kania,Bas,0.236,Moyen,0.369,,,,,estime EA,,Enforcer
1641063,Noahkai Banks,Moyen,0.436,Moyen,0.368,Moyen,0.474,,,estime EA,,
1203192,Jenson Seelt,Moyen,0.4,Moyen,0.414,Moyen,0.632,,,estime EA,,
1581722,Abdelhamid Aït Boudlal,Bas,0.291,Moyen,0.34,Moyen,0.595,,,estime EA,,
1735453,Yan Diomande,Bas,0.273,Moyen,0.404,Haut,0.864,,,estime EA,,
1412942,Alan Matturro,Moyen,0.473,Moyen,0.413,Haut,0.722,,,estime EA,,
874272,Ivan Nekic,Moyen,0.545,Moyen,0.462,,,,,estime EA,,
1123627,Maël de Gevigney,Moyen,0.582,Moyen,0.477,,,,,estime EA,,Aerial Fortress|Intercept|Long Ball Pass
1370087,Pablo Sáenz,Bas,0.236,Moyen,0.41,,,,,estime EA,,
916092,Imad Rondic,Moyen,0.382,Moyen,0.366,,,,,estime EA,,Enforcer
693575,Dan Scarr,Moyen,0.618,Moyen,0.369,,,,,estime EA,,
957440,Peter Ouaneh,Moyen,0.636,Moyen,0.57,,,,,estime EA,,
1436436,Alessandro Marcandalli,Bas,0.291,Bas,0.31,Bas,0.176,,,estime EA,,
720222,Danilo Quaranta,Moyen,0.473,Moyen,0.342,,,,,estime EA,,
1113907,Josh Coburn,Moyen,0.491,Moyen,0.339,,,,,estime EA,,Enforcer
955800,Kevin Medina,Bas,0.143,Moyen,0.541,Haut,0.922,9636,9.6,mesure FotMob,,
1479742,Joane Gadou,Moyen,0.436,Moyen,0.459,Haut,0.87,,,estime EA,,Long Ball Pass
1340071,Jeyland Mitchell,Bas,0.073,Moyen,0.395,,,,,estime EA,,Bruiser|Long Throw|Slide Tackle
956661,Edwin Quarshie,Bas,0.291,Bas,0.208,,,,,estime EA,,
1183360,Yousef Salech,Moyen,0.509,Moyen,0.438,,,,,estime EA,,Enforcer
993805,Miguel Nóbrega,Moyen,0.545,Moyen,0.401,Bas,0.098,,,estime EA,,
919330,Bahlul Mustafazada,Bas,0.127,Bas,0.253,Bas,0.012,9542,6.6,mesure FotMob,,
1003309,Jordi Escobar,Bas,0.127,Bas,0.264,,,,,estime EA,,
1070974,Christian Marques,Bas,0.182,Bas,0.164,Bas,0.093,,,estime EA,,
1162008,Hristiyan Petrov,Moyen,0.491,Moyen,0.42,Moyen,0.626,,,estime EA,,
1450813,Joel Bichsel,Bas,0.291,Bas,0.249,,,,,estime EA,,Long Ball Pass
1526621,Nosa Edward Obaretin,Moyen,0.418,Bas,0.31,,,,,estime EA,,
1174305,David Sousa,Bas,0.255,Bas,0.193,Haut,0.746,,,estime EA,,
1389477,Arnau Solà,Bas,0.273,Bas,0.312,Bas,0.276,,,estime EA,,
516803,Einar Galilea,Moyen,0.436,Bas,0.317,,,,,estime EA,,
230134,Roberto Lopes,Moyen,0.582,Bas,0.212,Moyen,0.554,,,estime EA,,Aerial Fortress|Anticipate|Block|Intercept|Jockey|Long Ball Pass|Slide Tackle
1212179,Facundo González,Moyen,0.4,Bas,0.272,,,,,estime EA,,
725256,Dame Guèye,Bas,0.182,Bas,0.286,,,,,estime EA,,
884542,Florian Carstens,Moyen,0.364,Bas,0.237,,,,,estime EA,,Jockey|Long Ball Pass
1643774,Yaël Mouanga,Bas,0.255,Bas,0.234,,,,,estime EA,,
1520184,Mariano Troilo,Bas,0.327,Bas,0.07,Moyen,0.424,,,estime EA,,
186087,Ryan Tafazolli,Moyen,0.491,Bas,0.176,,,,,estime EA,,Aerial Fortress|Bruiser|Precision Header
470638,Marc Roberts,Moyen,0.473,Bas,0.189,,,,,estime EA,,Aerial Fortress|Long Throw
1327513,Giorgio Cittadini,Bas,0.036,Bas,0.065,,,,,estime EA,,
1197337,Baba Alhassan,Haut,0.727,Haut,0.708,Haut,0.891,,,estime EA,,Slide Tackle
364547,Alex Gilbey,Haut,0.927,Haut,0.727,,,,,estime EA,,Low Driven Shot|Power Shot|Precision Header
1264368,Junior Olaïtan,Moyen,0.655,Haut,0.679,Haut,0.78,,,estime EA,,Gamechanger|Incisive Pass|Quick Step
1276045,Bosun Lawal,Moyen,0.655,Moyen,0.547,,,,,estime EA,,Long Throw|Press Proven
1338696,Alex Freeman,Moyen,0.655,Haut,0.699,Haut,0.955,,,estime EA,,
1387313,Taylor Luvambo,Bas,0.018,Moyen,0.516,,,,,estime EA,,Quick Step
743471,Reece Cole,Moyen,0.545,Moyen,0.533,,,,,estime EA,,Dead Ball|Inventive|Pinged Pass
881519,Tom Bayliss,Moyen,0.618,Moyen,0.634,,,,,estime EA,,Technical
815772,Corey O'Keeffe,Haut,0.932,Haut,0.88,,,,,estime EA,oui,Relentless
932610,Odin Bailey,Moyen,0.618,Haut,0.664,,,,,estime EA,,Technical
854069,Nils Fröling,Haut,0.782,Moyen,0.638,,,,,estime EA,,Long Throw
1070794,Joe Hodge,Moyen,0.545,Moyen,0.655,Haut,0.729,,,estime EA,,
923281,Ethan Hamilton,Haut,0.782,Moyen,0.567,,,,,estime EA,,Power Shot
210797,Nick Powell,Moyen,0.382,Moyen,0.417,,,,,estime EA,,Slide Tackle
766650,Jordan Shipley,Moyen,0.6,Moyen,0.484,,,,,estime EA,,Whipped Pass
634260,Christian Kühlwetter,Haut,0.836,Moyen,0.66,,,,,estime EA,,
1178444,Cisse Sandra,Haut,0.855,Moyen,0.616,,,,,estime EA,,
1429600,Pontus Dahbo,Haut,0.673,Moyen,0.656,,,,,estime EA,,
281205,André Sousa,Bas,0.273,Moyen,0.384,,,,,estime EA,,Long Ball Pass
1069936,Abraham Odoh,Moyen,0.364,Moyen,0.623,,,,,estime EA,,Inventive|Quick Step|Rapid
289486,Simon Handle,Haut,0.745,Haut,0.766,,,,,estime EA,,Quick Step|Rapid
488297,Axel Borgmann,Haut,0.782,Moyen,0.597,,,,,estime EA,,
820094,Cohen Bramall,Moyen,0.527,Haut,0.74,,,,,estime EA,,Quick Step|Rapid
858340,Amir Al-Ammari,Moyen,0.509,Moyen,0.468,,,,,estime EA,,Intercept
795404,Will Evans,Haut,0.909,Haut,0.75,,,,,estime EA,,Precision Header
1347713,George Abbott,Haut,0.764,Moyen,0.641,,,,,estime EA,,Intercept|Long Ball Pass|Technical
1116148,Christian Saydee,Moyen,0.564,Moyen,0.561,,,,,estime EA,,
1276314,Noah Naujoks,Haut,1,Haut,0.798,Moyen,0.539,,,estime EA,oui,Relentless
581517,Ibou Touray,Haut,1,Haut,0.933,,,,,estime EA,oui,Relentless|Whipped Pass
541830,Tom James,Haut,0.782,Moyen,0.577,,,,,estime EA,,Long Ball Pass|Long Throw|Power Shot
939538,Burak Kapacak,Moyen,0.473,Moyen,0.565,,,,,estime EA,,
1214053,Tim Civeja,Moyen,0.636,Moyen,0.519,,,,,estime EA,,Press Proven
933544,Luca Herrmann,Moyen,0.655,Moyen,0.597,,,,,estime EA,,Anticipate|Incisive Pass|Press Proven
158979,Stefan Hierländer,Moyen,0.491,Moyen,0.369,,,,,estime EA,,
817731,Luke Southwood,Bas,-0.145,Bas,0.084,,,,,estime EA,,Far Reach|Rush Out
1367587,Laurin Ulrich,Moyen,0.4,Moyen,0.496,,,,,estime EA,,First Touch|Inventive|Press Proven
979749,Eddy Sylvestre,Moyen,0.564,Moyen,0.551,,,,,estime EA,,
1078251,Titouan Thomas,Moyen,0.527,Moyen,0.435,,,,,estime EA,,Aerial Fortress|Precision Header
1323483,Yayo,Moyen,0.545,Moyen,0.554,,,,,estime EA,,
1180500,Harvey Vale,Moyen,0.509,Moyen,0.56,,,,,estime EA,,
1342969,Sem Scheperman,Haut,0.673,Moyen,0.523,Haut,0.85,,,estime EA,,Slide Tackle
605257,Gethin Jones,Haut,0.764,Moyen,0.631,,,,,estime EA,,
1356804,Tom Moustier,Moyen,0.582,Moyen,0.477,,,,,estime EA,,
658477,Jordan Houghton,Haut,0.709,Moyen,0.487,,,,,estime EA,,
689697,Matthias Verreth,Moyen,0.636,Moyen,0.59,,,,,estime EA,,
961984,Callum Wright,Moyen,0.564,Moyen,0.52,,,,,estime EA,,
1107735,Sphephelo Sithole,Moyen,0.473,Moyen,0.423,Haut,0.8,,,estime EA,,
1317322,Elijah Krahn,Moyen,0.473,Moyen,0.494,,,,,estime EA,,
1324082,Martin Adeline,Moyen,0.6,Moyen,0.494,,,,,estime EA,,Technical
613181,Jodi Jones,Moyen,0.491,Haut,0.695,,,,,estime EA,,Inventive|Quick Step|Whipped Pass
1337642,David González,Moyen,0.473,Moyen,0.403,,,,,estime EA,,
729449,Callum Connolly,Moyen,0.6,Moyen,0.413,,,,,estime EA,,
888884,Andy Lyons,Moyen,0.564,Moyen,0.551,,,,,estime EA,,
1108605,Matthew Garbett,Moyen,0.618,Moyen,0.593,,,,,estime EA,,
632929,Mads Sande,Haut,0.877,Haut,0.777,,,,,estime EA,oui,Relentless
1359270,Milan Robin,Moyen,0.618,Moyen,0.522,,,,,estime EA,,
1697214,Ben Winterburn,Moyen,0.473,Moyen,0.443,,,,,estime EA,,
636392,James Tilley,Haut,0.745,Haut,0.664,,,,,estime EA,,Finesse Shot|Technical
729738,Sean Clare,Moyen,0.491,Moyen,0.522,,,,,estime EA,,Jockey
980310,George Nurse,Moyen,0.436,Moyen,0.5,,,,,estime EA,,Long Throw
961206,Tobias Reinhart,Moyen,0.455,Moyen,0.436,,,,,estime EA,,
1603284,Kealey Adamson,Haut,0.782,Moyen,0.648,,,,,estime EA,,Jockey
1523246,Tom Meynadier,Haut,0.836,Haut,0.751,,,,,estime EA,,
562796,George Byers,Moyen,0.509,Moyen,0.366,,,,,estime EA,,
951805,Ante Palaversa,Moyen,0.382,Bas,0.244,,,,,estime EA,,
1089870,Ricky-Jade Jones,Moyen,0.436,Haut,0.693,,,,,estime EA,,Low Driven Shot|Rapid
820089,Ogulcan Ülgün,Moyen,0.509,Moyen,0.488,Bas,0.237,,,estime EA,,
1172405,Tjas Begic,Moyen,0.527,Moyen,0.587,,,,,estime EA,,
212521,Hobie Verhulst,Bas,0.018,Bas,0.038,,,,,estime EA,,Far Throw
478439,Bicho,Moyen,0.509,Moyen,0.58,,,,,estime EA,,Technical
660878,Daniel Crowley,Haut,0.782,Haut,0.699,,,,,estime EA,,Incisive Pass|Inventive|Technical
1285732,Sadik Fofana,Moyen,0.455,Moyen,0.436,,,,,estime EA,,
919739,Kay Tejan,Moyen,0.564,Moyen,0.5,Bas,0.287,,,estime EA,,Enforcer|Technical
1438611,Fodé Sylla,Moyen,0.4,Bas,0.292,,,,,estime EA,,
1076952,Calvin Ramsay,Moyen,0.564,Moyen,0.571,,,,,estime EA,,
1204776,Josh Keeley,Bas,0.018,Bas,0.078,,,,,estime EA,,Footwork
1320317,Kleis Bozhanaj,Moyen,0.491,Moyen,0.471,,,,,estime EA,,
1114472,Lilian Egloff,Bas,0.2,Moyen,0.355,,,,,estime EA,,
1115145,Paddy Lane,Moyen,0.545,Moyen,0.554,,,,,estime EA,,
1231567,Georgie Gent,Moyen,0.564,Haut,0.673,,,,,estime EA,,Slide Tackle
1524023,Tony Menzel,Moyen,0.473,Moyen,0.484,,,,,estime EA,,
1520544,Walid Bouabdeli,Moyen,0.545,Moyen,0.513,,,,,estime EA,,
263674,Elliott Hewitt,Haut,0.673,Moyen,0.605,,,,,estime EA,,Long Throw
315201,Max Crocombe,Bas,-0.036,Bas,0.046,Moyen,0.387,,,estime EA,,Cross Claimer|Footwork|Long Ball Pass
1134956,Kusini Yengi,Moyen,0.418,Moyen,0.533,,,,,estime EA,,
1250885,Nishan Velupillay,Bas,0.091,Moyen,0.575,,,,,estime EA,,Low Driven Shot|Quick Step
1330855,Florian Engelhardt,Moyen,0.418,Moyen,0.462,,,,,estime EA,,
1183741,Simone Tronchin,Moyen,0.527,Moyen,0.424,,,,,estime EA,,
231202,James Husband,Moyen,0.527,Moyen,0.424,,,,,estime EA,,Intercept|Precision Header
708872,Zak Jules,Moyen,0.582,Moyen,0.589,,,,,estime EA,,
551961,Andrija Vukcevic,Moyen,0.527,Moyen,0.435,,,,,estime EA,,
1338978,Tyreece Campbell,Moyen,0.636,Haut,0.722,,,,,estime EA,,Rapid
1526822,Rafael Luís,Moyen,0.455,Moyen,0.395,Moyen,0.562,,,estime EA,,
299148,Jack Bonham,Bas,0.018,Bas,0.038,,,,,estime EA,,Far Throw
593362,Aboubakary Kanté,Moyen,0.655,Haut,0.73,,,,,estime EA,,Finesse Shot|Quick Step
357808,Sebastian Stolze,Haut,0.727,Haut,0.708,,,,,estime EA,,Technical
866687,Steven Sessegnon,Moyen,0.473,Moyen,0.565,,,,,estime EA,,
908589,Celil Yüksel,Moyen,0.473,Moyen,0.443,Haut,0.995,,,estime EA,,
1203511,Daniel Kyerewaa,Moyen,0.545,Moyen,0.615,,,,,estime EA,,
1179182,Adrian Gantenbein,Moyen,0.564,Moyen,0.52,,,,,estime EA,,
1403328,Costantino Favasuli,Moyen,0.345,Moyen,0.372,,,,,estime EA,,Jockey
469382,Jack Payne,Haut,0.818,Haut,0.704,,,,,estime EA,,Long Ball Pass|Technical
620133,Mouhamadou Sarr,Bas,-0.036,Bas,0.016,,,,,estime EA,,Cross Claimer|Far Throw
783635,Alessandro Plizzari,Bas,-0.273,Bas,-0.058,,,,,estime EA,,
1415502,Moussa Diakité,Moyen,0.509,Moyen,0.336,,,,,estime EA,,
427000,Bobby Allain,Bas,-0.273,Bas,-0.15,,,,,estime EA,,
877668,Denver Hume,Haut,0.909,Haut,0.77,,,,,estime EA,,Rapid
1187131,Abraham Marcus,Moyen,0.509,Moyen,0.56,Haut,0.729,,,estime EA,,Technical
1113899,Lorent Tolaj,Moyen,0.6,Moyen,0.555,,,,,estime EA,,
1385467,Malachi Boateng,Moyen,0.564,Moyen,0.347,,,,,estime EA,,
1526602,Espen van Ee,Haut,0.782,Moyen,0.587,Haut,0.959,,,estime EA,,
1417079,Yoram Zague,Bas,0.327,Moyen,0.517,,,,,estime EA,,
500791,Cristian Herrera,Moyen,0.382,Bas,0.315,,,,,estime EA,,Dead Ball|Enforcer
939399,Jonathan Meier,Moyen,0.582,Moyen,0.558,,,,,estime EA,,Long Ball Pass
1161609,Alexandru Pantea,Moyen,0.564,Moyen,0.602,,,,,estime EA,,Slide Tackle
1317338,Yadaly Diaby,Bas,0.164,Moyen,0.401,,,,,estime EA,,Finesse Shot
1211640,Wanya Marçal,Bas,0.2,Moyen,0.568,,,,,estime EA,,
873265,Antonis Tsiftsis,Bas,-0.273,Bas,-0.109,Bas,0.159,,,estime EA,,
1358378,Lorenzo Scipioni,Moyen,0.527,Moyen,0.424,,,,,estime EA,,Aerial Fortress
164354,Pedro Trigueira,Bas,-0.073,Bas,0.022,,,,,estime EA,,
237542,Johannes Geis,Moyen,0.345,Bas,0.179,,,,,estime EA,,Dead Ball|Long Ball Pass|Pinged Pass|Power Shot|Slide Tackle
921598,Devid Eugene Bouah,Moyen,0.491,Moyen,0.461,,,,,estime EA,,Aerial Fortress|Precision Header|Slide Tackle
1163273,Laurs Skjellerup,Bas,0.255,Moyen,0.509,,,,,estime EA,,
1085995,Jannes Wieckhoff,Moyen,0.582,Moyen,0.568,Haut,0.826,,,estime EA,,
865973,Lars Lokotsch,Moyen,0.636,Moyen,0.519,,,,,estime EA,,Chip Shot|Enforcer|Precision Header
1199712,Luke Harris,Moyen,0.418,Moyen,0.462,,,,,estime EA,,
1292582,Yassine Bouchama,Bas,0.309,Moyen,0.439,,,,,estime EA,,Inventive
42692,Daniele Padelli,Bas,-0.182,Bas,0.019,,,,,estime EA,,
763952,Will Mannion,Bas,-0.182,Bas,-0.113,,,,,estime EA,,
839242,Josef Bursik,Bas,-0.309,Bas,-0.124,,,,,estime EA,,Cross Claimer
877637,Owen Bailey,Haut,0.909,Moyen,0.587,,,,,estime EA,,
1286967,Liam Bennett,Haut,0.932,Haut,0.89,,,,,estime EA,oui,Relentless|Whipped Pass
1375019,Oscar Schwartau,Moyen,0.455,Moyen,0.548,,,,,estime EA,,
563177,Marko Marosi,Bas,-0.236,Bas,-0.095,,,,,estime EA,,Long Ball Pass
470546,Hélder Tavares,Moyen,0.6,Moyen,0.382,Haut,0.886,,,estime EA,,
1184485,Sean Roughan,Haut,0.673,Moyen,0.533,,,,,estime EA,,Intercept|Long Ball Pass|Long Throw
1126173,Jordan Brown,Haut,0.745,Moyen,0.563,,,,,estime EA,,Aerial Fortress|Intercept
1076684,Adam Carlén,Haut,0.877,Moyen,0.573,Haut,0.874,,,estime EA,oui,Aerial Fortress|Bruiser|Relentless
1298944,Nikola Sekulov,Bas,0.218,Moyen,0.331,,,,,estime EA,,
1503574,Eivind Helland,Moyen,0.345,Moyen,0.443,Haut,0.859,,,estime EA,,
659046,Markus Schubert,Bas,-0.236,Bas,-0.044,,,,,estime EA,,
1177482,Melvin Zinga,Bas,-0.218,Bas,-0.25,,,,,estime EA,,
1335765,Patrick Beach,Bas,-0.309,Bas,-0.236,,,,,estime EA,,
1390258,Jakub Surovcík,Bas,-0.091,Bas,-0.179,,,,,estime EA,,
1529480,Nick Fichtinger,Moyen,0.636,Moyen,0.509,Haut,0.991,,,estime EA,,Anticipate
1320949,Emersonn,Bas,0.309,Moyen,0.449,Bas,0.17,,,estime EA,,
534394,Jake Beesley,Moyen,0.455,Moyen,0.426,,,,,estime EA,,
750937,Paul Gartler,Bas,-0.4,Bas,-0.18,,,,,estime EA,,
1076974,Marco Kana,Moyen,0.418,Moyen,0.432,,,,,estime EA,,
1668003,Jonathan Mutombo,Moyen,0.4,Moyen,0.445,,,,,estime EA,,
1473606,Malick Mbaye,Moyen,0.418,Moyen,0.605,Haut,0.711,,,estime EA,,Rapid
1593861,Mattia Liberali,Moyen,0.545,Moyen,0.574,,,,,estime EA,,
965327,Alexander Ahl Holmström,Moyen,0.491,Moyen,0.522,,,,,estime EA,,
972732,Hans Christian Bernat,Bas,-0.236,Bas,-0.156,,,,,estime EA,,Far Throw|Long Ball Pass
882166,Alex Plat,Moyen,0.564,Moyen,0.439,Haut,0.96,,,estime EA,,
1327791,Olivier Aertssen,Moyen,0.382,Moyen,0.397,Haut,0.819,,,estime EA,,
1666019,Fabio Balde,Bas,0.255,Moyen,0.539,Haut,0.668,,,estime EA,,
200750,Fredrik Oldrup Jensen,Haut,0.673,Moyen,0.34,Haut,0.727,,,estime EA,,Long Ball Pass
213802,Luuk Koopmans,Bas,-0.364,Bas,-0.196,Haut,0.829,,,estime EA,,Cross Claimer
920872,Thomas Buitink,Moyen,0.509,Moyen,0.478,,,,,estime EA,,
1187308,Matty Jacob,Moyen,0.509,Moyen,0.499,,,,,estime EA,,
1033167,Alassana Jatta,Moyen,0.582,Moyen,0.528,,,,,estime EA,,Low Driven Shot|Precision Header
1189627,Shola Shoretire,Moyen,0.436,Moyen,0.51,Moyen,0.438,,,estime EA,,Technical
1265460,Adrian Segecic,Bas,0.091,Moyen,0.392,,,,,estime EA,,Gamechanger
1185143,Fynn Lakenmacher,Moyen,0.6,Moyen,0.504,,,,,estime EA,,
988193,Hamza El Kaouakibi,Moyen,0.527,Moyen,0.475,,,,,estime EA,,
1428849,Manu Bueno,Bas,0.291,Bas,0.32,,,,,estime EA,,
1320863,Antonio Vergara,Moyen,0.509,Moyen,0.448,Haut,0.913,,,estime EA,,Finesse Shot
490135,Jordan Hugill,Moyen,0.473,Moyen,0.392,,,,,estime EA,,Precision Header
1086842,Samuel Silvera,Moyen,0.564,Moyen,0.581,,,,,estime EA,,
1067744,Bryan Limbombe,Moyen,0.582,Haut,0.68,Bas,0.095,,,estime EA,,Technical
1110550,Henrik Falchener,Moyen,0.545,Moyen,0.442,,,,,estime EA,,Bruiser|Precision Header
1420144,Pierce Charles,Bas,-0.091,Bas,-0.087,,,,,estime EA,,
1445163,Seydou Fini,Moyen,0.364,Moyen,0.552,,,,,estime EA,,
301367,Graham Burke,Moyen,0.545,Moyen,0.35,,,,,estime EA,,Technical
1108031,Kandet Diawara,Moyen,0.618,Haut,0.715,,,,,estime EA,,
1280355,Iyad Mohamed,Moyen,0.382,Bas,0.295,Haut,0.877,,,estime EA,,
1311533,August Priske,Moyen,0.473,Moyen,0.535,,,,,estime EA,,
592210,Victor Adeboyejo,Moyen,0.545,Moyen,0.584,,,,,estime EA,,
1146378,Dudu,Bas,-0.436,Bas,-0.307,,,,,estime EA,,
1695701,Axel Tape,Bas,0.2,Bas,0.324,,,,,estime EA,,
31922,David McGoldrick,Moyen,0.527,Moyen,0.353,,,,,estime EA,,Finesse Shot|First Touch|Incisive Pass|Low Driven Shot|Technical
180137,Josh Magennis,Moyen,0.582,Moyen,0.334,,,,,estime EA,,Enforcer|Power Shot
693541,Terence Vancooten,Moyen,0.6,Moyen,0.545,,,,,estime EA,,
961329,Kelland Watts,Moyen,0.364,Moyen,0.41,,,,,estime EA,,
1439757,Adrian Zeljkovic,Moyen,0.455,Moyen,0.365,,,,,estime EA,,
213167,Mike te Wierik,Moyen,0.509,Bas,0.254,Moyen,0.488,,,estime EA,,Long Throw
1130808,Niko Bretschneider,Moyen,0.6,Moyen,0.637,,,,,estime EA,,
1288285,Harry Leonard,Moyen,0.418,Moyen,0.523,,,,,estime EA,,
1325580,Javi Moreno,Moyen,0.436,Moyen,0.49,,,,,estime EA,,
1107651,Finley Burns,Moyen,0.491,Bas,0.329,,,,,estime EA,,
1457824,Malcolm Jeng,Moyen,0.527,Moyen,0.465,,,,,estime EA,,
1330942,Lucas Maronnier,Moyen,0.582,Moyen,0.599,,,,,estime EA,,
1516030,Gustavo Nunes,Moyen,0.364,Moyen,0.603,,,,,estime EA,,
1422564,Farid Alfa-Ruprecht,Moyen,0.364,Moyen,0.481,,,,,estime EA,,
568547,Kyle Wootton,Haut,0.727,Moyen,0.555,,,,,estime EA,,Aerial Fortress|Precision Header
956449,Alessandro Tripaldelli,Bas,0.255,Moyen,0.376,,,,,estime EA,,
1041508,Corrie Ndaba,Haut,0.691,Moyen,0.561,Bas,0.079,,,estime EA,,
1060542,Søren Tengstedt,Moyen,0.418,Moyen,0.544,Bas,0.147,,,estime EA,,
1080644,Mardochee Nzita,Moyen,0.382,Moyen,0.387,,,,,estime EA,,
1113824,Jeriel Dorsett,Moyen,0.545,Moyen,0.422,,,,,estime EA,,Bruiser|Long Throw
1233202,Seedy Jatta,Moyen,0.436,Moyen,0.581,,,,,estime EA,,
937032,Brynjólfur Willumsson,Moyen,0.618,Moyen,0.563,Bas,0.1,,,estime EA,,
1253827,Daniel Jebbison,Moyen,0.436,Moyen,0.49,,,,,estime EA,,
1253650,Amourricho van Axel Dongen,Bas,-0.073,Moyen,0.378,,,,,estime EA,,Technical
1595629,Zachary Athekame,Moyen,0.436,Moyen,0.591,Moyen,0.385,,,estime EA,,
1483108,Giacomo De Pieri,Moyen,0.473,Moyen,0.545,,,,,estime EA,,
716410,Ashley Fletcher,Moyen,0.418,Moyen,0.422,,,,,estime EA,,
720454,Jonny Smith,Moyen,0.473,Moyen,0.626,,,,,estime EA,,Rapid
749013,Francesco Cassata,Moyen,0.455,Moyen,0.426,,,,,estime EA,,
652145,Shayne Lavery,Moyen,0.545,Moyen,0.605,,,,,estime EA,,
957211,Marti Vila,Moyen,0.618,Moyen,0.532,,,,,estime EA,,
1284069,Alex Lowry,Moyen,0.436,Moyen,0.429,,,,,estime EA,,Inventive|Technical
1246213,Michael Craig,Moyen,0.618,Moyen,0.41,,,,,estime EA,,
1598170,Samir El Mourabet,Moyen,0.4,Bas,0.323,Haut,0.941,,,estime EA,,
1473706,Agustín Albarracín,Moyen,0.436,Moyen,0.429,,,,,estime EA,,
814282,Filippo Melegoni,Moyen,0.473,Bas,0.179,,,,,estime EA,,
1185779,Ryley Towler,Moyen,0.455,Moyen,0.467,,,,,estime EA,,
1001334,Jose-Enrique Rios Alonso,Haut,0.727,Moyen,0.576,,,,,estime EA,,Aerial Fortress|Anticipate|Block|Intercept|Long Ball Pass
1603755,Gessime Yassine,Bas,0.127,Moyen,0.356,Haut,0.996,,,estime EA,,Low Driven Shot
1607014,Alieu Njie,Moyen,0.455,Moyen,0.568,,,,,estime EA,,
1669621,Aaron Ochoa,Moyen,0.436,Moyen,0.408,,,,,estime EA,,
579057,Mathew Stevens,Haut,0.764,Haut,0.661,,,,,estime EA,,
782365,Dominik Martinovic,Moyen,0.6,Moyen,0.616,,,,,estime EA,,Chip Shot|Gamechanger|Rapid
1070709,Filip Szymczak,Moyen,0.345,Moyen,0.484,,,,,estime EA,,Technical
932744,Zafer Görgen,Bas,-0.218,Bas,-0.27,Haut,0.681,,,estime EA,,Cross Claimer
1194102,Max Conway,Haut,0.927,Haut,0.778,,,,,estime EA,,
1323311,Gyan de Regt,Moyen,0.6,Haut,0.677,Bas,0.096,,,estime EA,,
1335154,Damian Pizarro,Bas,0.182,Moyen,0.469,,,,,estime EA,,
1109490,James Morris,Moyen,0.436,Moyen,0.408,,,,,estime EA,,
1231588,Danilo Al Saed,Bas,0.218,Moyen,0.535,,,,,estime EA,,Technical|Whipped Pass
1668289,Justin Bourgault,Moyen,0.509,Moyen,0.478,,,,,estime EA,,
1329747,Bradley Fink,Moyen,0.6,Moyen,0.545,,,,,estime EA,,Enforcer
1079194,Don Deedson Louicius,Moyen,0.436,Moyen,0.612,,,,,estime EA,,Low Driven Shot
1283073,Justin Smith,Moyen,0.509,Moyen,0.366,,,,,estime EA,,
953929,Rui Mendes,Moyen,0.527,Moyen,0.608,,,,,estime EA,,Rapid
1389994,Miles Leaburn,Moyen,0.473,Moyen,0.443,,,,,estime EA,,Enforcer
1117310,Edoardo Corvi,Bas,-0.291,Bas,-0.269,Moyen,0.492,,,estime EA,,
1419408,Déron Payne,Moyen,0.6,Moyen,0.565,Haut,0.813,,,estime EA,,
1315426,Filippo Distefano,Moyen,0.382,Moyen,0.519,,,,,estime EA,,
934952,Yuki Kobayashi,Moyen,0.509,Moyen,0.407,,,,,estime EA,,
1130978,Joel Bagan,Moyen,0.491,Moyen,0.451,,,,,estime EA,,
1017520,Carlos Harvey,Moyen,0.364,Bas,0.308,,,,,estime EA,,
1005370,Erik Ahlstrand,Bas,0.273,Moyen,0.465,Moyen,0.54,,,estime EA,,
402897,Ivan Filipovic,Bas,-0.291,Bas,-0.31,,,,,estime EA,,
1369279,Luca Lipani,Moyen,0.364,Bas,0.278,Haut,0.867,,,estime EA,,
1169352,Mattia Compagnon,Moyen,0.455,Moyen,0.507,,,,,estime EA,,
1577424,Matviy Ponomarenko,Moyen,0.382,Moyen,0.458,,,,,estime EA,,
1688523,Dylan Ourega,Moyen,0.6,Moyen,0.525,,,,,estime EA,,Anticipate
528437,Dominic Ball,Bas,0.309,Bas,0.256,,,,,estime EA,,
495970,Finn Stokkers,Moyen,0.582,Moyen,0.497,,,,,estime EA,,
1342748,Giorgi Kvernadze,Bas,0.0,Bas,0.325,,,,,estime EA,,
1526543,Rayan Kolli,Bas,0.255,Moyen,0.478,,,,,estime EA,,
1292511,Lorenzo Sgarbi,Bas,0.273,Bas,0.241,,,,,estime EA,,
873241,Taye Ashby-Hammond,Bas,-0.2,Bas,-0.233,,,,,estime EA,,
1113753,Dane Scarlett,Moyen,0.436,Moyen,0.561,,,,,estime EA,,Technical
208219,Manuel Zeitz,Moyen,0.618,Bas,0.288,,,,,estime EA,,Aerial Fortress|Long Ball Pass
707538,Abdullah Yigiter,Bas,-0.436,Bas,-0.408,Moyen,0.428,,,estime EA,,Cross Claimer
770567,Tobias Kraulich,Bas,0.309,Bas,0.266,,,,,estime EA,,Aerial Fortress|Block|Long Ball Pass|Precision Header
982598,Dilan Markanday,Moyen,0.473,Moyen,0.565,,,,,estime EA,,
1280182,Ilyès Hamache,Bas,0.291,Moyen,0.493,,,,,estime EA,,
1365253,Adrian Blake,Moyen,0.382,Moyen,0.57,Bas,0.182,,,estime EA,,Technical
1599319,Shandre Campbell,Bas,-0.055,Moyen,0.415,,,,,estime EA,,
184450,Andy Cook,Moyen,0.545,Moyen,0.34,,,,,estime EA,,Aerial Fortress|Bruiser|Enforcer|Gamechanger|Precision Header|Press Proven
445481,Jack Marriott,Moyen,0.418,Moyen,0.513,,,,,estime EA,,
1138299,Ömer Beyaz,Bas,-0.109,Bas,0.211,,,,,estime EA,,
469705,Stefan Kutschke,Moyen,0.491,Bas,0.125,,,,,estime EA,,Aerial Fortress|Enforcer|Precision Header
1391319,Aske Adelgaard,Haut,0.709,Moyen,0.579,Haut,0.784,,,estime EA,,
1435842,Samuel Ntamack,Bas,0.327,Moyen,0.507,,,,,estime EA,,
290996,Nicolas Saint-Ruf,Moyen,0.545,Moyen,0.472,,,,,estime EA,,Long Ball Pass
1112499,Toon Raemaekers,Bas,0.127,Bas,0.112,Haut,0.848,,,estime EA,,Press Proven
1561568,Yusuf Akcicek,Moyen,0.582,Moyen,0.446,,,,,estime EA,,
623633,Marcel Seegert,Moyen,0.473,Bas,0.26,,,,,estime EA,,Intercept|Long Ball Pass|Slide Tackle
1366602,Dzenan Pejcinovic,Bas,0.273,Moyen,0.384,Bas,0.05,,,estime EA,,
1609234,Morgan Bokele,Bas,0.273,Moyen,0.475,,,,,estime EA,,
717173,Dan Sweeney,Moyen,0.564,Bas,0.286,,,,,estime EA,,Aerial Fortress|Anticipate
961989,Joseph Olowu,Moyen,0.6,Moyen,0.504,,,,,estime EA,,
1681812,Youssoupha Sanyang,Haut,0.794,Haut,0.99,,,11253,19.1,mesure FotMob,,Rapid
1328885,Damian van der Haar,Moyen,0.6,Moyen,0.494,,,,,estime EA,,
1510384,Omar Fayed,Moyen,0.345,Moyen,0.342,Haut,0.973,,,estime EA,,
1276194,Lucas Copado,Bas,0.2,Moyen,0.517,,,,,estime EA,,Low Driven Shot
1659893,Abdoulie Ceesay,Bas,0.073,Moyen,0.416,,,,,estime EA,,
1483089,Mattia Mannini,Moyen,0.527,Moyen,0.516,,,,,estime EA,,
1429607,Kojo Peprah Oppong,Moyen,0.491,Moyen,0.532,Moyen,0.576,,,estime EA,,
1403351,Tyler Fredricson,Bas,0.309,Moyen,0.388,,,,,estime EA,,
660565,Samuel Yohou,Moyen,0.636,Moyen,0.336,,,,,estime EA,,Long Ball Pass
1381571,Luca Kjerrumgaard,Bas,0.145,Bas,0.323,,,,,estime EA,,Enforcer
662022,Lorenzo Libutti,Moyen,0.527,Moyen,0.445,,,,,estime EA,,
1469996,David Odogu,Moyen,0.364,Moyen,0.379,,,,,estime EA,,
717270,Antoine Rabillard,Bas,0.309,Moyen,0.378,,,,,estime EA,,
1554575,Francesco Camarda,Bas,0.273,Moyen,0.363,Bas,0.032,,,estime EA,,
1678830,Alvaro Pascual,Bas,0.309,Bas,0.307,,,,,estime EA,,
183747,Tom Lees,Moyen,0.636,Moyen,0.346,,,,,estime EA,,
1045830,Jakob Lewald,Moyen,0.491,Moyen,0.339,,,,,estime EA,,Bruiser
1111074,Levente Szabo,Moyen,0.4,Bas,0.302,,,,,estime EA,,Enforcer
1356599,Pedro Santos,Bas,0.255,Moyen,0.498,Moyen,0.622,,,estime EA,,
1646375,Pau Cabanes,Bas,0.236,Bas,0.247,,,,,estime EA,,
1217044,Loris Mouyokolo,Moyen,0.4,Moyen,0.363,,,,,estime EA,,Bruiser
1524139,Lorenzo Lucchesi,Moyen,0.527,Moyen,0.374,,,,,estime EA,,Intercept
976226,Stefano Cella,Moyen,0.527,Moyen,0.363,,,,,estime EA,,Block
1553105,Victor Munoz,Bas,0.127,Moyen,0.397,Bas,0.221,,,estime EA,,
650647,Charlie Goode,Moyen,0.418,Bas,0.279,,,,,estime EA,,
955979,Lewis Montsma,Bas,0.182,Bas,0.195,,,,,estime EA,,
1402629,Stiven Shpendi,Bas,0.2,Moyen,0.355,,,,,estime EA,,
733965,Joel Felix,Moyen,0.509,Bas,0.285,,,,,estime EA,,
1321601,Daniel Luna,Moyen,0.345,Moyen,0.423,,,,,estime EA,,
184476,Omar Beckles,Moyen,0.636,Moyen,0.356,,,,,estime EA,,
1117307,Gabriele Artistico,Bas,0.255,Moyen,0.387,,,,,estime EA,,
1045822,Teo Quintero,Moyen,0.527,Moyen,0.384,Haut,0.719,,,estime EA,,
1621219,Juan Rodriguez,Moyen,0.509,Moyen,0.387,Moyen,0.496,,,estime EA,,
524657,Will Aimson,Moyen,0.418,Bas,0.289,,,,,estime EA,,Aerial Fortress|Anticipate|Intercept
1436488,Juraj Badelj,Moyen,0.345,Moyen,0.453,,,,,estime EA,,
1452500,Julien Lomboto,Moyen,0.436,Moyen,0.429,,,,,estime EA,,
1243220,Connor Taylor,Moyen,0.582,Moyen,0.456,,,,,estime EA,,
1217654,Rick Meissen,Bas,0.273,Bas,0.129,Moyen,0.512,,,estime EA,,
303938,Simon Scherder,Bas,0.218,Bas,0.047,,,,,estime EA,,
1600978,Antal Yaakobishvili,Bas,0.291,Bas,0.279,,,,,estime EA,,
1092256,Tijs Velthuis,Moyen,0.418,Moyen,0.381,Bas,0.24,,,estime EA,,
1184388,Rio Hillen,Moyen,0.455,Moyen,0.406,Haut,0.92,,,estime EA,,
480791,Joe Wright,Moyen,0.509,Bas,0.193,,,,,estime EA,,Aerial Fortress|Block|Precision Header
243856,Aden Flint,Moyen,0.4,Bas,0.099,,,,,estime EA,,Bruiser
978197,Sven Sonnenberg,Moyen,0.582,Bas,0.233,,,,,estime EA,,Long Ball Pass
1285495,Tanguy Zoukrou,Moyen,0.455,Bas,0.273,,,,,estime EA,,
959858,Davide Bettella,Bas,-0.018,Bas,0.094,,,,,estime EA,,
1180279,Aboubacar Lô,Moyen,0.345,Bas,0.27,,,,,estime EA,,
529887,Adam Jackson,Bas,0.182,Bas,0.154,,,,,estime EA,,Intercept
501336,Michael Schultz,Moyen,0.636,Bas,0.234,,,,,estime EA,,Aerial Fortress|Block|Bruiser|Intercept|Long Ball Pass|Precision Header
1396086,Gabriele Guarino,Moyen,0.473,Moyen,0.392,,,,,estime EA,,
1529522,Leopold Wurm,Moyen,0.582,Moyen,0.365,,,,,estime EA,,
1531814,Mateus Lusuardi,Bas,0.218,Bas,0.199,,,,,estime EA,,
862327,Christoph Greger,Moyen,0.455,Bas,0.324,,,,,estime EA,,Anticipate|Intercept|Long Ball Pass
974243,Connor Hall,Moyen,0.618,Moyen,0.349,Bas,0.087,,,estime EA,,
1401758,Bryant Nieling,Bas,0.182,Bas,0.276,,,,,estime EA,,
1605748,Matias Moreno,Bas,0.327,Bas,0.273,Moyen,0.371,,,estime EA,,
276734,Patrick Bauer,Bas,-0.182,Bas,-0.164,,,,,estime EA,,
1116648,Ben Garrity,Haut,1,Haut,0.899,,,,,estime EA,oui,Aerial Fortress|Relentless
1195742,Jayden Fevrier,Haut,0.764,Haut,0.814,,,,,estime EA,,
808791,Louis Appéré,Haut,0.782,Haut,0.74,,,,,estime EA,,Technical
395130,Alistair Smith,Haut,0.927,Haut,0.717,,,,,estime EA,,Press Proven
900576,Malcom Edjouma,Moyen,0.636,Moyen,0.509,,,,,estime EA,,
1106859,Henry Rorig,Moyen,0.582,Haut,0.68,,,,,estime EA,,
1041477,Taylor Allen,Haut,0.764,Haut,0.692,,,,,estime EA,,Dead Ball|Whipped Pass
886140,Josh Neufville,Haut,0.909,Haut,0.781,,,,,estime EA,,
776970,Lorenzo Carissoni,Moyen,0.564,Moyen,0.581,,,,,estime EA,,
1081056,Vincent Harper,Haut,0.673,Haut,0.757,,,,,estime EA,,Quick Step|Slide Tackle
563083,Andy Cannon,Moyen,0.564,Moyen,0.581,,,,,estime EA,,
816509,Will Wright,Haut,0.909,Moyen,0.618,,,,,estime EA,,Dead Ball|Intercept|Long Ball Pass|Long Throw
1290433,Sanders Ngabo,Moyen,0.418,Moyen,0.523,,,,,estime EA,,
863652,Neil Farrugia,Haut,0.745,Haut,0.756,,,,,estime EA,,Rapid
324305,Tim Payne,Haut,0.8,Moyen,0.595,,,,,estime EA,,Slide Tackle
872957,Edward Francis,Moyen,0.636,Moyen,0.488,,,,,estime EA,,
598141,Robert Mudrazija,Moyen,0.436,Moyen,0.52,,,,,estime EA,,Technical
470624,Shaun Rooney,Haut,0.727,Moyen,0.565,,,,,estime EA,,Long Throw
1276313,Mimeirhel Benita,Moyen,0.345,Moyen,0.586,Haut,0.884,,,estime EA,,Rapid|Slide Tackle
825825,Barry Cotter,Haut,0.673,Haut,0.686,,,,,estime EA,,Long Throw
877444,Jordan Gibson,Moyen,0.564,Haut,0.663,,,,,estime EA,,Finesse Shot|Incisive Pass|Technical
962026,Harvey White,Moyen,0.527,Moyen,0.485,,,,,estime EA,,
1439776,Rachid Kouda,Moyen,0.564,Moyen,0.642,,,,,estime EA,,
1529945,Everson Junior,Moyen,0.618,Moyen,0.573,,,,,estime EA,,
469282,Cihat Celik,Moyen,0.545,Moyen,0.483,,,,,estime EA,,
824124,Kevin Rüegg,Moyen,0.345,Moyen,0.423,,,,,estime EA,,
445497,Bryn Morris,Haut,0.836,Moyen,0.619,,,,,estime EA,,Jockey|Long Ball Pass|Power Shot
1329227,Azeem Abdulai,Moyen,0.618,Moyen,0.573,,,,,estime EA,,
1031127,Thomas Battistella,Moyen,0.4,Moyen,0.435,,,,,estime EA,,Aerial Fortress
932268,Viktor Bergh,Moyen,0.545,Moyen,0.584,,,,,estime EA,,Long Throw
1183742,Mithat Pala,Haut,0.764,Haut,0.682,Haut,0.924,,,estime EA,,
568581,Alex Bass,Bas,-0.182,Bas,0.141,,,,,estime EA,,Cross Claimer|Footwork|Long Ball Pass
982617,Kieron Bowie,Moyen,0.545,Moyen,0.533,Bas,0.094,,,estime EA,,Finesse Shot
1107662,Péter Baráth,Moyen,0.491,Moyen,0.481,Haut,0.992,,,estime EA,,
1596241,Ethon Archer,Haut,0.727,Haut,0.779,,,,,estime EA,,
638096,Kristian Böhnlein,Haut,0.8,Moyen,0.483,,,,,estime EA,,
896053,Jensen Weir,Haut,0.709,Moyen,0.548,,,,,estime EA,,
1367043,João Veloso,Moyen,0.491,Moyen,0.451,,,,,estime EA,,
748520,Tyreeq Bakinson,Moyen,0.564,Moyen,0.419,,,,,estime EA,,
864436,Torben Müsel,Moyen,0.655,Moyen,0.536,,,,,estime EA,,
1281971,Yvandro Borges Sanches,Moyen,0.436,Moyen,0.541,Moyen,0.518,,,estime EA,,
1282946,Rodney Elongo-Yombo,Moyen,0.582,Moyen,0.609,,,,,estime EA,,Technical
1635822,Gustavo Albarracin,Moyen,0.473,Moyen,0.474,,,,,estime EA,,
1242656,Chiheb Labidi,Moyen,0.509,Moyen,0.458,Haut,0.874,,,estime EA,,
101042,Aaron Meijers,Moyen,0.473,Moyen,0.382,Moyen,0.355,,,estime EA,,
191132,Luke Garbutt,Moyen,0.618,Moyen,0.542,,,,,estime EA,,Long Ball Pass
261303,Jake Reeves,Haut,0.727,Moyen,0.596,,,,,estime EA,,Inventive|Long Ball Pass
170400,Tom Naylor,Haut,0.727,Moyen,0.484,,,,,estime EA,,Precision Header|Slide Tackle
660477,David Kiki,Moyen,0.491,Moyen,0.512,,,,,estime EA,,Long Throw
672450,Matt Butcher,Haut,0.818,Moyen,0.49,,,,,estime EA,,
1327826,Dante Polvara,Moyen,0.636,Moyen,0.499,,,,,estime EA,,
1077898,Ryan Stirk,Haut,1,Haut,0.867,,,,,estime EA,oui,Aerial Fortress|Intercept|Long Ball Pass|Relentless
168313,Korey Smith,Moyen,0.455,Bas,0.314,,,,,estime EA,,
631245,Jamie Sterry,Haut,0.895,Haut,0.784,,,,,estime EA,oui,Long Throw|Relentless
909198,Abdullah Al-Hamdan,Moyen,0.436,Moyen,0.48,,,,,estime EA,,
810583,Liam Gordon,Haut,0.909,Haut,0.781,,,,,estime EA,,Intercept|Rapid
1479919,Almugera Kabar,Moyen,0.364,Moyen,0.522,,,,,estime EA,,
1522701,Nordin Bukala,Moyen,0.545,Moyen,0.533,Haut,0.878,,,estime EA,,
918332,Steve Seddon,Haut,0.673,Moyen,0.595,,,,,estime EA,,
1321149,Mouhamed Diop,Haut,0.673,Moyen,0.574,,,,,estime EA,,Long Ball Pass
197729,Billy Bodin,Moyen,0.382,Moyen,0.427,,,,,estime EA,,Gamechanger
628878,Liam Mandeville,Moyen,0.618,Moyen,0.593,,,,,estime EA,,Long Ball Pass|Technical
877450,Lasse Sørensen,Moyen,0.582,Moyen,0.558,,,,,estime EA,,Jockey|Low Driven Shot
906084,Ossama Ashley,Haut,0.764,Moyen,0.58,,,,,estime EA,,Aerial Fortress|Intercept|Press Proven|Slide Tackle
940963,Ulrik Mathisen,Bas,0.309,Moyen,0.459,Bas,0.108,,,estime EA,,
1332538,Oumar Ngom,Haut,0.691,Moyen,0.47,Haut,0.982,,,estime EA,,
1485381,Lorenzo Ignacchiti,Moyen,0.509,Moyen,0.407,,,,,estime EA,,
140422,Dan Butler,Haut,0.745,Moyen,0.634,,,,,estime EA,,Long Ball Pass|Whipped Pass
1072223,Fabian Greilinger,Haut,0.745,Haut,0.725,,,,,estime EA,,Intercept|Jockey|Rapid
998278,Alessandro Mallamo,Moyen,0.545,Moyen,0.533,,,,,estime EA,,
1285144,Goncalo Esteves,Bas,0.273,Moyen,0.465,,,,,estime EA,,
1289121,Olaf Kobacki,Bas,0.273,Moyen,0.485,,,,,estime EA,,
856936,Kristall Mani Ingason,Moyen,0.382,Moyen,0.488,,,,,estime EA,,
1368642,Theo Bergvall,Moyen,0.436,Moyen,0.632,,,,,estime EA,,Quick Step|Rapid
1520368,Fahem Benaissa-Yahia,Moyen,0.436,Moyen,0.459,Haut,0.984,,,estime EA,,
401933,George Evans,Bas,0.291,Bas,0.269,,,,,estime EA,,
819871,Abdu Conté,Moyen,0.473,Moyen,0.443,Moyen,0.421,,,estime EA,,Anticipate|Slide Tackle
997573,Josh Flint,Moyen,0.509,Moyen,0.519,,,,,estime EA,,Block|Long Throw
1002031,Félix Tomi,Moyen,0.4,Moyen,0.465,,,,,estime EA,,
1113747,Connor Barrett,Haut,0.986,Haut,0.912,,,,,estime EA,oui,Relentless
966022,Lewis Fiorini,Moyen,0.6,Moyen,0.525,,,,,estime EA,,
1194294,Zac Ashworth,Moyen,0.509,Moyen,0.488,,,,,estime EA,,
1296625,Bobby Clark,Bas,0.327,Moyen,0.446,,,,,estime EA,,
524655,Louis Reed,Haut,0.745,Moyen,0.481,,,,,estime EA,,Incisive Pass|Long Ball Pass
1248057,Aidomo Emakhu,Moyen,0.382,Moyen,0.59,,,,,estime EA,,
1276311,Lennard Hartjes,Moyen,0.473,Moyen,0.535,Moyen,0.634,,,estime EA,,
1072117,Kaito Mizuta,Moyen,0.6,Moyen,0.576,,,,,estime EA,,
1256502,David Ruiz,Moyen,0.473,Moyen,0.484,,,,,estime EA,,
211839,Richard Smallwood,Haut,0.8,Moyen,0.381,,,,,estime EA,,Intercept|Long Ball Pass|Press Proven
867884,Jack Sparkes,Haut,0.691,Moyen,0.602,,,,,estime EA,,
1317741,Otar Mamageishvili,Bas,0.327,Moyen,0.344,,,,,estime EA,,
1634789,Andrija Bulatovic,Bas,0.327,Moyen,0.344,Haut,0.974,,,estime EA,,
504176,Bradley Halliday,Haut,0.818,Haut,0.683,,,,,estime EA,,Jockey|Whipped Pass
877581,Ben House,Haut,0.727,Moyen,0.545,,,,,estime EA,,
979407,Udoka Godwin-Malife,Haut,0.727,Haut,0.698,,,,,estime EA,,
1042559,Ben Jackson,Haut,0.818,Haut,0.673,,,,,estime EA,,
1158934,Giacomo Olzer,Bas,0.218,Moyen,0.403,,,,,estime EA,,
1202092,Kelvin Abrefa,Moyen,0.436,Moyen,0.541,,,,,estime EA,,
1122585,Jayden Wareham,Moyen,0.564,Moyen,0.551,,,,,estime EA,,
1374499,Diogo Spencer,Haut,0.673,Moyen,0.615,Moyen,0.64,,,estime EA,,
505469,Ryan Croasdale,Haut,0.909,Moyen,0.598,,,,,estime EA,,Intercept
791692,Fraser Murray,Moyen,0.418,Moyen,0.493,,,,,estime EA,,
982679,Matthew Smith,Moyen,0.564,Moyen,0.5,,,,,estime EA,,Long Ball Pass
1113767,Ethan Bristow,Haut,0.873,Haut,0.766,,,,,estime EA,,Whipped Pass
1663487,Nikolaus Wurmbrand,Moyen,0.509,Haut,0.692,,,,,estime EA,,Quick Step
309517,Matt Macey,Bas,-0.127,Bas,-0.071,,,,,estime EA,,
702939,Omari Patrick,Haut,0.709,Haut,0.731,,,,,estime EA,,Aerial Fortress|Finesse Shot|Intercept|Low Driven Shot|Technical
997538,Clinton Mola,Bas,0.291,Moyen,0.482,,,,,estime EA,,
962038,Jay Williams,Haut,0.745,Moyen,0.542,,,,,estime EA,,
1111392,Tawanda Chirewa,Bas,0.291,Moyen,0.543,,,,,estime EA,,
1520249,Josh Stokes,Bas,0.327,Moyen,0.477,,,,,estime EA,,
95325,Ben Hinchliffe,Bas,-0.055,Bas,-0.052,,,,,estime EA,,Cross Claimer|Far Reach
97746,Jens Grahl,Bas,-0.018,Bas,0.003,,,,,estime EA,,
422129,Kelle Roos,Bas,0.055,Bas,0.073,,,,,estime EA,,
413546,Niccolo Belloni,Moyen,0.382,Moyen,0.458,,,,,estime EA,,
641044,Dylan Watts,Moyen,0.582,Moyen,0.375,,,,,estime EA,,Incisive Pass|Technical
877672,Jack Diamond,Moyen,0.564,Haut,0.744,,,,,estime EA,,Chip Shot|Technical
1574106,Jayden Meghoma,Moyen,0.545,Moyen,0.554,Bas,0.098,,,estime EA,,
1466557,Elijah Dijkstra,Moyen,0.455,Moyen,0.599,Haut,0.98,,,estime EA,,
1075747,Frazer Blake-Tracy,Moyen,0.545,Moyen,0.523,,,,,estime EA,,Jockey
1188049,Kelvin Ehibhatiomhan,Bas,0.236,Moyen,0.44,,,,,estime EA,,
1607493,Dehmaine Tabibou,Moyen,0.4,Moyen,0.394,Haut,0.85,,,estime EA,,
1524670,Diego Rodrigues,Moyen,0.491,Moyen,0.44,Moyen,0.61,,,estime EA,,
1561233,Stavros Pnevmonidis,Moyen,0.545,Moyen,0.635,,,,,estime EA,,
1030133,Patryk Makuch,Haut,0.709,Moyen,0.609,Moyen,0.634,,,estime EA,,Chip Shot
1335694,Murphy Cooper,Bas,-0.364,Bas,-0.105,Haut,0.733,,,estime EA,,Deflector|Far Reach
1396371,Pau Casadesus,Moyen,0.6,Moyen,0.606,,,,,estime EA,,
1460416,Felix Hagmann,Moyen,0.455,Moyen,0.528,,,,,estime EA,,
416409,Germán Parreno,Bas,-0.127,Bas,-0.081,,,,,estime EA,,
866649,Ashley Maynard-Brewer,Bas,-0.073,Bas,-0.08,,,,,estime EA,,
983186,Kyle John,Moyen,0.6,Moyen,0.637,,,,,estime EA,,
1436258,Trey Nyoni,Bas,0.327,Moyen,0.405,,,,,estime EA,,
789589,Lewis Freestone,Moyen,0.564,Moyen,0.571,,,,,estime EA,,Slide Tackle
899984,Boyd Lucassen,Moyen,0.582,Moyen,0.517,Bas,0.256,,,estime EA,,Slide Tackle
890363,Ruel Sotiriou,Haut,0.764,Haut,0.733,,,,,estime EA,,Gamechanger
1469758,Simon Ebonog,Bas,-0.109,Bas,0.251,Haut,0.9,,,estime EA,,
1525304,Mats Pannewig,Moyen,0.509,Bas,0.305,,,,,estime EA,,
1170741,Vicente Reyes,Bas,-0.291,Bas,-0.096,,,,,estime EA,,Cross Claimer
1363232,Maguette Gueye,Bas,0.218,Bas,0.291,,,,,estime EA,,Aerial Fortress
1575747,Tyrique Mercera,Moyen,0.473,Moyen,0.484,Moyen,0.618,,,estime EA,,
1250495,Lequincio Zeefuik,Moyen,0.509,Moyen,0.59,Bas,0.24,,,estime EA,,
1640973,Rafik Messali,Moyen,0.509,Moyen,0.499,Haut,0.904,,,estime EA,,
1576553,Juan Cabrera,Bas,0.182,Bas,0.276,,,,,estime EA,,
1116777,Gabriel Kobylak,Bas,-0.127,Bas,-0.132,,,,,estime EA,,
1384870,Sidi Bane,Bas,0.073,Bas,0.304,Bas,0.098,,,estime EA,,
1526728,Vladyslav Krapyvtsov,Bas,-0.273,Bas,-0.16,,,,,estime EA,,
1276649,Dominik Weixelbraun,Bas,0.327,Moyen,0.558,,,,,estime EA,,
1047663,Thibo Baeten,Moyen,0.636,Moyen,0.6,Moyen,0.45,,,estime EA,,Technical
1201554,Martin Turk,Bas,-0.182,Bas,-0.073,,,,,estime EA,,
1289105,Emmanuel Ekong,Moyen,0.455,Moyen,0.609,,,,,estime EA,,Rapid
1612523,Nils Zätterström,Moyen,0.6,Moyen,0.494,,,,,estime EA,,
1640681,Aaron Bouwman,Moyen,0.4,Moyen,0.384,Bas,0.164,,,estime EA,,
1610103,Nicolas Pays,Bas,0.309,Moyen,0.469,,,,,estime EA,,
780817,Jacob Bedeau,Haut,0.727,Moyen,0.647,,,,,estime EA,,Block
1116199,Anthony Descotte,Moyen,0.418,Moyen,0.564,Bas,0.075,,,estime EA,,
942203,Bjarki Steinn Bjarkason,Bas,0.145,Bas,0.282,,,,,estime EA,,
885223,Atakan Cankaya,Moyen,0.509,Moyen,0.356,Haut,0.854,,,estime EA,,Slide Tackle
833024,Mamadou Coulibaly,Moyen,0.436,Moyen,0.408,,,,,estime EA,,
1603786,Cedric Hatenboer,Bas,0.309,Moyen,0.368,Haut,0.75,,,estime EA,,
1572337,Christian Zawieschitzky,Bas,-0.2,Bas,-0.141,,,,,estime EA,,
1189606,Tom Bloxham,Moyen,0.491,Moyen,0.542,,,,,estime EA,,Rapid
1252223,Aziel Jackson,Bas,-0.073,Moyen,0.378,,,,,estime EA,,
1073979,Bryan Okoh,Bas,0.273,Moyen,0.363,Haut,0.812,,,estime EA,,
1362341,Alex Murphy,Moyen,0.455,Moyen,0.416,,,,,estime EA,,
1435604,Mark O'Mahony,Moyen,0.418,Moyen,0.513,,,,,estime EA,,
1327733,Aleix Garrido,Moyen,0.473,Moyen,0.453,,,,,estime EA,,Long Ball Pass|Technical
1206283,Joel Ideho,Bas,0.327,Moyen,0.538,Haut,0.944,,,estime EA,,
1263671,Sascha Risch,Moyen,0.473,Moyen,0.535,,,,,estime EA,,
1210623,Marko Lazetic,Bas,0.309,Moyen,0.398,,,,,estime EA,,
1484822,Filip Rozga,Moyen,0.582,Moyen,0.65,,,,,estime EA,,Press Proven
1207956,Micah Hamilton,Bas,0.2,Moyen,0.527,,,,,estime EA,,
1525164,Pedro Carvalho,Haut,0.691,Moyen,0.592,Moyen,0.445,,,estime EA,,
307178,Pierce Sweeney,Moyen,0.636,Moyen,0.387,,,,,estime EA,,
789600,Glenn Middleton,Moyen,0.436,Moyen,0.632,,,,,estime EA,,Rapid
1157905,Johan Karlsson,Moyen,0.655,Moyen,0.557,,,,,estime EA,,
493169,Baily Cargill,Moyen,0.6,Moyen,0.494,,,,,estime EA,,Long Throw
609841,Taylor Moore,Moyen,0.564,Moyen,0.449,,,,,estime EA,,Jockey
1248899,Baila Diallo,Moyen,0.509,Moyen,0.59,,,,,estime EA,,Whipped Pass
1433600,Arda Ünyay,Bas,0.291,Moyen,0.421,,,,,estime EA,,
1536103,Siren Diao,Moyen,0.382,Moyen,0.498,,,,,estime EA,,
1793640,Khalis Merah,Bas,0.109,Bas,0.308,Moyen,0.601,,,estime EA,,
742398,Tennai Watson,Moyen,0.564,Moyen,0.52,,,,,estime EA,,
1076174,Rarmani Edmonds-Green,Moyen,0.509,Moyen,0.509,,,,,estime EA,,
1161288,Christopher Scott,Moyen,0.436,Moyen,0.52,,,,,estime EA,,
1604028,Moussa Cisse,Moyen,0.382,Moyen,0.488,,,,,estime EA,,
1513342,Tobías Medina,Moyen,0.455,Moyen,0.416,,,,,estime EA,,
723575,Alessandro Confente,Bas,-0.309,Bas,-0.195,,,,,estime EA,,
866365,Ozan Kökçü,Bas,0.291,Moyen,0.421,Bas,0.195,,,estime EA,,
1244902,Mamady Bangré,Bas,0.309,Moyen,0.408,,,,,estime EA,,Technical
1106878,Alan Godoy,Moyen,0.473,Moyen,0.555,,,,,estime EA,,
1293027,Mason Burstow,Bas,0.327,Moyen,0.426,,,,,estime EA,,
1289952,Massimo Zilli,Bas,0.273,Moyen,0.414,,,,,estime EA,,
1435849,Bernt Klaverboer,Bas,-0.273,Bas,-0.272,Haut,0.716,,,estime EA,,
1402931,Fran Topic,Bas,0.236,Moyen,0.389,,,,,estime EA,,
820598,Batuhan Sen,Bas,-0.291,Bas,-0.32,,,,,estime EA,,Cross Claimer
906921,David Otto,Moyen,0.582,Moyen,0.568,,,,,estime EA,,
987134,Allan Linguet,Moyen,0.436,Moyen,0.48,,,,,estime EA,,Whipped Pass
938416,Mustafa Burak Bozan,Bas,-0.218,Bas,-0.311,Moyen,0.538,,,estime EA,,
1329169,Mika Baur,Moyen,0.345,Moyen,0.413,,,,,estime EA,,Incisive Pass
1647188,Enzo Molébé,Bas,0.291,Moyen,0.513,,,,,estime EA,,
882882,Alex Hartridge,Moyen,0.564,Moyen,0.541,,,,,estime EA,,Long Throw
1387304,Steven Nsimba,Moyen,0.436,Moyen,0.53,,,,,estime EA,,
678299,Alfie Kilgour,Moyen,0.418,Moyen,0.36,,,,,estime EA,,Aerial Fortress|Block|Bruiser
750841,Jack Aitchison,Moyen,0.418,Moyen,0.574,,,,,estime EA,,Finesse Shot
759507,Liam Fraser,Moyen,0.418,Bas,0.32,,,,,estime EA,,Long Ball Pass
1184743,Casper Staring,Moyen,0.491,Moyen,0.471,,,,,estime EA,,
1030929,Felix Higl,Moyen,0.545,Moyen,0.361,,,,,estime EA,,
1180316,Nikolas Agrafiotis,Moyen,0.564,Moyen,0.51,,,,,estime EA,,Enforcer
1366619,Dawid Drachal,Moyen,0.509,Moyen,0.621,,,,,estime EA,,
1524069,Sidiki Cherif,Bas,0.236,Moyen,0.359,Bas,0.065,,,estime EA,,
1178331,Yassine Benhattab,Bas,0.2,Moyen,0.477,Moyen,0.605,,,estime EA,,Technical
1420266,Bailey Cadamarteri,Moyen,0.345,Moyen,0.525,,,,,estime EA,,
1665130,Luka Tunjic,Moyen,0.4,Moyen,0.445,,,,,estime EA,,
906950,Lamine Diaby-Fadiga,Moyen,0.4,Moyen,0.404,,,,,estime EA,,
1617224,Alejo Sarco,Bas,0.273,Moyen,0.496,,,,,estime EA,,
1417094,Will Lankshear,Moyen,0.473,Moyen,0.403,,,,,estime EA,,
1414691,Max Alleyne,Moyen,0.4,Moyen,0.485,Moyen,0.586,,,estime EA,,
1322889,Fernando Romero,Moyen,0.436,Moyen,0.347,,,,,estime EA,,
1640966,Rafael Pinto Pedrosa,Moyen,0.418,Moyen,0.554,,,,,estime EA,,
1552425,Wouter Prins,Moyen,0.509,Moyen,0.58,Haut,0.98,,,estime EA,,
186498,Jayden Stockley,Moyen,0.655,Moyen,0.394,,,,,estime EA,,Aerial Fortress|Power Shot|Precision Header
978448,Lamine Gueye,Bas,0.2,Moyen,0.385,,,,,estime EA,,Rapid
1213683,Justin Hubner,Bas,0.327,Bas,0.314,Haut,0.71,,,estime EA,,
1113678,Alex Gilbert,Moyen,0.382,Moyen,0.427,,,,,estime EA,,
1137726,Lasse Nordås,Bas,0.273,Moyen,0.465,Bas,0.211,,,estime EA,,
1386683,Jonas Oehmichen,Moyen,0.345,Moyen,0.433,,,,,estime EA,,Press Proven
1478147,Adama Bojang,Bas,0.327,Moyen,0.375,,,,,estime EA,,
1487914,Jarzinho Malanga,Moyen,0.4,Moyen,0.516,,,,,estime EA,,Inventive
677988,Jack Fitzwater,Moyen,0.491,Moyen,0.501,,,,,estime EA,,
1129460,Sebastian Müller,Moyen,0.364,Moyen,0.562,,,,,estime EA,,Technical
1388477,Salifou Soumah,Moyen,0.382,Moyen,0.529,,,,,estime EA,,
1327789,Jaydon Banel,Bas,0.2,Moyen,0.487,,,,,estime EA,,
612183,Michael Cheek,Haut,0.782,Moyen,0.516,,,,,estime EA,,Precision Header
69611,Artur Jedrzejczyk,Moyen,0.473,Bas,0.118,,,,,estime EA,,Aerial Fortress|Long Throw
305200,Onurcan Piri,Bas,-0.255,Bas,-0.326,,,,,estime EA,,
992082,Alexandre Phliponeau,Moyen,0.6,Bas,0.291,,,,,estime EA,,Long Ball Pass
948981,Nils Piwernetz,Moyen,0.418,Moyen,0.513,,,,,estime EA,,
1243915,Deniz Dilmen,Bas,-0.273,Bas,-0.292,,,,,estime EA,,
1553362,Aymen Sliti,Bas,0.255,Moyen,0.478,Moyen,0.337,,,estime EA,,
1586559,Rayan Fofana,Bas,0.236,Moyen,0.41,Bas,0.259,,,estime EA,,
1379196,Jones El-Abdellaoui,Bas,0.182,Moyen,0.49,Bas,0.073,,,estime EA,,
1515630,Axel Kayombo,Bas,0.164,Moyen,0.442,,,,,estime EA,,
1685514,Kyllian Antonio,Bas,0.309,Bas,0.327,,,,,estime EA,,
1518938,Lazar Jovanovic,Bas,0.218,Moyen,0.464,,,,,estime EA,,
1186249,Oscar Wallin,Moyen,0.418,Moyen,0.422,,,,,estime EA,,
1106866,Jacen Russell-Rowe,Moyen,0.364,Moyen,0.471,Bas,0.028,,,estime EA,,
1526224,Ousmane Touré,Bas,0.327,Moyen,0.395,,,,,estime EA,,
1195106,Erik Shuranov,Bas,0.182,Bas,0.317,,,,,estime EA,,Gamechanger
1574548,Hayden Matthews,Moyen,0.636,Moyen,0.59,,,,,estime EA,,
1659455,Leon Robinson,Moyen,0.455,Moyen,0.467,,,,,estime EA,,
601346,Ryan Sweeney,Moyen,0.636,Moyen,0.366,,,,,estime EA,,Aerial Fortress|Intercept
682381,Joshua Endres,Moyen,0.4,Moyen,0.435,,,,,estime EA,,
1019588,Anthony Roncaglia,Moyen,0.618,Bas,0.247,,,,,estime EA,,
1189227,Emanuele Pecorino,Bas,0.236,Bas,0.105,,,,,estime EA,,
1637860,Iker Cordoba,Bas,0.327,Bas,0.304,,,,,estime EA,,
1174844,Jovo Lukic,Moyen,0.491,Moyen,0.379,,,,,estime EA,,
1657810,Nidal Celik,Bas,0.218,Bas,0.209,Moyen,0.566,,,estime EA,,
817097,Sam Stubbs,Haut,0.673,Moyen,0.432,,,,,estime EA,,Aerial Fortress|Intercept
1520067,Tristan Degreef,Bas,0.255,Moyen,0.417,,,,,estime EA,,
891678,Paulinho,Moyen,0.418,Moyen,0.391,,,,,estime EA,,
1561076,Hamza Güreler,Bas,0.273,Moyen,0.363,,,,,estime EA,,
680030,Daniel Cleary,Moyen,0.582,Moyen,0.406,Bas,0.252,,,estime EA,,Aerial Fortress|Precision Header
961990,Zech Medley,Moyen,0.4,Bas,0.313,,,,,estime EA,,
1282001,Fabio Blanco,Bas,0.273,Moyen,0.384,,,,,estime EA,,Technical
1164361,Matteo Piacentini,Moyen,0.455,Moyen,0.375,,,,,estime EA,,
1623826,Aboubaka Soumahoro,Bas,0.291,Bas,0.238,,,,,estime EA,,
1235968,Lukas Wallner,Bas,0.182,Moyen,0.337,,,,,estime EA,,
1385272,Leon Grgic,Bas,0.218,Bas,0.311,,,,,estime EA,,
1596106,Francesco Folino,Moyen,0.473,Moyen,0.382,Bas,0.14,,,estime EA,,Block
722756,Jack Simpson,Bas,0.255,Bas,0.204,,,,,estime EA,,
1273270,Emmanuel Fernandez,Moyen,0.436,Moyen,0.337,,,,,estime EA,,
29569,James Wilson,Moyen,0.473,Moyen,0.331,,,,,estime EA,,Bruiser
468967,Ollie Palmer,Bas,0.273,Bas,0.17,,,,,estime EA,,Aerial Fortress|Enforcer|Precision Header
253121,Paul Gladon,Bas,0.327,Bas,0.253,Bas,0.177,,,estime EA,,Enforcer|Precision Header
789508,Tom McIntyre,Bas,0.273,Bas,0.16,,,,,estime EA,,
1188024,Ed Turns,Moyen,0.582,Moyen,0.446,,,,,estime EA,,
1318728,Connor O'Riordan,Moyen,0.491,Moyen,0.349,,,,,estime EA,,
788495,Robin Ziegele,Moyen,0.564,Moyen,0.378,,,,,estime EA,,Anticipate|Block
1477956,Shio Fukuda,Bas,0.273,Moyen,0.445,,,,,estime EA,,
1607371,Lucas Michal,Bas,-0.109,Bas,0.322,,,,,estime EA,,
1659402,Flavio Russo,Bas,0.327,Moyen,0.375,,,,,estime EA,,
1524026,Jack Shepherd,Moyen,0.545,Moyen,0.361,,,,,estime EA,,Anticipate
466868,Daniel Graovac,Moyen,0.491,Bas,0.156,Haut,0.859,,,estime EA,,
1561242,Husseyn Chakroun,Bas,0.327,Moyen,0.528,,,,,estime EA,,
1559853,Aliou Thiare,Moyen,0.382,Bas,0.265,Haut,0.792,,,estime EA,,
846006,Andrias Edmundsson,Bas,0.273,Bas,0.231,Haut,0.748,,,estime EA,,
1604509,Guus Offerhaus,Moyen,0.491,Moyen,0.4,Moyen,0.342,,,estime EA,,
1285772,Stan Henderikx,Moyen,0.364,Moyen,0.39,Moyen,0.545,,,estime EA,,
888809,Mariano Gómez,Haut,0.764,Moyen,0.448,,,,,estime EA,,Aerial Fortress
1030646,Gennaro Borrelli,Moyen,0.345,Bas,0.189,Bas,0.246,,,estime EA,,
1420942,Théo Eyoum,Moyen,0.436,Bas,0.327,,,,,estime EA,,
1081302,Álex Martin,Bas,0.2,Bas,0.161,,,,,estime EA,,
534391,Nathan Smith,Haut,0.673,Moyen,0.381,,,,,estime EA,,Jockey
619507,William Boyle,Moyen,0.491,Bas,0.247,,,,,estime EA,,Aerial Fortress
1081862,Lucas Zeller,Moyen,0.345,Bas,0.301,,,,,estime EA,,
1322580,Yunus Emre Çift,Moyen,0.491,Moyen,0.379,Haut,0.984,,,estime EA,,
866713,William Bianda,Bas,0.236,Bas,0.186,,,,,estime EA,,
1413963,Jacobo Ramón,Moyen,0.4,Moyen,0.333,Haut,0.678,,,estime EA,,
1185235,Sava-Arangel Cestic,Moyen,0.436,Bas,0.144,,,,,estime EA,,
553778,Enes Mahmutovic,Moyen,0.364,Bas,0.166,Moyen,0.515,,,estime EA,,
1118195,Luan Patrick,Bas,0.218,Bas,0.219,Moyen,0.377,,,estime EA,,
213066,Kyle McFadzean,Bas,0.055,Bas,-0.06,,,,,estime EA,,Bruiser
298447,Jamie Walker,Moyen,0.582,Moyen,0.629,,,,,estime EA,,Finesse Shot|Technical
1280142,Matteo Francesconi,Moyen,0.655,Moyen,0.608,,,,,estime EA,,
664514,James Brophy,Haut,0.95,Haut,0.897,,,,,estime EA,oui,Relentless
149895,Jordan Bowery,Haut,0.914,Haut,0.862,,,,,estime EA,oui,Jockey|Relentless
775620,Ben Fox,Haut,0.764,Haut,0.692,,,,,estime EA,,
519444,Cameron McGeehan,Haut,0.782,Moyen,0.587,,,,,estime EA,,Aerial Fortress
575806,Ben Thompson,Haut,0.709,Moyen,0.568,,,,,estime EA,,
1119073,Jamie Jellis,Haut,0.727,Moyen,0.576,,,,,estime EA,,First Touch|Gamechanger
789549,Aaron Lewis,Haut,0.836,Moyen,0.589,,,,,estime EA,,Long Throw
1667969,Andre Garcia,Moyen,0.382,Moyen,0.6,,,,,estime EA,,
564859,Anthony Ribelin,Moyen,0.545,Moyen,0.574,,,,,estime EA,,
1006080,Robbie Gotts,Haut,0.764,Haut,0.682,,,,,estime EA,,
789539,Arthur Read,Haut,0.855,Moyen,0.596,,,,,estime EA,,Finesse Shot|Long Ball Pass
1123529,Tyrese Fornah,Haut,0.764,Moyen,0.499,,,,,estime EA,,Press Proven
467319,Ilmari Niskanen,Moyen,0.564,Moyen,0.581,,,,,estime EA,,
1422736,Karoy Anderson,Moyen,0.655,Moyen,0.557,,,,,estime EA,,
1399713,Marwan Al-Sahafi,Moyen,0.418,Haut,0.676,,,,,estime EA,,
675040,Regan Hendry,Haut,0.8,Moyen,0.574,,,,,estime EA,,Dead Ball|Finesse Shot|Gamechanger|Long Ball Pass
889093,Jacob Italiano,Moyen,0.418,Moyen,0.564,,,,,estime EA,,
360099,Conor McGrandles,Haut,0.727,Moyen,0.535,,,,,estime EA,,Aerial Fortress
697618,Alaa Hajji,Moyen,0.6,Moyen,0.515,,,,,estime EA,,Long Ball Pass
1076698,Remeao Hutton,Haut,0.836,Haut,0.792,,,,,estime EA,,Long Ball Pass|Long Throw|Whipped Pass
187427,Stephen McLaughlin,Moyen,0.545,Moyen,0.594,,,,,estime EA,,Whipped Pass
846102,Dean Campbell,Haut,0.764,Moyen,0.6,,,,,estime EA,,Intercept|Long Ball Pass
820641,Niklas Kölle,Moyen,0.545,Haut,0.666,,,,,estime EA,,Rapid
969245,Jack Burroughs,Moyen,0.364,Moyen,0.461,,,,,estime EA,,
1284555,Svit Seslar,Haut,0.805,Haut,0.778,Moyen,0.459,,,estime EA,oui,Relentless
720464,Shane McLoughlin,Moyen,0.564,Moyen,0.571,,,,,estime EA,,
867081,Jake Doyle-Hayes,Bas,0.291,Moyen,0.381,,,,,estime EA,,
1197515,Charlie Webster,Moyen,0.436,Moyen,0.48,,,,,estime EA,,Inventive
1055829,Terry Taylor,Moyen,0.509,Moyen,0.356,,,,,estime EA,,Dead Ball
1666481,Anto Sekongo,Moyen,0.4,Moyen,0.567,,,,,estime EA,,
261807,Danny Rose,Moyen,0.636,Haut,0.661,,,,,estime EA,,Aerial Fortress|Precision Header|Slide Tackle
654084,Kyle Knoyle,Haut,0.968,Haut,0.904,,,,,estime EA,oui,Relentless|Whipped Pass
938451,Klaidi Lolos,Moyen,0.618,Moyen,0.552,,,,,estime EA,,
1317318,Lucas Calodat,Moyen,0.636,Moyen,0.641,,,,,estime EA,,
416104,Ryan Woods,Moyen,0.582,Moyen,0.487,,,,,estime EA,,Long Ball Pass
171786,Funso Ojo,Moyen,0.582,Moyen,0.456,,,,,estime EA,,
215804,Elias Kachunga,Bas,0.309,Moyen,0.439,,,,,estime EA,,Acrobatic|Precision Header
469205,Ben Purrington,Moyen,0.455,Moyen,0.507,,,,,estime EA,,
562891,Liam Kinsella,Haut,1,Haut,0.839,,,,,estime EA,oui,Aerial Fortress|Intercept|Relentless|Slide Tackle
1125748,Jasper Pattenden,Moyen,0.418,Moyen,0.584,,,,,estime EA,,
1325210,Kamil Conteh,Haut,0.764,Moyen,0.651,,,,,estime EA,,Long Ball Pass
776161,Brandon Hanlan,Moyen,0.509,Moyen,0.631,,,,,estime EA,,
872989,George Lloyd,Moyen,0.655,Haut,0.689,,,,,estime EA,,
1089689,Joe White,Moyen,0.527,Moyen,0.475,,,,,estime EA,,Technical
911761,Macauley Southam-Hales,Moyen,0.4,Haut,0.668,,,,,estime EA,,
760753,Aaron Nemane,Haut,0.891,Haut,0.844,,,,,estime EA,,Quick Step|Rapid
1101052,Louie Watson,Moyen,0.564,Moyen,0.52,,,,,estime EA,,
1257558,Zach Booth,Moyen,0.436,Moyen,0.49,,,,,estime EA,,
97194,John Fleck,Bas,0.0,Bas,0.132,,,,,estime EA,,
203866,Antoni Sarcevic,Moyen,0.527,Bas,0.252,,,,,estime EA,,
735234,Max Clark,Haut,0.709,Moyen,0.589,,,,,estime EA,,Block|Jockey|Long Throw
1059674,Jesus Alvarez,Moyen,0.545,Moyen,0.411,,,,,estime EA,,
1075210,Jack Armer,Haut,0.764,Moyen,0.59,,,,,estime EA,,Block|Whipped Pass
923241,Elliot Bonds,Moyen,0.564,Moyen,0.439,,,,,estime EA,,Aerial Fortress|Anticipate
1108610,Caleb Watts,Moyen,0.455,Moyen,0.497,,,,,estime EA,,
521154,Sullay Kaikai,Bas,0.2,Moyen,0.477,,,,,estime EA,,
520336,Ben Whitfield,Moyen,0.545,Haut,0.666,,,,,estime EA,,Dead Ball|Quick Step|Whipped Pass
1199668,Ellis Taylor,Haut,0.727,Moyen,0.637,,,,,estime EA,,
1639718,Theofanis Bakoulas,Moyen,0.582,Moyen,0.507,,,,,estime EA,,
1694690,Mario Cantero,Bas,0.236,Bas,0.308,,,,,estime EA,,
793609,Jonas Hofmann,Moyen,0.564,Moyen,0.5,,,,,estime EA,,
1050813,Mark Kosznovszky,Moyen,0.364,Moyen,0.4,,,,,estime EA,,
637199,Leon Guwara,Moyen,0.382,Moyen,0.56,,,,,estime EA,,Slide Tackle
1047532,Ronan Darcy,Haut,0.745,Moyen,0.593,,,,,estime EA,,Finesse Shot
923527,Kerr McInroy,Moyen,0.509,Bas,0.275,Moyen,0.582,,,estime EA,,
1237977,Vic Chambaere,Bas,-0.255,Bas,-0.081,,,,,estime EA,,
1288332,Joel Ndala,Moyen,0.4,Haut,0.679,,,,,estime EA,,Press Proven|Quick Step
165555,Danny Andrew,Haut,0.673,Moyen,0.401,,,,,estime EA,,Long Ball Pass|Long Throw
873017,Keanan Bennetts,Bas,0.255,Moyen,0.458,,,,,estime EA,,Technical
1076696,Armando Dobra,Haut,0.709,Haut,0.711,,,,,estime EA,,Incisive Pass|Technical
1107731,Chem Campbell,Moyen,0.418,Moyen,0.472,,,,,estime EA,,Gamechanger
1346940,Mike Kleijn,Bas,0.327,Moyen,0.446,,,,,estime EA,,
188055,Kadeem Harris,Bas,0.291,Moyen,0.574,,,,,estime EA,,Rapid
961314,Fábio Tavares,Moyen,0.473,Moyen,0.606,,,,,estime EA,,Rapid
1078844,Elijah Dixon-Bonner,Moyen,0.418,Moyen,0.391,,,,,estime EA,,
1289949,Owen Dodgson,Moyen,0.564,Moyen,0.49,,,,,estime EA,,
1307638,Eli King,Moyen,0.509,Moyen,0.407,,,,,estime EA,,
1329268,Nils Rossen,Bas,0.255,Moyen,0.407,Moyen,0.496,,,estime EA,,
195260,Maxime Hautbois,Bas,-0.2,Bas,-0.09,,,,,estime EA,,
1281232,Jakob Napoleon Romsaas,Moyen,0.436,Moyen,0.53,,,,,estime EA,,
1415486,Jordan Thomas,Moyen,0.618,Haut,0.664,,,,,estime EA,,
1536998,Alpha Touré,Bas,0.291,Moyen,0.452,Haut,0.676,,,estime EA,,
1695681,Aladji Bamba,Moyen,0.4,Bas,0.302,Haut,0.992,,,estime EA,,
1631364,Uche Obiogumu,Moyen,0.418,Moyen,0.625,,,,,estime EA,,
244034,Luke Young,Haut,0.8,Moyen,0.462,,,,,estime EA,,
1184013,Bandiougou Fadiga,Moyen,0.473,Moyen,0.474,,,,,estime EA,,Technical
1098065,Melih Ibrahimoglu,Moyen,0.473,Moyen,0.515,Haut,0.828,,,estime EA,,
1184443,Felix Strauss,Moyen,0.655,Moyen,0.567,,,,,estime EA,,
1619435,Omar Sillah,Moyen,0.509,Moyen,0.621,,,,,estime EA,,
789590,Ben Killip,Bas,-0.236,Bas,-0.074,,,,,estime EA,,
1086939,Gavin Kilkenny,Haut,0.709,Moyen,0.528,,,,,estime EA,,
1206309,Bobby Kamwa,Haut,0.691,Haut,0.693,,,,,estime EA,,
1184206,Erik Ring,Moyen,0.545,Moyen,0.615,,,,,estime EA,,
1248004,Daniil Khudyakov,Bas,-0.364,Bas,-0.166,,,,,estime EA,,
430434,Christy Pym,Bas,0.036,Bas,0.065,,,,,estime EA,,Far Throw|Footwork|Long Ball Pass
575782,Jack Stevens,Bas,-0.145,Bas,-0.068,,,,,estime EA,,Cross Claimer|Footwork
782802,James Gibbons,Moyen,0.636,Moyen,0.56,,,,,estime EA,,Long Throw
1187285,Ryan Alebiosu,Moyen,0.582,Moyen,0.538,,,,,estime EA,,Slide Tackle
1026387,Denis Radu,Moyen,0.6,Moyen,0.626,Bas,0.146,,,estime EA,,
1330873,Bradley Ibrahim,Bas,0.291,Moyen,0.34,,,,,estime EA,,Press Proven
1072454,Kevin Höög Jansson,Moyen,0.455,Bas,0.284,Haut,0.664,,,estime EA,,
1113788,Idris Odutayo,Haut,0.782,Moyen,0.638,,,,,estime EA,,
1529147,Reno Münz,Moyen,0.436,Moyen,0.459,,,,,estime EA,,
851868,Abdurrahim Dursun,Bas,0.255,Moyen,0.376,Haut,0.871,,,estime EA,,
883082,George Harmon,Moyen,0.509,Moyen,0.509,,,,,estime EA,,
1385176,Cem Üstündag,Moyen,0.364,Moyen,0.461,Haut,0.717,,,estime EA,,
1431456,Thomas Waddingham,Moyen,0.509,Moyen,0.56,,,,,estime EA,,Power Shot
1520401,Tommy Simkin,Bas,-0.055,Bas,0.019,,,,,estime EA,,
1641040,Lukas Reich,Moyen,0.582,Moyen,0.548,,,,,estime EA,,
1388062,Ramien Safi,Haut,0.673,Haut,0.686,,,,,estime EA,,
724611,Ibrahim Koné,Bas,-0.164,Bas,-0.116,,,,,estime EA,,
1039807,Alexandre Lauray,Moyen,0.509,Moyen,0.478,,,,,estime EA,,
1130788,Fin Stevens,Moyen,0.382,Moyen,0.387,,,,,estime EA,,
1301633,Emirhan Ilkhan,Bas,0.218,Moyen,0.372,Haut,0.947,,,estime EA,,
1248672,Elias Manoel,Moyen,0.636,Haut,0.763,,,,,estime EA,,Finesse Shot|Rapid
256599,Sam Walker,Bas,-0.055,Bas,-0.022,,,,,estime EA,,Cross Claimer|Rush Out
259375,Mike van Duinen,Bas,0.109,Bas,0.176,Moyen,0.428,,,estime EA,,
637939,Lucas Röser,Moyen,0.4,Moyen,0.445,,,,,estime EA,,
801707,George McEachran,Haut,0.727,Moyen,0.586,,,,,estime EA,,Intercept
1184220,Owura Edwards,Moyen,0.545,Haut,0.727,,,,,estime EA,,
1382008,Sanoussy Ba,Bas,0.291,Moyen,0.472,,,,,estime EA,,
1520593,Jonah Sticker,Moyen,0.4,Moyen,0.475,,,,,estime EA,,
1581744,Hamidou Makalou,Moyen,0.436,Moyen,0.378,,,,,estime EA,,
692810,Yhoan Andzouana,Bas,0.327,Moyen,0.507,Moyen,0.586,,,estime EA,,
1336743,Daniel Kanu,Moyen,0.545,Moyen,0.533,,,,,estime EA,,
1357426,Niklas Niehoff,Bas,0.309,Moyen,0.48,,,,,estime EA,,
1217743,Aurelio Oehlers,Bas,0.2,Moyen,0.527,Bas,0.136,,,estime EA,,
253344,Seán Gannon,Moyen,0.545,Moyen,0.361,,,,,estime EA,,
1457823,Justin Kalumba,Bas,0.236,Moyen,0.4,,,,,estime EA,,
1656600,Ayoub Oufkir,Bas,0.145,Moyen,0.465,Moyen,0.521,,,estime EA,,
110184,Dion Malone,Moyen,0.418,Bas,0.33,,,,,estime EA,,Slide Tackle
767794,Manuel Wintzheimer,Moyen,0.545,Moyen,0.533,,,,,estime EA,,
1022849,Scott Banks,Moyen,0.491,Moyen,0.562,,,,,estime EA,,
1350982,Samuel Kotto,Moyen,0.455,Moyen,0.467,,,,,estime EA,,Slide Tackle
1632788,Rayan Bamba,Moyen,0.509,Moyen,0.519,,,,,estime EA,,
1388160,Jakob Schöller,Moyen,0.364,Moyen,0.593,,,,,estime EA,,
1532192,Max Marie,Moyen,0.436,Moyen,0.459,,,,,estime EA,,
1510458,Jeremy Oyono,Moyen,0.655,Moyen,0.526,,,,,estime EA,,
1670614,Isaac James,Bas,0.291,Moyen,0.35,Haut,0.828,,,estime EA,,
1243495,Federico Artioli,Haut,0.745,Moyen,0.502,,,,,estime EA,,
664440,João Oliveira,Moyen,0.491,Moyen,0.562,,,,,estime EA,,
787216,Harvey Rodgers,Haut,0.745,Moyen,0.552,,,,,estime EA,,Aerial Fortress|Intercept
1081233,Luca Hoole,Moyen,0.636,Moyen,0.6,,,,,estime EA,,
1337351,Hayate Matsuda,Moyen,0.636,Haut,0.702,,,,,estime EA,,
295061,Jordan Willis,Moyen,0.418,Moyen,0.452,,,,,estime EA,,
885319,Ewan Henderson,Moyen,0.455,Moyen,0.385,,,,,estime EA,,Technical
1019565,Jan Boller,Moyen,0.491,Bas,0.318,,,,,estime EA,,
1204282,Robert Street,Moyen,0.491,Moyen,0.461,,,,,estime EA,,Precision Header
1362393,Tristan van Gilst,Moyen,0.436,Moyen,0.541,Bas,0.13,,,estime EA,,
1385647,Baran Mogultay,Moyen,0.436,Moyen,0.469,,,,,estime EA,,Anticipate
1329813,Will Alves,Bas,0.218,Moyen,0.372,,,,,estime EA,,
1117055,Oliwier Zych,Bas,-0.273,Bas,-0.343,Haut,0.733,,,estime EA,,
1533556,James Dornelly,Moyen,0.545,Moyen,0.574,,,,,estime EA,,
780282,Harry Smith,Moyen,0.636,Moyen,0.356,,,,,estime EA,,Enforcer|Precision Header
950831,Ryan Johansson,Moyen,0.436,Moyen,0.337,,,,,estime EA,,
1012784,Daan Reiziger,Bas,-0.218,Bas,-0.158,,,,,estime EA,,
1350255,Sebastian Figueredo,Moyen,0.564,Moyen,0.49,,,,,estime EA,,
1067265,Giorgi Abuashvili,Moyen,0.509,Moyen,0.549,Moyen,0.583,,,estime EA,,
1411552,Zack Nelson,Bas,0.291,Moyen,0.421,,,,,estime EA,,
1437580,Kasper Davidsen,Moyen,0.636,Moyen,0.478,,,,,estime EA,,
1413853,Kaye Furo,Bas,0.309,Moyen,0.388,,,,,estime EA,,
1210310,Iker Recio,Moyen,0.509,Moyen,0.468,,,,,estime EA,,Long Ball Pass
1096396,Lucas Bergström,Bas,-0.273,Bas,-0.251,Haut,0.735,,,estime EA,,
1211647,Dylan Williams,Moyen,0.455,Moyen,0.436,,,,,estime EA,,
1533543,Cian Ashford,Moyen,0.382,Moyen,0.529,,,,,estime EA,,
1644174,Benjamin Boakye,Moyen,0.418,Moyen,0.594,,,,,estime EA,,
1290345,Melih Bostan,Moyen,0.491,Moyen,0.501,,,,,estime EA,,
1586552,Chema Andres,Bas,0.309,Bas,0.297,Haut,0.959,,,estime EA,,
1705134,Robinio Vaz,Bas,0.109,Moyen,0.43,Bas,0.156,,,estime EA,,
633721,Nicholas Mickelson,Moyen,0.618,Moyen,0.573,,,,,estime EA,,
1199360,Franco Carboni,Moyen,0.473,Moyen,0.423,,,,,estime EA,,
1418942,Dani Pérez,Bas,0.218,Bas,0.301,,,,,estime EA,,
1233935,Makan Aiko,Moyen,0.509,Moyen,0.549,Moyen,0.382,,,estime EA,,Rapid
1664759,Nathan De Cat,Moyen,0.582,Moyen,0.477,,,,,estime EA,,
873853,Marcos Lavín,Bas,-0.4,Bas,-0.252,,,,,estime EA,,
1286796,Jovon Makama,Moyen,0.364,Moyen,0.481,,,,,estime EA,,
1286941,Will Jarvis,Moyen,0.364,Moyen,0.512,,,,,estime EA,,Technical
1174485,Dale Taylor,Moyen,0.4,Moyen,0.516,,,,,estime EA,,Precision Header
1199868,Sonny Perkins,Moyen,0.436,Moyen,0.449,,,,,estime EA,,
1434603,Irakli Yegoian,Bas,0.255,Bas,0.295,Haut,0.895,,,estime EA,,
1696023,Gonzalo Pastor,Bas,0.273,Moyen,0.373,,,,,estime EA,,
127638,Nathan Thompson,Bas,-0.018,Bas,0.196,,,,,estime EA,,Jockey
791427,Cameron McJannet,Moyen,0.655,Moyen,0.404,Moyen,0.373,,,estime EA,,
1073484,Paul-Philipp Besong,Bas,0.073,Moyen,0.365,,,,,estime EA,,
964374,Danilo Orsi,Haut,0.764,Moyen,0.621,,,,,estime EA,,Chip Shot
1302715,Martial Godo,Moyen,0.364,Moyen,0.522,Moyen,0.396,,,estime EA,,
1515220,Amady Camara,Moyen,0.545,Moyen,0.564,,,,,estime EA,,
926293,Kaj de Rooij,Bas,0.236,Moyen,0.379,Moyen,0.449,,,estime EA,,
1536963,Pape Sy,Bas,-0.236,Bas,-0.257,Moyen,0.63,,,estime EA,,
1183999,Yahya Kalley,Moyen,0.527,Moyen,0.547,,,,,estime EA,,Block|Slide Tackle
1289641,Axel Camblan,Bas,0.109,Moyen,0.44,,,,,estime EA,,
1583872,Buba Sangaré,Bas,0.182,Bas,0.317,Haut,0.892,,,estime EA,,
1135808,Mahmoud Jaber,Moyen,0.364,Moyen,0.43,,,,,estime EA,,
1257829,Jonas Dirkner,Moyen,0.418,Moyen,0.35,,,,,estime EA,,
1273493,Donny Bogicevic,Bas,0.327,Moyen,0.365,,,,,estime EA,,Incisive Pass|Inventive
1585825,Severin Nioule,Moyen,0.364,Moyen,0.603,,,,,estime EA,,
561817,Mohamed Hamdaoui,Bas,0.291,Moyen,0.493,,,,,estime EA,,Technical
1003285,Joel Senior,Haut,0.745,Moyen,0.613,,,,,estime EA,,
961355,Eros Maddy,Bas,0.218,Moyen,0.565,,,,,estime EA,,
623713,Rushian Hepburn-Murphy,Bas,0.127,Moyen,0.57,,,,,estime EA,,Rapid
1392758,Igor Miladinovic,Bas,-0.127,Moyen,0.366,,,,,estime EA,,Quick Step
1692879,Oumar Camara,Moyen,0.345,Moyen,0.494,Bas,0.135,,,estime EA,,
1326195,Harrison Neal,Haut,0.745,Bas,0.288,,,,,estime EA,,Long Ball Pass
1286945,James Carragher,Bas,0.327,Moyen,0.395,,,,,estime EA,,
1137393,Charlie McNeill,Moyen,0.4,Moyen,0.475,,,,,estime EA,,Chip Shot
1111678,Cian Hayes,Moyen,0.618,Moyen,0.654,,,,,estime EA,,
1288512,Niek Schiks,Bas,-0.273,Bas,-0.353,,,,,estime EA,,
932160,Thierry Gale,Moyen,0.382,Moyen,0.539,,,,,estime EA,,
1684420,Artem Stepanov,Bas,0.273,Moyen,0.394,Bas,0.129,,,estime EA,,
872726,Mete Kaan Demir,Moyen,0.345,Moyen,0.525,,,,,estime EA,,Rapid
902279,Luke Offord,Haut,0.709,Moyen,0.548,,,,,estime EA,,Block|Intercept
1557032,Marco Esteban,Bas,0.309,Moyen,0.368,,,,,estime EA,,
1665407,Don-Angelo Konadu,Bas,0.327,Moyen,0.446,,,,,estime EA,,Enforcer
1646943,Patrice Covic,Bas,0.236,Moyen,0.43,,,,,estime EA,,
1280025,Grant-Leon Ranos,Bas,0.309,Moyen,0.378,,,,,estime EA,,
1737700,Lennart Karl,Haut,0.763,Haut,0.675,Moyen,0.38,11152,11.0,mesure FotMob,,Inventive
161632,Will Grigg,Moyen,0.4,Moyen,0.404,,,,,estime EA,,
1394403,Bobby Wales,Moyen,0.345,Moyen,0.494,,,,,estime EA,,
1165023,Fran González,Bas,-0.273,Bas,-0.353,,,,,estime EA,,
181624,Tom Flanagan,Moyen,0.618,Moyen,0.349,,,,,estime EA,,
1338846,Sota Kitano,Bas,0.291,Moyen,0.411,,,,,estime EA,,
1668016,Eric Puerto,Bas,-0.382,Bas,-0.407,,,,,estime EA,,
1647807,Oskar Pietuszewski,Moyen,0.345,Moyen,0.525,Moyen,0.537,,,estime EA,,
1408529,Diego Murillo,Moyen,0.473,Moyen,0.392,,,,,estime EA,,
1614832,Trevis Dago,Bas,0.291,Moyen,0.432,,,,,estime EA,,
1244809,Teddy Bouriaud,Bas,0.109,Bas,0.298,,,,,estime EA,,
1224181,Youssuf Sylla,Moyen,0.345,Bas,0.301,,,,,estime EA,,
1342790,Marvel,Bas,0.218,Bas,0.301,,,,,estime EA,,
1699296,Rayane Bounida,Bas,-0.036,Bas,0.28,Moyen,0.608,,,estime EA,,First Touch|Inventive|Technical
507303,Ryan Johnson,Moyen,0.582,Moyen,0.497,,,,,estime EA,,
1404077,Sebastian Otoa,Moyen,0.455,Moyen,0.375,Moyen,0.369,,,estime EA,,
1523209,Ibou Sané,Bas,0.255,Moyen,0.376,Bas,0.153,,,estime EA,,
1515122,Arjan Malic,Moyen,0.509,Moyen,0.397,,,,,estime EA,,
1558461,Findlay Curtis,Bas,0.073,Bas,0.243,,,,,estime EA,,
1337791,Yosuke Furukawa,Bas,0.273,Moyen,0.424,,,,,estime EA,,
1181595,Riccardo Tonin,Bas,0.273,Moyen,0.394,,,,,estime EA,,
1665435,Sergi Dominguez,Bas,0.255,Bas,0.244,Haut,0.761,,,estime EA,,
658364,Conor McCarthy,Moyen,0.527,Moyen,0.363,,,,,estime EA,,
1712125,Dani Diaz,Bas,0.145,Bas,0.312,,,,,estime EA,,
738061,Andre Becker,Moyen,0.491,Bas,0.329,,,,,estime EA,,Aerial Fortress|Enforcer|Precision Header
731652,Ahmet Sagat,Moyen,0.436,Moyen,0.429,,,,,estime EA,,
1523327,Fares Ghedjemis,Bas,0.2,Moyen,0.365,,,,,estime EA,,
1055824,Seid Korac,Moyen,0.4,Bas,0.313,,,,,estime EA,,Aerial Fortress|Block|Bruiser
1668969,Gabriel Otegbayo,Haut,0.691,Moyen,0.5,,,,,estime EA,,
1298186,Redouane Halhal,Bas,0.182,Bas,0.246,,,,,estime EA,,
1330204,Arif Kocaman,Moyen,0.473,Bas,0.189,,,,,estime EA,,Block
1487935,Yvann Titi,Moyen,0.418,Moyen,0.34,,,,,estime EA,,
961324,Jasper Moon,Haut,0.727,Moyen,0.464,,,,,estime EA,,
1685496,Sékou Doucouré,Moyen,0.345,Bas,0.24,,,,,estime EA,,
1193997,Elkan Baggott,Moyen,0.473,Moyen,0.352,,,,,estime EA,,
866148,Jordy Gillekens,Bas,0.127,Bas,0.224,,,,,estime EA,,
1444197,Fabio Ruggeri,Moyen,0.364,Bas,0.206,,,,,estime EA,,
846291,Tim Campulka,Moyen,0.418,Bas,0.086,,,,,estime EA,,
570777,Ben Heneghan,Bas,0.236,Bas,0.034,,,,,estime EA,,
648611,Lee Grace,Bas,0.091,Bas,-0.025,,,,,estime EA,,
181243,Niall Canavan,Moyen,0.636,Bas,0.194,,,,,estime EA,,Aerial Fortress
1288279,George Hall,Moyen,0.455,Moyen,0.629,,,,,estime EA,,
564531,Myles Hippolyte,Moyen,0.6,Haut,0.667,,,,,estime EA,,Long Throw|Technical
480753,Reece Brown,Moyen,0.564,Moyen,0.642,,,,,estime EA,,
1184673,Samson Tovide,Moyen,0.636,Haut,0.682,,,,,estime EA,,Enforcer|Low Driven Shot|Quick Step
199190,Ollie Clarke,Moyen,0.636,Moyen,0.478,,,,,estime EA,,Aerial Fortress|Block|Precision Header|Press Proven
1050300,Max Anderson,Haut,0.764,Moyen,0.651,,,,,estime EA,,
1218557,Gibson Yah,Moyen,0.382,Moyen,0.498,Haut,0.994,,,estime EA,,
1081014,Jaheim Headley,Moyen,0.582,Haut,0.731,,,,,estime EA,,
1113728,Tommy Leigh,Haut,0.745,Moyen,0.593,,,,,estime EA,,Finesse Shot|Long Throw
621849,Ronan Curtis,Moyen,0.655,Moyen,0.597,,,,,estime EA,,Gamechanger|Power Shot
663027,Ryan Broom,Moyen,0.564,Haut,0.673,,,,,estime EA,,
1312934,Timothy Noor Ouma,Moyen,0.473,Moyen,0.576,Haut,0.915,,,estime EA,,
607142,Kane Vincent-Young,Bas,0.164,Moyen,0.493,,,,,estime EA,,Rapid
260485,Ellis Harrison,Moyen,0.545,Moyen,0.605,,,,,estime EA,,Acrobatic
950659,Luke Bolton,Moyen,0.473,Moyen,0.606,,,,,estime EA,,Whipped Pass
918334,Charlie Lakin,Moyen,0.564,Moyen,0.52,,,,,estime EA,,
1664739,Aboubacar Bassinga,Moyen,0.418,Moyen,0.422,,,,,estime EA,,
562889,George Maris,Moyen,0.545,Moyen,0.493,,,,,estime EA,,Long Ball Pass|Pinged Pass
1517798,Efe Akman,Moyen,0.455,Moyen,0.599,,,,,estime EA,,Tiki Taka
1239448,Nathan Moriah-Welsh,Moyen,0.636,Moyen,0.57,,,,,estime EA,,
1606160,Noa Mikic,Moyen,0.455,Moyen,0.589,,,,,estime EA,,
279480,Gavan Holohan,Haut,0.745,Moyen,0.603,,,,,estime EA,,Aerial Fortress
661934,Justin Amaluzor,Moyen,0.455,Haut,0.69,,,,,estime EA,,Rapid
1098783,Mark Helm,Moyen,0.582,Moyen,0.548,,,,,estime EA,,
1188048,Ben Woods,Moyen,0.636,Moyen,0.549,,,,,estime EA,,Intercept|Long Ball Pass
961988,Ryan Rydel,Moyen,0.618,Haut,0.674,,,,,estime EA,,
1271838,Evan Caffrey,Moyen,0.564,Moyen,0.48,,,,,estime EA,,
1382739,Benno Dietze,Moyen,0.582,Moyen,0.538,,,,,estime EA,,Aerial Fortress|Press Proven
1093738,Tim Latteier,Moyen,0.564,Moyen,0.561,,,,,estime EA,,Anticipate
982596,Phoenix Patterson,Moyen,0.582,Moyen,0.64,,,,,estime EA,,
589644,Kieran Green,Haut,0.764,Moyen,0.55,,,,,estime EA,,Aerial Fortress
1013276,Callan Elliot,Moyen,0.618,Moyen,0.654,,,,,estime EA,,
866704,Ellis Chapman,Moyen,0.545,Moyen,0.483,,,,,estime EA,,
1034995,Ben Waine,Moyen,0.436,Moyen,0.53,,,,,estime EA,,Finesse Shot
1196750,Jack Moylan,Moyen,0.509,Moyen,0.56,,,,,estime EA,,
1410396,Ryan Trevitt,Moyen,0.436,Moyen,0.439,,,,,estime EA,,
1506448,Alwande Roaldsøy,Moyen,0.364,Moyen,0.43,,,,,estime EA,,
1641041,Darryl Bakola,Bas,0.273,Moyen,0.384,,,,,estime EA,,
560896,Hillel Konaté,Bas,-0.327,Bas,0.011,,,,,estime EA,,
876793,Pius Krätschmer,Moyen,0.564,Moyen,0.47,,,,,estime EA,,Jockey|Long Ball Pass
112274,James Clarke,Moyen,0.618,Moyen,0.563,,,,,estime EA,,Intercept|Rapid
1309958,Ayman Benarous,Moyen,0.491,Moyen,0.562,,,,,estime EA,,
1003685,Jacob Mendy,Moyen,0.655,Haut,0.719,,,,,estime EA,,Quick Step
1448041,Tyrese Hall,Moyen,0.382,Moyen,0.458,,,,,estime EA,,Press Proven
1643770,Sean Steur,Bas,0.182,Moyen,0.378,Moyen,0.411,,,estime EA,,Inventive
690181,Cameron Norman,Haut,0.8,Moyen,0.595,,,,,estime EA,,Long Throw|Whipped Pass
562890,Craig MacGillivray,Bas,-0.2,Bas,0.032,,,,,estime EA,,Footwork
845556,Lee O'Connor,Haut,0.709,Moyen,0.589,,,,,estime EA,,Anticipate|Slide Tackle
1425773,Mihai Toma,Moyen,0.364,Moyen,0.573,,,,,estime EA,,
1557497,Jacopo Martini,Moyen,0.364,Moyen,0.481,,,,,estime EA,,
1270528,Nodar Lominadze,Moyen,0.436,Moyen,0.398,Haut,0.995,,,estime EA,,
24143,Shaun Whalley,Moyen,0.545,Moyen,0.513,,,,,estime EA,,Chip Shot|Finesse Shot|Precision Header
262531,Tom Nichols,Haut,0.877,Haut,0.797,,,,,estime EA,oui,Relentless|Technical
962008,Taylor Perry,Moyen,0.545,Moyen,0.513,,,,,estime EA,,
1137375,George Broadbent,Moyen,0.636,Moyen,0.519,,,,,estime EA,,
1329774,Lewis Schouten,Moyen,0.364,Moyen,0.39,Moyen,0.574,,,estime EA,,
1086697,Ethan Coleman,Haut,0.691,Moyen,0.551,,,,,estime EA,,Aerial Fortress|Intercept|Long Ball Pass
1285497,Derek Mazou-Sacko,Moyen,0.582,Moyen,0.517,,,,,estime EA,,
303347,Connor Jennings,Haut,0.745,Moyen,0.552,,,,,estime EA,,Long Ball Pass
363344,Joe Ironside,Moyen,0.655,Moyen,0.526,,,,,estime EA,,Aerial Fortress
520238,Rhys Oates,Moyen,0.364,Moyen,0.532,,,,,estime EA,,
1113700,Cameron Congreve,Bas,0.273,Moyen,0.516,,,,,estime EA,,
662325,Elliot Newby,Haut,0.818,Haut,0.734,,,,,estime EA,,
1254240,Kamari Doyle,Bas,0.291,Moyen,0.421,,,,,estime EA,,
1783428,Bahmed Deuff,Bas,0.236,Bas,0.217,,,,,estime EA,,
816316,Omar Bugiel,Haut,0.673,Moyen,0.513,,,,,estime EA,,Bruiser
711188,Harrison Biggins,Haut,0.727,Moyen,0.423,,,,,estime EA,,
1199140,Jonas Krumrey,Bas,-0.127,Bas,0.081,,,,,estime EA,,
1093768,Joe Tomlinson,Haut,0.782,Haut,0.699,,,,,estime EA,,
1113727,Tony Springett,Moyen,0.345,Moyen,0.545,,,,,estime EA,,
1405022,Joel Colwill,Moyen,0.436,Moyen,0.53,,,,,estime EA,,
592209,Connal Trueman,Bas,-0.091,Bas,0.035,,,,,estime EA,,
1020785,Tom Sang,Moyen,0.436,Moyen,0.388,,,,,estime EA,,
1336022,Rubén Lopez,Bas,0.236,Bas,0.328,,,,,estime EA,,
1242562,Brandon Bokangu,Moyen,0.382,Moyen,0.488,,,,,estime EA,,
1020552,Shadrach Ogie,Moyen,0.582,Moyen,0.568,,,,,estime EA,,Long Throw
1406433,Marvin Kaleta,Moyen,0.473,Moyen,0.474,,,,,estime EA,,
662609,Elliott List,Moyen,0.6,Haut,0.728,,,,,estime EA,,Rapid
1098817,Daniel Oyegoke,Bas,0.218,Moyen,0.413,Haut,0.674,,,estime EA,,Technical
1080764,Tobias Eisenhuth,Moyen,0.418,Bas,0.33,,,,,estime EA,,
190424,Scott Hogan,Moyen,0.527,Moyen,0.597,,,,,estime EA,,
577914,Daniele Sommariva,Bas,-0.164,Bas,-0.065,,,,,estime EA,,
933747,Ryan Graydon,Haut,0.673,Haut,0.666,,,,,estime EA,,
1089738,Josh Martin,Bas,0.291,Moyen,0.533,,,,,estime EA,,
1133599,Leroy Abanda,Moyen,0.636,Moyen,0.631,,,,,estime EA,,
1243246,Livano Comenencia,Moyen,0.364,Moyen,0.491,,,,,estime EA,,
1635489,Luis Engelns,Moyen,0.527,Moyen,0.485,,,,,estime EA,,
1615547,Precious Ugwu,Moyen,0.345,Moyen,0.453,Moyen,0.534,,,estime EA,,
863820,Tyreke Wilson,Moyen,0.473,Moyen,0.515,,,,,estime EA,,Finesse Shot
1184470,Scott Smith,Moyen,0.455,Moyen,0.395,,,,,estime EA,,
563240,Callum Burton,Bas,-0.073,Bas,-0.07,,,,,estime EA,,Cross Claimer
1315250,Caylan Vickers,Moyen,0.382,Moyen,0.549,,,,,estime EA,,
1315477,Omari Kellyman,Bas,0.236,Moyen,0.359,,,,,estime EA,,
1607324,Gaoussou Diakite,Moyen,0.455,Moyen,0.497,Haut,0.902,,,estime EA,,
1081906,Denzel Hall,Moyen,0.418,Moyen,0.564,,,,,estime EA,,
1158933,Sabit Abdulai,Bas,-0.073,Bas,0.184,Haut,0.69,,,estime EA,,
597964,Kabongo Tshimanga,Moyen,0.527,Moyen,0.608,,,,,estime EA,,
1222186,Lewis Gordon,Moyen,0.655,Haut,0.689,,,,,estime EA,,Rapid
1186615,Melker Ellborg,Bas,-0.273,Bas,-0.119,Haut,0.845,,,estime EA,,
1359647,Daniel Bassi,Moyen,0.509,Moyen,0.651,,,,,estime EA,,
1552927,Luca Raimund,Bas,0.236,Moyen,0.369,,,,,estime EA,,
1226849,Leo Castledine,Moyen,0.491,Moyen,0.532,,,,,estime EA,,
1642042,Neo Eccleston,Moyen,0.491,Moyen,0.583,,,,,estime EA,,
759627,Harry McKirdy,Bas,0.255,Moyen,0.61,,,,,estime EA,,Gamechanger
1162969,Isak Hansen-Aarøen,Moyen,0.364,Moyen,0.522,,,,,estime EA,,Technical
1186461,Jake Rooney,Moyen,0.509,Moyen,0.397,,,,,estime EA,,
1292828,Gideon Kodua,Bas,0.2,Moyen,0.456,,,,,estime EA,,
1283393,Milosz Piekutowski,Bas,-0.236,Bas,-0.186,,,,,estime EA,,
1624099,Wojciech Urbanski,Moyen,0.345,Moyen,0.331,,,,,estime EA,,
585355,Tyler Walker,Bas,0.273,Moyen,0.435,,,,,estime EA,,Finesse Shot
1003332,Jayden Sweeney,Moyen,0.364,Moyen,0.491,,,,,estime EA,,
937034,Andri Fannar Baldursson,Bas,0.182,Bas,0.205,Haut,0.81,,,estime EA,,
1519290,Bobby Pointon,Moyen,0.655,Moyen,0.658,,,,,estime EA,,
1508706,Geoffrey Kondo,Moyen,0.4,Moyen,0.363,,,,,estime EA,,
1483935,Afonso Rodrigues,Bas,0.309,Moyen,0.449,,,,,estime EA,,
1162510,Justin Butler,Moyen,0.4,Moyen,0.516,,,,,estime EA,,Quick Step|Rapid
1400859,Isak Vural,Bas,0.2,Bas,0.324,Moyen,0.517,,,estime EA,,
1203652,Silko Thomas,Bas,0.255,Moyen,0.498,,,,,estime EA,,
1486535,Charles Herrmann,Bas,0.164,Moyen,0.381,,,,,estime EA,,
791428,Jack Senior,Haut,0.673,Moyen,0.656,,,,,estime EA,,
629065,Tyler Miller,Bas,-0.182,Bas,-0.124,,,,,estime EA,,
1068913,Adam Lewis,Moyen,0.527,Moyen,0.547,,,,,estime EA,,
1223119,Freddie Draper,Moyen,0.382,Moyen,0.417,,,,,estime EA,,Enforcer
1717491,Love Arrhov,Moyen,0.491,Moyen,0.552,,,,,estime EA,,
1335662,Jimmy Evans,Moyen,0.4,Moyen,0.536,,,,,estime EA,,
1404942,Jorge Meireles,Moyen,0.436,Moyen,0.49,Haut,0.957,,,estime EA,,
184069,John Marquis,Moyen,0.655,Moyen,0.384,,,,,estime EA,,Enforcer
1189626,Jackson Smith,Bas,-0.364,Bas,-0.176,,,,,estime EA,,Cross Claimer
1308894,Pedro Aleman,Moyen,0.418,Moyen,0.36,,,,,estime EA,,
1186485,Jude Soonsup-Bell,Bas,0.2,Moyen,0.436,,,,,estime EA,,
1104042,Ruari Paton,Haut,0.782,Moyen,0.658,,,,,estime EA,,
1744188,Noham Kamara,Bas,0.127,Bas,0.254,,,,,estime EA,,
1579433,Emirhan Demircan,Bas,0.236,Moyen,0.471,,,,,estime EA,,
484856,Connor Mahoney,Moyen,0.436,Moyen,0.551,,,,,estime EA,,Finesse Shot|Long Ball Pass|Technical
1192092,Andy Pembélé,Bas,0.236,Moyen,0.532,,,,,estime EA,,Quick Step
1385856,Davide Bartesaghi,Bas,0.2,Bas,0.222,Bas,0.177,,,estime EA,,
1181438,Martin Expérience,Moyen,0.545,Moyen,0.483,Haut,0.697,,,estime EA,,
1602154,Issiaka Karamoko,Moyen,0.509,Moyen,0.6,,,,,estime EA,,
172841,Callum McManaman,Bas,0.236,Bas,0.328,,,,,estime EA,,
237562,Connor Ripley,Bas,-0.345,Bas,-0.281,,,,,estime EA,,Far Throw|Long Ball Pass
1279914,Tiago Çukur,Bas,0.327,Moyen,0.365,Bas,0.131,,,estime EA,,Enforcer
1169373,Luis Lopez,Bas,-0.4,Bas,-0.252,,,,,estime EA,,
1216389,Mamadi Camara,Moyen,0.6,Moyen,0.596,,,,,estime EA,,
687115,Erhan Erentürk,Bas,-0.291,Bas,-0.228,Moyen,0.499,,,estime EA,,
1294782,Álvaro Martin,Bas,0.236,Moyen,0.44,,,,,estime EA,,
1524063,Yunus Emre Konak,Moyen,0.364,Moyen,0.349,,,,,estime EA,,
1123945,Will Swan,Moyen,0.473,Moyen,0.555,,,,,estime EA,,Low Driven Shot
1398938,Charlie Crew,Moyen,0.473,Moyen,0.423,,,,,estime EA,,
1676874,Semm Renders,Bas,0.291,Moyen,0.493,,,,,estime EA,,
1447050,Younes Ebnoutalib,Moyen,0.345,Moyen,0.474,,,,,estime EA,,
1179893,Luca Bolay,Moyen,0.473,Moyen,0.515,,,,,estime EA,,
1285822,Fin Back,Moyen,0.545,Moyen,0.462,,,,,estime EA,,Slide Tackle
1683391,Orlando Gill,Bas,-0.327,Bas,-0.314,Moyen,0.572,,,estime EA,,
1367269,Martin Rossignol,Bas,0.091,Bas,0.219,,,,,estime EA,,
1199638,Alfie Lloyd,Moyen,0.4,Moyen,0.597,,,,,estime EA,,
1187261,Sonny Cox,Moyen,0.545,Moyen,0.594,,,,,estime EA,,
1602252,Renato Marin,Bas,-0.182,Bas,-0.215,,,,,estime EA,,
1315952,Oumar Sidibe,Bas,0.327,Moyen,0.619,,,,,estime EA,,
654097,Anthony Scully,Moyen,0.382,Moyen,0.519,,,,,estime EA,,
1285838,Sam Curtis,Moyen,0.618,Moyen,0.532,,,,,estime EA,,
1374278,Simon Simoni,Bas,-0.4,Bas,-0.292,,,,,estime EA,,
1670281,Ali Houary,Bas,0.236,Bas,0.328,,,,,estime EA,,
1232229,Denzel De Roeve,Moyen,0.382,Moyen,0.417,Haut,0.996,,,estime EA,,
1077230,Tyrell Warren,Haut,0.727,Moyen,0.606,Haut,0.668,,,estime EA,,
1108006,Marco Essimi,Bas,0.309,Moyen,0.5,,,,,estime EA,,
1184466,Luke Robinson,Moyen,0.545,Moyen,0.523,,,,,estime EA,,Slide Tackle
1191046,Kamarl Grant,Moyen,0.564,Moyen,0.439,,,,,estime EA,,
1478238,Ali Jasim,Moyen,0.509,Moyen,0.488,,,,,estime EA,,
1632055,Edmund Baidoo,Bas,0.164,Moyen,0.432,Moyen,0.601,,,estime EA,,
1695991,David van der Werff,Bas,0.036,Bas,0.198,Bas,0.281,,,estime EA,,
1324328,Gioele Zacchi,Bas,-0.255,Bas,-0.265,,,,,estime EA,,
159397,Paddy Madden,Bas,0.145,Bas,0.17,,,,,estime EA,,Precision Header
1181715,Charlie Barker,Moyen,0.455,Moyen,0.426,,,,,estime EA,,
1183141,Göktan Gürpüz,Bas,0.236,Moyen,0.379,Moyen,0.404,,,estime EA,,
1367621,Ayman Aiki,Bas,0.145,Moyen,0.394,,,,,estime EA,,
1197547,Emre Tezgel,Bas,0.164,Bas,0.31,,,,,estime EA,,Finesse Shot
1130792,Mo Faal,Moyen,0.418,Moyen,0.483,,,,,estime EA,,Chip Shot
1520556,Benedikt Bauer,Moyen,0.509,Moyen,0.56,,,,,estime EA,,
1429909,Deniz Ertas,Bas,-0.255,Bas,-0.275,Moyen,0.529,,,estime EA,,
1479744,Yanis Issoufou,Bas,0.273,Moyen,0.414,,,,,estime EA,,
1281521,Marcus Müller,Bas,0.291,Bas,0.259,,,,,estime EA,,
1382375,Vasilije Adzic,Bas,0.055,Bas,0.286,,,,,estime EA,,
1197339,Filippo Rinaldi,Bas,-0.2,Bas,-0.253,,,,,estime EA,,
1697802,Maxime Blé,Bas,0.164,Moyen,0.452,,,,,estime EA,,
1293028,Lukas Mazagg,Bas,0.327,Moyen,0.405,,,,,estime EA,,
1273752,Nehemiah Fernandez,Bas,0.291,Bas,0.238,,,,,estime EA,,
1187387,Lucas Wolf,Bas,0.255,Moyen,0.448,,,,,estime EA,,Technical
1565859,Daniel Bennie,Bas,0.236,Moyen,0.44,,,,,estime EA,,
968935,Rumarn Burrell,Bas,0.273,Moyen,0.475,,,,,estime EA,,
1218553,Julius Dirksen,Bas,0.182,Moyen,0.337,Moyen,0.459,,,estime EA,,
1330880,Niklas Castelle,Bas,0.218,Moyen,0.453,,,,,estime EA,,
1670225,Etienne Eto'o,Bas,0.327,Moyen,0.334,,,,,estime EA,,
1668215,Dimitris Rallis,Moyen,0.6,Moyen,0.545,,,,,estime EA,,
652905,Seán Boyd,Moyen,0.436,Bas,0.276,,,,,estime EA,,Enforcer
1239535,Riley Harbottle,Moyen,0.527,Moyen,0.506,,,,,estime EA,,Jockey
1113676,Adrian Akande,Bas,0.2,Moyen,0.527,,,,,estime EA,,
1235088,David Okagbue,Haut,0.673,Moyen,0.523,,,,,estime EA,,Aerial Fortress
1413926,Max Scholze,Moyen,0.345,Moyen,0.413,Haut,0.969,,,estime EA,,
1389300,Maas Willemsen,Moyen,0.418,Moyen,0.35,Moyen,0.527,,,estime EA,,
748529,Toyosi Olusanya,Bas,-0.018,Moyen,0.41,,,,,estime EA,,Rapid
1251926,Hugo Pérez,Moyen,0.418,Bas,0.33,,,,,estime EA,,
1306075,Declan Frith,Bas,0.127,Moyen,0.407,,,,,estime EA,,
23229,Billy Sharp,Bas,0.164,Bas,0.035,,,,,estime EA,,
1288444,Robin Velasco,Bas,0.145,Moyen,0.384,,,,,estime EA,,
1428672,Ylies Aradj,Moyen,0.382,Moyen,0.376,,,,,estime EA,,
1218999,Diogo Monteiro,Bas,0.327,Moyen,0.355,,,,,estime EA,,
1191891,Lucas Ness,Moyen,0.509,Moyen,0.417,,,,,estime EA,,
1185783,Sebastian Revan,Moyen,0.382,Moyen,0.407,,,,,estime EA,,
1675933,Marc Domenech,Bas,0.036,Bas,0.208,,,,,estime EA,,
1437306,Yuto Tsunashima,Moyen,0.364,Moyen,0.39,,,,,estime EA,,
687441,Ciaran Kelly,Moyen,0.418,Bas,0.279,,,,,estime EA,,
1158927,Diego Bri,Bas,0.327,Moyen,0.467,,,,,estime EA,,
1438609,Erwan Colas,Bas,0.036,Bas,0.289,,,,,estime EA,,
1355258,Ruairi McConville,Moyen,0.345,Moyen,0.372,,,,,estime EA,,
1416581,Callum Osmand,Moyen,0.473,Moyen,0.586,,,,,estime EA,,
1016654,Jesse Debrah,Moyen,0.582,Moyen,0.487,,,,,estime EA,,Bruiser|Long Throw
1441584,Jay McGrath,Moyen,0.545,Moyen,0.462,,,,,estime EA,,
1460253,Nesta Elphege,Moyen,0.545,Bas,0.31,,,,,estime EA,,Enforcer
1603757,Siaka Bakayoko,Bas,0.164,Bas,0.289,,,,,estime EA,,
1186515,Khayon Edwards,Bas,0.2,Moyen,0.365,,,,,estime EA,,
1513526,John Paul Dembe,Bas,0.291,Moyen,0.401,,,,,estime EA,,
1576487,Otto Stange,Bas,0.255,Bas,0.315,,,,,estime EA,,
1663094,Filippo Mané,Bas,0.109,Bas,0.308,,,,,estime EA,,
1678681,Hennes Behrens,Moyen,0.382,Moyen,0.437,Haut,0.878,,,estime EA,,
1202082,James Connolly,Moyen,0.473,Moyen,0.392,,,,,estime EA,,
477589,Fernando Martinez,Moyen,0.436,Moyen,0.408,,,,,estime EA,,
1189480,Devon Koswal,Moyen,0.527,Moyen,0.465,Bas,0.076,,,estime EA,,
1172814,Zeno Ibsen Rossi,Moyen,0.4,Bas,0.292,,,,,estime EA,,Precision Header
1405862,Josue Kongolo,Bas,0.127,Bas,0.315,,,,,estime EA,,
1481890,Roméo Beney,Bas,0.291,Moyen,0.381,,,,,estime EA,,
1418746,Aleksandar Kahvic,Moyen,0.4,Bas,0.292,,,,,estime EA,,
238776,Jamille Matt,Bas,0.145,Bas,0.038,,,,,estime EA,,Enforcer|Precision Header
1366623,Karem Zoabi,Bas,0.291,Moyen,0.381,,,,,estime EA,,
1357639,Yannis Nahounou,Bas,0.327,Moyen,0.375,,,,,estime EA,,
1670276,Matia Barzic,Moyen,0.418,Bas,0.33,,,,,estime EA,,
533777,Charlie Raglan,Moyen,0.582,Moyen,0.345,,,,,estime EA,,Precision Header
807775,Brandon Cooper,Moyen,0.491,Bas,0.329,,,,,estime EA,,
1005751,Priestley Farquharson,Bas,0.236,Moyen,0.349,,,,,estime EA,,Anticipate|Bruiser|Long Throw
1286272,Rares Burnete,Bas,0.018,Bas,0.17,,,,,estime EA,,
1670129,Iker Martinez,Moyen,0.364,Moyen,0.379,,,,,estime EA,,
607858,Curtis Tilt,Moyen,0.582,Bas,0.324,,,,,estime EA,,Aerial Fortress|Intercept
564582,Jordan Turnbull,Haut,0.709,Moyen,0.385,,,,,estime EA,,Aerial Fortress|Intercept|Jockey
591751,Omar Sowunmi,Moyen,0.6,Bas,0.271,,,,,estime EA,,Aerial Fortress|Precision Header|Slide Tackle
1362137,Billy van Duijl,Bas,0.036,Bas,0.004,Haut,0.736,,,estime EA,,
194278,Sinan Osmanoglu,Moyen,0.455,Bas,0.111,,,,,estime EA,,
1398350,Patrick Nuamah,Moyen,0.473,Moyen,0.586,,,,,estime EA,,
664521,Harry Clifton,Haut,1,Haut,0.855,,,,,estime EA,oui,Relentless|Slide Tackle
493164,Tom Conlon,Haut,0.786,Haut,0.76,,,,,estime EA,oui,Dead Ball|Relentless
540077,Ben Close,Moyen,0.545,Moyen,0.503,,,,,estime EA,,
1191890,Jay Mingi,Moyen,0.455,Moyen,0.507,,,,,estime EA,,
406919,Kieron Morris,Moyen,0.582,Moyen,0.517,,,,,estime EA,,Power Shot|Technical
789495,Jack Earing,Moyen,0.436,Moyen,0.429,,,,,estime EA,,
838174,Tyrese Shade,Moyen,0.509,Moyen,0.641,,,,,estime EA,,Technical
1081272,Tivonge Rushesha,Bas,0.327,Moyen,0.487,,,,,estime EA,,
789643,Kellan Gordon,Moyen,0.509,Moyen,0.58,,,,,estime EA,,Whipped Pass
664503,Aaron McEneff,Moyen,0.455,Moyen,0.406,,,,,estime EA,,
807742,George Lapslie,Moyen,0.564,Moyen,0.48,,,,,estime EA,,
668421,Darren Oldaker,Moyen,0.6,Moyen,0.535,,,,,estime EA,,Long Ball Pass
793601,Mark Coyle,Haut,0.782,Moyen,0.557,,,,,estime EA,,Slide Tackle
1076693,Joe Walsh,Bas,0.0,Bas,0.132,,,,,estime EA,,Cross Claimer
1314353,Adam Mayor,Moyen,0.6,Moyen,0.596,,,,,estime EA,,
1191050,Jude Arthurs,Haut,0.727,Moyen,0.565,,,,,estime EA,,
1086940,Conor Grant,Moyen,0.527,Moyen,0.597,,,,,estime EA,,
1387200,Ibrahim Fofana,Moyen,0.455,Moyen,0.446,,,,,estime EA,,
1424756,Arkell Jude-Boyd,Moyen,0.582,Moyen,0.578,,,,,estime EA,,
522123,Jack Powell,Moyen,0.6,Moyen,0.433,,,,,estime EA,,Dead Ball|Power Shot
1115525,Scott Robertson,Moyen,0.509,Moyen,0.468,,,,,estime EA,,Long Ball Pass
1761869,Jeremiah Mensah,Moyen,0.364,Moyen,0.42,,,,,estime EA,,
1430950,Jayden Luker,Moyen,0.364,Moyen,0.461,,,,,estime EA,,
713291,George Miller,Haut,0.841,Haut,0.843,,,,,estime EA,oui,Relentless
603533,Cazim Suljic,Bas,-0.109,Bas,0.19,,,,,estime EA,,
113003,Albert Adomah,Bas,0.164,Bas,0.32,,,,,estime EA,,Inventive
883056,Connor Malley,Moyen,0.509,Moyen,0.366,,,,,estime EA,,
1515147,Tim Trummer,Moyen,0.436,Moyen,0.541,,,,,estime EA,,
1413887,Ben Krauhaus,Moyen,0.509,Moyen,0.57,,,,,estime EA,,
1285463,Kelly N'Mai,Moyen,0.582,Haut,0.741,,,,,estime EA,,Low Driven Shot|Technical
1310255,Dion Kacuri,Bas,0.145,Bas,0.323,,,,,estime EA,,
874605,Robbie McKenzie,Haut,0.727,Moyen,0.555,,,,,estime EA,,Aerial Fortress|Anticipate|Block|Long Throw
1189223,Patrizio Masini,Moyen,0.436,Moyen,0.449,Haut,0.998,,,estime EA,,
682552,Jonathan Leko,Bas,0.2,Moyen,0.538,,,,,estime EA,,
1353551,Sammy Braybrooke,Bas,0.273,Bas,0.323,,,,,estime EA,,
1294800,Patrick Brouwer,Moyen,0.491,Moyen,0.522,Bas,0.325,,,estime EA,,
1631610,Milan Aleksic,Bas,0.273,Moyen,0.363,,,,,estime EA,,
1072494,Ted Tattermusch,Moyen,0.436,Moyen,0.429,,,,,estime EA,,
1276988,Dariusz Stalmach,Moyen,0.473,Moyen,0.433,,,,,estime EA,,
1304779,Bryant Bilongo,Moyen,0.455,Moyen,0.507,,,,,estime EA,,
1487909,Eric da Silva Moreira,Bas,0.327,Moyen,0.487,,,,,estime EA,,
621869,Brandon Comley,Moyen,0.491,Moyen,0.379,,,,,estime EA,,
794462,Joe Sbarra,Moyen,0.636,Moyen,0.621,,,,,estime EA,,
1292838,Daniel Gore,Moyen,0.382,Moyen,0.509,,,,,estime EA,,Technical
1504551,Adrian Skogmar,Moyen,0.6,Moyen,0.504,Bas,0.315,,,estime EA,,
1357698,Matteo Bignetti,Bas,-0.218,Bas,-0.036,,,,,estime EA,,
1421813,Zak Sturge,Moyen,0.382,Moyen,0.458,,,,,estime EA,,
1387248,Loïc Etoga,Moyen,0.582,Moyen,0.477,,,,,estime EA,,
1586556,Daniel Gleiber,Bas,0.2,Moyen,0.355,,,,,estime EA,,
814567,Innes Cameron,Moyen,0.455,Bas,0.284,,,,,estime EA,,
1529483,Kornel Lisman,Moyen,0.364,Moyen,0.471,,,,,estime EA,,
864840,Maxence Carlier,Moyen,0.545,Moyen,0.462,,,,,estime EA,,
1235094,Tommi O'Reilly,Moyen,0.491,Moyen,0.491,,,,,estime EA,,
1331666,Lewis Orford,Moyen,0.436,Moyen,0.378,,,,,estime EA,,
1068592,Darragh Burns,Moyen,0.509,Moyen,0.539,,,,,estime EA,,Technical
1326921,Beyatt Lekoueiry,Bas,0.182,Moyen,0.418,,,,,estime EA,,
1504741,Isak Brusberg,Moyen,0.345,Bas,0.321,,,,,estime EA,,
1280024,Marcel Wenig,Bas,0.2,Bas,0.283,,,,,estime EA,,
1659420,Vitalie Becker,Bas,0.255,Moyen,0.336,,,,,estime EA,,
1670190,Théo Chennahi,Bas,0.236,Bas,0.247,,,,,estime EA,,
127653,Warren Burrell,Moyen,0.618,Moyen,0.512,,,,,estime EA,,Block|Jockey
1420829,Nathan Asiimwe,Haut,0.691,Moyen,0.592,,,,,estime EA,,
1670272,Matteo Cichella,Moyen,0.473,Moyen,0.423,,,,,estime EA,,
1787535,Christian Comotto,Bas,0.091,Bas,0.28,,,,,estime EA,,
330458,Mirko Salvi,Bas,-0.036,Bas,0.026,,,,,estime EA,,
684734,Donald Love,Haut,0.709,Moyen,0.589,,,,,estime EA,,Long Throw
1250794,Leonhard Münst,Bas,0.218,Bas,0.24,,,,,estime EA,,
1215525,Gatlin O'Donkor,Bas,0.327,Moyen,0.456,,,,,estime EA,,
1050325,Alessio Furlanetto,Bas,-0.2,Bas,-0.111,,,,,estime EA,,
1705340,Ismael Bekhoucha,Moyen,0.491,Moyen,0.522,,,,,estime EA,,
824218,Josh Hawkes,Moyen,0.473,Moyen,0.515,,,,,estime EA,,Whipped Pass
1430145,Arif Bosluk,Moyen,0.4,Moyen,0.475,Haut,0.965,,,estime EA,,
1473806,Marco Palestra,Bas,0.2,Moyen,0.355,Moyen,0.612,,,estime EA,,
1310630,Tom de Graaff,Bas,-0.255,Bas,-0.163,Haut,0.685,,,estime EA,,
1327326,Jemiah Umolu,Bas,0.327,Moyen,0.416,,,,,estime EA,,
1112686,James Maxwell,Moyen,0.564,Moyen,0.551,,,,,estime EA,,
1393697,Robbin Weijenberg,Bas,0.164,Bas,0.31,,,,,estime EA,,
1426161,Carlos Lopez,Bas,-0.309,Bas,-0.164,,,,,estime EA,,Far Throw|Footwork
1098343,Ole Wohlers,Bas,0.273,Moyen,0.353,,,,,estime EA,,
1190027,Noam Emeran,Bas,0.327,Moyen,0.528,,,,,estime EA,,
1273271,Elliott Nevitt,Haut,0.709,Moyen,0.548,,,,,estime EA,,Low Driven Shot|Precision Header
1445075,Jannik Hofmann,Moyen,0.491,Moyen,0.481,,,,,estime EA,,
1426548,Maleace Asamoah,Moyen,0.382,Moyen,0.61,,,,,estime EA,,
1398915,Ethan Wheatley,Moyen,0.4,Moyen,0.465,,,,,estime EA,,
1684401,Kerim Alajbegovic,Moyen,0.364,Moyen,0.44,Moyen,0.448,,,estime EA,,
1216005,Harvey Blair,Bas,0.236,Moyen,0.552,,,,,estime EA,,
662373,Aden Baldwin,Moyen,0.582,Moyen,0.477,,,,,estime EA,,Long Ball Pass|Slide Tackle
1187359,Max Dyche,Moyen,0.582,Moyen,0.538,,,,,estime EA,,
1305566,Manu Rico,Moyen,0.382,Moyen,0.397,,,,,estime EA,,
1257557,Jack Henry-Francis,Moyen,0.418,Moyen,0.36,,,,,estime EA,,Long Ball Pass
1679978,Aristide Zossou,Moyen,0.364,Moyen,0.522,,,,,estime EA,,
746895,Charles Vernam,Moyen,0.4,Moyen,0.607,,,,,estime EA,,Rapid
1410083,Emrecan Bulut,Bas,0.309,Moyen,0.408,Haut,0.876,,,estime EA,,
1320890,Emil Højlund,Bas,0.327,Moyen,0.385,,,,,estime EA,,
1390339,Kenan Busuladzic,Moyen,0.564,Moyen,0.51,Haut,0.945,,,estime EA,,
1083802,Lucas Hermes,Bas,0.327,Moyen,0.365,,,,,estime EA,,
1288273,David Hummel,Moyen,0.455,Moyen,0.446,,,,,estime EA,,
1576555,Furkan Gedik,Moyen,0.364,Moyen,0.603,,,,,estime EA,,
1633013,João Carvalho,Bas,-0.327,Bas,-0.375,,,,,estime EA,,
784365,Nicke Kabamba,Bas,0.036,Bas,0.248,,,,,estime EA,,Precision Header|Rapid
1385841,Noel Eichinger,Moyen,0.527,Moyen,0.485,,,,,estime EA,,
1089684,Aaron Pressley,Moyen,0.491,Moyen,0.471,,,,,estime EA,,Enforcer
1236818,Harvey Davies,Bas,-0.364,Bas,-0.247,,,,,estime EA,,
1433230,Romelle Donovan,Bas,0.236,Moyen,0.501,,,,,estime EA,,
1604388,Leander Popp,Moyen,0.364,Moyen,0.522,,,,,estime EA,,
1130810,Lewis Macari,Bas,0.236,Moyen,0.349,,,,,estime EA,,
1353441,Alfred Caicedo,Moyen,0.491,Moyen,0.552,,,,,estime EA,,
1195213,Will Davies,Moyen,0.473,Moyen,0.494,,,,,estime EA,,
523192,Courtney Baker-Richardson,Moyen,0.545,Moyen,0.472,,,,,estime EA,,Aerial Fortress
730552,Ryan Loft,Moyen,0.545,Moyen,0.371,,,,,estime EA,,
1435707,Leon Reichardt,Moyen,0.455,Moyen,0.416,,,,,estime EA,,
1759644,Kacper Koscierski,Moyen,0.364,Moyen,0.461,,,,,estime EA,,
1420196,Zach Mitchell,Moyen,0.436,Moyen,0.439,,,,,estime EA,,
1332456,Gustav Lindgren,Moyen,0.436,Moyen,0.429,,,,,estime EA,,
1323669,Lorenzo Aguado,Moyen,0.345,Bas,0.321,,,,,estime EA,,
1553520,Noah Maboulou,Moyen,0.364,Moyen,0.39,,,,,estime EA,,
718093,Kyle Cameron,Moyen,0.636,Moyen,0.377,,,,,estime EA,,
1132520,Jack Holmes,Bas,0.218,Moyen,0.453,,,,,estime EA,,
1397981,Zakaria Fdaouch,Moyen,0.545,Moyen,0.513,,,,,estime EA,,
1334831,Harrison Burke,Moyen,0.527,Moyen,0.384,,,,,estime EA,,
1484827,Riccardo Pagano,Bas,-0.018,Bas,0.125,,,,,estime EA,,
1390003,Ryan One,Bas,0.218,Moyen,0.403,,,,,estime EA,,
1697720,Naoufel El Hannach,Moyen,0.364,Moyen,0.369,,,,,estime EA,,
1720268,Enzo Montet,Moyen,0.473,Moyen,0.342,,,,,estime EA,,
939779,Maï Traoré,Moyen,0.418,Moyen,0.554,,,,,estime EA,,
1354820,Rosen Bozhinov,Bas,0.309,Moyen,0.347,Bas,0.242,,,estime EA,,
1664716,Dayann Methalie,Bas,0.327,Moyen,0.375,Haut,0.741,,,estime EA,,
1646629,Salim Musah,Moyen,0.364,Moyen,0.4,,,,,estime EA,,
1797449,Cleo Melieres,Bas,0.327,Moyen,0.456,,,,,estime EA,,
907046,Bojan Radulovic,Moyen,0.545,Bas,0.289,,,,,estime EA,,
886088,Jack Tucker,Moyen,0.618,Moyen,0.542,,,,,estime EA,,Anticipate|Jockey
1285477,Deji Elerewe,Moyen,0.509,Moyen,0.499,,,,,estime EA,,
1215976,Adebola Oluwo,Moyen,0.545,Moyen,0.483,,,,,estime EA,,Precision Header
1572340,Jannik Schuster,Bas,0.291,Bas,0.269,,,,,estime EA,,
1327150,Arijon Ibrahimovic,Bas,-0.036,Bas,0.23,Haut,0.728,,,estime EA,,
1334829,Alfie Dorrington,Bas,0.182,Bas,0.266,,,,,estime EA,,
1641009,Wojciech Monka,Moyen,0.4,Moyen,0.374,Bas,0.217,,,estime EA,,
791680,Diego Diaz,Bas,0.309,Bas,0.276,,,,,estime EA,,
1752228,Lanroy Machine,Bas,0.309,Moyen,0.388,Bas,0.119,,,estime EA,,
1283015,Justin Janitzek,Bas,0.127,Bas,0.254,,,,,estime EA,,
1467817,Diego Aznar,Moyen,0.4,Bas,0.302,,,,,estime EA,,
1209498,Michael Stickland,Bas,0.236,Bas,0.298,,,,,estime EA,,Slide Tackle
1668296,Jérémie Matumona,Moyen,0.436,Moyen,0.449,,,,,estime EA,,
1603751,Coleen Louis,Bas,0.255,Moyen,0.336,,,,,estime EA,,
1562396,Yvan Ikia Dimi,Bas,-0.036,Moyen,0.372,,,,,estime EA,,
1669628,Jeff Ekhator,Bas,0.309,Moyen,0.408,Bas,0.246,,,estime EA,,
1523092,Francisco Gonçalves,Moyen,0.418,Bas,0.32,Bas,0.092,,,estime EA,,
1074983,Leo Matzler,Moyen,0.364,Moyen,0.4,,,,,estime EA,,
1250240,Josh Feeney,Moyen,0.473,Moyen,0.342,,,,,estime EA,,
1577912,Adam Boayar,Bas,0.273,Bas,0.292,,,,,estime EA,,
1426063,Lasse Wilhelm,Bas,-0.055,Bas,0.131,,,,,estime EA,,
1396091,Gabriele Bracaglia,Moyen,0.436,Moyen,0.398,,,,,estime EA,,Slide Tackle
1447049,Federico Accornero,Bas,0.145,Moyen,0.343,,,,,estime EA,,
1487920,Bastien Meupiyou,Bas,0.291,Bas,0.33,Moyen,0.519,,,estime EA,,
865152,Sam Lavelle,Moyen,0.564,Moyen,0.378,,,,,estime EA,,
1203609,Jack Sanders,Moyen,0.491,Bas,0.298,,,,,estime EA,,
575792,Farrend Rawson,Haut,0.691,Moyen,0.378,,,,,estime EA,,Aerial Fortress|Block
1284065,Mamadou Jobe,Bas,0.164,Moyen,0.35,,,,,estime EA,,
1243906,Silvinho Esajas,Moyen,0.473,Moyen,0.342,,,,,estime EA,,
32392,Byron Webster,Bas,0.182,Bas,0.012,,,,,estime EA,,Long Throw
279487,Neill Byrne,Moyen,0.545,Bas,0.3,,,,,estime EA,,Aerial Fortress
1286164,Noah König,Bas,0.018,Bas,0.129,,,,,estime EA,,
1575429,Tom Iorpenda,Moyen,0.527,Moyen,0.485,,,,,estime EA,,
1089073,Evan Khouri,Haut,0.782,Moyen,0.628,Moyen,0.335,,,estime EA,,
1526413,Kai Andrews,Moyen,0.345,Moyen,0.433,,,,,estime EA,,
1010429,Clarke Oduor,Moyen,0.345,Moyen,0.555,,,,,estime EA,,Technical
1226748,Julius Beck,Moyen,0.4,Moyen,0.475,,,,,estime EA,,
693689,James Ball,Moyen,0.564,Moyen,0.347,,,,,estime EA,,
730242,Trevor Clarke,Bas,0.291,Moyen,0.472,,,,,estime EA,,Rapid|Whipped Pass
766648,Callum Maycock,Moyen,0.564,Moyen,0.48,,,,,estime EA,,
1533560,Donay O'Brien-Brady,Moyen,0.436,Moyen,0.52,,,,,estime EA,,
571546,Conor Grant,Bas,0.164,Moyen,0.34,,,,,estime EA,,
1020519,Ashley Charles,Moyen,0.564,Moyen,0.581,,,,,estime EA,,
1184681,Ciaran Gilligan,Moyen,0.6,Moyen,0.576,,,,,estime EA,,
770268,Rosaire Longelo,Bas,0.218,Moyen,0.525,,,,,estime EA,,
1106545,Daniel Kelly,Bas,0.273,Moyen,0.373,,,,,estime EA,,
1186512,Ryan Finnigan,Moyen,0.491,Moyen,0.491,,,,,estime EA,,
1288112,Zech Obiero,Moyen,0.436,Moyen,0.53,,,,,estime EA,,
1448049,Gabriel Sigua,Moyen,0.364,Moyen,0.41,,,,,estime EA,,
1562448,Vimal Yoganathan,Bas,0.255,Moyen,0.366,,,,,estime EA,,
1195337,Evan Weir,Moyen,0.455,Moyen,0.456,,,,,estime EA,,Dead Ball|Long Throw
978378,Moritz Hannemann,Moyen,0.418,Moyen,0.472,,,,,estime EA,,
1439541,Ben Perry,Bas,0.309,Moyen,0.388,,,,,estime EA,,
711363,Diallang Jaiyesimi,Bas,0.0,Bas,0.264,,,,,estime EA,,
1382059,Alan Núñez,Moyen,0.364,Moyen,0.481,Bas,0.27,,,estime EA,,
1533558,Harley Mills,Haut,0.691,Moyen,0.551,,,,,estime EA,,
873013,Jack Roles,Bas,-0.073,Bas,0.256,,,,,estime EA,,
1187307,Harry Wood,Moyen,0.418,Moyen,0.432,,,,,estime EA,,
1198316,Samir Lagsir,Bas,-0.164,Bas,0.321,,,,,estime EA,,
1283236,Isaac Ogundere,Moyen,0.527,Moyen,0.608,,,,,estime EA,,
170593,Adam Matthews,Bas,-0.018,Bas,0.125,,,,,estime EA,,Long Throw
730546,Regan Booty,Haut,0.8,Moyen,0.595,,,,,estime EA,,
1045828,Dara Costelloe,Moyen,0.491,Moyen,0.562,,,,,estime EA,,
1755657,Mertcan Ayhan,Moyen,0.4,Moyen,0.384,,,,,estime EA,,
154807,Joe Day,Bas,-0.091,Bas,0.055,,,,,estime EA,,Far Throw
1295636,Kylian Kouassi,Moyen,0.345,Moyen,0.464,,,,,estime EA,,
726705,Maziar Kouhyar,Moyen,0.582,Moyen,0.589,,,,,estime EA,,
1447957,Louis Köster,Moyen,0.418,Moyen,0.452,,,,,estime EA,,
1487859,Paul Argney,Bas,-0.236,Bas,-0.054,,,,,estime EA,,
1602223,Gökdeniz Gürpüz,Bas,0.236,Moyen,0.491,,,,,estime EA,,
1427016,Jakub Vinarcík,Bas,-0.255,Bas,-0.061,,,,,estime EA,,
1701453,Gabriel Reiziger,Bas,-0.073,Moyen,0.347,,,,,estime EA,,
1098754,Ethan Brierley,Moyen,0.473,Moyen,0.474,,,,,estime EA,,
1400168,Jannis Boziaris,Bas,0.273,Moyen,0.496,,,,,estime EA,,
1603681,Francis Onyeka,Bas,0.309,Bas,0.327,,,,,estime EA,,
1460327,Jesse Randall,Moyen,0.364,Moyen,0.542,,,,,estime EA,,
1664718,Mathis Saka,Bas,0.309,Moyen,0.408,,,,,estime EA,,
1584084,Ange Martial Tia,Moyen,0.436,Moyen,0.459,,,,,estime EA,,
488186,Ian Lawlor,Bas,-0.218,Bas,-0.087,,,,,estime EA,,
891387,Charlie Brown,Moyen,0.4,Moyen,0.587,,,,,estime EA,,
843660,Aaron Drinan,Moyen,0.545,Moyen,0.584,,,,,estime EA,,
1469332,Kyrell Lisbie,Bas,0.218,Moyen,0.535,,,,,estime EA,,
1274040,Theo Le Normand,Bas,0.327,Moyen,0.487,,,,,estime EA,,
1326041,Tomás Mendes,Bas,0.236,Moyen,0.339,,,,,estime EA,,
1592418,Lisandru Olmeta,Bas,-0.145,Bas,-0.201,,,,,estime EA,,
1667649,Daren Mosengo,Bas,0.182,Bas,0.205,,,,,estime EA,,
1673117,Jan Salas,Bas,0.164,Bas,0.249,,,,,estime EA,,
1113912,Jovan Malcolm,Bas,0.309,Moyen,0.551,,,,,estime EA,,
1513928,Justin Obikwu,Moyen,0.345,Moyen,0.565,,,,,estime EA,,
597503,Luke McGee,Bas,-0.255,Bas,-0.173,,,,,estime EA,,Far Throw|Footwork|Long Ball Pass
1344244,Rafik El Arguioui,Bas,0.255,Moyen,0.346,,,,,estime EA,,
1107967,Muharrem Cinan,Moyen,0.418,Moyen,0.574,,,,,estime EA,,
1517121,Tim Kloss,Moyen,0.455,Moyen,0.467,,,,,estime EA,,
1430852,Louie Marsh,Bas,0.2,Moyen,0.375,,,,,estime EA,,
1624062,Marc Giger,Moyen,0.436,Moyen,0.378,,,,,estime EA,,
865937,Jake Eastwood,Bas,-0.127,Bas,-0.061,,,,,estime EA,,
724365,Liam Gibson,Moyen,0.6,Moyen,0.484,,,,,estime EA,,Block
687860,Alexander Sebald,Bas,-0.145,Bas,-0.14,,,,,estime EA,,
1309966,Andrew Oluwabori,Bas,0.309,Moyen,0.49,,,,,estime EA,,
197116,Aaron Greene,Bas,0.127,Bas,0.193,,,,,estime EA,,Low Driven Shot|Rapid
961344,Lewis Cass,Moyen,0.364,Moyen,0.39,,,,,estime EA,,
1068914,Paul Glatzel,Bas,0.2,Moyen,0.426,,,,,estime EA,,
1230517,Tom Nixon,Moyen,0.545,Moyen,0.493,,,,,estime EA,,
1288116,Killian Cahill,Bas,-0.182,Bas,-0.225,,,,,estime EA,,
1609213,Mateus Mané,Bas,0.273,Moyen,0.445,Moyen,0.433,,,estime EA,,
1098797,Kameron Ledwidge,Moyen,0.527,Moyen,0.465,,,,,estime EA,,
1114371,Ewan Hatfout,Bas,-0.291,Bas,-0.228,,,,,estime EA,,
1559628,Maximilian Weisbäcker,Bas,-0.273,Bas,-0.272,,,,,estime EA,,
28109,Kevin McDonald,Bas,-0.182,Bas,-0.154,,,,,estime EA,,
1253866,Francis Okoronkwo,Bas,0.309,Moyen,0.459,,,,,estime EA,,
1690071,Rhodri Smith,Bas,0.182,Moyen,0.357,,,,,estime EA,,
1700518,Bernard Nguene,Bas,0.273,Moyen,0.485,,,,,estime EA,,
1531528,Benjamin Zank,Moyen,0.4,Moyen,0.333,,,,,estime EA,,Enforcer
1064852,Darragh Power,Moyen,0.545,Moyen,0.544,,,,,estime EA,,
1197653,Lee Bonis,Moyen,0.473,Moyen,0.515,,,,,estime EA,,
1793498,Cajetan Lenz,Moyen,0.345,Moyen,0.342,,,,,estime EA,,
178539,James Norwood,Bas,0.182,Bas,0.195,,,,,estime EA,,Chip Shot|Press Proven
967230,David Harrington,Bas,-0.309,Bas,-0.307,,,,,estime EA,,
1526613,Ange-Loïc N’Gatta,Moyen,0.345,Moyen,0.403,,,,,estime EA,,
1645514,Amine Chabane,Bas,0.273,Moyen,0.373,,,,,estime EA,,
35513,Mark Howard,Bas,-0.182,Bas,-0.185,,,,,estime EA,,
1215016,Samed Onur,Bas,0.091,Moyen,0.331,Haut,0.976,,,estime EA,,
1700199,Aymeric Faurand-Tournaire,Moyen,0.436,Moyen,0.439,,,,,estime EA,,
1712126,Yousri Sbai,Moyen,0.345,Moyen,0.494,,,,,estime EA,,
788719,Jake Turner,Bas,-0.236,Bas,-0.318,,,,,estime EA,,
1096696,James Norris,Moyen,0.4,Moyen,0.445,,,,,estime EA,,
1435443,Patrick Ouotro,Moyen,0.418,Moyen,0.442,,,,,estime EA,,
1515457,Abdulsamet Burak,Moyen,0.364,Moyen,0.379,,,,,estime EA,,
1669931,Victor Orakpo,Bas,0.327,Moyen,0.436,,,,,estime EA,,
1717064,Yanis Rafii,Bas,0.255,Bas,0.265,,,,,estime EA,,
1192954,Dani van den Heuvel,Bas,-0.436,Bas,-0.408,,,,,estime EA,,
1693008,Ali Maamar,Moyen,0.491,Moyen,0.491,,,,,estime EA,,
160368,Scot Bennett,Moyen,0.564,Bas,0.164,,,,,estime EA,,Intercept|Jockey|Slide Tackle
824650,Daniel Azevedo,Bas,-0.364,Bas,-0.349,,,,,estime EA,,
1612239,Michael Noonan,Moyen,0.418,Moyen,0.462,,,,,estime EA,,
1273881,Sékou Fofana,Moyen,0.436,Moyen,0.449,,,,,estime EA,,
1637886,Oscar Naasei Oppong,Moyen,0.4,Bas,0.302,,,,,estime EA,,
1506576,Luca Basceanu,Bas,0.036,Bas,0.289,,,,,estime EA,,
1708116,Eser Gürbüz,Bas,0.218,Moyen,0.352,,,,,estime EA,,
1024928,Khalid Al Ghannam,Bas,0.2,Moyen,0.416,,,,,estime EA,,Technical
1626148,Dustin Forkel,Moyen,0.382,Moyen,0.448,,,,,estime EA,,
1332788,Dajaune Brown,Bas,0.291,Moyen,0.442,,,,,estime EA,,
1796096,Hamza Koutoune,Moyen,0.4,Moyen,0.496,,,,,estime EA,,
962014,Santiago Eneme,Bas,0.073,Bas,0.182,,,,,estime EA,,
960599,Gianmarco Cangiano,Bas,0.145,Moyen,0.363,,,,,estime EA,,
1668291,Brice Oggad,Bas,0.091,Bas,0.209,,,,,estime EA,,
1587680,Nolan Martens,Bas,0.327,Moyen,0.405,Haut,0.687,,,estime EA,,
1532672,Jonah Kusi-Asare,Bas,0.255,Bas,0.254,,,,,estime EA,,
1743835,James Clarke,Moyen,0.527,Bas,0.221,,,,,estime EA,,Bruiser
1321553,Stefano Marino,Moyen,0.545,Moyen,0.493,,,,,estime EA,,
1659415,Peter Remmert,Moyen,0.364,Bas,0.237,,,,,estime EA,,
1076170,Ibrahim Bakare,Moyen,0.418,Moyen,0.411,,,,,estime EA,,
1284429,Javier Guerra,Moyen,0.527,Moyen,0.547,Moyen,0.493,,,estime EA,,
1296769,Zach Abbott,Bas,0.309,Bas,0.297,Bas,0.215,,,estime EA,,
1317097,James Golding,Bas,0.055,Bas,0.215,,,,,estime EA,,
1164489,Ciarán Brennan,Moyen,0.527,Moyen,0.445,,,,,estime EA,,
1643851,Karim Coulibaly,Bas,0.236,Bas,0.308,Bas,0.162,,,estime EA,,
968915,Harrison Holgate,Bas,0.2,Bas,0.324,,,,,estime EA,,
662956,Robbie Cundy,Bas,0.309,Bas,0.256,,,,,estime EA,,
920384,Joy Mukena,Bas,0.291,Bas,0.31,,,,,estime EA,,
1441821,Finley Potter,Moyen,0.382,Bas,0.326,,,,,estime EA,,
340108,Josip Calusic,Bas,0.327,Bas,0.273,,,,,estime EA,,
711340,Josh Gordon,Haut,0.75,Haut,0.756,,,,,estime EA,oui,Relentless
1024958,Kyran Lofthouse,Moyen,0.491,Moyen,0.583,,,,,estime EA,,
1273274,Liam Coyle,Moyen,0.545,Moyen,0.422,,,,,estime EA,,Aerial Fortress
1235101,Courtney Clarke,Moyen,0.636,Moyen,0.631,,,,,estime EA,,
1123946,Matthew Dennis,Bas,0.291,Moyen,0.543,,,,,estime EA,,
1533539,Jake Richards,Bas,0.327,Moyen,0.467,,,,,estime EA,,
1181104,Cameron Antwi,Moyen,0.564,Moyen,0.429,,,,,estime EA,,
1561984,Sima Suso,Bas,0.255,Bas,0.295,,,,,estime EA,,
1473815,Jack Shorrock,Moyen,0.436,Moyen,0.571,,,,,estime EA,,
1553376,Thijs Kraaijeveld,Bas,0.236,Bas,0.328,Moyen,0.493,,,estime EA,,
906938,Stephen Duke-McKenna,Bas,0.236,Moyen,0.542,,,,,estime EA,,
1204322,Ade Adeyemo,Moyen,0.4,Moyen,0.506,,,,,estime EA,,
1526610,William Benard,Moyen,0.455,Moyen,0.436,,,,,estime EA,,
968948,Haji Mnoga,Moyen,0.6,Moyen,0.647,,,,,estime EA,,Slide Tackle
1220549,Tete Yengi,Moyen,0.382,Moyen,0.488,,,,,estime EA,,Enforcer
1339308,Alper Demirol,Moyen,0.418,Moyen,0.411,,,,,estime EA,,
1089745,Nelson Khumbeni,Moyen,0.545,Moyen,0.493,,,,,estime EA,,
1580713,Miguel Perez,Bas,0.236,Bas,0.318,,,,,estime EA,,
1565858,Jaylan Pearman,Moyen,0.509,Moyen,0.468,,,,,estime EA,,
1249605,Jenson Metcalfe,Moyen,0.455,Moyen,0.416,,,,,estime EA,,
1659454,Mika Haas,Bas,0.327,Moyen,0.517,,,,,estime EA,,
1105534,Dan Martin,Moyen,0.491,Moyen,0.491,,,,,estime EA,,
1117827,Josh Austerfield,Moyen,0.582,Moyen,0.517,,,,,estime EA,,Aerial Fortress
1195372,Dylan Duffy,Moyen,0.382,Moyen,0.498,,,,,estime EA,,
1169591,John-Kymani Gordon,Moyen,0.345,Moyen,0.545,,,,,estime EA,,Precision Header
843665,John Martin,Moyen,0.582,Moyen,0.446,,,,,estime EA,,
1125882,Reece Smith,Moyen,0.418,Moyen,0.584,,,,,estime EA,,
330466,Lee Angol,Bas,0.273,Moyen,0.445,,,,,estime EA,,Finesse Shot
807013,Reagan Ogle,Moyen,0.636,Moyen,0.59,,,,,estime EA,,Long Throw
612735,Mathew Hudson,Bas,0.018,Bas,0.099,,,,,estime EA,,
1536786,Enes Albak,Moyen,0.382,Moyen,0.366,,,,,estime EA,,
1738340,Rudy Matondo,Bas,0.327,Moyen,0.375,Moyen,0.571,,,estime EA,,
1688881,Kevin Barcella,Bas,0.218,Moyen,0.352,,,,,estime EA,,
792702,Tyler Walton,Moyen,0.564,Moyen,0.531,,,,,estime EA,,
1667685,Enrique Aguilar,Bas,0.236,Moyen,0.532,,,,,estime EA,,
1227404,Reyes Cleary,Moyen,0.491,Moyen,0.532,,,,,estime EA,,
982301,Zico Asare,Moyen,0.364,Moyen,0.644,,,,,estime EA,,
1771197,David Santos Daiber,Bas,0.182,Bas,0.276,,,,,estime EA,,
1797459,Sam de Laat,Moyen,0.382,Moyen,0.376,,,,,estime EA,,
1586395,Daniel Kelly,Bas,0.073,Moyen,0.355,,,,,estime EA,,Rapid
778775,Shawn McCoulsky,Moyen,0.4,Haut,0.668,,,,,estime EA,,
1330846,Sonny Aljofree,Moyen,0.527,Moyen,0.557,,,,,estime EA,,
1343474,Devan Tanton,Moyen,0.564,Moyen,0.5,,,,,estime EA,,
1331697,Finley Munroe,Moyen,0.382,Moyen,0.376,,,,,estime EA,,Slide Tackle
896065,Reece Staunton,Moyen,0.418,Moyen,0.452,,,,,estime EA,,
1195885,Juan Larios,Bas,0.2,Moyen,0.405,,,,,estime EA,,
1365245,Harrison Jones,Bas,0.218,Moyen,0.382,,,,,estime EA,,
1348438,Freddie Issaka,Bas,0.182,Moyen,0.49,,,,,estime EA,,
1203658,Divin Mubama,Bas,0.255,Moyen,0.407,,,,,estime EA,,
1413783,Fábio Jaló,Bas,0.236,Moyen,0.511,,,,,estime EA,,
1553368,Nesto Groen,Bas,0.327,Moyen,0.355,,,,,estime EA,,
1105523,Josh Davison,Moyen,0.582,Moyen,0.446,,,,,estime EA,,
1290613,Nicolo Cavuoti,Bas,0.073,Moyen,0.375,,,,,estime EA,,
1434858,Roy Steur,Bas,-0.2,Bas,-0.212,,,,,estime EA,,
1098816,Nathan Butler-Oyedeji,Bas,0.145,Moyen,0.404,Bas,0.081,,,estime EA,,
1213676,Lewis Shipley,Moyen,0.527,Moyen,0.465,,,,,estime EA,,
1621082,Edoardo Motta,Bas,-0.291,Bas,-0.34,Bas,0.043,,,estime EA,,
1116589,Giuseppe Ciocci,Bas,-0.109,Bas,-0.237,,,,,estime EA,,
119521,Seamus Conneely,Bas,0.145,Bas,0.018,,,,,estime EA,,Aerial Fortress
1319909,Rijk Janse,Bas,-0.327,Bas,-0.263,,,,,estime EA,,
891482,Mirza Cihan,Bas,0.073,Bas,0.273,,,,,estime EA,,
1182933,Antwoine Hackford,Bas,0.218,Moyen,0.565,,,,,estime EA,,
1388695,Izzet Celik,Bas,0.073,Bas,0.314,,,,,estime EA,,
919849,Julian Larsson,Bas,0.255,Moyen,0.448,,,,,estime EA,,
1229066,Josh Andrews,Moyen,0.4,Moyen,0.384,,,,,estime EA,,Precision Header
1453338,Jay Robinson,Bas,0.255,Moyen,0.397,,,,,estime EA,,
1523842,Benn Ward,Moyen,0.345,Moyen,0.392,,,,,estime EA,,
1686118,Lucas Herrington,Moyen,0.418,Moyen,0.401,,,,,estime EA,,
1263278,Jamie Mullins,Bas,0.291,Moyen,0.503,,,,,estime EA,,Technical
966023,Ben Knight,Bas,0.018,Moyen,0.333,,,,,estime EA,,Technical
1389720,Dion Versluis,Bas,0.273,Bas,0.221,,,,,estime EA,,
1680585,Felix Emmanuel Tsimba,Bas,0.182,Bas,0.327,,,,,estime EA,,
1428563,Franci Bouebari,Bas,0.273,Bas,0.312,,,,,estime EA,,Intercept
1473681,Nyamekye Awortwie-Grant,Moyen,0.418,Moyen,0.432,,,,,estime EA,,
1413371,Adrian Palacios,Bas,0.327,Bas,0.283,,,,,estime EA,,
1577843,Bruno Ogbus,Bas,-0.036,Bas,0.219,Moyen,0.477,,,estime EA,,
962703,Cameron Evans,Moyen,0.564,Moyen,0.419,,,,,estime EA,,Slide Tackle
1396874,Devon Matthews,Moyen,0.382,Bas,0.326,,,,,estime EA,,
1355530,Brahim Ghalidi,Bas,0.145,Moyen,0.424,,,,,estime EA,,Technical
1669433,Sankhoun Diawara,Moyen,0.364,Bas,0.247,,,,,estime EA,,
1463600,Aaron Bibout,Bas,0.273,Bas,0.292,,,,,estime EA,,
1346646,Delano McCoy-Splatt,Bas,0.273,Moyen,0.465,,,,,estime EA,,
1276301,Antony Papadopoulos,Moyen,0.418,Moyen,0.462,,,,,estime EA,,
1217143,Matt Dibley-Dias,Bas,0.218,Moyen,0.362,,,,,estime EA,,
46382,David Worrall,Moyen,0.4,Moyen,0.445,,,,,estime EA,,Whipped Pass
1288868,Kane Thompson-Sommers,Moyen,0.491,Moyen,0.481,,,,,estime EA,,
1113742,Charlie Wellens,Moyen,0.418,Moyen,0.432,,,,,estime EA,,
793691,Luke Hannant,Moyen,0.564,Moyen,0.531,,,,,estime EA,,
1186523,Oscar Thorn,Moyen,0.382,Haut,0.671,,,,,estime EA,,
1606170,Jonathan Bland,Moyen,0.436,Bas,0.327,Haut,0.844,,,estime EA,,
1553434,Andreas Verstraeten,Moyen,0.473,Moyen,0.515,,,,,estime EA,,
1353104,Tochukwu Nnadi,Moyen,0.636,Moyen,0.356,,,,,estime EA,,
1327311,Kyle McAdam,Moyen,0.527,Moyen,0.557,,,,,estime EA,,
1288109,Ryan Howley,Bas,0.255,Bas,0.204,,,,,estime EA,,
1276931,Markus Haaland,Moyen,0.436,Moyen,0.378,,,,,estime EA,,
1575564,Tommy Backwell,Bas,0.218,Moyen,0.372,,,,,estime EA,,
1416627,Davis Asante,Bas,0.236,Moyen,0.461,,,,,estime EA,,
662366,Sam Hornby,Bas,-0.291,Bas,0.036,,,,,estime EA,,
862954,Kenan Fatkic,Moyen,0.4,Moyen,0.374,,,,,estime EA,,
749025,Lewis Ward,Bas,-0.036,Bas,0.046,,,,,estime EA,,
1520214,Luca Woodhouse,Moyen,0.436,Moyen,0.459,,,,,estime EA,,
1576485,Tom Dean,Bas,0.291,Moyen,0.493,,,,,estime EA,,
1736527,Alexandro Maidana,Moyen,0.436,Moyen,0.52,,,,,estime EA,,
1713570,Tanguy Ahile,Moyen,0.382,Moyen,0.397,,,,,estime EA,,
1668214,Isaiah Ahmed,Moyen,0.4,Moyen,0.394,,,,,estime EA,,
1797591,Robin van Cruijsen,Bas,0.145,Moyen,0.404,Bas,0.069,,,estime EA,,
1032780,Darragh Nugent,Moyen,0.455,Bas,0.222,,,,,estime EA,,
1610969,Emmanuel Gyamfi,Moyen,0.345,Moyen,0.443,,,,,estime EA,,
1249615,Luke Butterfield,Bas,0.309,Moyen,0.358,,,,,estime EA,,
1184675,Sam Long,Bas,-0.127,Bas,-0.051,,,,,estime EA,,
1645924,Tristan Schenkhuizen,Bas,0.164,Bas,0.299,,,,,estime EA,,
1507603,Muhamed Buljubasic,Bas,0.255,Bas,0.214,Haut,0.853,,,estime EA,,
1797614,Anis Ouzenadji,Bas,0.255,Moyen,0.448,,,,,estime EA,,
938380,Jaze Kabia,Bas,0.327,Moyen,0.558,,,,,estime EA,,
1190861,Logan Pye,Bas,0.327,Moyen,0.487,,,,,estime EA,,
1666101,Lauris Bausenwein,Bas,0.218,Moyen,0.545,,,,,estime EA,,
1605949,Freddie Sass,Haut,0.782,Moyen,0.567,,,,,estime EA,,
1797586,Jermaine Rijssel,Bas,0.109,Moyen,0.471,,,,,estime EA,,
1296385,Myles Roberts,Bas,-0.345,Bas,-0.189,,,,,estime EA,,
1276328,Nesta Zahui,Bas,0.073,Moyen,0.426,,,,,estime EA,,
1797588,Nadir El Jamali,Bas,0.327,Moyen,0.446,,,,,estime EA,,
1078851,Ben Winterbottom,Bas,-0.291,Bas,-0.188,,,,,estime EA,,
1580249,Olabade Aluko,Moyen,0.4,Moyen,0.485,,,,,estime EA,,
241728,Jason Lowe,Bas,-0.073,Bas,0.103,,,,,estime EA,,
1244302,Joe Wormleighton,Bas,0.218,Moyen,0.382,,,,,estime EA,,
1186465,Charlie Whitaker,Bas,0.109,Moyen,0.339,,,,,estime EA,,
1485185,Nick Akoto,Bas,0.291,Moyen,0.371,,,,,estime EA,,
1791803,Youssef Njoya,Bas,0.291,Moyen,0.503,,,,,estime EA,,
109262,Mark Oxley,Bas,-0.182,Bas,-0.164,,,,,estime EA,,
1116947,Rico Richards,Bas,0.255,Moyen,0.427,,,,,estime EA,,
548798,Michael Kelly,Bas,-0.055,Bas,-0.124,,,,,estime EA,,
1254270,Kristi Montgomery,Bas,0.273,Moyen,0.475,,,,,estime EA,,
1331712,Jack Milne,Bas,0.164,Bas,0.187,Bas,0.188,,,estime EA,,
1599299,Joel McGregor,Moyen,0.473,Moyen,0.596,,,,,estime EA,,
1788033,Jake Tabor,Moyen,0.6,Haut,0.677,,,,,estime EA,,
577611,Joe McDonnell,Bas,-0.236,Bas,-0.227,,,,,estime EA,,Cross Claimer
1108609,Kian Harratt,Moyen,0.382,Moyen,0.529,,,,,estime EA,,
1700201,Key-Shawn Wong-A-Soij,Bas,0.109,Moyen,0.359,,,,,estime EA,,
1793695,Pepijn Reulen,Moyen,0.364,Moyen,0.471,,,,,estime EA,,
1353700,Lewis Billington,Moyen,0.4,Moyen,0.445,,,,,estime EA,,
1637200,Myron Mau-Asam,Bas,0.091,Moyen,0.331,,,,,estime EA,,
1585464,Kevin-Prince Milla,Bas,0.255,Bas,0.214,,,,,estime EA,,
1209961,Emir Ortakaya,Moyen,0.345,Bas,0.311,Moyen,0.613,,,estime EA,,
1302808,Jeremiah Okine-Peters,Bas,0.218,Moyen,0.474,,,,,estime EA,,
982299,Luca Ashby-Hammond,Bas,-0.455,Bas,-0.355,,,,,estime EA,,
301465,Ross Fitzsimons,Bas,-0.236,Bas,-0.156,,,,,estime EA,,Cross Claimer
748384,Jordan Wright,Bas,-0.291,Bas,-0.32,,,,,estime EA,,
1304955,Jack Stevens,Bas,0.255,Moyen,0.427,,,,,estime EA,,
1283966,Josh Woods,Bas,0.255,Moyen,0.488,,,,,estime EA,,
498437,Fernando Díaz,Moyen,0.473,Moyen,0.494,,,,,estime EA,,
1342756,Luís Semedo,Moyen,0.4,Bas,0.323,Bas,0.064,,,estime EA,,
1514638,Noa Mupemba,Moyen,0.364,Moyen,0.4,,,,,estime EA,,
1419978,Elijah Morrison,Bas,0.236,Moyen,0.43,,,,,estime EA,,
959240,Kelsey Mooney,Bas,0.327,Moyen,0.436,,,,,estime EA,,
1077893,Geraldo Bajrami,Moyen,0.364,Moyen,0.339,,,,,estime EA,,
1025391,Nurettin Korkmaz,Bas,-0.073,Bas,0.235,,,,,estime EA,,
1315280,Sam Gale,Moyen,0.4,Moyen,0.384,,,,,estime EA,,
1399943,Luc De Fougerolles,Moyen,0.418,Moyen,0.422,,,,,estime EA,,
1714514,Enzo Kana Biyik,Bas,0.127,Bas,0.264,,,,,estime EA,,
975117,Metehan Altunbas,Bas,-0.109,Bas,0.15,Moyen,0.486,,,estime EA,,
1526724,Callum Stewart,Bas,0.309,Moyen,0.51,,,,,estime EA,,
1709484,Kaio Eduardo,Bas,0.309,Moyen,0.408,,,,,estime EA,,
187593,Rory Gaffney,Bas,-0.127,Bas,-0.112,,,,,estime EA,,
1748405,Prosper Peter,Bas,0.273,Bas,0.272,Bas,0.072,,,estime EA,,
960996,Ollie Kensdale,Moyen,0.418,Moyen,0.381,,,,,estime EA,,
1526542,Ephraim Yeboah,Bas,0.2,Moyen,0.517,,,,,estime EA,,
1710550,Milan Mbeng,Bas,0.273,Bas,0.282,,,,,estime EA,,
1797590,Jesper Tielemans,Bas,0.218,Bas,0.301,,,,,estime EA,,
1415326,Gabriele Calvani,Moyen,0.436,Bas,0.286,,,,,estime EA,,Slide Tackle
1304777,Declan Skura,Moyen,0.345,Moyen,0.392,,,,,estime EA,,
1189618,Will Sutton,Moyen,0.364,Bas,0.329,,,,,estime EA,,
1718165,Harry Hilvenius,Bas,0.327,Bas,0.283,,,,,estime EA,,
1344654,Mathis Hamdi,Bas,0.327,Bas,0.304,,,,,estime EA,,
1709473,Mathys Detourbet,Bas,0.018,Bas,0.302,,,,,estime EA,,
1668295,Noa Boisse,Bas,0.309,Moyen,0.337,,,,,estime EA,,
1706477,Lenny Agbaire,Bas,0.218,Bas,0.199,,,,,estime EA,,
1645922,Matteo Palma,Bas,0.291,Bas,0.218,,,,,estime EA,,
1365254,Jack Grieves,Moyen,0.473,Moyen,0.535,,,,,estime EA,,
1585611,Alex Henderson,Moyen,0.545,Moyen,0.503,,,,,estime EA,,
1201545,Harry McHugh,Bas,0.291,Moyen,0.442,,,,,estime EA,,
1154746,Géza Dávid Turi,Moyen,0.564,Moyen,0.5,,,,,estime EA,,
1351007,Jack Perkins,Bas,0.309,Moyen,0.408,,,,,estime EA,,
1113914,Kallum Cesay,Moyen,0.4,Moyen,0.353,,,,,estime EA,,
1793491,Ayoub Chaikhoun,Bas,0.236,Moyen,0.42,,,,,estime EA,,
1287618,Oliver Hammond,Moyen,0.455,Moyen,0.467,,,,,estime EA,,
1202090,Joe Snowdon,Moyen,0.4,Moyen,0.435,,,,,estime EA,,
1116908,Charlie Caton,Moyen,0.436,Moyen,0.551,,,,,estime EA,,
1390011,Ronan Maher,Moyen,0.473,Moyen,0.586,,,,,estime EA,,
1422743,Elyh Harrison,Bas,-0.364,Bas,-0.064,,,,,estime EA,,
1381600,Billy Kirkman,Moyen,0.4,Moyen,0.465,,,,,estime EA,,
1619434,Milad Nejad,Bas,0.2,Bas,0.222,,,,,estime EA,,
1665780,Joe Thomas,Moyen,0.527,Moyen,0.526,,,,,estime EA,,
1308353,Brandon Khela,Bas,0.309,Moyen,0.398,,,,,estime EA,,
1566101,Kyreece Lisbie,Bas,0.236,Moyen,0.603,,,,,estime EA,,
1420188,Aron Sasu,Bas,0.273,Moyen,0.455,,,,,estime EA,,
1382720,Devin Angleberger,Bas,0.218,Moyen,0.331,,,,,estime EA,,
1523323,Rayan Slimani,Bas,0.2,Moyen,0.334,,,,,estime EA,,
1096324,Vontae Daley-Campbell,Moyen,0.509,Moyen,0.509,,,,,estime EA,,
1573605,Sam Parker,Bas,0.236,Moyen,0.379,,,,,estime EA,,
1360346,Habeeb Ogunneye,Bas,0.109,Moyen,0.4,,,,,estime EA,,
1787153,Charlie Warren,Bas,0.273,Moyen,0.384,,,,,estime EA,,
1536764,Batuhan Yavuz,Bas,0.273,Moyen,0.424,,,,,estime EA,,
1607778,Oumar Pona,Bas,-0.182,Bas,-0.093,,,,,estime EA,,
1370500,Aribim Pepple,Moyen,0.345,Moyen,0.504,,,,,estime EA,,
1420725,Owen Oseni,Bas,0.291,Moyen,0.452,,,,,estime EA,,
1384552,Michael Spellman,Bas,0.145,Moyen,0.373,,,,,estime EA,,
1670161,Jorge Salinas,Bas,0.327,Moyen,0.426,,,,,estime EA,,
1302409,Enes Keskin,Bas,0.236,Bas,0.196,Haut,0.939,,,estime EA,,
1437207,Pietro Candelari,Bas,0.2,Bas,0.243,,,,,estime EA,,
1400214,Damola Ajayi,Bas,0.327,Moyen,0.477,,,,,estime EA,,
1393636,Duke Verduin,Bas,-0.255,Bas,-0.183,,,,,estime EA,,
1693550,Diego Diaz,Bas,-0.036,Bas,0.189,,,,,estime EA,,
1722960,Ofosu Boakye,Bas,0.109,Bas,0.247,,,,,estime EA,,
1705086,Tom Donaghy,Bas,-0.309,Bas,-0.246,,,,,estime EA,,
1624100,Amine Boukamir,Bas,0.091,Bas,0.23,,,,,estime EA,,
1093798,Jake Bickerstaff,Moyen,0.418,Moyen,0.442,,,,,estime EA,,
1342958,Timo Jansink,Bas,-0.418,Bas,-0.35,Moyen,0.639,,,estime EA,,
1289655,Lorenzo Palmisani,Bas,-0.4,Bas,-0.333,,,,,estime EA,,
1670120,Daan van Reeuwijk,Bas,0.291,Bas,0.31,,,,,estime EA,,
1576743,Hamza Abdallah,Bas,0.236,Moyen,0.349,,,,,estime EA,,
1636825,Igor Tyjon,Bas,0.218,Moyen,0.372,,,,,estime EA,,
816396,Marcus Dinanga,Moyen,0.382,Moyen,0.478,,,,,estime EA,,
1287392,Ben Lloyd,Bas,-0.145,Bas,0.216,,,,,estime EA,,
1281389,Rasmus Holten,Bas,0.218,Bas,0.24,,,,,estime EA,,
1667947,Kayden Hughes,Moyen,0.382,Moyen,0.427,,,,,estime EA,,
1447988,Gerard Vandeplas,Bas,0.291,Moyen,0.381,,,,,estime EA,,
1186459,Michael Forbes,Bas,0.273,Bas,0.211,,,,,estime EA,,
1751147,Donovan Basset,Moyen,0.345,Moyen,0.352,,,,,estime EA,,
1227362,Filozofe Mabete,Bas,0.236,Bas,0.298,,,,,estime EA,,
1315290,Bobby Faulkner,Bas,0.291,Moyen,0.35,,,,,estime EA,,
1401987,Finn Delap,Moyen,0.436,Moyen,0.408,,,,,estime EA,,
1239597,Seán Grehan,Bas,0.236,Bas,0.257,,,,,estime EA,,
1668195,Matteo Commaret,Moyen,0.4,Moyen,0.353,,,,,estime EA,,
1302814,Kaelan Casey,Bas,0.218,Bas,0.24,,,,,estime EA,,
1744576,Telli Siwe,Bas,0.255,Moyen,0.336,,,,,estime EA,,
1645927,Jop Tijink,Bas,0.236,Bas,0.217,,,,,estime EA,,
1406565,Kai Whitmore,Moyen,0.527,Moyen,0.475,,,,,estime EA,,
1101137,Harrison Sohna,Moyen,0.473,Moyen,0.484,,,,,estime EA,,
1437876,Sean Fusire,Bas,0.255,Moyen,0.417,,,,,estime EA,,
1420205,George Morrison,Moyen,0.418,Moyen,0.462,,,,,estime EA,,
1533554,Rhys Walters,Bas,0.327,Moyen,0.426,Moyen,0.609,,,estime EA,,
1604505,Nathan Tinsdale,Bas,0.291,Moyen,0.411,,,,,estime EA,,
1327313,Darren Robinson,Bas,0.327,Bas,0.314,,,,,estime EA,,
1420268,Rio Shipston,Moyen,0.364,Moyen,0.39,,,,,estime EA,,
1579342,Shay Spencer,Moyen,0.345,Moyen,0.423,,,,,estime EA,,
1340478,John Ryan,Bas,0.2,Moyen,0.416,,,,,estime EA,,
1420183,Caleb Roberts,Bas,0.236,Moyen,0.349,,,,,estime EA,,
1406767,Marco Wörner,Bas,0.2,Moyen,0.344,,,,,estime EA,,
1431282,Cameron Ashia,Bas,0.255,Moyen,0.407,,,,,estime EA,,
1285813,Noah Rupp,Bas,-0.109,Bas,0.19,,,,,estime EA,,
1343495,Charlie Finney,Moyen,0.418,Moyen,0.513,,,,,estime EA,,
1378319,Cory O'Sullivan,Moyen,0.382,Moyen,0.468,Bas,0.134,,,estime EA,,
886138,Jay Bird,Moyen,0.382,Moyen,0.488,,,,,estime EA,,
1668672,Ashqar Ahmed,Bas,0.0,Bas,0.325,,,,,estime EA,,
1791917,Alexandre Zaouai,Bas,0.2,Moyen,0.446,,,,,estime EA,,
1385185,Belmin Beganovic,Bas,0.291,Moyen,0.462,,,,,estime EA,,
1315286,Joseph Gbode,Moyen,0.455,Moyen,0.609,,,,,estime EA,,
1631615,Adrien Thibaut,Moyen,0.382,Moyen,0.529,,,,,estime EA,,
1340633,Mathaeus Roberts,Bas,0.145,Moyen,0.343,,,,,estime EA,,
1321336,Glenn McConnell,Bas,-0.109,Bas,0.18,,,,,estime EA,,
1664997,James Bello,Bas,0.291,Moyen,0.442,,,,,estime EA,,
1132836,Tom Cursons,Moyen,0.418,Moyen,0.462,,,,,estime EA,,
1608514,Ehije Ukaki,Bas,0.145,Moyen,0.404,,,,,estime EA,,
1791877,Ethan Clavreul,Bas,0.273,Moyen,0.343,,,,,estime EA,,
1581073,Micah Mbick,Bas,0.273,Moyen,0.343,,,,,estime EA,,
1416719,Marcus Wyllie,Moyen,0.4,Moyen,0.516,,,,,estime EA,,
1057939,Kevin Berkoe,Bas,0.327,Moyen,0.487,,,,,estime EA,,
1562337,Jaden Dixon,Bas,0.218,Moyen,0.352,,,,,estime EA,,
1290869,Rico Browne,Bas,0.327,Moyen,0.355,,,,,estime EA,,
1331082,Zak Bradshaw,Bas,0.327,Bas,0.304,,,,,estime EA,,
589258,Elias Lorenz,Bas,-0.291,Bas,-0.34,,,,,estime EA,,
1418089,Favour Fawunmi,Bas,-0.109,Bas,0.241,,,,,estime EA,,
1676705,Luca Blondeau,Bas,0.255,Moyen,0.336,,,,,estime EA,,
1612774,Billy Blacker,Bas,-0.109,Bas,0.292,,,,,estime EA,,
1646353,Junior Ajayi,Bas,0.073,Bas,0.314,,,,,estime EA,,
1577916,Ollie Dewsbury,Bas,0.018,Bas,0.292,,,,,estime EA,,
1428295,Lee Jenkins,Moyen,0.382,Moyen,0.407,,,,,estime EA,,
1436730,Keisuke Goto,Moyen,0.345,Bas,0.27,,,,,estime EA,,
1584153,Charlie Waller,Moyen,0.418,Moyen,0.371,,,,,estime EA,,
1614815,Dovydas Sasnauskas,Bas,0.273,Moyen,0.333,,,,,estime EA,,
1410178,Ciaran McGuckin,Bas,0.309,Bas,0.297,,,,,estime EA,,
1528839,Thomas Wilson-Brown,Moyen,0.4,Moyen,0.374,,,,,estime EA,,
1797606,Zakaria Ztouti,Bas,0.273,Bas,0.323,,,,,estime EA,,
1700209,Thomas Campaniello,Bas,-0.055,Bas,0.11,,,,,estime EA,,
1714103,Mick Schmetgens,Bas,0.0,Bas,0.122,,,,,estime EA,,
1375413,Lewis Temple,Bas,0.091,Bas,0.087,,,,,estime EA,,
1390036,Tommy McDermott,Moyen,0.418,Moyen,0.523,,,,,estime EA,,
1420819,George Hoddle,Bas,0.236,Bas,0.318,,,,,estime EA,,
1416706,Law McCabe,Bas,0.273,Moyen,0.445,,,,,estime EA,,
1709474,Youssef Hamdaoui,Bas,-0.036,Moyen,0.392,,,,,estime EA,,
1668671,Ronan Kpakio,Bas,0.182,Moyen,0.408,,,,,estime EA,,
1084272,Marcus Ifill,Moyen,0.436,Moyen,0.591,,,,,estime EA,,
1755824,Ismaël Guerti,Bas,0.218,Bas,0.301,,,,,estime EA,,
1431132,Michael Reindorf,Bas,0.182,Moyen,0.388,,,,,estime EA,,
1580903,Owen Devonport,Bas,0.273,Moyen,0.404,,,,,estime EA,,
1359279,Soul Kader,Moyen,0.473,Moyen,0.545,,,,,estime EA,,
1552957,Cameron Gardner,Moyen,0.4,Moyen,0.526,,,,,estime EA,,
1134460,Taishi Brandon Nozawa,Bas,-0.255,Bas,-0.224,,,,,estime EA,,
938757,Furkan Beklevic,Bas,-0.327,Bas,-0.233,,,,,estime EA,,
1675986,Tanatswa Nyakuhwa,Bas,-0.036,Moyen,0.331,,,,,estime EA,,
1425209,Sol Solomon,Moyen,0.345,Moyen,0.453,,,,,estime EA,,
1715680,Bartosz Mazurek,Bas,0.127,Bas,0.295,,,,,estime EA,,
1797603,Viktor Dzodic,Bas,-0.2,Bas,-0.304,,,,,estime EA,,
1352860,Ajay Matthews,Bas,0.218,Moyen,0.382,,,,,estime EA,,
1396786,Kane Drummond,Bas,0.273,Moyen,0.445,,,,,estime EA,,
1554645,Connor Barratt,Moyen,0.345,Moyen,0.382,,,,,estime EA,,
1639134,Dylan Lawlor,Bas,0.164,Bas,0.249,,,,,estime EA,,
1706529,Jokubas Mazionis,Bas,0.273,Bas,0.18,,,,,estime EA,,
1751615,Ibrahim Fullah,Bas,0.236,Moyen,0.339,,,,,estime EA,,
1285482,Yigit Emre Celtik,Bas,0.309,Moyen,0.408,,,,,estime EA,,
1316151,Callum Tripp,Moyen,0.418,Moyen,0.422,,,,,estime EA,,
1429137,Owen Lunt,Bas,0.327,Moyen,0.416,,,,,estime EA,,
1663143,Can Moustfa,Bas,0.073,Moyen,0.477,,,,,estime EA,,
1692206,Lucca Mendonca,Bas,0.273,Bas,0.302,,,,,estime EA,,
1437879,Aaron James,Moyen,0.455,Moyen,0.446,,,,,estime EA,,
1558320,Matthew Turner,Bas,-0.255,Bas,-0.326,,,,,estime EA,,
1748177,Daeshon Lawrence,Bas,-0.109,Bas,0.221,,,,,estime EA,,
1296758,Louis Flower,Bas,0.273,Moyen,0.424,,,,,estime EA,,
1513404,Seydou Traore,Bas,0.2,Moyen,0.334,,,,,estime EA,,
1166239,Jack Evans,Moyen,0.545,Moyen,0.503,,,,,estime EA,,
1665584,Charlie Cummins,Bas,0.236,Bas,0.328,,,,,estime EA,,
1690759,Ryan Doherty,Bas,-0.091,Bas,0.218,,,,,estime EA,,
1662755,Souleymane N'Diaye,Bas,0.273,Moyen,0.384,,,,,estime EA,,
1675663,Liam Roberts,Bas,0.309,Moyen,0.48,,,,,estime EA,,
1668675,Henry Brown,Moyen,0.345,Moyen,0.474,,,,,estime EA,,
1577119,Diego Mascardi,Bas,-0.327,Bas,-0.202,,,,,estime EA,,
1665577,Kamil Dudek,Bas,-0.4,Bas,-0.272,,,,,estime EA,,
1618820,Nicholas Michalski,Bas,-0.4,Bas,-0.302,,,,,estime EA,,
1699536,Stan Dancey,Moyen,0.345,Moyen,0.494,,,,,estime EA,,
1667970,Che Gardner,Bas,0.055,Moyen,0.368,,,,,estime EA,,
1585612,Kyrell Malcolm,Bas,0.164,Moyen,0.462,,,,,estime EA,,
1579029,Dan Ellison,Moyen,0.436,Moyen,0.347,,,,,estime EA,,
1682653,Sam Inwood,Bas,0.218,Bas,0.24,,,,,estime EA,,
1736524,Phil Croker,Bas,0.273,Bas,0.231,,,,,estime EA,,
1668673,Liam Oakes,Bas,0.218,Moyen,0.362,,,,,estime EA,,
1583405,Gbolahan Okewoye,Bas,0.218,Moyen,0.331,,,,,estime EA,,
1642043,Dakarai Mafico,Bas,0.218,Moyen,0.382,,,,,estime EA,,
1739913,Harry Tustin,Bas,0.309,Moyen,0.459,,,,,estime EA,,
1664013,Harry Ashfield,Moyen,0.436,Moyen,0.408,,,,,estime EA,,
1751619,Jack Newall,Bas,0.164,Bas,0.32,,,,,estime EA,,
1787195,George Birch,Bas,0.145,Moyen,0.404,,,,,estime EA,,
1793678,Robson Woodcock,Bas,0.218,Moyen,0.362,,,,,estime EA,,
1609214,Jaiden Bartolo,Bas,0.182,Moyen,0.388,,,,,estime EA,,
1714508,Kieran Wilson,Bas,0.218,Bas,0.25,,,,,estime EA,,
1684256,Joe Hatch,Bas,0.182,Moyen,0.357,,,,,estime EA,,
1536437,Cian Barrett,Moyen,0.364,Moyen,0.339,,,,,estime EA,,
1693531,Sascha Britschgi,Moyen,0.364,Moyen,0.44,Bas,0.185,,,estime EA,,
1447053,Will Johnson,Moyen,0.455,Moyen,0.416,,,,,estime EA,,
1315308,Josh Williams,Moyen,0.418,Moyen,0.442,,,,,estime EA,,
1699527,Josh Taroni,Bas,0.236,Bas,0.308,,,,,estime EA,,
1717294,Oliver Armstrong,Bas,0.291,Moyen,0.401,,,,,estime EA,,
1473814,Freddy Willcox,Bas,0.273,Moyen,0.363,,,,,estime EA,,
1533553,Calum Agius,Moyen,0.345,Moyen,0.494,,,,,estime EA,,
1787611,Serhat Öztasdelen,Bas,-0.364,Bas,-0.288,Moyen,0.629,,,estime EA,,
1748125,Moses Alexander-Walker,Bas,0.255,Moyen,0.417,,,,,estime EA,,
1614450,Anjola Popoola,Bas,0.327,Moyen,0.375,,,,,estime EA,,
1640689,Max Kovalevskis,Bas,-0.018,Bas,0.298,,,,,estime EA,,
1715554,Luca Moore,Moyen,0.345,Moyen,0.484,,,,,estime EA,,
1210346,Atakan Mujde,Bas,-0.109,Bas,0.058,,,,,estime EA,,
1338966,Sam Waller,Bas,-0.436,Bas,-0.327,,,,,estime EA,,
846033,Vinícius Júnior,Bas,0.131,Haut,0.967,Bas,0.154,9565,17.1,mesure FotMob,,Chip Shot|Finesse Shot|First Touch|Gamechanger|Inventive|Quick Step|Rapid
288406,Alejandro Grimaldo,Haut,0.89,Haut,0.704,Haut,0.712,11594,11.8,mesure FotMob,,Dead Ball|Finesse Shot|First Touch|Inventive|Whipped Pass
1412132,Kenan Yildiz,Bas,0.314,Moyen,0.334,Bas,0.292,10130,7.4,mesure FotMob,,Gamechanger|Incisive Pass|Technical|Whipped Pass
1404415,Fermín López,Moyen,0.567,Haut,0.682,Moyen,0.625,10668,11.8,mesure FotMob,,Precision Header
867080,Jeff Chabot,Moyen,0.582,Bas,0.162,Haut,0.814,,,estime EA,,Aerial Fortress|Block|Bruiser|Intercept
678234,Mikel Oyarzabal,Haut,0.709,Haut,0.67,Bas,0.122,,,estime EA,,Technical
603669,Ugurcan Çakir,Bas,0.021,Bas,0.015,Bas,0.272,5082,0.0,mesure FotMob,,Far Throw|Footwork|Long Ball Pass
1102708,Germán Valera,Bas,0.255,Moyen,0.519,Moyen,0.638,,,estime EA,,
1031325,Martín Zubimendi,Haut,0.883,Bas,0.29,Moyen,0.511,11566,7.0,mesure FotMob,,Aerial Fortress|Intercept
524434,João Palhinha,Moyen,0.558,Moyen,0.544,Haut,0.978,10647,10.0,mesure FotMob,,Bruiser|Slide Tackle
319784,Alisson Becker,Bas,0.043,Bas,0.002,Moyen,0.49,5195,0.0,mesure FotMob,,Deflector|Far Throw|Rush Out
188058,Daniel Burn,Bas,0.211,Moyen,0.406,Moyen,0.569,9936,8.2,mesure FotMob,,Aerial Fortress|Precision Header
534955,Aaron Escandell,Bas,0.091,Bas,0.036,Moyen,0.469,,,estime EA,,Pinged Pass
670009,Dimitrios Giannoulis,Haut,0.909,Haut,0.76,Moyen,0.643,,,estime EA,,
787242,Evan N'Dicka,Haut,0.782,Moyen,0.608,Haut,0.736,,,estime EA,,Block|Bruiser|Slide Tackle
711231,Gorka Guruzeta,Moyen,0.552,Moyen,0.58,Bas,0.132,10637,10.8,mesure FotMob,,Acrobatic|First Touch|Precision Header
852071,Juan Hernández,Haut,0.709,Haut,0.731,Bas,0.139,,,estime EA,,Acrobatic|Quick Step
1314412,Romulo Cruz,Moyen,0.582,Haut,0.67,Bas,0.187,,,estime EA,,Enforcer|Finesse Shot|First Touch|Gamechanger|Press Proven
586388,Aleksandr Golovin,Haut,0.826,Haut,0.875,Haut,0.721,11375,15.1,mesure FotMob,,Finesse Shot|First Touch|Incisive Pass|Technical
179410,Idrissa Gana Gueye,Haut,0.764,Moyen,0.57,Haut,0.676,,,estime EA,,Aerial Fortress|Intercept|Slide Tackle
1031656,Maxi Araújo,Bas,0.321,Haut,0.745,Haut,0.911,10140,12.7,mesure FotMob,,Aerial Fortress|Long Throw|Rapid
291399,Abdülkerim Bardakci,Bas,0.113,Bas,0.257,Moyen,0.512,9427,6.3,mesure FotMob,,Aerial Fortress|Anticipate|Bruiser|Intercept|Long Ball Pass|Precision Header|Slide Tackle
980793,Khéphren Thuram-Ulien,Haut,0.775,Bas,0.278,Moyen,0.601,11193,6.8,mesure FotMob,oui,Pinged Pass|Press Proven|Relentless
178732,Lukasz Skorupski,Bas,-0.164,Bas,0.046,Bas,0.248,,,estime EA,,Far Throw
1254166,Alejandro Balde,Moyen,0.43,Haut,0.806,Bas,0.32,10393,13.7,mesure FotMob,,Anticipate|Jockey|Quick Step
1325998,Iván Fresneda,Haut,0.856,Haut,0.949,Moyen,0.336,11470,16.5,mesure FotMob,,Block|First Touch
1311946,Jochem Ritmeester van de Kamp,Haut,0.764,Haut,0.661,Moyen,0.582,,,estime EA,,Jockey|Slide Tackle
940743,Daniel Vivian,Bas,0.326,Moyen,0.54,Haut,0.749,10156,9.8,mesure FotMob,,Intercept|Long Ball Pass
1015183,Mohammed Ihattaren,Moyen,0.527,Moyen,0.424,Bas,0.173,,,estime EA,,Technical
291635,Pedro Bigas,Moyen,0.582,Moyen,0.406,Moyen,0.462,,,estime EA,,Aerial Fortress|Bruiser|Long Ball Pass|Precision Header
1414859,Samuel Aghehowa,Moyen,0.618,Moyen,0.603,Bas,0.04,,,estime EA,,Enforcer|Precision Header
1002618,Ander Barrenetxea,Moyen,0.618,Haut,0.664,Haut,0.862,,,estime EA,,Technical
640123,Antonio Martinez,Moyen,0.618,Moyen,0.512,Moyen,0.385,,,estime EA,,Chip Shot|Enforcer|Finesse Shot
612863,Frank Anguissa,Haut,0.857,Moyen,0.387,Haut,0.737,11472,7.7,mesure FotMob,oui,Aerial Fortress|Precision Header|Press Proven|Relentless
857269,Gleison Bremer,Bas,0.325,Bas,0.235,Moyen,0.636,10156,6.3,mesure FotMob,,Aerial Fortress|Block|Bruiser|Long Ball Pass|Precision Header
684981,Aaron Martin Caricol,Haut,0.745,Moyen,0.593,Bas,0.278,,,estime EA,,Anticipate|Dead Ball|Intercept|Whipped Pass
890232,Baris Alper Yilmaz,Bas,0.273,Haut,0.879,Bas,0.245,10054,14.3,mesure FotMob,oui,Aerial Fortress|Bruiser|Enforcer|Low Driven Shot|Quick Step|Rapid|Relentless
620026,Hee-Chan Hwang,Moyen,0.473,Moyen,0.657,Bas,0.149,,,estime EA,,
1073742,Julio Enciso,Moyen,0.382,Moyen,0.529,Bas,0.179,,,estime EA,,Technical
1237856,Patrick Sequeira,Bas,-0.273,Bas,-0.129,Moyen,0.609,,,estime EA,,
1321124,Rome Owusu-Oduro,Bas,-0.091,Bas,-0.036,Moyen,0.527,,,estime EA,,Cross Claimer|Far Reach
1106742,Sergio Carreira,Moyen,0.655,Moyen,0.648,Bas,0.238,,,estime EA,,
1506480,Yarek Gasiorowski,Bas,0.18,Moyen,0.446,Bas,0.296,9849,8.7,mesure FotMob,,
952528,Adrián De La Fuente,Moyen,0.636,Moyen,0.549,Bas,0.235,,,estime EA,,Intercept|Long Ball Pass
681213,Ionut Radu,Bas,-0.145,Bas,0.064,Haut,0.67,,,estime EA,,Cross Claimer
391058,José Gayà,Haut,0.727,Haut,0.688,Moyen,0.66,,,estime EA,,Anticipate|Technical
1451265,Malick Diouf,Haut,0.691,Haut,0.663,Moyen,0.552,,,estime EA,,
992060,Tom Krauss,Haut,0.895,Haut,0.794,Haut,0.985,,,estime EA,oui,Block|Relentless|Slide Tackle
1107910,Valentino Livramento,Moyen,0.557,Haut,0.999,Moyen,0.588,10642,21.0,mesure FotMob,,Jockey
1047676,Yéremi Pino,Moyen,0.527,Moyen,0.597,Moyen,0.446,,,estime EA,,Rapid
814663,Alejandro Catena,Haut,0.691,Moyen,0.52,Moyen,0.36,,,estime EA,,Aerial Fortress|Long Ball Pass
479020,Ayoze Pérez,Bas,0.33,Moyen,0.557,Bas,0.183,10178,10.2,mesure FotMob,,Acrobatic|Gamechanger|Incisive Pass|Low Driven Shot|Technical
178899,Ertugrul Taskiran,Bas,-0.236,Bas,0.027,Bas,0.329,,,estime EA,,Far Throw
774448,Ferdi Kadioglu,Haut,0.859,Haut,0.922,Moyen,0.393,,,estime EA,oui,First Touch|Jockey|Quick Step|Rapid|Relentless|Whipped Pass
282462,Íñigo Ruíz de Galarreta,Haut,0.771,Bas,0.085,Haut,0.991,11181,3.3,mesure FotMob,,Press Proven
689065,Alexis Claude,Moyen,0.618,Moyen,0.634,Moyen,0.62,,,estime EA,,Technical
1075457,Chuchu Ramírez,Moyen,0.636,Moyen,0.631,Bas,0.125,,,estime EA,,
1486541,Forzan Assan Ouedraogo,Bas,0.309,Moyen,0.49,Moyen,0.423,,,estime EA,,Inventive|Technical
601145,Habibou Mouhamadou Diallo,Moyen,0.564,Moyen,0.52,Bas,0.055,,,estime EA,,Aerial Fortress
1130991,Isaac Romero,Moyen,0.582,Moyen,0.609,Bas,0.236,,,estime EA,,
1249284,Jon Aramburu,Moyen,0.655,Moyen,0.577,Haut,0.957,,,estime EA,,
360918,Jonny Otto,Moyen,0.564,Moyen,0.581,Haut,0.753,,,estime EA,,
1051411,Kacper Kozlowski,Moyen,0.618,Moyen,0.624,Moyen,0.577,,,estime EA,,Inventive|Technical
424380,Samet Akaydin,Moyen,0.545,Moyen,0.371,Haut,0.847,,,estime EA,,Aerial Fortress
935550,Torbjørn Heggem,Haut,0.709,Moyen,0.589,Moyen,0.397,,,estime EA,,Anticipate
1230287,Dorgeles Nene,Moyen,0.564,Haut,0.714,Moyen,0.565,,,estime EA,,Quick Step
305679,Emre Kilinç,Haut,0.764,Haut,0.712,Haut,0.701,,,estime EA,,
1187734,Flavien Boyomo,Haut,0.727,Moyen,0.616,Moyen,0.536,,,estime EA,,Long Ball Pass
638010,Isi Palazón,Moyen,0.636,Haut,0.712,Moyen,0.333,,,estime EA,,First Touch|Rapid
1121170,Ransford Königsdörffer,Moyen,0.618,Haut,0.705,Bas,0.019,,,estime EA,,Acrobatic|Rapid
530468,Antonio Sivera,Bas,0.036,Bas,0.198,Moyen,0.384,,,estime EA,,Cross Claimer|Footwork
1565010,Arthur Avom,Haut,0.745,Moyen,0.613,Haut,0.904,,,estime EA,,
873568,Bilal Bayazit,Bas,-0.364,Bas,-0.318,Bas,0.222,,,estime EA,,Far Reach|Long Ball Pass
592910,Dimitrios Limnios,Moyen,0.509,Moyen,0.59,Moyen,0.447,,,estime EA,,Technical
1067256,Djordje Petrovic,Bas,-0.055,Bas,-0.022,Bas,0.303,,,estime EA,,Footwork
1202070,Isak Steiner Jensen,Moyen,0.636,Haut,0.671,Moyen,0.559,,,estime EA,,Quick Step
1323827,Jon Gorrotxategi,Haut,0.909,Haut,0.669,Haut,0.862,,,estime EA,,
1112072,Jon Pacheco,Bas,0.327,Bas,0.202,Moyen,0.359,,,estime EA,,
1280020,Julen Agirrezabala,Bas,-0.255,Bas,-0.204,Moyen,0.334,,,estime EA,,Cross Claimer
1016132,Kouadio Koné,Haut,0.914,Haut,0.832,Haut,0.752,,,estime EA,oui,Pinged Pass|Power Shot|Relentless|Technical
1220269,Maximilien Balard,Moyen,0.618,Moyen,0.502,Haut,0.726,,,estime EA,,Long Ball Pass|Pinged Pass
402419,Przemyslaw Frankowski,Haut,0.691,Haut,0.744,Haut,0.692,,,estime EA,,Long Throw|Quick Step|Rapid|Whipped Pass
1060604,Abner,Moyen,0.527,Moyen,0.597,Bas,0.112,,,estime EA,,Whipped Pass
873270,Anastasios Douvikas,Moyen,0.655,Haut,0.689,Bas,0.008,,,estime EA,,Acrobatic
1286190,Anselmo MacNulty,Moyen,0.6,Moyen,0.484,Bas,0.24,,,estime EA,,Block
1392779,Etta Eyong,Bas,0.073,Bas,0.283,Bas,0.292,,,estime EA,,Jockey|Slide Tackle
802329,Gaizka Larrazabal,Haut,0.727,Haut,0.698,Moyen,0.475,,,estime EA,,Intercept|Jockey|Quick Step|Rapid|Whipped Pass
698653,Igor Zubeldia,Haut,0.673,Moyen,0.605,Moyen,0.336,,,estime EA,,Aerial Fortress|Bruiser|Intercept
846966,Javier Puado,Haut,0.914,Haut,0.852,Bas,0.146,,,estime EA,oui,Precision Header|Quick Step|Rapid|Relentless
1281461,José Ángel Carmona,Moyen,0.618,Moyen,0.624,Haut,0.925,,,estime EA,,Intercept
950545,Oihan Sancet,Moyen,0.447,Bas,0.274,Moyen,0.338,10439,7.0,mesure FotMob,,Finesse Shot|First Touch|Precision Header|Technical
1098366,Ricard Sánchez,Haut,0.709,Haut,0.711,Moyen,0.473,,,estime EA,,Rapid
958640,Akor Adams,Moyen,0.582,Moyen,0.589,Bas,0.024,,,estime EA,,Enforcer|Finesse Shot
1102732,Ferrán Jutglà,Moyen,0.618,Moyen,0.644,Bas,0.144,,,estime EA,,Finesse Shot|Gamechanger|Low Driven Shot
623698,In-Beom Hwang,Haut,0.836,Moyen,0.579,Haut,0.838,,,estime EA,,Inventive|Pinged Pass|Press Proven
1393672,Jean Bahoya,Moyen,0.473,Haut,0.708,Haut,0.691,,,estime EA,,Technical
940976,Kang-In Lee,Moyen,0.6,Moyen,0.596,Bas,0.175,,,estime EA,,Dead Ball|Inventive|Technical|Whipped Pass
299358,Mame Baba Thiam,Moyen,0.473,Moyen,0.515,Bas,0.101,,,estime EA,,Finesse Shot|Precision Header|Whipped Pass
1047671,Vini Souza,Haut,0.673,Moyen,0.513,Haut,0.932,,,estime EA,,Aerial Fortress|Press Proven|Slide Tackle
1666494,Christ Inao Oulaï,Moyen,0.509,Moyen,0.57,Haut,0.921,,,estime EA,,
1200721,Facundo Cáseres,Moyen,0.582,Moyen,0.517,Haut,0.713,,,estime EA,,
921825,Jon Moncayola,Moyen,0.618,Moyen,0.491,Moyen,0.476,,,estime EA,,Slide Tackle
1539619,Juma Bah,Moyen,0.473,Moyen,0.372,Haut,0.743,,,estime EA,,
1570655,Luis Fernando,Moyen,0.418,Moyen,0.503,Bas,0.318,,,estime EA,,
1052330,Manuel Sánchez,Moyen,0.618,Moyen,0.563,Moyen,0.603,,,estime EA,,Block
1323897,Marc Pubill,Haut,0.665,Moyen,0.483,Moyen,0.561,10868,9.4,mesure FotMob,oui,Aerial Fortress|Block|Bruiser|Relentless
1553099,Mikel Jauregizar,Haut,0.799,Bas,0.169,Haut,0.909,11263,5.5,mesure FotMob,oui,Relentless
1227326,Pablo,Moyen,0.527,Moyen,0.547,Moyen,0.495,,,estime EA,,
1580528,Raúl Asencio,Bas,0.086,Moyen,0.338,Bas,0.084,8633,6.5,mesure FotMob,,
1310480,Sergi Altimira,Moyen,0.636,Moyen,0.397,Haut,0.979,,,estime EA,,
869364,Tommie van de Looi,Moyen,0.618,Moyen,0.573,Moyen,0.559,,,estime EA,,Aerial Fortress
1044194,Vinícius,Moyen,0.455,Moyen,0.558,Moyen,0.62,,,estime EA,,
863858,Yusuf Sari,Moyen,0.582,Haut,0.741,Bas,0.116,,,estime EA,,Finesse Shot|Quick Step|Rapid
952095,Óscar Mingueza,Haut,0.764,Haut,0.692,Moyen,0.407,,,estime EA,,Bruiser|Long Ball Pass|Long Throw
1113785,Hannibal Mejbri,Haut,0.909,Haut,0.709,Haut,0.897,,,estime EA,,
474589,José Giménez,Bas,0.156,Bas,0.259,Haut,0.688,9734,6.5,mesure FotMob,,Long Ball Pass|Precision Header|Slide Tackle
411605,Mehmet Umut Nayir,Moyen,0.582,Moyen,0.426,Bas,0.053,,,estime EA,,Aerial Fortress|Precision Header
575855,Michal Nalepa,Haut,0.691,Moyen,0.581,,,,,estime EA,,
940443,Nabili Touaizi,Moyen,0.345,Moyen,0.555,Bas,0.316,,,estime EA,,Gamechanger|Technical
433677,Ui-Jo Hwang,Moyen,0.636,Moyen,0.621,Bas,0.006,,,estime EA,,Finesse Shot|Gamechanger|Press Proven
178893,Veysel Sari,Moyen,0.545,Bas,0.157,Moyen,0.378,,,estime EA,,Bruiser|Intercept|Slide Tackle
361712,Adam Dzwigala,Moyen,0.545,Moyen,0.483,Haut,0.887,,,estime EA,,Intercept
665188,Albert Gudmundsson,Moyen,0.564,Haut,0.693,Bas,0.032,,,estime EA,,
640231,Antonio Raillo,Haut,0.891,Moyen,0.367,Bas,0.208,,,estime EA,,Aerial Fortress|Intercept|Precision Header
712040,Bahadir Han Güngördü,Bas,-0.309,Bas,-0.286,Moyen,0.421,,,estime EA,,Cross Claimer|Far Throw
395914,Charalambos Lykogiannis,Moyen,0.491,Moyen,0.512,Moyen,0.419,,,estime EA,,
882163,Chukwubuike Adamu,Moyen,0.618,Moyen,0.644,Haut,0.713,,,estime EA,,Rapid
421365,Djené,Moyen,0.6,Moyen,0.525,Moyen,0.425,,,estime EA,,Long Throw|Slide Tackle
1524671,Francisco Chissumba,Haut,0.673,Haut,0.676,Haut,0.88,,,estime EA,,
1413847,Gonzalo García,Moyen,0.473,Moyen,0.464,Bas,0.048,,,estime EA,,
875672,Hamed Traorè,Moyen,0.509,Moyen,0.61,Moyen,0.587,,,estime EA,,Technical
891469,Ugurcan Yazgili,Moyen,0.382,Bas,0.305,Haut,0.801,,,estime EA,,Intercept
1186553,Alexsandro Ribeiro,Moyen,0.582,Moyen,0.395,Haut,0.913,,,estime EA,,Aerial Fortress|Anticipate|Block|Intercept
1210647,Beñat Turrientes,Moyen,0.655,Moyen,0.526,Haut,0.905,,,estime EA,,
1005366,Bünyamin Balci,Haut,0.691,Moyen,0.602,Moyen,0.645,,,estime EA,,Block|Slide Tackle
1116734,Gabriel Veiga,Moyen,0.564,Moyen,0.561,Haut,0.751,,,estime EA,,First Touch|Gamechanger|Low Driven Shot
316544,Irfan Kahveci,Moyen,0.509,Moyen,0.549,Haut,0.83,,,estime EA,,Finesse Shot|First Touch|Incisive Pass|Power Shot|Technical|Whipped Pass
201102,Jonathan Buatu,Haut,0.709,Moyen,0.467,Bas,0.149,,,estime EA,,Anticipate|Long Ball Pass
335444,Robin Yalcin,Moyen,0.473,Moyen,0.423,Bas,0.108,,,estime EA,,Long Ball Pass
820537,Tayyip Talha Sanuç,Moyen,0.509,Bas,0.316,Bas,0.274,,,estime EA,,Bruiser|Precision Header
815997,Thalisson,Moyen,0.527,Moyen,0.485,Moyen,0.36,,,estime EA,,Block
1644278,Alexander Røssing,Bas,-0.073,Bas,0.296,Moyen,0.556,,,estime EA,,Technical
637756,Carles Alena,Moyen,0.382,Moyen,0.417,Moyen,0.393,,,estime EA,,Inventive|Technical
310289,Guilherme,Haut,0.873,Haut,0.766,Bas,0.226,,,estime EA,,Bruiser|Dead Ball|Intercept|Long Ball Pass|Whipped Pass
523749,Jae-Sung Lee,Haut,0.968,Haut,0.823,Moyen,0.589,,,estime EA,oui,Aerial Fortress|Finesse Shot|Intercept|Precision Header|Relentless
1037537,Jesús Areso,Bas,0.318,Haut,0.86,Moyen,0.521,10138,14.1,mesure FotMob,,Slide Tackle
435902,Joao Camacho,Moyen,0.618,Moyen,0.654,,,,,estime EA,,
797901,Jorge de Frutos,Haut,0.709,Haut,0.69,Bas,0.142,,,estime EA,,First Touch|Quick Step
896402,José Copete,Moyen,0.455,Moyen,0.345,Bas,0.231,,,estime EA,,Block
1460534,Junior Kroupi,Moyen,0.418,Moyen,0.584,Bas,0.072,,,estime EA,,Finesse Shot|Incisive Pass
1107280,Pape Sarr,Haut,0.809,Moyen,0.567,Haut,0.875,11321,10.5,mesure FotMob,,
992071,Ridvan Yilmaz,Moyen,0.636,Haut,0.763,Moyen,0.427,,,estime EA,,Quick Step|Rapid|Whipped Pass
309353,Seba Pérez,Moyen,0.564,Moyen,0.48,Moyen,0.522,,,estime EA,,Long Ball Pass|Press Proven|Slide Tackle
1071102,Adriano,Moyen,0.364,Bas,0.329,Bas,0.272,,,estime EA,,
776151,Ben White,Moyen,0.584,Haut,0.736,Moyen,0.358,10712,12.7,mesure FotMob,,Block
784246,Daniel Raba,Bas,0.291,Moyen,0.462,Moyen,0.632,,,estime EA,,Incisive Pass|Technical
1199959,Equi Fernández,Haut,0.997,Bas,0.29,Haut,0.953,12329,6.5,mesure FotMob,,Anticipate|Bruiser|Long Ball Pass|Press Proven
839232,Fernando Calero,Bas,0.182,Bas,0.266,Bas,0.298,,,estime EA,,Bruiser
522234,Gerard Gumbau,Moyen,0.455,Bas,0.212,Moyen,0.633,,,estime EA,,Dead Ball
1131957,Jon Olasagasti,Haut,0.745,Moyen,0.552,Moyen,0.577,,,estime EA,,
1605720,Mootaz Nourani,Bas,0.255,Moyen,0.387,,,,,estime EA,,Technical
1035208,Victor Okoh Boniface,Bas,0.273,Moyen,0.363,,,,,estime EA,,Aerial Fortress|Enforcer|Power Shot
213501,Álvaro Morata,Haut,0.859,Haut,0.83,Bas,0.16,,,estime EA,oui,Enforcer|Finesse Shot|Rapid|Relentless
1079065,Arda Kizildag,Moyen,0.455,Bas,0.304,Bas,0.293,,,estime EA,,Precision Header|Slide Tackle
1298907,Cristhian Mosquera,Bas,0.241,Moyen,0.397,Moyen,0.425,10010,8.3,mesure FotMob,,Intercept
182917,David de Gea,Bas,-0.182,Bas,-0.002,Bas,0.234,,,estime EA,,Far Throw|Footwork
950417,Güven Yalcin,Moyen,0.436,Moyen,0.541,Bas,0.058,,,estime EA,,
1328820,Hyun-Ju Lee,Moyen,0.564,Moyen,0.642,Bas,0.135,,,estime EA,,
1286950,Jankat Yilmaz,Bas,-0.345,Bas,-0.27,Moyen,0.587,,,estime EA,,
1693546,Mohamed Meïté,Moyen,0.364,Moyen,0.369,Bas,0.052,,,estime EA,,Enforcer
774237,Willum Willumsson,Haut,1,Moyen,0.636,,,,,estime EA,oui,Relentless
1184694,Alberto Moleiro,Haut,0.797,Haut,0.884,Bas,0.211,11262,14.6,mesure FotMob,,First Touch|Incisive Pass|Technical
1334767,Andrés Lopez,Moyen,0.364,Bas,0.278,Haut,0.774,,,estime EA,,
1398327,Baran Gezek,Bas,0.127,Bas,0.142,Haut,0.837,,,estime EA,,
1300864,Eyüp Aydin,Moyen,0.509,Moyen,0.478,,,,,estime EA,,Long Ball Pass
442593,Kiki Afonso,Moyen,0.6,Haut,0.677,Haut,0.859,,,estime EA,,
848568,Pape Guèye,Moyen,0.564,Moyen,0.612,Bas,0.191,,,estime EA,,Precision Header
1072200,Rodrigo Riquelme,Moyen,0.527,Moyen,0.648,Moyen,0.603,,,estime EA,,Technical
949673,Woo-Yeong Jeong,Moyen,0.636,Moyen,0.641,Moyen,0.37,,,estime EA,,Technical
1053676,Abdoulaye N'Diaye,Moyen,0.418,Moyen,0.371,Moyen,0.572,,,estime EA,,Jockey|Slide Tackle
1403350,Andreas-Richardos Ntoi,Moyen,0.509,Moyen,0.407,Moyen,0.545,,,estime EA,,
1324871,Ben Gannon Doak,Moyen,0.455,Haut,0.69,,,,,estime EA,,Quick Step
823592,Oladapo Afolayan,Moyen,0.582,Haut,0.68,,,,,estime EA,,Technical
1401248,Rémy Lascary,Moyen,0.418,Moyen,0.523,Bas,0.252,,,estime EA,,
1435689,Semih Kilicsoy,Moyen,0.527,Moyen,0.597,Bas,0.045,,,estime EA,,
1116778,Szymon Wlodarczyk,Moyen,0.636,Moyen,0.539,Bas,0.016,,,estime EA,,
1122478,Ángel Algobia,Moyen,0.473,Bas,0.311,Moyen,0.576,,,estime EA,,
629594,Alfonso Pedraza,Moyen,0.531,Haut,0.899,Haut,0.782,10595,14.7,mesure FotMob,,Anticipate|Block
750027,Brahim Díaz,Moyen,0.505,Haut,0.835,Moyen,0.385,10548,14.2,mesure FotMob,,First Touch|Incisive Pass|Technical|Tiki Taka
1159229,Claudio Mendes,Bas,0.2,Moyen,0.538,,,,,estime EA,,Rapid
627223,Daniel Agyei,Moyen,0.655,Haut,0.75,Bas,0.074,,,estime EA,,
1413843,Gilberto Batista,Moyen,0.545,Moyen,0.452,Moyen,0.356,,,estime EA,,
602095,Gökhan Sazdagi,Moyen,0.6,Moyen,0.545,Haut,0.923,,,estime EA,,Intercept|Whipped Pass
1184777,Jofre Carreras,Moyen,0.436,Moyen,0.541,Moyen,0.341,,,estime EA,,Rapid
477472,José Luis Morales,Moyen,0.545,Moyen,0.594,Haut,0.804,,,estime EA,,Power Shot|Rapid
1199722,Max Svensson,Moyen,0.655,Moyen,0.658,,,,,estime EA,,
1044355,Stefán Sigurdarson,Bas,0.273,Moyen,0.343,Bas,0.114,,,estime EA,,
980288,Thomas Leon Keller,Bas,0.255,Moyen,0.356,,,,,estime EA,,
955627,Yalçin Kayan,Moyen,0.6,Moyen,0.535,Haut,0.852,,,estime EA,,Long Ball Pass
926643,Alfon González,Moyen,0.655,Moyen,0.648,Bas,0.111,,,estime EA,,
1355552,Alisson Santos,Moyen,0.527,Moyen,0.638,Haut,0.848,,,estime EA,,
540073,Gian-Luca Waldschmidt,Moyen,0.491,Moyen,0.532,Bas,0.109,,,estime EA,,Finesse Shot
938521,Halil Dervisoglu,Moyen,0.473,Moyen,0.504,Moyen,0.381,,,estime EA,,Low Driven Shot|Press Proven
1085809,Hyeok-Kyu Kwon,Haut,0.818,Moyen,0.632,Bas,0.218,,,estime EA,,
1140003,Ilya Zabarnyi,Moyen,0.6,Moyen,0.606,Bas,0.318,,,estime EA,,Aerial Fortress|Intercept|Jockey|Long Ball Pass
719018,Kubilay Kanatsizkus,Moyen,0.527,Moyen,0.485,Bas,0.187,,,estime EA,,Enforcer|Precision Header
571379,Marnon-Thomas Busch,Moyen,0.6,Haut,0.687,Moyen,0.476,,,estime EA,,
1286471,Roger Brugué,Haut,0.782,Haut,0.821,Bas,0.061,,,estime EA,,Low Driven Shot|Precision Header|Quick Step|Rapid
907495,Stanley N'Soki,Moyen,0.636,Moyen,0.56,Haut,0.814,,,estime EA,,
1315351,Taha Altikardes,Moyen,0.545,Moyen,0.432,Moyen,0.515,,,estime EA,,
977421,Çagtay Kurukalip,Moyen,0.345,Moyen,0.545,Haut,0.766,,,estime EA,,
1210344,Anil Yasar,Moyen,0.509,Moyen,0.387,,,,,estime EA,,
282692,Cristian Portu,Moyen,0.636,Haut,0.682,Bas,0.016,,,estime EA,,
1124533,Kilian Sildillia,Moyen,0.545,Moyen,0.523,Haut,0.807,,,estime EA,,Long Throw
828159,Min-Jae Kim,Bas,0.306,Moyen,0.409,Haut,0.739,10115,8.4,mesure FotMob,,Aerial Fortress|Block|Intercept|Long Ball Pass|Slide Tackle
1092015,Oguz Aydin,Haut,0.727,Haut,0.759,Haut,0.676,,,estime EA,,Finesse Shot|Gamechanger|Technical|Whipped Pass
1202587,Ramon Terrats,Moyen,0.618,Moyen,0.451,Moyen,0.57,,,estime EA,,
1125999,Yusuf Barasi,Moyen,0.527,Moyen,0.597,,,,,estime EA,,
1112511,Alejandro Francés,Haut,0.691,Moyen,0.653,Haut,0.719,,,estime EA,,Long Ball Pass|Slide Tackle
956736,Derry Murkin,Haut,0.818,Haut,0.775,Moyen,0.407,,,estime EA,,Intercept
1511063,Jan Ziólkowski,Moyen,0.473,Moyen,0.392,Haut,0.944,,,estime EA,,
518525,Mariano Diaz,Moyen,0.509,Moyen,0.499,,,,,estime EA,,
526968,Pacha Espino,Haut,0.873,Haut,0.786,Haut,0.966,,,estime EA,,Bruiser
724909,Radoslaw Majecki,Bas,-0.309,Bas,-0.236,Moyen,0.365,,,estime EA,,
1419969,Rodrigo Mendoza,Bas,0.291,Moyen,0.371,Moyen,0.53,,,estime EA,,
1256478,Adrià Altimira,Moyen,0.636,Moyen,0.59,,,,,estime EA,,Long Ball Pass
644722,Bahadir Öztürk,Moyen,0.582,Bas,0.182,,,,,estime EA,,Aerial Fortress
925345,Hyun-Seok Hong,Moyen,0.618,Moyen,0.624,,,,,estime EA,,
1427828,Javi Hernandez,Bas,0.327,Moyen,0.487,,,,,estime EA,,
1617146,Jorge Cabello,Moyen,0.509,Moyen,0.488,Bas,0.077,,,estime EA,,
1098365,Jorge Herrando,Moyen,0.473,Bas,0.321,Bas,0.193,,,estime EA,,
912286,Lionel Mpasi-Nzau,Bas,-0.345,Bas,-0.087,Moyen,0.505,,,estime EA,,Deflector|Far Throw
437329,Mbwana Samatta,Moyen,0.527,Moyen,0.547,Bas,0.05,,,estime EA,,
1576040,Mustafa Hekimoglu,Moyen,0.6,Moyen,0.565,,,,,estime EA,,Chip Shot
888745,Nicolas-Gerrit Kühn,Haut,0.764,Haut,0.814,Moyen,0.346,,,estime EA,,Quick Step|Technical
1044472,Nökkvi Thorisson,Bas,0.182,Bas,0.276,Bas,0.035,,,estime EA,,
1237455,Pablo Cunat,Bas,-0.2,Bas,-0.243,Haut,0.851,,,estime EA,,Footwork
1167529,Rafael Obrador,Moyen,0.564,Moyen,0.632,Bas,0.18,,,estime EA,,
616544,Íñigo Lekue,Haut,0.745,Haut,0.695,Haut,0.774,,,estime EA,,Anticipate|Whipped Pass
1669441,Christ-Owen Kouassi,Haut,0.745,Moyen,0.573,,,,,estime EA,,Jockey
822236,Dennis Tørset Johnsen,Haut,0.673,Haut,0.798,,,,,estime EA,,Quick Step|Rapid
860975,Joseph Willock,Moyen,0.617,Haut,0.921,Haut,0.66,10778,15.1,mesure FotMob,,Finesse Shot
1418816,Kaua,Bas,0.003,Bas,0.027,Haut,0.696,4876,0.0,mesure FotMob,,
317564,Kepa Arrizabalaga,Bas,-0.091,Bas,-0.057,Bas,0.282,,,estime EA,,Footwork
1188625,Serdar Saatci,Bas,0.327,Moyen,0.467,,,,,estime EA,,
693736,Unai Elgezabal,Haut,0.673,Moyen,0.401,Bas,0.091,,,estime EA,,Aerial Fortress|Long Ball Pass
75307,Daniel Parejo,Moyen,0.509,Bas,0.204,Haut,0.757,,,estime EA,,Aerial Fortress|Dead Ball|Long Ball Pass|Pinged Pass|Press Proven
574624,Enrique Barja,Moyen,0.345,Moyen,0.504,Bas,0.181,,,estime EA,,Technical
850962,Hákon Rafn Valdimarsson,Bas,-0.091,Bas,-0.24,Bas,0.279,,,estime EA,,
1131992,Jakub Kaluzinski,Moyen,0.564,Moyen,0.459,Haut,0.836,,,estime EA,,Long Ball Pass
1108328,Kazimcan Karatas,Moyen,0.564,Moyen,0.551,Haut,0.755,,,estime EA,,Long Throw|Slide Tackle
1080917,Omar Traoré,Haut,0.818,Haut,0.795,Moyen,0.395,,,estime EA,,Rapid
903995,Tarik Cetin,Bas,-0.218,Bas,-0.28,,,,,estime EA,,
636570,Álvaro Odriozola,Moyen,0.6,Moyen,0.494,,,,,estime EA,,
73409,Ørjan Håskjold Nyland,Bas,-0.127,Bas,0.02,Bas,0.22,,,estime EA,,Far Throw|Footwork
997497,Ali Kol,Moyen,0.473,Moyen,0.555,Haut,0.983,,,estime EA,,
1282765,Bertug Yildirim,Moyen,0.491,Moyen,0.4,Moyen,0.362,,,estime EA,,
1367987,Damian Rodriguez,Moyen,0.618,Moyen,0.593,,,,,estime EA,,
1300653,Demir Tiknaz,Haut,0.727,Moyen,0.555,Haut,0.917,,,estime EA,,
848349,Firatcan Üzüm,Bas,0.182,Moyen,0.368,,,,,estime EA,,
891651,Furkan Bayir,Moyen,0.545,Moyen,0.422,,,,,estime EA,,Aerial Fortress|Intercept
1356431,Hevertton Santos,Moyen,0.6,Moyen,0.637,Haut,0.772,,,estime EA,,
616531,Javier Munoz,Haut,0.909,Haut,0.679,Moyen,0.604,,,estime EA,,
1130733,Mathias Fjørtoft Løvik,Moyen,0.545,Moyen,0.645,Moyen,0.331,,,estime EA,,
1139499,Oskar Siira Sivertsen,Bas,0.182,Moyen,0.51,Moyen,0.487,,,estime EA,,Rapid
876341,Ruan,Moyen,0.636,Haut,0.712,,,,,estime EA,,Slide Tackle
965022,Sergio Bermejo,Moyen,0.364,Moyen,0.522,,,,,estime EA,,Dead Ball|Incisive Pass|Technical|Whipped Pass
988197,Urko Izeta,Moyen,0.564,Moyen,0.551,,,,,estime EA,,
1794261,Yassir Salah Rahmouni,Bas,0.291,Bas,0.33,Bas,0.313,,,estime EA,,
815187,Yvan Neyou Noupa,Haut,0.691,Moyen,0.439,,,,,estime EA,,Press Proven
213471,Aitor Fernández,Bas,-0.018,Bas,0.176,Bas,0.328,,,estime EA,,
1425768,Antonio Espigares,Moyen,0.473,Moyen,0.413,Bas,0.141,,,estime EA,,
982246,Daniel Neil,Haut,0.927,Haut,0.717,,,,,estime EA,,Press Proven
860920,Edward Nketiah,Moyen,0.473,Moyen,0.626,Moyen,0.442,,,estime EA,,Chip Shot
768331,Igor Julio,Moyen,0.455,Moyen,0.365,,,,,estime EA,,Bruiser|Jockey
1614872,Inigo Arguibide,Bas,0.018,Bas,0.211,,,,,estime EA,,
1187478,José Salinas,Haut,0.709,Moyen,0.64,,,,,estime EA,,
1001348,Kartal Yilmaz,Moyen,0.545,Moyen,0.483,Haut,0.954,,,estime EA,,Intercept|Long Ball Pass
865931,Max Kilman,Moyen,0.582,Moyen,0.365,Bas,0.14,,,estime EA,,Aerial Fortress|Block|Intercept|Long Ball Pass
1393387,Muhammed Mehmet Damar,Moyen,0.491,Moyen,0.471,,,,,estime EA,,Inventive|Low Driven Shot
614269,Samet Yalçin,Moyen,0.491,Moyen,0.379,,,,,estime EA,,
1079233,Simão,Bas,-0.418,Bas,-0.279,Haut,0.671,,,estime EA,,
645142,Yasir Subasi,Moyen,0.491,Moyen,0.491,Haut,0.666,,,estime EA,,
839893,Andoni Gorosabel,Moyen,0.534,Haut,0.7,Moyen,0.635,10600,12.2,mesure FotMob,,Jockey
707777,Irfan Egribayat,Bas,-0.345,Bas,-0.067,Moyen,0.505,,,estime EA,,Deflector
657217,Mads Valentin Pedersen,Moyen,0.527,Moyen,0.628,,,,,estime EA,,
653592,Matheus,Bas,0.266,Bas,0.134,Haut,0.681,10046,4.5,mesure FotMob,,Block|Whipped Pass
68813,Przemyslaw Tyton,Bas,-0.182,Bas,0.039,,,,,estime EA,,Far Throw
1211447,Talha Sariarslan,Moyen,0.345,Bas,0.26,,,,,estime EA,,
820085,Ali Yanar,Bas,-0.345,Bas,-0.27,,,,,estime EA,,
866967,Altay Bayindir,Bas,-0.164,Bas,-0.167,Bas,0.2,,,estime EA,,
1431121,Asier Osambela,Moyen,0.364,Moyen,0.39,Moyen,0.646,,,estime EA,,
1041660,Eren Elmali,Haut,0.836,Haut,0.741,Moyen,0.564,,,estime EA,,Intercept|Jockey|Rapid
958222,Giorgos Liavas,Haut,0.691,Moyen,0.47,Haut,0.792,,,estime EA,,
671529,Konstantinos Tsimikas,Moyen,0.527,Moyen,0.608,Moyen,0.477,,,estime EA,,
156546,Kostas Lamprou,Bas,-0.4,Bas,-0.17,,,,,estime EA,,Far Throw
1307639,Max Weiss,Bas,-0.218,Bas,-0.138,Bas,0.159,,,estime EA,,Footwork
1610952,Pedro Lima,Moyen,0.345,Moyen,0.514,,,,,estime EA,,
1184772,Ángel Fortuno,Bas,-0.164,Bas,-0.025,,,,,estime EA,,
1429871,Ali Dembélé,Bas,0.255,Moyen,0.366,,,,,estime EA,,
939593,Thorir Helgason,Moyen,0.564,Moyen,0.51,,,,,estime EA,,
1094045,Ben Alexander Voll,Bas,-0.327,Bas,-0.294,,,,,estime EA,,Rush Out
1316088,Benja Domínguez,Moyen,0.618,Haut,0.685,Moyen,0.493,,,estime EA,,
282674,Daniel Carvajal,Haut,0.95,Haut,0.887,Bas,0.201,,,estime EA,oui,Block|Relentless|Whipped Pass
568571,Joseph Gomez,Bas,0.187,Moyen,0.582,Moyen,0.366,9860,10.5,mesure FotMob,,Long Throw
616545,Mikel Vesga,Haut,0.745,Bas,0.227,Haut,0.993,,,estime EA,,Aerial Fortress|Bruiser
678192,Jon Guridi,Bas,0.327,Moyen,0.344,Haut,0.672,,,estime EA,,Aerial Fortress|Technical
1083562,Juan Cabal,Bas,0.255,Moyen,0.417,Haut,0.909,,,estime EA,,
935622,Marcus Holmgren Pedersen,Haut,0.691,Haut,0.764,Bas,0.029,,,estime EA,,Rapid
1649316,Aaron Martin Luis,Haut,0.709,Moyen,0.599,,,,,estime EA,,
324910,Abdul Rahman Baba,Haut,0.745,Moyen,0.644,Moyen,0.433,,,estime EA,,Aerial Fortress|Long Throw
500882,Adedeji Oshilaja,Moyen,0.636,Moyen,0.59,,,,,estime EA,,
1113675,Ademipo Odubeko,Moyen,0.364,Moyen,0.522,,,,,estime EA,,
1526776,Adriano,Haut,0.673,Haut,0.686,,,,,estime EA,,Press Proven
1136937,Adrián Rodriguez,Bas,-0.382,Bas,-0.275,,,,,estime EA,,
566241,Ahmet Metin Arslan,Moyen,0.582,Moyen,0.538,,,,,estime EA,,Dead Ball|Finesse Shot|Technical
1575777,Aingeru Olabarrieta,Bas,0.291,Bas,0.269,,,,,estime EA,,
842856,Alberto Rodriguez,Moyen,0.436,Bas,0.266,,,,,estime EA,,
1121005,Alejandro Meléndez,Bas,0.309,Moyen,0.378,,,,,estime EA,,
785855,Alejandro Pozo,Moyen,0.636,Moyen,0.621,Bas,0.244,,,estime EA,,Block|Jockey
1200629,Alessandro Pio Riccio,Moyen,0.527,Moyen,0.363,,,,,estime EA,,
1247997,Alexander Mitchell,Moyen,0.527,Bas,0.323,,,,,estime EA,,
1503318,Alisson Santana,Moyen,0.491,Moyen,0.593,,,,,estime EA,,Whipped Pass
607331,Alistair Coote,Moyen,0.418,Moyen,0.472,,,,,estime EA,,First Touch|Incisive Pass|Technical
928440,Alistair McCann,Haut,0.836,Moyen,0.568,,,,,estime EA,,Aerial Fortress|Slide Tackle
820259,Alvaro Rodriguez,Moyen,0.564,Moyen,0.49,,,,,estime EA,,Bruiser
1435810,Ander Astralaga,Bas,-0.418,Bas,-0.35,,,,,estime EA,,
789558,Andrew Fisher,Bas,-0.091,Bas,-0.077,Bas,0.177,,,estime EA,,
1253909,Andu Yobel Kelati,Bas,0.055,Moyen,0.357,,,,,estime EA,,
1055316,Anis Ben Slimane,Moyen,0.6,Moyen,0.504,,,,,estime EA,,
1010186,Antonio Casas,Moyen,0.582,Moyen,0.609,,,,,estime EA,,
822808,Antonio Moya,Moyen,0.418,Bas,0.289,,,,,estime EA,,Aerial Fortress|Long Ball Pass
1127223,Antonio Pacheco,Moyen,0.455,Moyen,0.375,,,,,estime EA,,
434593,Antonio Puertas,Moyen,0.382,Moyen,0.458,,,,,estime EA,,Rapid
1093698,Aritz Aldasoro,Haut,0.727,Moyen,0.586,,,,,estime EA,,Aerial Fortress|Intercept
999989,Aritz Arambarri,Moyen,0.545,Bas,0.32,,,,,estime EA,,
1180735,Arjany Martha,Moyen,0.491,Haut,0.664,,,,,estime EA,,
650234,Arnor Sigurdsson,Moyen,0.527,Moyen,0.577,,,,,estime EA,,Gamechanger
670031,Asier Villalibre,Moyen,0.527,Moyen,0.506,,,,,estime EA,,Enforcer|Precision Header
1298713,Babajide Adeeko,Moyen,0.618,Moyen,0.522,,,,,estime EA,,
629562,Baris Atik,Haut,0.818,Haut,0.734,,,,,estime EA,,First Touch|Incisive Pass|Inventive|Long Ball Pass|Long Throw|Technical|Tiki Taka
450742,Bartlomiej Dragowski,Bas,-0.109,Bas,-0.044,,,,,estime EA,,Deflector
1132121,Bartlomiej Wdowik,Moyen,0.636,Moyen,0.631,Moyen,0.631,,,estime EA,,
820581,Ben Brereton,Haut,0.691,Haut,0.683,,,,,estime EA,,Enforcer|Rapid
1081241,Benjamin Chrisene,Moyen,0.545,Moyen,0.533,,,,,estime EA,,
1257745,Benjamin Old,Moyen,0.636,Haut,0.692,,,,,estime EA,,
765715,Benjamin Woodburn,Moyen,0.564,Moyen,0.602,,,,,estime EA,,Technical
1268012,Benony Andrésson,Bas,0.255,Moyen,0.366,,,,,estime EA,,
759811,Bradley Collins,Bas,-0.273,Bas,-0.099,,,,,estime EA,,
956166,Brendan Sarpong-Wiredu,Moyen,0.6,Moyen,0.647,,,,,estime EA,,Slide Tackle
1069934,Bryan Solhaug Fiabema,Bas,0.236,Moyen,0.542,,,,,estime EA,,Rapid
1669636,Carlos Guirao,Bas,0.309,Bas,0.327,,,,,estime EA,,
866969,Carlos Redruello,Haut,0.673,Moyen,0.523,,,,,estime EA,,
674841,Cedric Gondo,Moyen,0.455,Moyen,0.548,,,,,estime EA,,
1229058,Charlie Patino,Haut,0.709,Moyen,0.579,,,,,estime EA,,Slide Tackle
352866,Cheyenne Dunkley,Moyen,0.491,Bas,0.298,,,,,estime EA,,Aerial Fortress|Block|Bruiser|Intercept|Precision Header
956937,Christian Sánchez,Bas,-0.236,Bas,-0.074,,,,,estime EA,,
782361,Christopher Antwi-Adjej,Moyen,0.473,Haut,0.667,,,,,estime EA,,Long Throw|Quick Step|Rapid
866723,Claudy M'Buyi,Bas,0.309,Moyen,0.571,,,,,estime EA,,
867841,Connor Lemonheigh-Evans,Moyen,0.582,Moyen,0.558,,,,,estime EA,,Aerial Fortress
850006,Daniel Escriche,Moyen,0.491,Moyen,0.532,,,,,estime EA,,
932181,Daniel Grant,Moyen,0.491,Moyen,0.562,,,,,estime EA,,Technical
1447955,Daniel Gudjohnsen,Moyen,0.473,Moyen,0.443,,,,,estime EA,,
827248,Daniel Happe,Haut,0.691,Moyen,0.429,,,,,estime EA,,Aerial Fortress|Bruiser
1132342,Daniel Imray,Haut,0.891,Haut,0.794,,,,,estime EA,,
820174,Daniel Mândroiu,Moyen,0.418,Moyen,0.432,,,,,estime EA,,
791263,Daniel Ojeda,Moyen,0.545,Moyen,0.564,,,,,estime EA,,Rapid
1368655,David Mella,Moyen,0.636,Haut,0.773,,,,,estime EA,,Gamechanger|Inventive|Rapid
1100273,Diego Collado,Moyen,0.491,Moyen,0.4,,,,,estime EA,,
1403389,Diego Hormigo,Moyen,0.345,Moyen,0.362,,,,,estime EA,,
988178,Diego Villares,Haut,0.709,Moyen,0.629,,,,,estime EA,,Low Driven Shot
829101,Edward McGinty,Bas,-0.018,Bas,0.145,Bas,0.169,,,estime EA,,Rush Out
1344543,Efe Sarikaya,Moyen,0.618,Moyen,0.502,,,,,estime EA,,
1088860,Eggert Aron Gudmundsson,Moyen,0.6,Moyen,0.484,,,,,estime EA,,
841966,Elías Ólafsson,Bas,0.073,Bas,-0.042,Haut,0.933,,,estime EA,,Cross Claimer
526450,Emmanuel Quartsin Gyasi,Haut,0.8,Haut,0.737,,,,,estime EA,,
722830,Eneko Jauregi,Bas,-0.145,Bas,0.135,,,,,estime EA,,
917294,Enric Franquesa,Haut,0.727,Haut,0.677,,,,,estime EA,,
1081707,Erencan Yardimci,Moyen,0.582,Moyen,0.548,,,,,estime EA,,
1232793,Fernando Medrano,Haut,0.709,Haut,0.701,,,,,estime EA,,
502931,Filip Jagiello,Moyen,0.582,Moyen,0.548,,,,,estime EA,,Technical
951738,Francisco Montero,Moyen,0.345,Moyen,0.403,,,,,estime EA,,Slide Tackle
630228,Fredrik André Bjørkan,Haut,0.866,Moyen,0.606,Haut,0.741,11512,11.0,mesure FotMob,oui,Rapid|Relentless
601990,Fredrik Pallesen Knudsen,Moyen,0.582,Bas,0.192,Moyen,0.409,,,estime EA,,Aerial Fortress|Long Ball Pass
1669642,Gady Beyuku,Moyen,0.436,Moyen,0.53,,,,,estime EA,,
930627,Gerard Garner,Moyen,0.491,Moyen,0.501,,,,,estime EA,,
832736,Gian-Luca Itter,Moyen,0.636,Haut,0.661,,,,,estime EA,,Anticipate
617220,Gonzalo Melero,Moyen,0.527,Bas,0.313,,,,,estime EA,,
1026781,Gue-Sung Cho,Moyen,0.655,Moyen,0.597,Bas,0.102,,,estime EA,,Aerial Fortress|Power Shot|Precision Header
1383059,Gísli Thórdarson,Moyen,0.491,Moyen,0.501,,,,,estime EA,,
1220748,Haitam Abaida,Bas,-0.055,Moyen,0.415,,,,,estime EA,,Finesse Shot|Gamechanger|Inventive
1232253,Han-Beom Lee,Bas,0.327,Bas,0.263,Bas,0.205,,,estime EA,,Aerial Fortress|Anticipate|Block|Precision Header
1669415,Hodei Alutiz,Bas,0.255,Moyen,0.366,,,,,estime EA,,
1441822,Hodei Arrillaga,Moyen,0.473,Moyen,0.494,,,,,estime EA,,
1232560,Hyun-Jun Yang,Haut,0.673,Haut,0.676,Moyen,0.588,,,estime EA,,Technical
1111061,Imanol Garcia de Albeniz,Moyen,0.564,Moyen,0.49,,,,,estime EA,,Intercept
1587610,Jacob Hodl,Bas,0.236,Bas,0.278,,,,,estime EA,,
738046,Jacob Lungi Sørensen,Moyen,0.636,Moyen,0.468,Haut,0.92,,,estime EA,,
1089645,Jaden Philogene-Bidace,Moyen,0.564,Moyen,0.632,,,,,estime EA,,Gamechanger|Technical
573748,Jaime Mata,Bas,0.2,Bas,0.172,,,,,estime EA,,
1660227,Jakub Zewlakow,Bas,0.127,Bas,0.295,,,,,estime EA,,
710328,Jannes-Kilian Horn,Moyen,0.582,Moyen,0.599,,,,,estime EA,,Anticipate|Long Ball Pass
1128943,Javier Castro,Haut,0.673,Moyen,0.483,,,,,estime EA,,Aerial Fortress|Precision Header
1205433,Javier Marton,Bas,0.055,Bas,0.205,,,,,estime EA,,
287255,Jefte Betancor,Moyen,0.582,Moyen,0.528,,,,,estime EA,,
1088754,Jesus Owono,Bas,-0.327,Bas,-0.294,,,,,estime EA,,
1341538,Ji-Soo Kim,Bas,0.273,Bas,0.14,,,,,estime EA,,
1107283,Ji-Sung Eom,Haut,0.709,Haut,0.711,,,,,estime EA,,Finesse Shot|Quick Step|Rapid
922539,Jin-Woo Jeon,Moyen,0.455,Moyen,0.66,,,,,estime EA,,Acrobatic|Gamechanger|Rapid
1662432,Jiri Panos,Bas,0.327,Moyen,0.477,,,,,estime EA,,
951739,Joaquin Munoz,Moyen,0.418,Moyen,0.605,,,,,estime EA,,Gamechanger|Inventive|Quick Step|Technical
1057432,Johan Gomez,Haut,0.818,Haut,0.775,,,,,estime EA,,Rapid
1336887,John McKiernan,Moyen,0.509,Moyen,0.539,,,,,estime EA,,
610519,Jokin Ezkieta,Bas,-0.036,Bas,-0.004,,,,,estime EA,,Cross Claimer|Far Throw|Footwork
1299596,Jokin Gabilondo,Moyen,0.564,Moyen,0.602,,,,,estime EA,,
1287788,Jon Magunazelaia,Bas,0.327,Moyen,0.487,,,,,estime EA,,
873236,Jon Thorsteinsson,Moyen,0.636,Moyen,0.631,,,,,estime EA,,Rapid
1432344,Jonas Adjei Adjetey,Moyen,0.618,Moyen,0.573,Moyen,0.488,,,estime EA,,Long Ball Pass
1174734,Jonas Thomas Kersken,Bas,-0.273,Bas,-0.17,,,,,estime EA,,Footwork
1378854,Jonas Torrissen Therkelsen,Moyen,0.509,Moyen,0.621,,,,,estime EA,,Precision Header|Quick Step
1171023,Jonathan Gomez,Moyen,0.455,Moyen,0.517,,,,,estime EA,,
791835,Jonathan Lunney,Moyen,0.6,Moyen,0.464,,,,,estime EA,,Finesse Shot|Long Ball Pass
1096390,Jonathan Russell,Moyen,0.564,Bas,0.307,Moyen,0.559,,,estime EA,,Precision Header
213482,Jorge Pulido,Haut,0.709,Moyen,0.385,,,,,estime EA,,Aerial Fortress|Anticipate|Bruiser|Intercept|Precision Header
500932,Joris Kayembe Ditu,Haut,0.727,Moyen,0.657,Haut,0.934,,,estime EA,,Anticipate|Inventive|Quick Step|Rapid
1390045,Joseph Nduquidi,Moyen,0.418,Moyen,0.411,,,,,estime EA,,
969252,Joshua Griffiths,Bas,-0.345,Bas,-0.281,,,,,estime EA,,Footwork
1068590,Joshua Honohan,Moyen,0.509,Moyen,0.509,,,,,estime EA,,
783699,José Antonio Caro,Bas,0.018,Bas,-0.013,,,,,estime EA,,Cross Claimer|Far Throw|Footwork
659203,José Carlos Lazo,Bas,0.291,Moyen,0.482,,,,,estime EA,,
1354244,João Santos,Haut,0.836,Moyen,0.558,,,,,estime EA,,Aerial Fortress
1187691,Joël Monteiro,Haut,0.823,Haut,0.826,,,,,estime EA,oui,Quick Step|Relentless
1225417,Juan Carlos Arana,Moyen,0.491,Moyen,0.481,,,,,estime EA,,Chip Shot|Low Driven Shot
1610383,Juan Guevara,Bas,0.255,Bas,0.285,,,,,estime EA,,
1413145,Juan Sebastián,Moyen,0.564,Moyen,0.47,,,,,estime EA,,
1526611,Juanma Herzog,Moyen,0.455,Moyen,0.487,,,,,estime EA,,
714418,Juanpe,Haut,0.782,Moyen,0.597,,,,,estime EA,,Long Ball Pass
1098594,Julen Lobete,Moyen,0.436,Moyen,0.52,,,,,estime EA,,Chip Shot
571454,Julian Illanes Minucci,Moyen,0.509,Moyen,0.458,,,,,estime EA,,Block
1386482,Jun-Ho Bae,Moyen,0.582,Moyen,0.589,,,,,estime EA,,Technical
1081240,Junior Quitirna,Moyen,0.455,Moyen,0.497,,,,,estime EA,,
766160,Kady Malinowski,Haut,0.706,Moyen,0.357,,,10989,7.7,mesure FotMob,,
934960,Kasper Waarts Høgh,Moyen,0.443,Moyen,0.642,Bas,0.037,10426,11.0,mesure FotMob,,Precision Header
1213117,Kevin Medina,Bas,0.273,Moyen,0.536,,,,,estime EA,,Finesse Shot|Inventive
1089762,Kgaogelo Chauke,Moyen,0.527,Moyen,0.557,,,,,estime EA,,
1559822,King Manu,Moyen,0.491,Moyen,0.369,,,,,estime EA,,
1091973,Koba Koindredi,Moyen,0.455,Moyen,0.446,,,,,estime EA,,Technical
1587901,Kofi Amoako,Moyen,0.364,Moyen,0.461,,,,,estime EA,,Aerial Fortress
1333743,Kouadio Ange Ahoussou,Moyen,0.473,Moyen,0.392,Moyen,0.469,,,estime EA,,Block
670029,Lander Olaetxea,Haut,0.727,Moyen,0.606,,,,,estime EA,,Aerial Fortress|Intercept
639140,Liberto,Moyen,0.564,Haut,0.714,,,,,estime EA,,Rapid
1398971,Luca Trslic,Bas,0.273,Bas,0.272,,,,,estime EA,,
1526773,Lucas Mincarelli Davin,Moyen,0.473,Moyen,0.525,,,,,estime EA,,
962113,Lukasz Poreba,Moyen,0.527,Moyen,0.496,,,,,estime EA,,
659018,Mads Bech,Moyen,0.6,Bas,0.26,Moyen,0.343,,,estime EA,,Long Throw
1602352,Malick Junior Yalcouyé,Haut,1,Haut,0.976,,,,,estime EA,oui,Relentless
985327,Manuel Sanchez,Moyen,0.345,Bas,0.311,,,,,estime EA,,
268282,Manuel Trigueros,Moyen,0.4,Bas,0.201,,,,,estime EA,,
719063,Manuel Vallejo,Bas,-0.091,Bas,0.045,,,,,estime EA,,Precision Header|Rapid
1336008,Marcelo Exposito,Moyen,0.473,Moyen,0.372,,,,,estime EA,,
1323982,Marcos Cuenca,Moyen,0.509,Moyen,0.57,,,,,estime EA,,
1395746,Marcos Luna,Haut,0.764,Moyen,0.611,,,,,estime EA,,Long Throw
813711,Matias Antonini Lui,Moyen,0.527,Moyen,0.424,,,,,estime EA,,Aerial Fortress|Block|Precision Header
1206281,Matthew Healy,Moyen,0.618,Moyen,0.451,,,,,estime EA,,
173408,Matthew James,Moyen,0.418,Bas,0.289,,,,,estime EA,,
302785,Matthew Pearson,Moyen,0.6,Bas,0.321,,,,,estime EA,,Precision Header
127133,Matthew Phillips,Bas,0.291,Moyen,0.391,,,,,estime EA,,
968936,Matthew Pollock,Moyen,0.545,Moyen,0.35,,,,,estime EA,,Aerial Fortress|Intercept|Precision Header
1577815,Matthew Young,Bas,-0.364,Bas,-0.186,,,,,estime EA,,
1070404,Maurits Kjærgaard,Haut,0.673,Moyen,0.584,,,,,estime EA,,Aerial Fortress|Pinged Pass|Power Shot|Whipped Pass
1140917,Maximilian Grosser,Moyen,0.564,Moyen,0.398,,,,,estime EA,,Block|Jockey
753799,Maximilian Krauss,Haut,0.764,Haut,0.804,,,,,estime EA,,
1237634,Mehmet Aydin,Moyen,0.582,Moyen,0.629,,,,,estime EA,,
1006676,Memeh Caleb Okoli,Moyen,0.473,Moyen,0.352,,,,,estime EA,,Bruiser
766622,Michael Johnston,Moyen,0.455,Haut,0.67,,,,,estime EA,,Gamechanger|Technical
1437855,Michal Gurgul,Haut,0.745,Moyen,0.603,Moyen,0.479,,,estime EA,,
488960,Michal Helik,Moyen,0.6,Moyen,0.352,,,,,estime EA,,Aerial Fortress|Precision Header
1065940,Michal Karbownik,Haut,0.673,Haut,0.696,,,,,estime EA,,Anticipate|Rapid
1119683,Miguel Atienza,Moyen,0.545,Moyen,0.35,,,,,estime EA,,Aerial Fortress|Intercept
800891,Miguel Loureiro,Moyen,0.564,Moyen,0.5,,,,,estime EA,,Aerial Fortress|Anticipate|Intercept|Precision Header
902901,Miguel de la Fuente,Moyen,0.618,Moyen,0.532,,,,,estime EA,,Enforcer
1358582,Miguel Ángel Brau,Moyen,0.491,Moyen,0.512,,,,,estime EA,,
1609329,Min-Hyeok Yang,Moyen,0.636,Moyen,0.651,,,,,estime EA,,First Touch|Technical
867082,Mitchell Clark,Moyen,0.364,Moyen,0.461,,,,,estime EA,,Jockey
440531,Mitchell Pinnock,Haut,0.709,Moyen,0.64,,,,,estime EA,,Dead Ball|Intercept|Inventive|Long Throw|Whipped Pass
1623828,Mohamed Amine Boumaaoui,Haut,0.818,Haut,0.693,,,,,estime EA,,Gamechanger
1064272,Mohamed Diomande,Moyen,0.582,Moyen,0.629,,,,,estime EA,,Long Ball Pass|Power Shot|Press Proven
819696,Mohamed Mady Camara,Haut,0.745,Moyen,0.624,,,,,estime EA,,
1288294,Monju Momuluh,Bas,0.127,Moyen,0.488,,,,,estime EA,,
1229109,Monsef Bakrar,Moyen,0.345,Bas,0.321,,,,,estime EA,,
1394109,Moussa Kounfolo Yeo,Moyen,0.418,Moyen,0.533,,,,,estime EA,,
939427,Mujaid Sadick,Haut,0.673,Moyen,0.371,Bas,0.277,,,estime EA,,Bruiser|Long Ball Pass|Press Proven
1206282,Nicholas Tsaroulla,Haut,0.709,Haut,0.721,,,,,estime EA,,Technical
1437228,Nicolas Oliveira,Moyen,0.4,Moyen,0.445,,,,,estime EA,,
643659,Nikola Tzanev,Bas,-0.273,Bas,-0.038,,,,,estime EA,,
1186576,Noah Holm,Moyen,0.455,Moyen,0.507,Moyen,0.497,,,estime EA,,Enforcer
1596359,Noel Aseko-Nkili,Moyen,0.382,Moyen,0.366,,,,,estime EA,,
917774,Odin Lurås Bjørtuft,Moyen,0.538,Bas,0.229,Bas,0.128,10605,6.2,mesure FotMob,,Aerial Fortress
1086551,Ole Blomberg,Haut,0.905,Haut,0.726,Bas,0.194,11654,12.6,mesure FotMob,,Anticipate|Incisive Pass
845695,Oleksii Kashchuk,Moyen,0.4,Moyen,0.465,,,,,estime EA,,
1117751,Oliver Casey,Moyen,0.527,Moyen,0.353,,,,,estime EA,,Aerial Fortress|Intercept
291175,Oliver Norburn,Moyen,0.655,Moyen,0.486,,,,,estime EA,,Jockey|Slide Tackle
1113786,Oliver O'Neill,Moyen,0.6,Moyen,0.657,,,,,estime EA,,Quick Step
1089768,Oliver Wright,Bas,-0.418,Bas,-0.279,,,,,estime EA,,
1344572,Ollie Arblaster,Moyen,0.655,Moyen,0.536,,,,,estime EA,,
1273294,Oscar Fraulo,Haut,0.873,Haut,0.695,,,,,estime EA,,
293564,Patrick Barrett,Bas,-0.073,Bas,-0.019,Bas,0.014,,,estime EA,,Bruiser|Long Ball Pass
206695,Pawel Wszolek,Haut,0.764,Haut,0.692,,,,,estime EA,,Precision Header
1411818,Pelayo Fernandez,Moyen,0.491,Bas,0.329,,,,,estime EA,,
792071,Peru Nolaskoain,Moyen,0.655,Moyen,0.384,,,,,estime EA,,Aerial Fortress|Bruiser|Precision Header|Slide Tackle
1280257,Petter Nosakhare Dahl,Bas,0.236,Moyen,0.583,,,,,estime EA,,
1220633,Prince Adu,Moyen,0.364,Moyen,0.451,Haut,0.786,,,estime EA,,
862717,Przemyslaw Placheta,Moyen,0.655,Haut,0.76,,,,,estime EA,,Gamechanger|Rapid
934862,Przemyslaw Wisniewski,Moyen,0.618,Haut,0.664,,,,,estime EA,,Block
1702428,Raees Bangura-Williams,Bas,0.291,Moyen,0.554,,,,,estime EA,,
1123324,Rafael Tresaco,Moyen,0.491,Moyen,0.552,,,,,estime EA,,
463923,Rafal Augustyniak,Moyen,0.6,Moyen,0.484,,,,,estime EA,,Long Ball Pass
1101043,Raphael Borges Rodrigues,Moyen,0.418,Moyen,0.594,,,,,estime EA,,
670395,Rico Preissinger,Haut,1,Haut,0.778,,,,,estime EA,oui,Intercept|Relentless
894804,Robert Atkinson,Moyen,0.564,Moyen,0.368,,,,,estime EA,,Aerial Fortress|Precision Header
865059,Robin Heusser,Haut,0.909,Haut,0.679,,,,,estime EA,,Bruiser|Dead Ball|Intercept|Jockey
1443858,Rodrigo Abajas,Bas,0.236,Moyen,0.471,,,,,estime EA,,
1260020,Ronald Pereira,Haut,0.691,Haut,0.734,,,,,estime EA,,First Touch|Inventive
1396101,Saul del Cerro,Moyen,0.527,Bas,0.282,,,,,estime EA,,
1526558,Selvi Clua,Moyen,0.418,Bas,0.31,,,,,estime EA,,
1072820,Serge Raux Yao,Moyen,0.582,Moyen,0.446,,,,,estime EA,,Block|Bruiser|Jockey|Long Ball Pass|Press Proven
745212,Sergi Maestre,Moyen,0.4,Bas,0.191,,,,,estime EA,,
713924,Sergio Akieme,Haut,0.691,Moyen,0.642,,,,,estime EA,,Rapid
303224,Sergio Postigo,Bas,0.255,Bas,0.041,,,,,estime EA,,Long Throw
848102,Seung-Ho Paik,Haut,0.891,Haut,0.682,,,,,estime EA,,Press Proven|Tiki Taka
488970,Sinan Bakis,Bas,0.2,Bas,0.049,,,,,estime EA,,
849404,Sivert Heggheim Mannsverk,Haut,0.8,Moyen,0.605,,,,,estime EA,,
1306211,Slawomir Abramowicz,Bas,-0.436,Bas,-0.225,Bas,0.071,,,estime EA,,
1123524,Solomon Brynn,Bas,-0.236,Bas,-0.156,,,,,estime EA,,Cross Claimer|Far Throw|Footwork
540975,Sondre Brunstad Fet,Haut,0.985,Moyen,0.342,Haut,0.745,12225,8.0,mesure FotMob,,Aerial Fortress
1127585,Sondre Klingen Langås,Haut,0.727,Haut,0.769,,,,,estime EA,,Aerial Fortress|Anticipate|Jockey
1249185,Soufian El-Faouzi,Haut,0.855,Moyen,0.576,,,,,estime EA,,
745912,Stefan Thordarson,Moyen,0.655,Moyen,0.496,,,,,estime EA,,
1135782,Taha Abdi Ali,Moyen,0.655,Haut,0.791,,,,,estime EA,,Inventive|Quick Step|Technical|Trickster
1668236,Teddy Averlant,Bas,0.273,Moyen,0.414,,,,,estime EA,,
942893,Thelonius Bair,Moyen,0.455,Moyen,0.517,Bas,0.013,,,estime EA,,Enforcer|Precision Header
1392303,Thiago Ojeda,Moyen,0.436,Moyen,0.398,,,,,estime EA,,
1286791,Thomas Davies,Moyen,0.345,Moyen,0.453,,,,,estime EA,,
877647,Thomas Hamer,Haut,0.855,Haut,0.677,,,,,estime EA,,Long Throw
331527,Thomas Meissner,Moyen,0.436,Bas,0.317,,,,,estime EA,,
662353,Tobias Mullarkey,Haut,0.8,Moyen,0.544,,,,,estime EA,,
1089611,Tyreik Samuel Wright,Moyen,0.418,Moyen,0.605,,,,,estime EA,,Rapid
867647,Victor Mollejo,Haut,0.782,Haut,0.76,,,,,estime EA,,Rapid
1402324,Vivaldo Semedo,Bas,0.127,Moyen,0.376,,,,,estime EA,,
1098785,William Fish,Moyen,0.636,Moyen,0.458,,,,,estime EA,,Aerial Fortress|Precision Header
728941,Yegor Nazaryna,Moyen,0.527,Moyen,0.485,Haut,0.938,,,estime EA,,
1324054,Yeray Cabanzon,Bas,0.182,Moyen,0.337,,,,,estime EA,,
789639,Zachary Hemming,Bas,-0.273,Bas,-0.201,,,,,estime EA,,Cross Claimer|Footwork
1081050,Zachary Jeacock,Bas,-0.255,Bas,-0.183,,,,,estime EA,,
213500,Álex Fernández,Moyen,0.6,Moyen,0.413,,,,,estime EA,,Slide Tackle
1108844,Álvaro Carrillo,Moyen,0.6,Moyen,0.525,,,,,estime EA,,
1199649,Álvaro Mantilla,Haut,0.673,Moyen,0.381,,,,,estime EA,,
1327406,Álvaro Rodriguez,Bas,0.236,Bas,0.298,Moyen,0.448,,,estime EA,,
